id,talhao_id,fazenda_id,area_ha,latitude,longitude,safra,data,dia_juliano,dias_desde_plantio,estagio_fenologico,ndvi,evi,temperatura_superficie_c,umidade_solo_satelite_pct,precipitacao_mm,temperatura_ar_c,umidade_ar_pct,umidade_solo_sensor_pct,luminosidade_lux,necessidade_irrigacao,status_saude,produtividade_estimada_ton_ha,mes,ciclo_total_dias,dias_desde_plantio_pct,estagio_fenologico_cod,ndvi_media_7d,ndvi_tendencia_7d,precipitacao_acum_7d,umidade_solo_sensor_lag1,umidade_solo_sensor_delta1,amplitude_termica,indice_estresse_climatico,razao_umidade_sensor_satelite,cultura_Feijao,cultura_Milho,cultura_Soja,estacao_primavera,estacao_verao
221,F01-MIL,F01,228.7,-16.51755,-49.15725,2023/2024,2023-10-26,299,0,germinacao,0.1744,0.1295,31.37,45.0,0.0,27.95,65.33,44.94,51839.2,0,saudavel,4.88,10,140,0.0,0,0.1744,0.0,0.0,44.94,0.0,3.42,9.69,0.9987,0,1,0,1,0
222,F01-MIL,F01,228.7,-16.51755,-49.15725,2023/2024,2023-10-27,300,1,germinacao,0.1968,0.1584,32.73,39.3,0.0,29.97,68.36,34.7,51839.2,1,saudavel,4.88,10,140,0.0071,0,0.1856,0.0,0.0,44.94,-10.24,2.76,9.48,0.883,0,1,0,1,0
223,F01-MIL,F01,228.7,-16.51755,-49.15725,2023/2024,2023-10-28,301,2,germinacao,0.2155,0.2041,32.08,34.08,0.0,30.03,68.41,26.35,48388.2,1,saudavel,4.88,10,140,0.0143,0,0.1956,0.0,0.0,34.7,-8.35,2.05,9.49,0.7732,0,1,0,1,0
224,F01-MIL,F01,228.7,-16.51755,-49.15725,2023/2024,2023-10-29,302,3,germinacao,0.1977,0.1775,32.37,29.19,0.0,30.46,66.32,18.25,55740.8,1,saudavel,4.88,10,140,0.0214,0,0.1961,0.0,0.0,26.35,-8.1,1.91,10.26,0.6252,0,1,0,1,0
225,F01-MIL,F01,228.7,-16.51755,-49.15725,2023/2024,2023-10-30,303,4,germinacao,0.153,0.1414,34.79,24.72,0.0,29.74,68.86,11.09,48713.1,1,atencao,4.88,10,140,0.0286,0,0.1875,0.0,0.0,18.25,-7.16,5.05,9.26,0.4486,0,1,0,1,0
226,F01-MIL,F01,228.7,-16.51755,-49.15725,2023/2024,2023-10-31,304,5,germinacao,0.1781,0.116,31.56,20.61,0.0,29.98,70.08,9.51,51117.4,1,saudavel,4.88,10,140,0.0357,0,0.1859,0.0,0.0,11.09,-1.58,1.58,8.97,0.4614,0,1,0,1,0
227,F01-MIL,F01,228.7,-16.51755,-49.15725,2023/2024,2023-11-01,305,6,germinacao,0.1884,0.1969,31.99,16.91,0.0,29.39,74.74,6.64,52982.7,1,saudavel,4.88,11,140,0.0429,0,0.1863,0.0,0.0,9.51,-2.87,2.6,7.42,0.3927,0,1,0,1,0
228,F01-MIL,F01,228.7,-16.51755,-49.15725,2023/2024,2023-11-02,306,7,germinacao,0.1873,0.1354,30.18,13.61,0.0,28.61,70.42,5.0,58934.9,1,saudavel,4.88,11,140,0.05,0,0.1881,0.0129,0.0,6.64,-1.64,1.57,8.46,0.3674,0,1,0,1,0
229,F01-MIL,F01,228.7,-16.51755,-49.15725,2023/2024,2023-11-03,307,8,germinacao,0.1951,0.1964,32.3,10.62,0.0,28.28,73.28,5.0,51961.9,1,saudavel,4.88,11,140,0.0571,0,0.1879,-0.0017,0.0,5.0,0.0,4.02,7.56,0.4708,0,1,0,1,0
230,F01-MIL,F01,228.7,-16.51755,-49.15725,2023/2024,2023-11-04,308,9,germinacao,0.1667,0.1621,31.1,8.0,0.0,27.71,69.07,5.0,51495.6,1,atencao,4.88,11,140,0.0643,0,0.1809,-0.0488,0.0,5.0,0.0,3.39,8.57,0.625,0,1,0,1,0
231,F01-MIL,F01,228.7,-16.51755,-49.15725,2023/2024,2023-11-05,309,10,germinacao,0.1872,0.1706,27.81,8.0,0.0,26.17,75.72,5.0,52100.6,1,saudavel,4.88,11,140,0.0714,0,0.1794,-0.0105,0.0,5.0,0.0,1.64,6.35,0.625,0,1,0,1,0
232,F01-MIL,F01,228.7,-16.51755,-49.15725,2023/2024,2023-11-06,310,11,germinacao,0.1952,0.1488,29.23,8.0,0.0,26.48,74.71,5.0,58984.8,1,saudavel,4.88,11,140,0.0786,0,0.1854,0.0422,0.0,5.0,0.0,2.75,6.7,0.625,0,1,0,1,0
233,F01-MIL,F01,228.7,-16.51755,-49.15725,2023/2024,2023-11-07,311,12,germinacao,0.2044,0.1768,29.83,8.0,0.0,27.41,74.71,5.0,45821.7,1,saudavel,4.88,11,140,0.0857,0,0.1892,0.0263,0.0,5.0,0.0,2.42,6.93,0.625,0,1,0,1,0
234,F01-MIL,F01,228.7,-16.51755,-49.15725,2023/2024,2023-11-08,312,13,germinacao,0.1731,0.1377,30.04,8.0,0.0,28.11,75.72,5.0,51496.6,1,atencao,4.88,11,140,0.0929,0,0.187,-0.0153,0.0,5.0,0.0,1.93,6.83,0.625,0,1,0,1,0
235,F01-MIL,F01,228.7,-16.51755,-49.15725,2023/2024,2023-11-09,313,14,vegetativo,0.1837,0.1568,32.94,8.0,0.0,29.83,74.21,5.0,62940.2,1,saudavel,4.88,11,140,0.1,1,0.1865,-0.0036,0.0,5.0,0.0,3.11,7.69,0.625,0,1,0,1,0
236,F01-MIL,F01,228.7,-16.51755,-49.15725,2023/2024,2023-11-10,314,15,vegetativo,0.1383,0.1125,30.67,8.0,0.0,27.53,72.31,5.0,56755.8,1,critico,4.88,11,140,0.1071,1,0.1784,-0.0568,0.0,5.0,0.0,3.14,7.62,0.625,0,1,0,1,0
237,F01-MIL,F01,228.7,-16.51755,-49.15725,2023/2024,2023-11-11,315,16,vegetativo,0.1819,0.1138,31.59,8.0,0.0,29.01,73.28,5.0,51897.3,1,saudavel,4.88,11,140,0.1143,1,0.1805,0.0152,0.0,5.0,0.0,2.58,7.75,0.625,0,1,0,1,0
238,F01-MIL,F01,228.7,-16.51755,-49.15725,2023/2024,2023-11-12,316,17,vegetativo,0.1861,0.1806,31.32,8.0,0.0,29.04,77.5,5.0,55316.8,1,saudavel,4.88,11,140,0.1214,1,0.1804,-0.0011,0.0,5.0,0.0,2.28,6.53,0.625,0,1,0,1,0
239,F01-MIL,F01,228.7,-16.51755,-49.15725,2023/2024,2023-11-13,317,18,vegetativo,0.1788,0.1503,29.81,8.0,0.0,26.99,70.29,5.0,55867.4,1,atencao,4.88,11,140,0.1286,1,0.178,-0.0164,0.0,5.0,0.0,2.82,8.02,0.625,0,1,0,1,0
240,F01-MIL,F01,228.7,-16.51755,-49.15725,2023/2024,2023-11-14,318,19,vegetativo,0.2055,0.1649,30.52,8.0,0.0,28.14,69.85,5.0,58420.9,1,saudavel,4.88,11,140,0.1357,1,0.1782,0.0011,0.0,5.0,0.0,2.38,8.48,0.625,0,1,0,1,0
241,F01-MIL,F01,228.7,-16.51755,-49.15725,2023/2024,2023-11-15,319,20,vegetativo,0.2045,0.1626,29.02,8.0,7.0,26.8,74.85,5.0,55070.1,0,saudavel,4.88,11,140,0.1429,1,0.1827,0.0314,7.0,5.0,0.0,2.22,6.74,0.625,0,1,0,1,0
242,F01-MIL,F01,228.7,-16.51755,-49.15725,2023/2024,2023-11-16,320,21,vegetativo,0.1644,0.1469,30.94,8.0,0.0,29.06,74.79,5.0,57468.0,1,atencao,4.88,11,140,0.15,1,0.1799,-0.0193,7.0,5.0,0.0,1.88,7.33,0.625,0,1,0,1,0
243,F01-MIL,F01,228.7,-16.51755,-49.15725,2023/2024,2023-11-17,321,22,vegetativo,0.2185,0.1678,31.67,8.0,0.0,27.94,69.4,5.0,54885.3,1,saudavel,4.88,11,140,0.1571,1,0.1914,0.0802,7.0,5.0,0.0,3.73,8.55,0.625,0,1,0,1,0
244,F01-MIL,F01,228.7,-16.51755,-49.15725,2023/2024,2023-11-18,322,23,vegetativo,0.2008,0.1256,26.25,8.0,0.0,25.11,74.97,5.0,59063.0,1,atencao,4.88,11,140,0.1643,1,0.1941,0.0189,7.0,5.0,0.0,1.14,6.29,0.625,0,1,0,1,0
245,F01-MIL,F01,228.7,-16.51755,-49.15725,2023/2024,2023-11-19,323,24,vegetativo,0.2351,0.2079,29.36,8.0,0.0,27.05,73.83,5.0,54798.9,1,saudavel,4.88,11,140,0.1714,1,0.2011,0.049,7.0,5.0,0.0,2.31,7.08,0.625,0,1,0,1,0
246,F01-MIL,F01,228.7,-16.51755,-49.15725,2023/2024,2023-11-20,324,25,vegetativo,0.2065,0.1859,31.01,8.0,0.0,29.18,62.07,5.0,53980.2,1,atencao,4.88,11,140,0.1786,1,0.205,0.0277,7.0,5.0,0.0,1.83,11.07,0.625,0,1,0,1,0
247,F01-MIL,F01,228.7,-16.51755,-49.15725,2023/2024,2023-11-21,325,26,vegetativo,0.2405,0.2004,29.94,8.0,0.0,26.35,73.87,5.0,51981.7,1,saudavel,4.88,11,140,0.1857,1,0.21,0.035,7.0,5.0,0.0,3.59,6.89,0.625,0,1,0,1,0
248,F01-MIL,F01,228.7,-16.51755,-49.15725,2023/2024,2023-11-22,326,27,vegetativo,0.243,0.1836,28.11,8.0,9.42,26.35,73.79,5.0,51981.7,0,saudavel,4.88,11,140,0.1929,1,0.2155,0.0385,9.42,5.0,0.0,1.76,6.91,0.625,0,1,0,1,0
249,F01-MIL,F01,228.7,-16.51755,-49.15725,2023/2024,2023-11-23,327,28,vegetativo,0.2646,0.2267,28.13,8.0,0.0,27.25,73.86,5.0,54918.1,1,saudavel,4.88,11,140,0.2,1,0.2299,0.1002,9.42,5.0,0.0,0.88,7.12,0.625,0,1,0,1,0
250,F01-MIL,F01,228.7,-16.51755,-49.15725,2023/2024,2023-11-24,328,29,vegetativo,0.2722,0.2021,25.36,8.0,36.81,24.78,83.33,18.7,25352.8,0,saudavel,4.88,11,140,0.2071,1,0.2375,0.0537,46.23,5.0,13.7,0.58,4.13,2.3375,0,1,0,1,0
251,F01-MIL,F01,228.7,-16.51755,-49.15725,2023/2024,2023-11-25,329,30,vegetativo,0.277,0.2149,28.84,8.0,0.0,27.01,68.95,13.04,58871.2,1,saudavel,4.88,11,140,0.2143,1,0.2484,0.0762,46.23,18.7,-5.66,1.83,8.39,1.63,0,1,0,1,0
252,F01-MIL,F01,228.7,-16.51755,-49.15725,2023/2024,2023-11-26,330,31,vegetativo,0.2653,0.2105,24.29,8.0,0.0,24.06,72.78,11.09,54487.0,1,atencao,4.88,11,140,0.2214,1,0.2527,0.0302,46.23,13.04,-1.95,0.23,6.55,1.3862,0,1,0,1,0
253,F01-MIL,F01,228.7,-16.51755,-49.15725,2023/2024,2023-11-27,331,32,vegetativo,0.2818,0.2564,26.1,8.0,10.22,25.11,63.31,15.74,38887.5,0,atencao,4.88,11,140,0.2286,1,0.2635,0.0753,56.45,11.09,4.65,0.99,9.21,1.9675,0,1,0,1,0
254,F01-MIL,F01,228.7,-16.51755,-49.15725,2023/2024,2023-11-28,332,33,vegetativo,0.3165,0.2618,26.56,17.16,24.24,27.57,72.6,27.26,31655.3,0,saudavel,4.88,11,140,0.2357,1,0.2743,0.076,80.69,15.74,11.52,-1.01,7.55,1.5886,0,1,0,1,0
255,F01-MIL,F01,228.7,-16.51755,-49.15725,2023/2024,2023-11-29,333,34,vegetativo,0.3465,0.2856,27.51,22.3,15.91,26.39,72.6,33.39,41577.1,0,saudavel,4.88,11,140,0.2429,1,0.2891,0.1035,87.18,27.26,6.13,1.12,7.23,1.4973,0,1,0,1,0
256,F01-MIL,F01,228.7,-16.51755,-49.15725,2023/2024,2023-11-30,334,35,vegetativo,0.3545,0.3404,25.61,19.21,0.0,25.3,74.01,25.11,56826.4,1,saudavel,4.88,11,140,0.25,1,0.302,0.0899,87.18,33.39,-8.28,0.31,6.58,1.3071,0,1,0,1,0
257,F01-MIL,F01,228.7,-16.51755,-49.15725,2023/2024,2023-12-01,335,36,vegetativo,0.4006,0.3476,25.23,16.32,0.0,26.33,81.57,21.26,63326.2,1,saudavel,4.88,12,140,0.2571,1,0.3203,0.1284,50.37,25.11,-3.85,-1.1,4.85,1.3027,0,1,0,0,1
258,F01-MIL,F01,228.7,-16.51755,-49.15725,2023/2024,2023-12-02,336,37,vegetativo,0.4054,0.3514,26.9,30.89,34.25,25.47,80.94,38.88,27602.7,0,saudavel,4.88,12,140,0.2643,1,0.3387,0.1284,84.62,21.26,17.62,1.43,4.85,1.2587,0,1,0,0,1
259,F01-MIL,F01,228.7,-16.51755,-49.15725,2023/2024,2023-12-03,337,38,vegetativo,0.4158,0.346,24.43,27.18,0.0,25.48,77.11,35.19,61642.7,1,saudavel,4.88,12,140,0.2714,1,0.3602,0.1505,84.62,38.88,-3.69,-1.05,5.83,1.2947,0,1,0,0,1
260,F01-MIL,F01,228.7,-16.51755,-49.15725,2023/2024,2023-12-04,338,39,vegetativo,0.4548,0.3746,27.05,28.88,10.31,26.34,77.11,32.1,48898.1,0,saudavel,4.88,12,140,0.2786,1,0.3849,0.173,84.71,35.19,-3.09,0.71,6.03,1.1115,0,1,0,0,1
261,F01-MIL,F01,228.7,-16.51755,-49.15725,2023/2024,2023-12-05,339,40,vegetativo,0.4909,0.3735,23.05,25.61,0.0,24.16,82.8,24.04,59081.6,1,saudavel,4.88,12,140,0.2857,1,0.4098,0.1744,60.47,32.1,-8.06,-1.11,4.16,0.9387,0,1,0,0,1
262,F01-MIL,F01,228.7,-16.51755,-49.15725,2023/2024,2023-12-06,340,41,vegetativo,0.5195,0.461,26.14,30.83,16.63,25.22,77.02,29.79,40360.2,0,saudavel,4.88,12,140,0.2929,1,0.4345,0.173,61.19,24.04,5.75,0.92,5.8,0.9663,0,1,0,0,1
263,F01-MIL,F01,228.7,-16.51755,-49.15725,2023/2024,2023-12-07,341,42,vegetativo,0.5775,0.4999,24.14,34.6,14.24,24.58,73.48,33.13,45119.4,0,saudavel,4.88,12,140,0.3,1,0.4664,0.223,75.43,29.79,3.34,-0.44,6.52,0.9575,0,1,0,0,1
264,F01-MIL,F01,228.7,-16.51755,-49.15725,2023/2024,2023-12-08,342,43,vegetativo,0.5535,0.4669,20.58,37.35,12.39,22.57,70.27,37.26,44903.1,0,saudavel,4.88,12,140,0.3071,1,0.4882,0.1529,87.82,33.13,4.13,-1.99,6.71,0.9976,0,1,0,0,1
265,F01-MIL,F01,228.7,-16.51755,-49.15725,2023/2024,2023-12-09,343,44,vegetativo,0.5921,0.5005,21.22,33.63,0.0,23.47,76.17,28.6,60063.6,1,saudavel,4.88,12,140,0.3143,1,0.5149,0.1867,53.57,37.26,-8.66,-2.25,5.59,0.8504,0,1,0,0,1
266,F01-MIL,F01,228.7,-16.51755,-49.15725,2023/2024,2023-12-10,344,45,vegetativo,0.6282,0.5487,26.05,40.04,20.42,27.1,80.04,36.64,38626.2,0,saudavel,4.88,12,140,0.3214,1,0.5452,0.2124,73.99,28.6,8.04,-1.05,5.41,0.9151,0,1,0,0,1
267,F01-MIL,F01,228.7,-16.51755,-49.15725,2023/2024,2023-12-11,345,46,vegetativo,0.6444,0.5166,23.16,35.98,0.0,25.22,88.84,30.67,56855.7,1,saudavel,4.88,12,140,0.3286,1,0.5723,0.1896,63.68,36.64,-5.97,-2.06,2.81,0.8524,0,1,0,0,1
268,F01-MIL,F01,228.7,-16.51755,-49.15725,2023/2024,2023-12-12,346,47,vegetativo,0.659,0.5483,20.46,39.73,14.3,22.56,79.42,34.83,48483.0,0,saudavel,4.88,12,140,0.3357,1,0.5963,0.1681,77.98,30.67,4.16,-2.1,4.64,0.8767,0,1,0,0,1
269,F01-MIL,F01,228.7,-16.51755,-49.15725,2023/2024,2023-12-13,347,48,vegetativo,0.6608,0.539,21.45,38.41,4.64,22.13,75.6,29.53,56459.0,0,saudavel,4.88,12,140,0.3429,1,0.6165,0.1413,65.99,34.83,-5.3,-0.68,5.4,0.7688,0,1,0,0,1
270,F01-MIL,F01,228.7,-16.51755,-49.15725,2023/2024,2023-12-14,348,49,floracao,0.7031,0.6331,21.09,39.46,9.55,24.17,72.33,31.69,48981.4,0,saudavel,4.88,12,140,0.35,2,0.6344,0.1256,61.3,29.53,2.16,-3.08,6.69,0.8031,0,1,0,0,1
271,F01-MIL,F01,228.7,-16.51755,-49.15725,2023/2024,2023-12-15,349,50,floracao,0.7118,0.6225,24.26,37.54,4.31,26.57,79.62,29.44,56021.2,0,saudavel,4.88,12,140,0.3571,2,0.6571,0.1583,53.22,31.69,-2.25,-2.31,5.41,0.7842,0,1,0,0,1
272,F01-MIL,F01,228.7,-16.51755,-49.15725,2023/2024,2023-12-16,350,51,floracao,0.7172,0.5655,22.35,33.95,0.0,23.85,69.71,24.28,59670.8,1,saudavel,4.88,12,140,0.3643,2,0.6749,0.1251,53.22,29.44,-5.16,-1.5,7.22,0.7152,0,1,0,0,1
273,F01-MIL,F01,228.7,-16.51755,-49.15725,2023/2024,2023-12-17,351,52,floracao,0.7527,0.6095,24.02,39.51,18.13,25.99,80.05,30.97,39237.4,0,saudavel,4.88,12,140,0.3714,2,0.6927,0.1245,50.93,24.28,6.69,-1.97,5.19,0.7839,0,1,0,0,1
274,F01-MIL,F01,228.7,-16.51755,-49.15725,2023/2024,2023-12-18,352,53,floracao,0.763,0.6459,21.42,35.76,0.0,24.45,82.35,24.97,60183.5,1,saudavel,4.88,12,140,0.3786,2,0.7097,0.1186,50.93,30.97,-6.0,-3.03,4.32,0.6983,0,1,0,0,1
275,F01-MIL,F01,228.7,-16.51755,-49.15725,2023/2024,2023-12-19,353,54,floracao,0.8094,0.6786,20.95,39.12,13.52,24.53,80.43,28.45,44612.0,0,saudavel,4.88,12,140,0.3857,2,0.7311,0.1504,50.15,24.97,3.48,-3.58,4.8,0.7272,0,1,0,0,1
276,F01-MIL,F01,228.7,-16.51755,-49.15725,2023/2024,2023-12-20,354,55,floracao,0.8222,0.6724,16.57,40.24,8.88,21.71,78.87,29.81,48277.7,0,saudavel,4.88,12,140,0.3929,2,0.7542,0.1614,54.39,28.45,1.36,-5.14,4.59,0.7408,0,1,0,0,1
277,F01-MIL,F01,228.7,-16.51755,-49.15725,2023/2024,2023-12-21,355,56,floracao,0.8032,0.7216,20.73,38.42,4.01,25.02,80.84,26.32,51124.4,0,saudavel,4.88,12,140,0.4,2,0.7685,0.1001,48.85,29.81,-3.49,-4.29,4.79,0.6851,0,1,0,0,1
278,F01-MIL,F01,228.7,-16.51755,-49.15725,2023/2024,2023-12-22,356,57,floracao,0.826,0.7083,19.89,39.82,9.58,23.01,80.1,26.12,49339.0,0,saudavel,4.88,12,140,0.4071,2,0.7848,0.1142,54.12,26.32,-0.2,-3.12,4.58,0.656,0,1,0,0,1
279,F01-MIL,F01,228.7,-16.51755,-49.15725,2023/2024,2023-12-23,357,58,floracao,0.8027,0.6918,21.34,36.07,0.0,24.7,74.37,19.11,49339.0,1,saudavel,4.88,12,140,0.4143,2,0.797,0.0855,54.12,26.12,-7.01,-3.36,6.33,0.5298,0,1,0,0,1
280,F01-MIL,F01,228.7,-16.51755,-49.15725,2023/2024,2023-12-24,358,59,floracao,0.8377,0.6982,18.62,41.31,16.63,22.08,89.1,25.1,41261.2,0,saudavel,4.88,12,140,0.4214,2,0.8092,0.085,52.62,19.11,5.99,-3.46,2.41,0.6076,0,1,0,0,1
281,F01-MIL,F01,228.7,-16.51755,-49.15725,2023/2024,2023-12-25,359,60,floracao,0.8623,0.7474,20.75,54.57,33.78,23.47,77.27,42.45,37537.2,0,saudavel,4.88,12,140,0.4286,2,0.8234,0.0993,86.4,25.1,17.35,-2.72,5.33,0.7779,0,1,0,0,1
282,F01-MIL,F01,228.7,-16.51755,-49.15725,2023/2024,2023-12-26,360,61,floracao,0.8768,0.7377,18.55,49.88,0.0,23.63,82.83,34.35,62579.3,1,saudavel,4.88,12,140,0.4357,2,0.833,0.0674,72.88,42.45,-8.1,-5.08,4.06,0.6887,0,1,0,0,1
283,F01-MIL,F01,228.7,-16.51755,-49.15725,2023/2024,2023-12-27,361,62,floracao,0.8512,0.7178,18.87,45.64,0.0,22.77,67.38,28.16,63801.1,1,saudavel,4.88,12,140,0.4429,2,0.8371,0.029,64.0,34.35,-6.19,-3.9,7.43,0.617,0,1,0,0,1
284,F01-MIL,F01,228.7,-16.51755,-49.15725,2023/2024,2023-12-28,362,63,floracao,0.891,0.7696,19.67,41.7,0.0,23.5,85.42,23.47,62233.5,1,saudavel,4.88,12,140,0.45,2,0.8497,0.0878,59.99,28.16,-4.69,-3.83,3.43,0.5628,0,1,0,0,1
285,F01-MIL,F01,228.7,-16.51755,-49.15725,2023/2024,2023-12-29,363,64,floracao,0.8435,0.6844,18.1,38.14,0.0,22.4,87.05,18.02,65359.8,1,saudavel,4.88,12,140,0.4571,2,0.8522,0.0175,50.41,23.47,-5.45,-4.3,2.9,0.4725,0,1,0,0,1
286,F01-MIL,F01,228.7,-16.51755,-49.15725,2023/2024,2023-12-30,364,65,floracao,0.8523,0.7564,19.48,34.89,0.0,21.72,80.26,16.71,57387.5,1,saudavel,4.88,12,140,0.4643,2,0.8593,0.0496,50.41,18.02,-1.31,-2.24,4.29,0.4789,0,1,0,0,1
287,F01-MIL,F01,228.7,-16.51755,-49.15725,2023/2024,2023-12-31,365,66,floracao,0.8943,0.7638,21.86,31.64,0.0,25.0,80.93,12.71,52007.4,1,saudavel,4.88,12,140,0.4714,2,0.8673,0.0566,33.78,16.71,-4.0,-3.14,4.77,0.4017,0,1,0,0,1
288,F01-MIL,F01,228.7,-16.51755,-49.15725,2023/2024,2024-01-01,1,67,floracao,0.916,0.8043,20.11,28.8,0.0,24.07,81.49,9.36,58286.3,1,saudavel,4.88,1,140,0.4786,2,0.875,0.0537,0.0,12.71,-3.35,-3.96,4.46,0.325,0,1,0,0,1
289,F01-MIL,F01,228.7,-16.51755,-49.15725,2023/2024,2024-01-02,2,68,floracao,0.8946,0.7389,18.99,37.0,21.41,21.25,77.16,22.06,39974.4,0,saudavel,4.88,1,140,0.4857,2,0.8776,0.0178,21.41,9.36,12.7,-2.26,4.85,0.5962,0,1,0,0,1
290,F01-MIL,F01,228.7,-16.51755,-49.15725,2023/2024,2024-01-03,3,69,floracao,0.8857,0.7344,17.68,33.79,0.0,23.15,81.96,15.01,59930.9,1,saudavel,4.88,1,140,0.4929,2,0.8825,0.0345,21.41,22.06,-7.05,-5.47,4.18,0.4442,0,1,0,0,1
291,F01-MIL,F01,228.7,-16.51755,-49.15725,2023/2024,2024-01-04,4,70,floracao,0.8441,0.6943,17.48,59.85,57.92,21.08,76.4,48.51,30523.0,0,saudavel,4.88,1,140,0.5,2,0.8758,-0.0469,79.33,15.01,33.5,-3.6,4.97,0.8105,0,1,0,0,1
292,F01-MIL,F01,228.7,-16.51755,-49.15725,2023/2024,2024-01-05,5,71,floracao,0.8488,0.7265,17.05,54.86,0.0,20.32,77.84,40.99,63266.5,0,saudavel,4.88,1,140,0.5071,2,0.8765,0.0053,79.33,48.51,-7.52,-3.27,4.5,0.7472,0,1,0,0,1
293,F01-MIL,F01,228.7,-16.51755,-49.15725,2023/2024,2024-01-06,6,72,floracao,0.8929,0.7603,18.6,50.18,0.0,23.55,84.55,30.63,60354.7,1,saudavel,4.88,1,140,0.5143,2,0.8823,0.0406,79.33,40.99,-10.36,-4.95,3.64,0.6104,0,1,0,0,1
294,F01-MIL,F01,228.7,-16.51755,-49.15725,2023/2024,2024-01-07,7,73,floracao,0.884,0.7421,15.69,74.6,57.26,19.35,86.29,63.76,31950.3,0,saudavel,4.88,1,140,0.5214,2,0.8809,-0.0103,136.59,30.63,33.13,-3.66,2.65,0.8547,0,1,0,0,1
295,F01-MIL,F01,228.7,-16.51755,-49.15725,2023/2024,2024-01-08,8,74,floracao,0.8696,0.7189,18.26,68.35,0.0,23.2,75.54,54.18,56181.2,0,saudavel,4.88,1,140,0.5286,2,0.8742,-0.0464,136.59,63.76,-9.58,-4.94,5.67,0.7927,0,1,0,0,1
296,F01-MIL,F01,228.7,-16.51755,-49.15725,2023/2024,2024-01-09,9,75,floracao,0.8935,0.7341,17.98,62.68,0.0,21.33,76.49,43.62,55600.6,0,saudavel,4.88,1,140,0.5357,2,0.8741,-0.0011,115.18,54.18,-10.56,-3.35,5.01,0.6959,0,1,0,0,1
297,F01-MIL,F01,228.7,-16.51755,-49.15725,2023/2024,2024-01-10,10,76,floracao,0.8947,0.7595,18.3,61.31,7.67,21.3,76.92,40.93,56093.1,0,saudavel,4.88,1,140,0.5429,2,0.8754,0.009,122.85,43.62,-2.69,-3.0,4.92,0.6676,0,1,0,0,1
298,F01-MIL,F01,228.7,-16.51755,-49.15725,2023/2024,2024-01-11,11,77,frutificacao,0.9114,0.7654,18.2,65.12,17.85,22.13,83.26,46.58,41503.9,0,saudavel,4.88,1,140,0.55,3,0.885,0.0673,82.78,40.93,5.65,-3.93,3.7,0.7153,0,1,0,0,1
299,F01-MIL,F01,228.7,-16.51755,-49.15725,2023/2024,2024-01-12,12,78,frutificacao,0.8951,0.7471,16.39,59.71,0.0,22.3,74.46,37.24,56642.3,1,saudavel,4.88,1,140,0.5571,3,0.8916,0.0463,82.78,46.58,-9.34,-5.91,5.7,0.6237,0,1,0,0,1
300,F01-MIL,F01,228.7,-16.51755,-49.15725,2023/2024,2024-01-13,13,79,frutificacao,0.9167,0.8102,14.88,54.74,0.0,20.09,82.52,31.58,56511.2,1,saudavel,4.88,1,140,0.5643,3,0.895,0.0238,82.78,37.24,-5.66,-5.21,3.51,0.5769,0,1,0,0,1
301,F01-MIL,F01,228.7,-16.51755,-49.15725,2023/2024,2024-01-14,14,80,frutificacao,0.8919,0.7565,18.86,62.55,24.77,22.32,83.09,40.73,32241.7,0,saudavel,4.88,1,140,0.5714,3,0.8961,0.0079,50.29,31.58,9.15,-3.46,3.77,0.6512,0,1,0,0,1
302,F01-MIL,F01,228.7,-16.51755,-49.15725,2023/2024,2024-01-15,15,81,frutificacao,0.8888,0.7809,17.34,59.03,3.38,21.32,79.46,34.62,52685.9,0,saudavel,4.88,1,140,0.5786,3,0.8989,0.0192,53.67,40.73,-6.11,-3.98,4.38,0.5865,0,1,0,0,1
303,F01-MIL,F01,228.7,-16.51755,-49.15725,2023/2024,2024-01-16,16,82,frutificacao,0.9116,0.7642,12.28,54.11,0.0,19.18,86.18,26.93,54082.1,1,saudavel,4.88,1,140,0.5857,3,0.9015,0.0181,53.67,34.62,-7.69,-6.9,2.65,0.4977,0,1,0,0,1
304,F01-MIL,F01,228.7,-16.51755,-49.15725,2023/2024,2024-01-17,17,83,frutificacao,0.8697,0.7442,18.13,60.96,22.75,20.72,78.62,37.12,31362.3,0,saudavel,4.88,1,140,0.5929,3,0.8979,-0.025,68.75,26.93,10.19,-2.59,4.43,0.6089,0,1,0,0,1
305,F01-MIL,F01,228.7,-16.51755,-49.15725,2023/2024,2024-01-18,18,84,frutificacao,0.9443,0.8016,18.59,69.99,28.21,22.95,78.62,50.26,29935.1,0,saudavel,4.88,1,140,0.6,3,0.9026,0.0329,79.11,37.12,13.14,-4.36,4.91,0.7181,0,1,0,0,1
306,F01-MIL,F01,228.7,-16.51755,-49.15725,2023/2024,2024-01-19,19,85,frutificacao,0.894,0.726,18.44,71.94,15.61,23.31,73.58,50.75,40718.6,0,saudavel,4.88,1,140,0.6071,3,0.9024,-0.0011,94.72,50.26,0.49,-4.87,6.16,0.7054,0,1,0,0,1
307,F01-MIL,F01,228.7,-16.51755,-49.15725,2023/2024,2024-01-20,20,86,frutificacao,0.8924,0.7871,18.75,75.38,18.8,21.78,84.39,51.66,42644.0,0,saudavel,4.88,1,140,0.6143,3,0.899,-0.0243,113.52,50.75,0.91,-3.03,3.4,0.6853,0,1,0,0,1
308,F01-MIL,F01,228.7,-16.51755,-49.15725,2023/2024,2024-01-21,21,87,frutificacao,0.8931,0.7564,14.12,69.15,0.0,18.84,77.17,40.48,57959.4,0,saudavel,4.88,1,140,0.6214,3,0.8991,0.0012,88.75,51.66,-11.18,-4.72,4.3,0.5854,0,1,0,0,1
309,F01-MIL,F01,228.7,-16.51755,-49.15725,2023/2024,2024-01-22,22,88,frutificacao,0.9177,0.7949,16.32,63.42,0.0,21.27,81.22,33.53,57689.6,1,saudavel,4.88,1,140,0.6286,3,0.9033,0.0289,85.37,40.48,-6.95,-4.95,3.99,0.5287,0,1,0,0,1
310,F01-MIL,F01,228.7,-16.51755,-49.15725,2023/2024,2024-01-23,23,89,frutificacao,0.8931,0.7441,18.05,58.14,0.0,21.73,78.76,30.0,54472.4,1,saudavel,4.88,1,140,0.6357,3,0.9006,-0.0185,85.37,33.53,-3.53,-3.68,4.62,0.516,0,1,0,0,1
311,F01-MIL,F01,228.7,-16.51755,-49.15725,2023/2024,2024-01-24,24,90,frutificacao,0.8418,0.7122,19.66,53.29,0.0,21.46,73.93,24.93,56141.6,1,saudavel,4.88,1,140,0.6429,3,0.8966,-0.0279,62.62,30.0,-5.07,-1.8,5.59,0.4678,0,1,0,0,1
312,F01-MIL,F01,228.7,-16.51755,-49.15725,2023/2024,2024-01-25,25,91,frutificacao,0.898,0.746,19.01,64.79,31.92,21.47,76.06,40.35,29234.2,0,saudavel,4.88,1,140,0.65,3,0.89,-0.0463,66.33,24.93,15.42,-2.46,5.14,0.6228,0,1,0,0,1
313,F01-MIL,F01,228.7,-16.51755,-49.15725,2023/2024,2024-01-26,26,92,frutificacao,0.8586,0.7546,17.38,65.79,12.77,20.75,86.36,42.27,46305.8,0,saudavel,4.88,1,140,0.6571,3,0.885,-0.0354,63.49,40.35,1.92,-3.37,2.83,0.6425,0,1,0,0,1
314,F01-MIL,F01,228.7,-16.51755,-49.15725,2023/2024,2024-01-27,27,93,frutificacao,0.8624,0.7393,16.72,63.9,7.15,20.02,80.81,38.69,48945.0,0,saudavel,4.88,1,140,0.6643,3,0.8807,-0.03,51.84,42.27,-3.58,-3.3,3.84,0.6055,0,1,0,0,1
315,F01-MIL,F01,228.7,-16.51755,-49.15725,2023/2024,2024-01-28,28,94,frutificacao,0.8288,0.7118,16.47,64.92,12.66,19.14,75.19,39.13,47155.8,0,saudavel,4.88,1,140,0.6714,3,0.8715,-0.0643,64.5,38.69,0.44,-2.67,4.75,0.6027,0,1,0,0,1
316,F01-MIL,F01,228.7,-16.51755,-49.15725,2023/2024,2024-01-29,29,95,frutificacao,0.8581,0.7566,12.15,66.33,13.6,17.13,82.87,39.23,42896.5,0,saudavel,4.88,1,140,0.6786,3,0.863,-0.0596,78.1,39.13,0.1,-4.98,2.93,0.5914,0,1,0,0,1
317,F01-MIL,F01,228.7,-16.51755,-49.15725,2023/2024,2024-01-30,30,96,frutificacao,0.8269,0.726,17.61,64.28,6.92,20.41,78.55,38.52,51221.5,0,saudavel,4.88,1,140,0.6857,3,0.8535,-0.0662,85.02,39.23,-0.71,-2.8,4.38,0.5993,0,1,0,0,1
318,F01-MIL,F01,228.7,-16.51755,-49.15725,2023/2024,2024-01-31,31,97,frutificacao,0.8332,0.7235,15.87,62.86,7.84,20.1,96.63,32.61,46333.4,0,saudavel,4.88,1,140,0.6929,3,0.8523,-0.0086,92.86,38.52,-5.91,-4.23,0.68,0.5188,0,1,0,0,1
319,F01-MIL,F01,228.7,-16.51755,-49.15725,2023/2024,2024-02-01,32,98,frutificacao,0.8156,0.6648,17.56,73.6,31.95,20.58,80.39,48.44,21935.4,0,saudavel,4.88,2,140,0.7,3,0.8405,-0.0824,92.89,32.61,15.83,-3.02,4.04,0.6582,0,1,0,0,1
320,F01-MIL,F01,228.7,-16.51755,-49.15725,2023/2024,2024-02-02,33,99,frutificacao,0.8487,0.7075,13.8,67.51,0.0,17.67,78.71,38.77,55309.9,0,saudavel,4.88,2,140,0.7071,3,0.8391,-0.0099,80.12,48.44,-9.67,-3.87,3.76,0.5743,0,1,0,0,1
321,F01-MIL,F01,228.7,-16.51755,-49.15725,2023/2024,2024-02-03,34,100,frutificacao,0.8374,0.6917,17.54,61.91,0.0,20.57,85.86,30.91,56434.7,1,saudavel,4.88,2,140,0.7143,3,0.8355,-0.025,72.97,38.77,-7.86,-3.03,2.91,0.4993,0,1,0,0,1
322,F01-MIL,F01,228.7,-16.51755,-49.15725,2023/2024,2024-02-04,35,101,frutificacao,0.7848,0.6817,19.67,56.62,0.0,22.62,68.21,27.45,55734.2,1,saudavel,4.88,2,140,0.7214,3,0.8292,-0.044,60.31,30.91,-3.46,-2.95,7.19,0.4848,0,1,0,0,1
323,F01-MIL,F01,228.7,-16.51755,-49.15725,2023/2024,2024-02-05,36,102,frutificacao,0.7698,0.6578,13.58,51.89,0.0,19.58,79.59,21.18,55019.6,1,saudavel,4.88,2,140,0.7286,3,0.8166,-0.0883,46.71,27.45,-6.27,-6.0,4.0,0.4082,0,1,0,0,1
324,F01-MIL,F01,228.7,-16.51755,-49.15725,2023/2024,2024-02-06,37,103,frutificacao,0.7442,0.6048,16.79,47.54,0.0,19.31,89.14,16.09,52447.9,0,saudavel,4.88,2,140,0.7357,3,0.8048,-0.0827,39.79,21.18,-5.09,-2.52,2.1,0.3385,0,1,0,0,1
325,F01-MIL,F01,228.7,-16.51755,-49.15725,2023/2024,2024-02-07,38,104,frutificacao,0.7554,0.6383,17.64,51.49,15.91,19.8,78.17,23.07,36698.5,0,saudavel,4.88,2,140,0.7429,3,0.7937,-0.0778,47.86,16.09,6.98,-2.16,4.32,0.448,0,1,0,0,1
326,F01-MIL,F01,228.7,-16.51755,-49.15725,2023/2024,2024-02-08,39,105,frutificacao,0.7067,0.5708,20.4,46.95,0.0,22.32,68.45,19.0,54617.1,1,saudavel,4.88,2,140,0.75,3,0.7781,-0.1089,15.91,23.07,-4.07,-1.92,7.04,0.4047,0,1,0,0,1
327,F01-MIL,F01,228.7,-16.51755,-49.15725,2023/2024,2024-02-09,40,106,frutificacao,0.6834,0.5798,15.42,51.41,16.83,17.67,77.8,25.6,39189.0,1,saudavel,4.88,2,140,0.7571,3,0.7545,-0.1653,32.74,19.0,6.6,-2.25,3.92,0.498,0,1,0,0,1
328,F01-MIL,F01,228.7,-16.51755,-49.15725,2023/2024,2024-02-10,41,107,frutificacao,0.6885,0.5522,18.9,58.4,22.59,19.45,85.86,33.05,30994.8,0,saudavel,4.88,2,140,0.7643,3,0.7333,-0.1489,55.33,25.6,7.45,-0.55,2.75,0.5659,0,1,0,0,1
329,F01-MIL,F01,228.7,-16.51755,-49.15725,2023/2024,2024-02-11,42,108,frutificacao,0.6341,0.5495,16.49,61.98,17.01,17.89,81.27,36.54,40683.1,0,saudavel,4.88,2,140,0.7714,3,0.7117,-0.1507,72.34,33.05,3.49,-1.4,3.35,0.5895,0,1,0,0,1
330,F01-MIL,F01,228.7,-16.51755,-49.15725,2023/2024,2024-02-12,43,109,frutificacao,0.6189,0.5336,17.07,61.74,9.97,18.21,74.87,38.01,40584.3,0,saudavel,4.88,2,140,0.7786,3,0.6902,-0.1509,82.31,36.54,1.47,-1.14,4.58,0.6156,0,1,0,0,1
331,F01-MIL,F01,228.7,-16.51755,-49.15725,2023/2024,2024-02-13,44,110,frutificacao,0.5619,0.5158,18.88,59.75,6.62,18.9,75.09,35.12,44120.8,0,saudavel,4.88,2,140,0.7857,3,0.6641,-0.1823,88.93,38.01,-2.89,-0.02,4.71,0.5878,0,1,0,0,1
332,F01-MIL,F01,228.7,-16.51755,-49.15725,2023/2024,2024-02-14,45,111,frutificacao,0.581,0.5108,20.07,54.53,0.0,20.94,74.36,28.9,56179.5,1,saudavel,4.88,2,140,0.7929,3,0.6392,-0.1744,73.02,35.12,-6.22,-0.87,5.37,0.53,0,1,0,0,1
333,F01-MIL,F01,228.7,-16.51755,-49.15725,2023/2024,2024-02-15,46,112,frutificacao,0.5788,0.4835,19.45,49.65,0.0,21.56,78.45,22.63,53580.8,1,saudavel,4.88,2,140,0.8,3,0.6209,-0.1279,73.02,28.9,-6.27,-2.11,4.65,0.4558,0,1,0,0,1
334,F01-MIL,F01,228.7,-16.51755,-49.15725,2023/2024,2024-02-16,47,113,frutificacao,0.5275,0.4647,16.29,45.27,0.0,19.48,84.44,17.04,49602.3,1,saudavel,4.88,2,140,0.8071,3,0.5987,-0.1559,56.19,22.63,-5.59,-3.19,3.03,0.3764,0,1,0,0,1
335,F01-MIL,F01,228.7,-16.51755,-49.15725,2023/2024,2024-02-17,48,114,frutificacao,0.5156,0.4103,17.07,41.22,0.0,18.19,83.64,15.93,51236.3,1,saudavel,4.88,2,140,0.8143,3,0.574,-0.1729,33.6,17.04,-1.11,-1.12,2.98,0.3865,0,1,0,0,1
336,F01-MIL,F01,228.7,-16.51755,-49.15725,2023/2024,2024-02-18,49,115,frutificacao,0.4434,0.3576,23.22,37.09,0.0,22.45,77.96,11.71,50533.0,1,saudavel,4.88,2,140,0.8214,3,0.5467,-0.1907,16.59,15.93,-4.22,0.77,4.95,0.3157,0,1,0,0,1
337,F01-MIL,F01,228.7,-16.51755,-49.15725,2023/2024,2024-02-19,50,116,frutificacao,0.4398,0.3805,17.71,46.96,26.75,18.02,71.53,25.62,50533.0,0,saudavel,4.88,2,140,0.8286,3,0.5211,-0.1791,33.37,11.71,13.91,-0.31,5.13,0.5456,0,1,0,0,1
338,F01-MIL,F01,228.7,-16.51755,-49.15725,2023/2024,2024-02-20,51,117,frutificacao,0.3921,0.2901,19.03,42.59,0.0,17.76,71.55,21.86,46728.4,1,saudavel,4.88,2,140,0.8357,3,0.4969,-0.1698,26.75,25.62,-3.76,1.27,5.05,0.5133,0,1,0,0,1
339,F01-MIL,F01,228.7,-16.51755,-49.15725,2023/2024,2024-02-21,52,118,frutificacao,0.3836,0.3253,16.6,38.56,0.0,15.91,81.81,16.03,48980.1,1,saudavel,4.88,2,140,0.8429,3,0.4687,-0.1974,26.75,21.86,-5.83,0.69,2.89,0.4157,0,1,0,0,1
340,F01-MIL,F01,228.7,-16.51755,-49.15725,2023/2024,2024-02-22,53,119,maturacao,0.3821,0.3044,22.47,42.95,16.36,20.62,69.44,21.97,34434.5,0,saudavel,4.88,2,140,0.85,4,0.4406,-0.1967,43.11,16.03,5.94,1.85,6.3,0.5115,0,1,0,0,1
341,F01-MIL,F01,228.7,-16.51755,-49.15725,2023/2024,2024-02-23,54,120,maturacao,0.3487,0.2984,20.5,55.95,34.22,19.94,75.29,39.4,24988.1,0,saudavel,4.88,2,140,0.8571,4,0.415,-0.1788,77.33,21.97,17.43,0.56,4.93,0.7042,0,1,0,0,1
342,F01-MIL,F01,228.7,-16.51755,-49.15725,2023/2024,2024-02-24,55,121,maturacao,0.3,0.2334,23.84,50.48,0.0,22.07,76.5,31.01,51558.1,0,atencao,4.88,2,140,0.8643,4,0.3842,-0.2156,77.33,39.4,-8.39,1.77,5.19,0.6143,0,1,0,0,1
343,F01-MIL,F01,228.7,-16.51755,-49.15725,2023/2024,2024-02-25,56,122,maturacao,0.285,0.2508,18.26,45.67,0.0,16.32,72.58,24.81,46878.5,0,atencao,4.88,2,140,0.8714,4,0.3616,-0.1584,77.33,31.01,-6.2,1.94,4.47,0.5432,0,1,0,0,1
344,F01-MIL,F01,228.7,-16.51755,-49.15725,2023/2024,2024-02-26,57,123,maturacao,0.2684,0.2285,23.64,49.86,17.43,20.56,70.44,33.69,30540.2,0,atencao,4.88,2,140,0.8786,4,0.3371,-0.1714,68.01,24.81,8.88,3.08,6.08,0.6757,0,1,0,0,1
345,F01-MIL,F01,228.7,-16.51755,-49.15725,2023/2024,2024-02-27,58,124,maturacao,0.292,0.2762,18.11,45.11,0.0,18.44,76.2,27.14,48156.8,0,saudavel,4.88,2,140,0.8857,4,0.3228,-0.1001,68.01,33.69,-6.55,-0.33,4.39,0.6016,0,1,0,0,1
346,F01-MIL,F01,228.7,-16.51755,-49.15725,2023/2024,2024-02-28,59,125,maturacao,0.311,0.2644,20.25,48.36,15.18,19.51,78.38,27.6,34017.2,0,saudavel,4.88,2,140,0.8929,4,0.3125,-0.0726,83.19,27.14,0.46,0.74,4.22,0.5707,0,1,0,0,1
347,F01-MIL,F01,228.7,-16.51755,-49.15725,2023/2024,2024-02-29,60,126,maturacao,0.2858,0.2276,18.07,61.6,35.77,15.8,83.22,45.37,22787.6,0,saudavel,4.88,2,140,0.9,4,0.2987,-0.0963,102.6,27.6,17.77,2.27,2.65,0.7365,0,1,0,0,1
348,F01-MIL,F01,228.7,-16.51755,-49.15725,2023/2024,2024-03-01,61,127,maturacao,0.2107,0.1742,24.09,60.88,10.29,20.44,78.0,42.73,37382.5,0,atencao,4.88,3,140,0.9071,4,0.279,-0.138,78.67,45.37,-2.64,3.65,4.5,0.7019,0,1,0,0,0
349,F01-MIL,F01,228.7,-16.51755,-49.15725,2023/2024,2024-03-02,62,128,maturacao,0.2683,0.2012,21.22,62.94,15.45,19.39,75.79,44.11,40752.3,1,saudavel,4.88,3,140,0.9143,4,0.2745,-0.0317,94.12,42.73,1.38,1.83,4.69,0.7008,0,1,0,0,0
350,F01-MIL,F01,228.7,-16.51755,-49.15725,2023/2024,2024-03-03,63,129,maturacao,0.2509,0.2214,19.58,57.08,0.0,18.13,72.27,35.47,38767.2,0,saudavel,4.88,3,140,0.9214,4,0.2696,-0.0341,94.12,44.11,-8.64,1.45,5.03,0.6214,0,1,0,0,0
351,F01-MIL,F01,228.7,-16.51755,-49.15725,2023/2024,2024-03-04,64,130,maturacao,0.1944,0.1771,22.14,54.66,6.11,19.13,69.88,31.83,39383.9,0,atencao,4.88,3,140,0.9286,4,0.259,-0.074,82.8,35.47,-3.64,3.01,5.76,0.5823,0,1,0,0,0
352,F01-MIL,F01,228.7,-16.51755,-49.15725,2023/2024,2024-03-05,65,131,maturacao,0.2133,0.2307,19.94,49.41,0.0,16.99,73.78,24.88,44787.0,0,saudavel,4.88,3,140,0.9357,4,0.2478,-0.0787,82.8,31.83,-6.95,2.95,4.45,0.5035,0,1,0,0,0
353,F01-MIL,F01,228.7,-16.51755,-49.15725,2023/2024,2024-03-06,66,132,maturacao,0.2361,0.1882,18.76,50.44,11.66,17.25,78.06,27.8,33465.6,0,saudavel,4.88,3,140,0.9429,4,0.2371,-0.0749,79.28,24.88,2.92,1.51,3.78,0.5511,0,1,0,0,0
354,F01-MIL,F01,228.7,-16.51755,-49.15725,2023/2024,2024-03-07,67,133,maturacao,0.2206,0.1821,19.75,45.54,0.0,17.4,77.42,20.85,46799.3,0,saudavel,4.88,3,140,0.95,4,0.2278,-0.0652,43.51,27.8,-6.95,2.35,3.93,0.4578,0,1,0,0,0
355,F01-MIL,F01,228.7,-16.51755,-49.15725,2023/2024,2024-03-08,68,134,maturacao,0.1794,0.141,18.87,40.96,0.0,15.3,66.32,14.47,46188.2,0,atencao,4.88,3,140,0.9571,4,0.2233,-0.0313,33.22,20.85,-6.38,3.57,5.15,0.3533,0,1,0,0,0
356,F01-MIL,F01,228.7,-16.51755,-49.15725,2023/2024,2024-03-09,69,135,maturacao,0.2144,0.1865,23.32,36.81,0.0,19.36,70.27,15.26,43252.3,0,saudavel,4.88,3,140,0.9643,4,0.2156,-0.0539,17.77,14.47,0.79,3.96,5.76,0.4146,0,1,0,0,0
357,F01-MIL,F01,228.7,-16.51755,-49.15725,2023/2024,2024-03-10,70,136,colheita,0.1564,0.1406,23.17,32.9,0.0,19.84,79.75,10.18,42229.5,0,atencao,4.88,3,140,0.9714,5,0.2021,-0.0945,17.77,15.26,-5.08,3.33,4.02,0.3094,0,1,0,0,0
358,F01-MIL,F01,228.7,-16.51755,-49.15725,2023/2024,2024-03-11,71,137,colheita,0.1921,0.1622,19.3,29.35,0.0,16.99,75.66,7.31,42350.3,0,saudavel,4.88,3,140,0.9786,5,0.2018,-0.0023,11.66,10.18,-2.87,2.31,4.14,0.2491,0,1,0,0,0
359,F01-MIL,F01,228.7,-16.51755,-49.15725,2023/2024,2024-03-12,72,138,colheita,0.217,0.2062,20.54,26.13,0.0,18.55,67.05,5.0,42015.4,0,saudavel,4.88,3,140,0.9857,5,0.2023,0.0037,11.66,7.31,-2.31,1.99,6.11,0.1914,0,1,0,0,0
360,F01-MIL,F01,228.7,-16.51755,-49.15725,2023/2024,2024-03-13,73,139,colheita,0.1927,0.1515,20.44,23.13,0.0,17.62,86.29,5.0,41737.2,0,saudavel,4.88,3,140,0.9929,5,0.1961,-0.0434,0.0,5.0,0.0,2.82,2.42,0.2162,0,1,0,0,0
361,F01-MIL,F01,228.7,-16.51755,-49.15725,2024/2025,2024-10-22,296,0,germinacao,0.2017,0.1986,32.63,45.0,0.0,29.82,63.2,46.49,49200.6,0,saudavel,4.66,10,140,0.0,0,0.2017,0.0,0.0,46.49,0.0,2.81,10.97,1.0331,0,1,0,1,0
362,F01-MIL,F01,228.7,-16.51755,-49.15725,2024/2025,2024-10-23,297,1,germinacao,0.1628,0.1355,32.81,39.18,0.0,30.51,57.83,37.71,48976.9,1,atencao,4.66,10,140,0.0071,0,0.1822,0.0,0.0,46.49,-8.78,2.3,12.87,0.9625,0,1,0,1,0
363,F01-MIL,F01,228.7,-16.51755,-49.15725,2024/2025,2024-10-24,298,2,germinacao,0.1683,0.1809,30.67,45.62,23.11,28.64,68.87,44.83,30178.0,0,saudavel,4.66,10,140,0.0143,0,0.1776,0.0,23.11,37.71,7.12,2.03,8.92,0.9827,0,1,0,1,0
364,F01-MIL,F01,228.7,-16.51755,-49.15725,2024/2025,2024-10-25,299,3,germinacao,0.1703,0.1428,31.61,54.34,28.86,29.31,76.57,49.6,29306.2,1,saudavel,4.66,10,140,0.0214,0,0.1758,0.0,51.97,44.83,4.77,2.3,6.87,0.9128,0,1,0,1,0
365,F01-MIL,F01,228.7,-16.51755,-49.15725,2024/2025,2024-10-26,300,4,germinacao,0.1809,0.153,30.29,63.09,29.95,27.92,78.71,49.6,29306.2,0,saudavel,4.66,10,140,0.0286,0,0.1768,0.0,81.92,49.6,0.0,2.37,5.94,0.7862,0,1,0,1,0
366,F01-MIL,F01,228.7,-16.51755,-49.15725,2024/2025,2024-10-27,301,5,germinacao,0.1893,0.1737,27.85,56.25,0.0,27.3,72.65,49.53,56766.9,0,saudavel,4.66,10,140,0.0357,0,0.1789,0.0,81.92,49.6,-0.07,0.55,7.47,0.8805,0,1,0,1,0
367,F01-MIL,F01,228.7,-16.51755,-49.15725,2024/2025,2024-10-28,302,6,germinacao,0.1929,0.1105,32.76,49.63,0.0,30.04,79.21,38.8,47874.4,0,saudavel,4.66,10,140,0.0429,0,0.1809,0.0,81.92,49.53,-10.73,2.72,6.25,0.7818,0,1,0,1,0
368,F01-MIL,F01,228.7,-16.51755,-49.15725,2024/2025,2024-10-29,303,7,germinacao,0.1836,0.1602,30.91,43.66,0.0,29.01,69.97,27.48,56979.9,1,saudavel,4.66,10,140,0.05,0,0.1783,-0.0181,81.92,38.8,-11.32,1.9,8.71,0.6294,0,1,0,1,0
369,F01-MIL,F01,228.7,-16.51755,-49.15725,2024/2025,2024-10-30,304,8,germinacao,0.1578,0.1331,32.94,38.11,0.0,29.1,75.07,20.28,49364.2,0,atencao,4.66,10,140,0.0571,0,0.1776,-0.005,81.92,27.48,-7.2,3.84,7.25,0.5321,0,1,0,1,0
370,F01-MIL,F01,228.7,-16.51755,-49.15725,2024/2025,2024-10-31,305,9,germinacao,0.1996,0.1994,33.34,42.24,18.68,30.54,67.34,24.04,36282.4,1,saudavel,4.66,10,140,0.0643,0,0.1821,0.0313,77.49,20.28,3.76,2.8,9.97,0.5691,0,1,0,1,0
371,F01-MIL,F01,228.7,-16.51755,-49.15725,2024/2025,2024-11-01,306,10,germinacao,0.1848,0.1764,30.14,37.14,0.0,26.63,69.53,19.33,51491.4,1,saudavel,4.66,11,140,0.0714,0,0.1841,0.0145,48.63,24.04,-4.71,3.51,8.11,0.5205,0,1,0,1,0
372,F01-MIL,F01,228.7,-16.51755,-49.15725,2024/2025,2024-11-02,307,11,germinacao,0.2101,0.1559,28.41,40.03,15.25,27.31,68.47,22.04,38667.6,0,saudavel,4.66,11,140,0.0786,0,0.1883,0.0292,33.93,19.33,2.71,1.1,8.61,0.5506,0,1,0,1,0
373,F01-MIL,F01,228.7,-16.51755,-49.15725,2024/2025,2024-11-03,308,12,germinacao,0.1738,0.1725,30.37,34.89,0.0,28.3,61.12,15.66,55897.7,1,saudavel,4.66,11,140,0.0857,0,0.1861,-0.0155,33.93,22.04,-6.38,2.07,11.0,0.4488,0,1,0,1,0
374,F01-MIL,F01,228.7,-16.51755,-49.15725,2024/2025,2024-11-04,309,13,germinacao,0.1571,0.1283,28.49,30.28,0.0,27.14,78.71,9.19,58252.6,1,atencao,4.66,11,140,0.0929,0,0.181,-0.0358,33.93,15.66,-6.47,1.35,5.78,0.3035,0,1,0,1,0
375,F01-MIL,F01,228.7,-16.51755,-49.15725,2024/2025,2024-11-05,310,14,vegetativo,0.19,0.1434,30.67,25.85,0.0,29.09,68.06,5.0,57579.7,1,saudavel,4.66,11,140,0.1,1,0.1819,0.0064,33.93,9.19,-4.19,1.58,9.29,0.1934,0,1,0,1,0
376,F01-MIL,F01,228.7,-16.51755,-49.15725,2024/2025,2024-11-06,311,15,vegetativo,0.2182,0.1895,30.84,36.39,28.78,27.55,68.33,21.99,27022.1,0,saudavel,4.66,11,140,0.1071,1,0.1905,0.0604,62.71,5.0,16.99,3.29,8.73,0.6043,0,1,0,1,0
377,F01-MIL,F01,228.7,-16.51755,-49.15725,2024/2025,2024-11-07,312,16,vegetativo,0.1975,0.1638,29.97,31.83,0.0,26.26,67.36,16.04,55057.6,1,saudavel,4.66,11,140,0.1143,1,0.1902,-0.0021,44.03,21.99,-5.95,3.71,8.57,0.5039,0,1,0,1,0
378,F01-MIL,F01,228.7,-16.51755,-49.15725,2024/2025,2024-11-08,313,17,vegetativo,0.1925,0.1944,28.89,27.44,0.0,27.77,71.49,9.91,52400.1,1,saudavel,4.66,11,140,0.1214,1,0.1913,0.0077,44.03,16.04,-6.13,1.12,7.92,0.3612,0,1,0,1,0
379,F01-MIL,F01,228.7,-16.51755,-49.15725,2024/2025,2024-11-09,314,18,vegetativo,0.1817,0.1613,29.75,32.13,17.51,27.84,81.43,15.36,35964.1,0,atencao,4.66,11,140,0.1286,1,0.1873,-0.0284,46.29,9.91,5.45,1.91,5.17,0.4781,0,1,0,1,0
380,F01-MIL,F01,228.7,-16.51755,-49.15725,2024/2025,2024-11-10,315,19,vegetativo,0.2373,0.2058,30.7,40.1,24.91,28.91,82.59,23.5,28851.2,0,saudavel,4.66,11,140,0.1357,1,0.1963,0.0635,71.2,15.36,8.14,1.79,5.03,0.586,0,1,0,1,0
381,F01-MIL,F01,228.7,-16.51755,-49.15725,2024/2025,2024-11-11,316,20,vegetativo,0.185,0.1753,30.93,35.01,0.0,28.01,64.49,14.94,54129.9,1,atencao,4.66,11,140,0.1429,1,0.2003,0.0279,71.2,23.5,-8.56,2.92,9.95,0.4267,0,1,0,1,0
382,F01-MIL,F01,228.7,-16.51755,-49.15725,2024/2025,2024-11-12,317,21,vegetativo,0.1951,0.1877,28.51,37.14,13.6,28.03,71.15,18.83,43796.2,1,saudavel,4.66,11,140,0.15,1,0.201,0.0051,84.8,14.94,3.89,0.48,8.09,0.507,0,1,0,1,0
383,F01-MIL,F01,228.7,-16.51755,-49.15725,2024/2025,2024-11-13,318,22,vegetativo,0.2255,0.2074,28.1,42.48,20.21,27.73,68.07,27.72,31322.3,0,saudavel,4.66,11,140,0.1571,1,0.2021,0.0073,76.23,18.83,8.89,0.37,8.85,0.6525,0,1,0,1,0
384,F01-MIL,F01,228.7,-16.51755,-49.15725,2024/2025,2024-11-14,319,23,vegetativo,0.1822,0.1833,29.73,46.5,18.33,26.88,78.83,31.53,38815.4,0,atencao,4.66,11,140,0.1643,1,0.1999,-0.0153,94.56,27.72,3.81,2.85,5.69,0.6781,0,1,0,1,0
385,F01-MIL,F01,228.7,-16.51755,-49.15725,2024/2025,2024-11-15,320,24,vegetativo,0.2508,0.2254,25.79,48.17,13.87,26.0,75.98,35.22,47834.1,0,saudavel,4.66,11,140,0.1714,1,0.2082,0.0583,108.43,31.53,3.69,-0.21,6.25,0.7312,0,1,0,1,0
386,F01-MIL,F01,228.7,-16.51755,-49.15725,2024/2025,2024-11-16,321,25,vegetativo,0.2446,0.2113,28.77,42.59,0.0,26.0,70.65,25.56,59870.4,1,saudavel,4.66,11,140,0.1786,1,0.2172,0.0629,90.92,35.22,-9.66,2.77,7.63,0.6001,0,1,0,1,0
387,F01-MIL,F01,228.7,-16.51755,-49.15725,2024/2025,2024-11-17,322,26,vegetativo,0.2579,0.244,28.24,37.61,0.0,26.4,74.93,18.55,54946.2,1,saudavel,4.66,11,140,0.1857,1,0.2202,0.0206,66.01,25.56,-7.01,1.84,6.62,0.4932,0,1,0,1,0
388,F01-MIL,F01,228.7,-16.51755,-49.15725,2024/2025,2024-11-18,323,27,vegetativo,0.2598,0.219,31.42,39.61,13.88,29.34,70.54,20.11,39537.7,0,saudavel,4.66,11,140,0.1929,1,0.2308,0.0748,79.89,18.55,1.56,2.08,8.64,0.5077,0,1,0,1,0
389,F01-MIL,F01,228.7,-16.51755,-49.15725,2024/2025,2024-11-19,324,28,vegetativo,0.2553,0.2177,30.29,34.58,0.0,28.73,81.49,15.55,58459.7,1,saudavel,4.66,11,140,0.2,1,0.2394,0.0602,66.29,20.11,-4.56,1.56,5.32,0.4497,0,1,0,1,0
390,F01-MIL,F01,228.7,-16.51755,-49.15725,2024/2025,2024-11-20,325,29,vegetativo,0.2484,0.2456,28.97,49.14,38.13,27.57,76.97,38.43,21678.4,0,saudavel,4.66,11,140,0.2071,1,0.2427,0.0229,84.21,15.55,22.88,1.4,6.35,0.7821,0,1,0,1,0
391,F01-MIL,F01,228.7,-16.51755,-49.15725,2024/2025,2024-11-21,326,30,vegetativo,0.2793,0.2699,29.42,53.67,20.19,27.09,77.99,39.87,41441.5,0,saudavel,4.66,11,140,0.2143,1,0.2566,0.0971,86.07,38.43,1.44,2.33,5.96,0.7429,0,1,0,1,0
392,F01-MIL,F01,228.7,-16.51755,-49.15725,2024/2025,2024-11-22,327,31,vegetativo,0.2765,0.2349,28.1,57.62,19.56,26.3,61.89,42.89,38182.9,0,saudavel,4.66,11,140,0.2214,1,0.2603,0.0257,91.76,39.87,3.02,1.8,10.02,0.7444,0,1,0,1,0
393,F01-MIL,F01,228.7,-16.51755,-49.15725,2024/2025,2024-11-23,328,32,vegetativo,0.3211,0.2638,24.91,51.76,0.0,24.45,76.12,35.44,63266.2,1,saudavel,4.66,11,140,0.2286,1,0.2712,0.0765,91.76,42.89,-7.45,0.46,5.84,0.6847,0,1,0,1,0
394,F01-MIL,F01,228.7,-16.51755,-49.15725,2024/2025,2024-11-24,329,33,vegetativo,0.3444,0.322,26.86,46.22,0.0,25.92,86.09,25.07,52750.6,1,saudavel,4.66,11,140,0.2357,1,0.2835,0.0865,91.76,35.44,-10.37,0.94,3.61,0.5424,0,1,0,1,0
395,F01-MIL,F01,228.7,-16.51755,-49.15725,2024/2025,2024-11-25,330,34,vegetativo,0.3762,0.3358,27.3,41.13,0.0,26.3,82.19,19.6,60839.6,1,saudavel,4.66,11,140,0.2429,1,0.3002,0.1164,77.88,25.07,-5.47,1.0,4.68,0.4765,0,1,0,1,0
396,F01-MIL,F01,228.7,-16.51755,-49.15725,2024/2025,2024-11-26,331,35,vegetativo,0.3741,0.3243,28.75,69.18,65.49,26.39,66.37,19.6,28815.0,0,saudavel,4.66,11,140,0.25,1,0.3171,0.1188,143.37,19.6,0.0,2.36,8.87,0.2833,0,1,0,1,0
397,F01-MIL,F01,228.7,-16.51755,-49.15725,2024/2025,2024-11-27,332,36,vegetativo,0.4066,0.3392,27.78,64.31,4.1,26.66,73.98,49.07,53396.1,0,saudavel,4.66,11,140,0.2571,1,0.3397,0.1582,109.34,19.6,29.47,1.12,6.94,0.763,0,1,0,1,0
398,F01-MIL,F01,228.7,-16.51755,-49.15725,2024/2025,2024-11-28,333,37,vegetativo,0.405,0.3509,28.81,63.85,12.29,27.24,69.29,47.15,42412.6,0,saudavel,4.66,11,140,0.2643,1,0.3577,0.1257,101.44,49.07,-1.92,1.57,8.37,0.7384,0,1,0,1,0
399,F01-MIL,F01,228.7,-16.51755,-49.15725,2024/2025,2024-11-29,334,38,vegetativo,0.4256,0.3613,24.28,57.61,0.0,24.72,85.46,39.84,60430.0,0,saudavel,4.66,11,140,0.2714,1,0.379,0.1491,81.88,47.15,-7.31,-0.44,3.59,0.6915,0,1,0,1,0
400,F01-MIL,F01,228.7,-16.51755,-49.15725,2024/2025,2024-11-30,335,39,vegetativo,0.4698,0.386,23.88,61.74,19.58,24.63,78.27,46.95,41622.0,0,saudavel,4.66,11,140,0.2786,1,0.4002,0.1487,101.46,39.84,7.11,-0.75,5.35,0.7604,0,1,0,1,0
401,F01-MIL,F01,228.7,-16.51755,-49.15725,2024/2025,2024-12-01,336,40,vegetativo,0.4787,0.4094,27.19,55.39,0.0,27.73,71.44,36.57,64242.1,1,saudavel,4.66,12,140,0.2857,1,0.4194,0.1343,101.46,46.95,-10.38,-0.54,7.92,0.6602,0,1,0,0,1
402,F01-MIL,F01,228.7,-16.51755,-49.15725,2024/2025,2024-12-02,337,41,vegetativo,0.5184,0.446,25.8,49.74,0.0,26.61,76.21,27.61,62024.1,1,saudavel,4.66,12,140,0.2929,1,0.4397,0.1422,101.46,36.57,-8.96,-0.81,6.33,0.5551,0,1,0,0,1
403,F01-MIL,F01,228.7,-16.51755,-49.15725,2024/2025,2024-12-03,338,42,vegetativo,0.5188,0.4334,23.09,44.77,0.0,24.77,64.19,19.97,57325.5,1,saudavel,4.66,12,140,0.3,1,0.4604,0.1447,35.97,27.61,-7.64,-1.68,8.87,0.4461,0,1,0,0,1
404,F01-MIL,F01,228.7,-16.51755,-49.15725,2024/2025,2024-12-04,339,43,vegetativo,0.5493,0.485,25.42,40.2,0.0,25.1,71.69,16.56,56196.9,1,saudavel,4.66,12,140,0.3071,1,0.4808,0.1427,31.87,19.97,-3.41,0.32,7.11,0.4119,0,1,0,0,1
405,F01-MIL,F01,228.7,-16.51755,-49.15725,2024/2025,2024-12-05,340,44,vegetativo,0.6063,0.5411,24.43,37.06,1.93,25.0,77.43,11.61,53291.3,1,saudavel,4.66,12,140,0.3143,1,0.5096,0.2013,21.51,16.56,-4.95,-0.57,5.64,0.3133,0,1,0,0,1
406,F01-MIL,F01,228.7,-16.51755,-49.15725,2024/2025,2024-12-06,341,45,vegetativo,0.6374,0.5612,23.06,33.24,0.0,25.1,81.49,8.03,63812.8,1,saudavel,4.66,12,140,0.3214,1,0.5398,0.2118,21.51,11.61,-3.58,-2.04,4.65,0.2416,0,1,0,0,1
407,F01-MIL,F01,228.7,-16.51755,-49.15725,2024/2025,2024-12-07,342,46,vegetativo,0.6251,0.5258,24.68,44.84,30.4,25.66,67.29,25.28,27403.7,0,saudavel,4.66,12,140,0.3286,1,0.562,0.1553,32.33,8.03,17.25,-0.98,8.39,0.5638,0,1,0,0,1
408,F01-MIL,F01,228.7,-16.51755,-49.15725,2024/2025,2024-12-08,343,47,vegetativo,0.6824,0.5951,26.73,40.04,0.0,28.65,73.36,18.39,63994.2,1,saudavel,4.66,12,140,0.3357,1,0.5911,0.2037,32.33,25.28,-6.89,-1.92,7.63,0.4593,0,1,0,0,1
409,F01-MIL,F01,228.7,-16.51755,-49.15725,2024/2025,2024-12-09,344,48,vegetativo,0.6812,0.5806,23.62,36.05,0.0,25.03,82.55,14.49,61199.9,1,saudavel,4.66,12,140,0.3429,1,0.6144,0.1628,32.33,18.39,-3.9,-1.41,4.37,0.4019,0,1,0,0,1
410,F01-MIL,F01,228.7,-16.51755,-49.15725,2024/2025,2024-12-10,345,49,floracao,0.7136,0.5819,21.87,33.37,2.02,25.64,69.95,15.99,58669.3,1,saudavel,4.66,12,140,0.35,2,0.6422,0.1948,34.35,14.49,1.5,-3.77,7.7,0.4792,0,1,0,0,1
411,F01-MIL,F01,228.7,-16.51755,-49.15725,2024/2025,2024-12-11,346,50,floracao,0.7616,0.6608,19.01,30.4,0.0,22.01,80.58,12.54,58827.9,1,saudavel,4.66,12,140,0.3571,2,0.6725,0.2123,34.35,15.99,-3.45,-3.0,4.27,0.4125,0,1,0,0,1
412,F01-MIL,F01,228.7,-16.51755,-49.15725,2024/2025,2024-12-12,347,51,floracao,0.7678,0.6556,20.74,30.46,5.96,23.71,78.8,12.86,55842.9,0,saudavel,4.66,12,140,0.3643,2,0.6956,0.1615,38.38,12.54,0.32,-2.97,5.03,0.4222,0,1,0,0,1
413,F01-MIL,F01,228.7,-16.51755,-49.15725,2024/2025,2024-12-13,348,52,floracao,0.7845,0.7187,23.74,28.89,3.27,23.71,85.62,13.2,56538.2,1,saudavel,4.66,12,140,0.3714,2,0.7166,0.1471,41.65,12.86,0.34,0.03,3.41,0.4569,0,1,0,0,1
414,F01-MIL,F01,228.7,-16.51755,-49.15725,2024/2025,2024-12-14,349,53,floracao,0.8221,0.7279,20.81,26.03,0.0,24.84,76.75,10.47,58780.4,1,saudavel,4.66,12,140,0.3786,2,0.7447,0.197,11.25,13.2,-2.73,-4.03,5.78,0.4022,0,1,0,0,1
415,F01-MIL,F01,228.7,-16.51755,-49.15725,2024/2025,2024-12-15,350,54,floracao,0.7837,0.6803,11.99,42.51,37.52,17.55,81.46,34.88,32049.1,0,saudavel,4.66,12,140,0.3857,2,0.7592,0.1013,48.77,10.47,24.41,-5.56,3.25,0.8205,0,1,0,0,1
416,F01-MIL,F01,228.7,-16.51755,-49.15725,2024/2025,2024-12-16,351,55,floracao,0.7905,0.6769,20.84,38.49,0.0,25.04,82.14,28.04,59518.3,1,saudavel,4.66,12,140,0.3929,2,0.7748,0.1093,48.77,34.88,-6.84,-4.2,4.47,0.7285,0,1,0,0,1
417,F01-MIL,F01,228.7,-16.51755,-49.15725,2024/2025,2024-12-17,352,56,floracao,0.8068,0.6891,23.48,34.61,0.0,26.8,70.22,21.57,57577.0,1,saudavel,4.66,12,140,0.4,2,0.7881,0.0932,46.75,28.04,-6.47,-3.32,7.98,0.6232,0,1,0,0,1
418,F01-MIL,F01,228.7,-16.51755,-49.15725,2024/2025,2024-12-18,353,57,floracao,0.8261,0.6821,17.45,31.64,0.0,20.83,79.37,14.75,61787.0,1,saudavel,4.66,12,140,0.4071,2,0.7974,0.0645,46.75,21.57,-6.82,-3.38,4.3,0.4662,0,1,0,0,1
419,F01-MIL,F01,228.7,-16.51755,-49.15725,2024/2025,2024-12-19,354,58,floracao,0.7928,0.6391,24.54,37.57,18.38,26.0,75.12,20.67,41424.2,0,saudavel,4.66,12,140,0.4143,2,0.8009,0.025,59.17,14.75,5.92,-1.46,6.47,0.5502,0,1,0,0,1
420,F01-MIL,F01,228.7,-16.51755,-49.15725,2024/2025,2024-12-20,355,59,floracao,0.8435,0.6995,16.45,40.05,11.37,19.46,80.66,21.33,50093.0,0,saudavel,4.66,12,140,0.4214,2,0.8094,0.059,67.27,20.67,0.66,-3.01,3.76,0.5326,0,1,0,0,1
421,F01-MIL,F01,228.7,-16.51755,-49.15725,2024/2025,2024-12-21,356,60,floracao,0.8435,0.716,21.41,36.32,0.0,24.92,82.35,17.38,58635.3,1,saudavel,4.66,12,140,0.4286,2,0.8124,0.0214,67.27,21.33,-3.95,-3.51,4.4,0.4785,0,1,0,0,1
422,F01-MIL,F01,228.7,-16.51755,-49.15725,2024/2025,2024-12-22,357,61,floracao,0.876,0.7025,19.48,37.95,9.66,23.39,81.81,18.1,46706.5,0,saudavel,4.66,12,140,0.4357,2,0.8256,0.0923,39.41,17.38,0.72,-3.91,4.25,0.4769,0,1,0,0,1
423,F01-MIL,F01,228.7,-16.51755,-49.15725,2024/2025,2024-12-23,358,62,floracao,0.8725,0.7307,17.03,38.91,8.39,19.78,77.49,21.92,56788.3,0,saudavel,4.66,12,140,0.4429,2,0.8373,0.082,47.8,18.1,3.82,-2.75,4.45,0.5634,0,1,0,0,1
424,F01-MIL,F01,228.7,-16.51755,-49.15725,2024/2025,2024-12-24,359,63,floracao,0.8579,0.7243,19.56,38.91,6.99,23.87,79.47,22.07,57607.8,0,saudavel,4.66,12,140,0.45,2,0.8446,0.0511,54.79,21.92,0.15,-4.31,4.9,0.5672,0,1,0,0,1
425,F01-MIL,F01,228.7,-16.51755,-49.15725,2024/2025,2024-12-25,360,64,floracao,0.8857,0.7485,20.71,41.01,11.31,24.83,85.68,24.5,51276.9,0,saudavel,4.66,12,140,0.4571,2,0.8531,0.0596,66.1,22.07,2.43,-4.12,3.56,0.5974,0,1,0,0,1
426,F01-MIL,F01,228.7,-16.51755,-49.15725,2024/2025,2024-12-26,361,65,floracao,0.8917,0.7447,18.43,37.44,0.0,23.54,74.85,18.45,51276.9,1,saudavel,4.66,12,140,0.4643,2,0.8673,0.0989,47.72,24.5,-6.05,-5.11,5.92,0.4928,0,1,0,0,1
427,F01-MIL,F01,228.7,-16.51755,-49.15725,2024/2025,2024-12-27,362,66,floracao,0.8648,0.7282,21.41,34.09,0.0,23.77,79.6,15.6,58946.8,1,saudavel,4.66,12,140,0.4714,2,0.8703,0.0213,36.35,18.45,-2.85,-2.36,4.85,0.4576,0,1,0,0,1
428,F01-MIL,F01,228.7,-16.51755,-49.15725,2024/2025,2024-12-28,363,67,floracao,0.8728,0.7763,18.71,31.16,0.0,22.18,78.87,11.32,63948.2,1,saudavel,4.66,12,140,0.4786,2,0.8745,0.0293,36.35,15.6,-4.28,-3.47,4.69,0.3633,0,1,0,0,1
429,F01-MIL,F01,228.7,-16.51755,-49.15725,2024/2025,2024-12-29,364,68,floracao,0.8402,0.7274,15.63,28.47,0.0,19.9,80.89,7.55,58687.0,1,saudavel,4.66,12,140,0.4857,2,0.8694,-0.0358,26.69,11.32,-3.77,-4.27,3.8,0.2652,0,1,0,0,1
430,F01-MIL,F01,228.7,-16.51755,-49.15725,2024/2025,2024-12-30,365,69,floracao,0.8647,0.7238,19.73,28.67,5.64,23.63,70.81,11.2,52184.1,0,saudavel,4.66,12,140,0.4929,2,0.8683,-0.0078,23.94,7.55,3.65,-3.9,6.9,0.3907,0,1,0,0,1
431,F01-MIL,F01,228.7,-16.51755,-49.15725,2024/2025,2024-12-31,366,70,floracao,0.8732,0.7408,21.77,33.76,15.78,25.12,85.12,19.32,49558.1,0,saudavel,4.66,12,140,0.5,2,0.8704,0.0153,32.73,11.2,8.12,-3.35,3.74,0.5723,0,1,0,0,1
432,F01-MIL,F01,228.7,-16.51755,-49.15725,2024/2025,2025-01-01,1,71,floracao,0.8908,0.7566,19.92,38.47,15.54,24.19,74.75,25.11,44035.2,0,saudavel,4.66,1,140,0.5071,2,0.8712,0.0051,36.96,19.32,5.79,-4.27,6.11,0.6527,0,1,0,0,1
433,F01-MIL,F01,228.7,-16.51755,-49.15725,2024/2025,2025-01-02,2,72,floracao,0.8714,0.7253,15.03,35.19,0.0,19.41,86.61,21.29,64858.8,1,saudavel,4.66,1,140,0.5143,2,0.8683,-0.0203,36.96,25.11,-3.82,-4.38,2.6,0.605,0,1,0,0,1
434,F01-MIL,F01,228.7,-16.51755,-49.15725,2024/2025,2025-01-03,3,73,floracao,0.8808,0.7333,15.44,44.37,24.4,20.02,77.99,33.07,31098.0,0,saudavel,4.66,1,140,0.5214,2,0.8706,0.016,61.36,21.29,11.78,-4.58,4.41,0.7453,0,1,0,0,1
435,F01-MIL,F01,228.7,-16.51755,-49.15725,2024/2025,2025-01-04,4,74,floracao,0.8672,0.7573,17.46,40.62,0.0,20.93,77.41,27.43,60947.7,1,saudavel,4.66,1,140,0.5286,2,0.8698,-0.0056,61.36,33.07,-5.64,-3.47,4.73,0.6753,0,1,0,0,1
436,F01-MIL,F01,228.7,-16.51755,-49.15725,2024/2025,2025-01-05,5,75,floracao,0.8956,0.7528,15.29,42.91,11.48,19.71,87.31,28.47,54170.3,0,saudavel,4.66,1,140,0.5357,2,0.8777,0.0554,72.84,27.43,1.04,-4.42,2.5,0.6635,0,1,0,0,1
437,F01-MIL,F01,228.7,-16.51755,-49.15725,2024/2025,2025-01-06,6,76,floracao,0.9009,0.7439,17.5,39.28,0.0,22.07,84.78,26.19,59297.7,1,saudavel,4.66,1,140,0.5429,2,0.8828,0.0362,67.2,28.47,-2.28,-4.57,3.36,0.6668,0,1,0,0,1
438,F01-MIL,F01,228.7,-16.51755,-49.15725,2024/2025,2025-01-07,7,77,frutificacao,0.9005,0.7646,17.05,35.94,0.0,22.49,80.57,20.35,58315.2,1,saudavel,4.66,1,140,0.55,3,0.8867,0.0273,51.42,26.19,-5.84,-5.44,4.37,0.5662,0,1,0,0,1
439,F01-MIL,F01,228.7,-16.51755,-49.15725,2024/2025,2025-01-08,8,78,frutificacao,0.8926,0.7611,15.7,32.86,0.0,19.66,85.0,18.76,55496.7,1,saudavel,4.66,1,140,0.5571,3,0.887,0.0018,35.88,20.35,-1.59,-3.96,2.95,0.5709,0,1,0,0,1
440,F01-MIL,F01,228.7,-16.51755,-49.15725,2024/2025,2025-01-09,9,79,frutificacao,0.8613,0.6927,18.94,43.47,26.98,22.88,77.79,32.31,35650.7,0,saudavel,4.66,1,140,0.5643,3,0.8856,-0.0101,62.86,18.76,13.55,-3.94,5.08,0.7433,0,1,0,0,1
441,F01-MIL,F01,228.7,-16.51755,-49.15725,2024/2025,2025-01-10,10,80,frutificacao,0.8793,0.7466,18.28,39.79,0.0,22.52,79.37,27.45,56457.3,1,saudavel,4.66,1,140,0.5714,3,0.8853,-0.0015,38.46,32.31,-4.86,-4.24,4.65,0.6899,0,1,0,0,1
442,F01-MIL,F01,228.7,-16.51755,-49.15725,2024/2025,2025-01-11,11,81,frutificacao,0.883,0.7679,16.95,42.59,12.37,20.7,77.16,31.39,46270.2,0,saudavel,4.66,1,140,0.5786,3,0.8876,0.0158,50.83,27.45,3.94,-3.75,4.73,0.737,0,1,0,0,1
443,F01-MIL,F01,228.7,-16.51755,-49.15725,2024/2025,2025-01-12,12,82,frutificacao,0.8822,0.7589,17.98,44.92,11.87,21.17,84.66,34.91,43228.2,0,saudavel,4.66,1,140,0.5857,3,0.8857,-0.0134,51.22,31.39,3.52,-3.19,3.25,0.7772,0,1,0,0,1
444,F01-MIL,F01,228.7,-16.51755,-49.15725,2024/2025,2025-01-13,13,83,frutificacao,0.8908,0.8018,15.09,43.0,3.75,18.41,78.28,29.54,59401.7,0,saudavel,4.66,1,140,0.5929,3,0.8842,-0.0101,54.97,34.91,-5.37,-3.32,4.0,0.687,0,1,0,0,1
445,F01-MIL,F01,228.7,-16.51755,-49.15725,2024/2025,2025-01-14,14,84,frutificacao,0.9166,0.8041,17.05,46.5,14.27,20.74,87.72,34.86,47844.2,0,saudavel,4.66,1,140,0.6,3,0.8865,0.0161,69.24,29.54,5.32,-3.69,2.55,0.7497,0,1,0,0,1
446,F01-MIL,F01,228.7,-16.51755,-49.15725,2024/2025,2025-01-15,15,85,frutificacao,0.9028,0.7963,16.8,42.58,0.0,21.16,78.41,31.09,57990.4,1,saudavel,4.66,1,140,0.6071,3,0.888,0.0102,69.24,34.86,-3.77,-4.36,4.57,0.7302,0,1,0,0,1
447,F01-MIL,F01,228.7,-16.51755,-49.15725,2024/2025,2025-01-16,16,86,frutificacao,0.865,0.7912,16.96,47.6,17.24,21.31,79.95,36.06,37819.7,0,saudavel,4.66,1,140,0.6143,3,0.8885,0.0037,59.5,31.09,4.97,-4.35,4.27,0.7576,0,1,0,0,1
448,F01-MIL,F01,228.7,-16.51755,-49.15725,2024/2025,2025-01-17,17,87,frutificacao,0.8962,0.7769,16.43,60.8,34.42,21.54,83.45,51.73,33493.9,0,saudavel,4.66,1,140,0.6214,3,0.8909,0.0169,93.92,36.06,15.67,-5.11,3.56,0.8508,0,1,0,0,1
449,F01-MIL,F01,228.7,-16.51755,-49.15725,2024/2025,2025-01-18,18,88,frutificacao,0.8929,0.7623,16.62,55.73,0.0,21.25,79.88,41.37,56509.7,0,saudavel,4.66,1,140,0.6286,3,0.8924,0.0099,81.55,51.73,-10.36,-4.63,4.28,0.7423,0,1,0,0,1
450,F01-MIL,F01,228.7,-16.51755,-49.15725,2024/2025,2025-01-19,19,89,frutificacao,0.8611,0.7514,16.67,51.08,0.0,20.4,78.72,33.15,54121.5,1,saudavel,4.66,1,140,0.6357,3,0.8893,-0.0211,69.68,41.37,-8.22,-3.73,4.34,0.649,0,1,0,0,1
451,F01-MIL,F01,228.7,-16.51755,-49.15725,2024/2025,2025-01-20,20,90,frutificacao,0.8908,0.746,16.33,46.79,0.0,21.14,79.55,29.49,51975.0,0,saudavel,4.66,1,140,0.6429,3,0.8893,0.0,65.93,33.15,-3.66,-4.81,4.32,0.6303,0,1,0,0,1
452,F01-MIL,F01,228.7,-16.51755,-49.15725,2024/2025,2025-01-21,21,91,frutificacao,0.8667,0.7389,18.42,42.85,0.0,22.12,83.5,22.41,55142.3,1,saudavel,4.66,1,140,0.65,3,0.8822,-0.0499,51.66,29.49,-7.08,-3.7,3.65,0.523,0,1,0,0,1
453,F01-MIL,F01,228.7,-16.51755,-49.15725,2024/2025,2025-01-22,22,92,frutificacao,0.8373,0.6987,15.89,41.07,3.71,20.39,76.68,19.12,49011.3,0,saudavel,4.66,1,140,0.6571,3,0.8729,-0.0655,55.37,22.41,-3.29,-4.5,4.75,0.4655,0,1,0,0,1
454,F01-MIL,F01,228.7,-16.51755,-49.15725,2024/2025,2025-01-23,23,93,frutificacao,0.8694,0.7469,15.44,37.59,0.0,20.93,78.96,17.83,54833.3,1,saudavel,4.66,1,140,0.6643,3,0.8735,0.0044,38.13,19.12,-1.29,-5.49,4.4,0.4743,0,1,0,0,1
455,F01-MIL,F01,228.7,-16.51755,-49.15725,2024/2025,2025-01-24,24,94,frutificacao,0.8587,0.7169,17.18,46.68,24.59,20.09,80.07,31.29,35576.5,0,saudavel,4.66,1,140,0.6714,3,0.8681,-0.0375,28.3,17.83,13.46,-2.91,4.0,0.6703,0,1,0,0,1
456,F01-MIL,F01,228.7,-16.51755,-49.15725,2024/2025,2025-01-25,25,95,frutificacao,0.843,0.7029,15.26,54.69,23.88,19.32,84.72,44.1,32764.7,0,saudavel,4.66,1,140,0.6786,3,0.861,-0.0499,52.18,31.29,12.81,-4.06,2.95,0.8064,0,1,0,0,1
457,F01-MIL,F01,228.7,-16.51755,-49.15725,2024/2025,2025-01-26,26,96,frutificacao,0.8269,0.7111,16.71,53.66,7.11,20.99,78.81,39.85,50516.0,0,saudavel,4.66,1,140,0.6857,3,0.8561,-0.0342,59.29,44.1,-4.25,-4.28,4.45,0.7426,0,1,0,0,1
458,F01-MIL,F01,228.7,-16.51755,-49.15725,2024/2025,2025-01-27,27,97,frutificacao,0.7925,0.6709,15.07,49.17,0.0,19.3,89.28,32.6,53712.5,1,saudavel,4.66,1,140,0.6929,3,0.8421,-0.0983,59.29,39.85,-7.25,-4.23,2.07,0.663,0,1,0,0,1
459,F01-MIL,F01,228.7,-16.51755,-49.15725,2024/2025,2025-01-28,28,98,frutificacao,0.7976,0.6394,17.87,45.04,0.0,20.63,78.56,25.48,55860.5,1,saudavel,4.66,1,140,0.7,3,0.8322,-0.0691,59.29,32.6,-7.12,-2.76,4.42,0.5657,0,1,0,0,1
460,F01-MIL,F01,228.7,-16.51755,-49.15725,2024/2025,2025-01-29,29,99,frutificacao,0.7621,0.6186,18.53,41.23,0.0,20.01,78.42,20.85,61205.3,1,saudavel,4.66,1,140,0.7071,3,0.8215,-0.0752,55.58,25.48,-4.63,-1.48,4.32,0.5057,0,1,0,0,1
461,F01-MIL,F01,228.7,-16.51755,-49.15725,2024/2025,2025-01-30,30,100,frutificacao,0.7429,0.6085,16.35,37.74,0.0,19.44,79.0,14.18,54169.8,1,saudavel,4.66,1,140,0.7143,3,0.8034,-0.1265,55.58,20.85,-6.67,-3.09,4.08,0.3757,0,1,0,0,1
462,F01-MIL,F01,228.7,-16.51755,-49.15725,2024/2025,2025-01-31,31,101,frutificacao,0.7225,0.5964,16.61,34.52,0.0,19.33,79.0,12.39,56136.5,1,saudavel,4.66,1,140,0.7214,3,0.7839,-0.1362,30.99,14.18,-1.79,-2.72,4.06,0.3589,0,1,0,0,1
463,F01-MIL,F01,228.7,-16.51755,-49.15725,2024/2025,2025-02-01,32,102,frutificacao,0.667,0.5753,18.05,31.56,0.0,18.99,74.74,10.39,50049.8,1,atencao,4.66,2,140,0.7286,3,0.7588,-0.176,7.11,12.39,-2.0,-0.94,4.8,0.3292,0,1,0,0,1
464,F01-MIL,F01,228.7,-16.51755,-49.15725,2024/2025,2025-02-02,33,103,frutificacao,0.6461,0.5536,13.58,35.94,14.29,17.21,78.23,17.42,46088.3,0,atencao,4.66,2,140,0.7357,3,0.733,-0.1808,14.29,10.39,7.03,-3.63,3.75,0.4847,0,1,0,0,1
465,F01-MIL,F01,228.7,-16.51755,-49.15725,2024/2025,2025-02-03,34,104,frutificacao,0.5928,0.5252,20.81,32.74,0.0,20.18,84.67,13.26,52827.1,1,atencao,4.66,2,140,0.7429,3,0.7044,-0.1997,14.29,17.42,-4.16,0.63,3.09,0.405,0,1,0,0,1
466,F01-MIL,F01,228.7,-16.51755,-49.15725,2024/2025,2025-02-04,35,105,frutificacao,0.6206,0.5425,20.74,29.85,0.0,19.88,78.89,9.18,57159.7,1,atencao,4.66,2,140,0.75,3,0.6791,-0.177,14.29,13.26,-4.08,0.86,4.2,0.3075,0,1,0,0,1
467,F01-MIL,F01,228.7,-16.51755,-49.15725,2024/2025,2025-02-05,36,106,frutificacao,0.5566,0.4946,17.03,27.01,0.0,20.74,76.0,8.03,53383.5,1,atencao,4.66,2,140,0.7571,3,0.6498,-0.2055,14.29,9.18,-1.15,-3.71,4.98,0.2973,0,1,0,0,1
468,F01-MIL,F01,228.7,-16.51755,-49.15725,2024/2025,2025-02-06,37,107,frutificacao,0.5545,0.4835,17.51,26.97,4.98,18.6,85.73,7.59,50888.8,0,atencao,4.66,2,140,0.7643,3,0.6229,-0.1884,19.27,8.03,-0.44,-1.09,2.65,0.2814,0,1,0,0,1
469,F01-MIL,F01,228.7,-16.51755,-49.15725,2024/2025,2025-02-07,38,108,frutificacao,0.53,0.4547,20.69,24.14,0.0,22.18,85.08,6.12,55242.9,1,atencao,4.66,2,140,0.7714,3,0.5954,-0.1925,19.27,7.59,-1.47,-1.49,3.31,0.2535,0,1,0,0,1
470,F01-MIL,F01,228.7,-16.51755,-49.15725,2024/2025,2025-02-08,39,109,frutificacao,0.5052,0.4514,17.89,21.77,0.0,18.7,85.57,7.56,51604.6,1,atencao,4.66,2,140,0.7786,3,0.5723,-0.1618,19.27,6.12,1.44,-0.81,2.7,0.3473,0,1,0,0,1
471,F01-MIL,F01,228.7,-16.51755,-49.15725,2024/2025,2025-02-09,40,110,frutificacao,0.4396,0.3921,17.52,43.4,47.82,17.89,75.38,38.81,29620.7,0,critico,4.66,2,140,0.7857,3,0.5428,-0.2065,52.8,7.56,31.25,-0.37,4.4,0.8942,0,1,0,0,1
472,F01-MIL,F01,228.7,-16.51755,-49.15725,2024/2025,2025-02-10,41,111,frutificacao,0.4333,0.3759,18.57,39.38,0.0,17.66,77.19,28.85,50136.8,1,atencao,4.66,2,140,0.7929,3,0.52,-0.1595,52.8,38.81,-9.96,0.91,4.03,0.7326,0,1,0,0,1
473,F01-MIL,F01,228.7,-16.51755,-49.15725,2024/2025,2025-02-11,42,112,frutificacao,0.4395,0.399,16.42,35.69,0.0,16.49,89.3,22.15,54467.4,0,atencao,4.66,2,140,0.8,3,0.4941,-0.1811,52.8,28.85,-6.7,-0.07,1.76,0.6206,0,1,0,0,1
474,F01-MIL,F01,228.7,-16.51755,-49.15725,2024/2025,2025-02-12,43,113,frutificacao,0.4126,0.3038,20.7,32.09,0.0,21.33,78.4,17.83,50679.0,1,atencao,4.66,2,140,0.8071,3,0.4735,-0.144,52.8,22.15,-4.32,-0.63,4.61,0.5556,0,1,0,0,1
475,F01-MIL,F01,228.7,-16.51755,-49.15725,2024/2025,2025-02-13,44,114,frutificacao,0.3714,0.3098,21.51,28.76,0.0,21.03,75.9,13.52,52610.5,1,atencao,4.66,2,140,0.8143,3,0.4474,-0.1831,47.82,17.83,-4.31,0.48,5.07,0.4701,0,1,0,0,1
476,F01-MIL,F01,228.7,-16.51755,-49.15725,2024/2025,2025-02-14,45,115,frutificacao,0.3328,0.2768,21.34,25.76,0.0,19.82,75.9,8.08,49884.3,1,critico,4.66,2,140,0.8214,3,0.4192,-0.1972,47.82,13.52,-5.44,1.52,4.78,0.3137,0,1,0,0,1
477,F01-MIL,F01,228.7,-16.51755,-49.15725,2024/2025,2025-02-15,46,116,frutificacao,0.2818,0.2625,17.8,22.92,0.0,17.52,84.1,6.19,51125.0,1,critico,4.66,2,140,0.8286,3,0.3873,-0.2234,47.82,8.08,-1.89,0.28,2.79,0.2701,0,1,0,0,1
478,F01-MIL,F01,228.7,-16.51755,-49.15725,2024/2025,2025-02-16,47,117,frutificacao,0.2935,0.2809,21.24,20.14,0.0,21.53,73.66,5.0,47452.3,1,critico,4.66,2,140,0.8357,3,0.3664,-0.1461,0.0,6.19,-1.19,-0.29,5.67,0.2483,0,1,0,0,1
479,F01-MIL,F01,228.7,-16.51755,-49.15725,2024/2025,2025-02-17,48,118,frutificacao,0.2548,0.1876,21.93,17.71,0.0,18.23,79.45,5.0,51116.9,1,critico,4.66,2,140,0.8429,3,0.3409,-0.1785,0.0,5.0,0.0,3.7,3.75,0.2823,0,1,0,0,1
480,F01-MIL,F01,228.7,-16.51755,-49.15725,2024/2025,2025-02-18,49,119,maturacao,0.2495,0.2403,19.42,15.47,0.0,18.3,82.79,5.0,50201.2,0,critico,4.66,2,140,0.85,4,0.3138,-0.19,0.0,5.0,0.0,1.12,3.15,0.3232,0,1,0,0,1
481,F01-MIL,F01,228.7,-16.51755,-49.15725,2024/2025,2025-02-19,50,120,maturacao,0.2208,0.1642,22.69,13.27,0.0,20.82,70.7,5.0,48139.3,0,critico,4.66,2,140,0.8571,4,0.2864,-0.1918,0.0,5.0,0.0,1.87,6.1,0.3768,0,1,0,0,1
482,F01-MIL,F01,228.7,-16.51755,-49.15725,2024/2025,2025-02-20,51,121,maturacao,0.2252,0.1686,21.18,24.61,26.53,19.6,77.14,16.38,27416.5,0,critico,4.66,2,140,0.8643,4,0.2655,-0.1462,26.53,5.0,11.38,1.58,4.48,0.6656,0,1,0,0,1
483,F01-MIL,F01,228.7,-16.51755,-49.15725,2024/2025,2025-02-21,52,122,maturacao,0.2274,0.1886,24.37,21.56,0.0,21.87,70.0,10.49,49534.7,0,critico,4.66,2,140,0.8714,4,0.2504,-0.1054,26.53,16.38,-5.89,2.5,6.56,0.4865,0,1,0,0,1
484,F01-MIL,F01,228.7,-16.51755,-49.15725,2024/2025,2025-02-22,53,123,maturacao,0.2249,0.1848,22.65,18.97,0.0,18.9,72.28,8.56,46965.5,0,atencao,4.66,2,140,0.8786,4,0.2423,-0.0569,26.53,10.49,-1.93,3.75,5.24,0.4512,0,1,0,0,1
485,F01-MIL,F01,228.7,-16.51755,-49.15725,2024/2025,2025-02-23,54,124,maturacao,0.2262,0.1611,20.43,16.59,0.0,17.89,74.83,7.52,48107.2,0,atencao,4.66,2,140,0.8857,4,0.2327,-0.0673,26.53,8.56,-1.04,2.54,4.5,0.4533,0,1,0,0,1
486,F01-MIL,F01,228.7,-16.51755,-49.15725,2024/2025,2025-02-24,55,125,maturacao,0.2015,0.1842,18.2,14.37,0.0,17.53,80.09,5.0,45153.0,0,critico,4.66,2,140,0.8929,4,0.2251,-0.0533,26.53,7.52,-2.52,0.67,3.49,0.3479,0,1,0,0,1
487,F01-MIL,F01,228.7,-16.51755,-49.15725,2024/2025,2025-02-25,56,126,maturacao,0.1834,0.1695,16.6,12.29,0.0,15.64,77.07,5.0,54880.3,0,critico,4.66,2,140,0.9,4,0.2156,-0.0661,26.53,5.0,0.0,0.96,3.59,0.4068,0,1,0,0,1
488,F01-MIL,F01,228.7,-16.51755,-49.15725,2024/2025,2025-02-26,57,127,maturacao,0.2405,0.2255,19.39,10.47,0.0,17.95,73.88,5.0,50691.3,0,saudavel,4.66,2,140,0.9071,4,0.2184,0.0197,26.53,5.0,0.0,1.44,4.69,0.4776,0,1,0,0,1
489,F01-MIL,F01,228.7,-16.51755,-49.15725,2024/2025,2025-02-27,58,128,maturacao,0.2561,0.209,21.48,8.81,0.0,20.05,75.96,5.0,48001.5,0,saudavel,4.66,2,140,0.9143,4,0.2229,0.0309,0.0,5.0,0.0,1.43,4.82,0.5675,0,1,0,0,1
490,F01-MIL,F01,228.7,-16.51755,-49.15725,2024/2025,2025-02-28,59,129,maturacao,0.214,0.1811,19.55,8.0,0.0,19.2,70.31,5.0,50364.5,0,saudavel,4.66,2,140,0.9214,4,0.2209,-0.0134,0.0,5.0,0.0,0.35,5.7,0.625,0,1,0,0,1
491,F01-MIL,F01,228.7,-16.51755,-49.15725,2024/2025,2025-03-01,60,130,maturacao,0.1778,0.1505,21.52,8.0,0.0,18.3,78.56,5.0,40573.9,0,atencao,4.66,3,140,0.9286,4,0.2142,-0.0471,0.0,5.0,0.0,3.22,3.92,0.625,0,1,0,0,0
492,F01-MIL,F01,228.7,-16.51755,-49.15725,2024/2025,2025-03-02,61,131,maturacao,0.1885,0.194,17.96,8.0,0.0,16.75,82.83,5.0,38499.9,0,atencao,4.66,3,140,0.9357,4,0.2088,-0.0377,0.0,5.0,0.0,1.21,2.88,0.625,0,1,0,0,0
493,F01-MIL,F01,228.7,-16.51755,-49.15725,2024/2025,2025-03-03,62,132,maturacao,0.2143,0.1255,22.12,8.0,0.0,18.55,75.53,5.0,44634.3,0,saudavel,4.66,3,140,0.9429,4,0.2107,0.0128,0.0,5.0,0.0,3.57,4.54,0.625,0,1,0,0,0
494,F01-MIL,F01,228.7,-16.51755,-49.15725,2024/2025,2025-03-04,63,133,maturacao,0.2315,0.1777,23.44,8.0,0.0,19.71,74.05,5.0,41353.7,0,saudavel,4.66,3,140,0.95,4,0.2175,0.0481,0.0,5.0,0.0,3.73,5.11,0.625,0,1,0,0,0
495,F01-MIL,F01,228.7,-16.51755,-49.15725,2024/2025,2025-03-05,64,134,maturacao,0.1814,0.1543,20.93,8.0,0.0,18.81,77.29,5.0,44434.8,0,atencao,4.66,3,140,0.9571,4,0.2091,-0.0591,0.0,5.0,0.0,2.12,4.27,0.625,0,1,0,0,0
496,F01-MIL,F01,228.7,-16.51755,-49.15725,2024/2025,2025-03-06,65,135,maturacao,0.1997,0.148,21.03,11.52,23.15,18.39,65.36,10.14,28133.1,0,saudavel,4.66,3,140,0.9643,4,0.201,-0.0564,23.15,5.0,5.14,2.64,6.37,0.8802,0,1,0,0,0
497,F01-MIL,F01,228.7,-16.51755,-49.15725,2024/2025,2025-03-07,66,136,colheita,0.2031,0.1674,17.86,25.46,31.51,16.92,78.89,26.13,24986.1,0,saudavel,4.66,3,140,0.9714,5,0.1995,-0.0109,54.66,10.14,15.99,0.94,3.57,1.0263,0,1,0,0,0
498,F01-MIL,F01,228.7,-16.51755,-49.15725,2024/2025,2025-03-08,67,137,colheita,0.2138,0.1792,22.1,28.51,11.92,19.4,90.05,27.56,31922.4,0,saudavel,4.66,3,140,0.9786,5,0.2046,0.036,66.58,26.13,1.43,2.7,1.93,0.9667,0,1,0,0,0
499,F01-MIL,F01,228.7,-16.51755,-49.15725,2024/2025,2025-03-09,68,138,colheita,0.1874,0.1461,15.2,25.31,0.0,13.38,77.35,19.01,44947.3,0,saudavel,4.66,3,140,0.9857,5,0.2045,-0.0011,66.58,27.56,-8.55,1.82,3.03,0.7511,0,1,0,0,0
500,F01-MIL,F01,228.7,-16.51755,-49.15725,2024/2025,2025-03-10,69,139,colheita,0.1611,0.1382,20.1,22.32,0.0,18.64,74.04,12.82,43438.8,0,atencao,4.66,3,140,0.9929,5,0.1969,-0.0532,66.58,19.01,-6.19,1.46,4.84,0.5744,0,1,0,0,0
1,F01-SOJ,F01,62.6,-16.52925,-49.16363,2023/2024,2023-10-16,289,0,germinacao,0.1772,0.141,33.08,45.0,2.69,30.67,69.29,44.97,42836.0,0,saudavel,2.42,10,110,0.0,0,0.1772,0.0,2.69,44.97,0.0,2.41,9.42,0.9993,0,0,1,1,0
2,F01-SOJ,F01,62.6,-16.52925,-49.16363,2023/2024,2023-10-17,290,1,germinacao,0.2132,0.2099,32.32,39.34,0.0,29.79,64.53,35.26,51091.4,0,saudavel,2.42,10,110,0.0091,0,0.1952,0.0,2.69,44.97,-9.71,2.53,10.57,0.8963,0,0,1,1,0
3,F01-SOJ,F01,62.6,-16.52925,-49.16363,2023/2024,2023-10-18,291,2,germinacao,0.1666,0.1184,32.6,34.17,0.0,28.93,74.5,24.73,50589.2,1,atencao,2.42,10,110,0.0182,0,0.1857,0.0,2.69,35.26,-10.53,3.67,7.38,0.7237,0,0,1,1,0
4,F01-SOJ,F01,62.6,-16.52925,-49.16363,2023/2024,2023-10-19,292,3,germinacao,0.204,0.1311,32.86,37.66,16.4,29.05,65.1,28.34,35781.7,0,saudavel,2.42,10,110,0.0273,0,0.1902,0.0,19.09,24.73,3.61,3.81,10.14,0.7525,0,0,1,1,0
5,F01-SOJ,F01,62.6,-16.52925,-49.16363,2023/2024,2023-10-20,293,4,germinacao,0.1519,0.0919,31.02,32.7,0.0,28.08,65.82,20.4,46845.7,1,atencao,2.42,10,110,0.0364,0,0.1826,0.0,19.09,28.34,-7.94,2.94,9.6,0.6239,0,0,1,1,0
6,F01-SOJ,F01,62.6,-16.52925,-49.16363,2023/2024,2023-10-21,294,5,germinacao,0.18,0.1536,32.64,31.8,7.6,29.67,70.93,17.13,40610.4,0,saudavel,2.42,10,110,0.0455,0,0.1822,0.0,26.69,20.4,-3.27,2.97,8.63,0.5387,0,0,1,1,0
7,F01-SOJ,F01,62.6,-16.52925,-49.16363,2023/2024,2023-10-22,295,6,germinacao,0.1912,0.1632,29.39,27.35,0.0,28.26,73.07,9.22,48146.8,1,saudavel,2.42,10,110,0.0545,0,0.1834,0.0,26.69,17.13,-7.91,1.13,7.61,0.3371,0,0,1,1,0
8,F01-SOJ,F01,62.6,-16.52925,-49.16363,2023/2024,2023-10-23,296,7,germinacao,0.2012,0.1687,29.15,33.21,19.59,27.05,72.4,19.06,35348.0,0,saudavel,2.42,10,110,0.0636,0,0.1869,0.024,43.59,9.22,9.84,2.1,7.47,0.5739,0,0,1,1,0
9,F01-SOJ,F01,62.6,-16.52925,-49.16363,2023/2024,2023-10-24,297,8,germinacao,0.2056,0.199,30.0,28.83,0.0,26.91,61.99,12.86,47507.3,1,saudavel,2.42,10,110,0.0727,0,0.1858,-0.0076,43.59,19.06,-6.2,3.09,10.23,0.4461,0,0,1,1,0
10,F01-SOJ,F01,62.6,-16.52925,-49.16363,2023/2024,2023-10-25,298,9,germinacao,0.2094,0.1246,32.0,24.56,0.0,29.02,72.02,6.46,51988.9,1,saudavel,2.42,10,110,0.0818,0,0.1919,0.0428,43.59,12.86,-6.4,2.98,8.12,0.263,0,0,1,1,0
11,F01-SOJ,F01,62.6,-16.52925,-49.16363,2023/2024,2023-10-26,299,10,germinacao,0.1892,0.1687,33.58,20.35,0.0,31.07,63.1,5.0,47249.8,1,saudavel,2.42,10,110,0.0909,0,0.1898,-0.0148,27.19,6.46,-1.46,2.51,11.46,0.2457,0,0,1,1,0
12,F01-SOJ,F01,62.6,-16.52925,-49.16363,2023/2024,2023-10-27,300,11,vegetativo,0.19,0.1928,32.05,16.74,0.0,28.87,70.94,5.0,50658.1,1,saudavel,2.42,10,110,0.1,1,0.1952,0.0381,27.19,5.0,0.0,3.18,8.39,0.2987,0,0,1,1,0
13,F01-SOJ,F01,62.6,-16.52925,-49.16363,2023/2024,2023-10-28,301,12,vegetativo,0.2201,0.1645,30.9,13.53,0.0,28.39,63.1,5.0,51890.7,1,saudavel,2.42,10,110,0.1091,1,0.201,0.0401,19.59,5.0,0.0,2.51,10.48,0.3695,0,0,1,1,0
14,F01-SOJ,F01,62.6,-16.52925,-49.16363,2023/2024,2023-10-29,302,13,vegetativo,0.2035,0.1654,32.3,10.48,0.0,28.93,72.3,5.0,59185.0,1,saudavel,2.42,10,110,0.1182,1,0.2027,0.0123,19.59,5.0,0.0,3.37,8.01,0.4771,0,0,1,1,0
15,F01-SOJ,F01,62.6,-16.52925,-49.16363,2023/2024,2023-10-30,303,14,vegetativo,0.1869,0.1438,33.0,8.0,0.0,30.39,65.33,5.0,48001.7,1,atencao,2.42,10,110,0.1273,1,0.2007,-0.0143,0.0,5.0,0.0,2.61,10.54,0.625,0,0,1,1,0
16,F01-SOJ,F01,62.6,-16.52925,-49.16363,2023/2024,2023-10-31,304,15,vegetativo,0.1958,0.1486,30.57,10.23,10.6,28.69,64.13,5.0,47568.1,0,atencao,2.42,10,110,0.1364,1,0.1993,-0.0098,10.6,5.0,0.0,1.88,10.29,0.4888,0,0,1,1,0
17,F01-SOJ,F01,62.6,-16.52925,-49.16363,2023/2024,2023-11-01,305,16,vegetativo,0.2072,0.1696,30.14,8.0,0.0,28.69,74.89,5.0,53139.4,1,atencao,2.42,11,110,0.1455,1,0.199,-0.0022,10.6,5.0,0.0,1.45,7.2,0.625,0,0,1,1,0
18,F01-SOJ,F01,62.6,-16.52925,-49.16363,2023/2024,2023-11-02,306,17,vegetativo,0.2438,0.2358,28.75,8.0,0.0,29.87,71.37,5.0,54195.5,1,saudavel,2.42,11,110,0.1545,1,0.2068,0.0546,10.6,5.0,0.0,-1.12,8.55,0.625,0,0,1,1,0
19,F01-SOJ,F01,62.6,-16.52925,-49.16363,2023/2024,2023-11-03,307,18,vegetativo,0.2464,0.2462,30.95,8.0,0.0,28.78,67.91,5.0,53585.0,0,saudavel,2.42,11,110,0.1636,1,0.2148,0.0564,10.6,5.0,0.0,2.17,9.24,0.625,0,0,1,1,0
20,F01-SOJ,F01,62.6,-16.52925,-49.16363,2023/2024,2023-11-04,308,19,vegetativo,0.2686,0.2216,28.3,8.0,0.0,30.37,77.44,5.0,54827.8,1,saudavel,2.42,11,110,0.1727,1,0.2217,0.0485,10.6,5.0,0.0,-2.07,6.85,0.625,0,0,1,1,0
21,F01-SOJ,F01,62.6,-16.52925,-49.16363,2023/2024,2023-11-05,309,20,vegetativo,0.2591,0.2583,28.21,8.0,0.0,28.26,69.4,5.0,53292.0,1,saudavel,2.42,11,110,0.1818,1,0.2297,0.0556,10.6,5.0,0.0,-0.05,8.65,0.625,0,0,1,1,0
22,F01-SOJ,F01,62.6,-16.52925,-49.16363,2023/2024,2023-11-06,310,21,vegetativo,0.2856,0.2434,27.96,8.0,0.0,26.07,73.23,5.0,58370.3,1,saudavel,2.42,11,110,0.1909,1,0.2438,0.0987,10.6,5.0,0.0,1.89,6.98,0.625,0,0,1,1,0
23,F01-SOJ,F01,62.6,-16.52925,-49.16363,2023/2024,2023-11-07,311,22,vegetativo,0.3117,0.3,27.45,8.0,23.47,25.78,74.75,5.44,31661.7,0,saudavel,2.42,11,110,0.2,1,0.2603,0.1159,23.47,5.0,0.44,1.67,6.51,0.68,0,0,1,1,0
24,F01-SOJ,F01,62.6,-16.52925,-49.16363,2023/2024,2023-11-08,312,23,vegetativo,0.3118,0.2632,30.26,8.0,3.55,30.23,67.79,5.0,54679.7,0,saudavel,2.42,11,110,0.2091,1,0.2753,0.1046,27.02,5.44,-0.44,0.03,9.74,0.625,0,0,1,1,0
25,F01-SOJ,F01,62.6,-16.52925,-49.16363,2023/2024,2023-11-09,313,24,vegetativo,0.3482,0.2986,30.41,8.0,0.0,30.26,73.37,5.0,52813.3,1,saudavel,2.42,11,110,0.2182,1,0.2902,0.1044,27.02,5.0,0.0,0.15,8.06,0.625,0,0,1,1,0
26,F01-SOJ,F01,62.6,-16.52925,-49.16363,2023/2024,2023-11-10,314,25,vegetativo,0.349,0.304,29.55,8.0,0.0,30.26,70.26,5.0,54802.4,1,saudavel,2.42,11,110,0.2273,1,0.3049,0.1026,27.02,5.0,0.0,-0.71,9.0,0.625,0,0,1,1,0
27,F01-SOJ,F01,62.6,-16.52925,-49.16363,2023/2024,2023-11-11,315,26,vegetativo,0.3803,0.3868,27.02,13.6,25.4,26.93,71.24,15.1,28622.8,0,saudavel,2.42,11,110,0.2364,1,0.3208,0.1117,52.42,5.0,10.1,0.09,7.75,1.1103,0,0,1,1,0
28,F01-SOJ,F01,62.6,-16.52925,-49.16363,2023/2024,2023-11-12,316,27,vegetativo,0.4071,0.3631,32.19,15.04,8.54,29.61,78.65,16.88,48912.2,0,saudavel,2.42,11,110,0.2455,1,0.342,0.148,60.96,15.1,1.78,2.58,6.32,1.1223,0,0,1,1,0
29,F01-SOJ,F01,62.6,-16.52925,-49.16363,2023/2024,2023-11-13,317,28,vegetativo,0.4197,0.3426,25.9,16.41,7.65,25.68,69.14,14.76,52900.1,0,saudavel,2.42,11,110,0.2545,1,0.3611,0.1341,68.61,16.88,-2.12,0.22,7.92,0.8995,0,0,1,1,0
30,F01-SOJ,F01,62.6,-16.52925,-49.16363,2023/2024,2023-11-14,318,29,vegetativo,0.4835,0.4304,25.96,19.65,11.47,25.91,62.27,14.65,44965.0,0,saudavel,2.42,11,110,0.2636,1,0.3857,0.1718,56.61,14.76,-0.11,0.05,9.78,0.7455,0,0,1,1,0
31,F01-SOJ,F01,62.6,-16.52925,-49.16363,2023/2024,2023-11-15,319,30,vegetativo,0.4954,0.4139,29.29,25.36,17.43,28.13,81.19,22.98,39207.4,0,saudavel,2.42,11,110,0.2727,1,0.4119,0.1836,70.49,14.65,8.33,1.16,5.29,0.9062,0,0,1,1,0
32,F01-SOJ,F01,62.6,-16.52925,-49.16363,2023/2024,2023-11-16,320,31,vegetativo,0.5365,0.4462,25.78,22.16,0.0,26.48,87.01,19.1,52958.5,1,saudavel,2.42,11,110,0.2818,1,0.4388,0.1883,70.49,22.98,-3.88,-0.7,3.44,0.8619,0,0,1,1,0
33,F01-SOJ,F01,62.6,-16.52925,-49.16363,2023/2024,2023-11-17,321,32,vegetativo,0.5772,0.5088,24.78,33.05,27.67,26.98,72.07,30.6,29757.1,0,saudavel,2.42,11,110,0.2909,1,0.4714,0.2282,98.16,19.1,11.5,-2.2,7.54,0.9259,0,0,1,1,0
34,F01-SOJ,F01,62.6,-16.52925,-49.16363,2023/2024,2023-11-18,322,33,vegetativo,0.6073,0.5168,25.07,29.32,0.0,26.65,64.73,20.89,51923.4,1,saudavel,2.42,11,110,0.3,1,0.5038,0.227,72.76,30.6,-9.71,-1.58,9.4,0.7125,0,0,1,1,0
35,F01-SOJ,F01,62.6,-16.52925,-49.16363,2023/2024,2023-11-19,323,34,vegetativo,0.6413,0.5507,25.5,25.86,0.0,27.31,72.59,15.83,54155.0,0,saudavel,2.42,11,110,0.3091,1,0.5373,0.2342,64.22,20.89,-5.06,-1.81,7.49,0.6121,0,0,1,1,0
36,F01-SOJ,F01,62.6,-16.52925,-49.16363,2023/2024,2023-11-20,324,35,vegetativo,0.6543,0.5564,25.57,22.51,0.0,28.82,71.93,12.71,57760.5,1,saudavel,2.42,11,110,0.3182,1,0.5708,0.2346,56.57,15.83,-3.12,-3.25,8.09,0.5646,0,0,1,1,0
37,F01-SOJ,F01,62.6,-16.52925,-49.16363,2023/2024,2023-11-21,325,36,vegetativo,0.6742,0.5798,24.43,26.74,14.06,26.76,73.77,20.96,47797.5,0,saudavel,2.42,11,110,0.3273,1,0.598,0.1907,59.16,12.71,8.25,-2.33,7.02,0.7838,0,0,1,1,0
38,F01-SOJ,F01,62.6,-16.52925,-49.16363,2023/2024,2023-11-22,326,37,vegetativo,0.7056,0.6082,24.4,23.56,0.0,27.49,68.83,16.61,65864.8,1,saudavel,2.42,11,110,0.3364,1,0.6281,0.2102,41.73,20.96,-4.35,-3.09,8.57,0.705,0,0,1,1,0
39,F01-SOJ,F01,62.6,-16.52925,-49.16363,2023/2024,2023-11-23,327,38,vegetativo,0.6957,0.5526,22.02,21.12,0.0,23.36,79.89,12.34,55847.7,1,saudavel,2.42,11,110,0.3455,1,0.6508,0.1592,41.73,16.61,-4.27,-1.34,4.7,0.5843,0,0,1,1,0
40,F01-SOJ,F01,62.6,-16.52925,-49.16363,2023/2024,2023-11-24,328,39,floracao,0.7207,0.6259,23.81,18.56,0.0,26.26,77.98,7.64,62078.2,1,saudavel,2.42,11,110,0.3545,2,0.6713,0.1435,14.06,12.34,-4.7,-2.45,5.78,0.4116,0,0,1,1,0
41,F01-SOJ,F01,62.6,-16.52925,-49.16363,2023/2024,2023-11-25,329,40,floracao,0.7412,0.6103,22.02,16.39,0.0,24.98,68.77,5.39,58662.8,1,saudavel,2.42,11,110,0.3636,2,0.6904,0.1339,14.06,7.64,-2.25,-2.96,7.8,0.3289,0,0,1,1,0
42,F01-SOJ,F01,62.6,-16.52925,-49.16363,2023/2024,2023-11-26,330,41,floracao,0.7636,0.6202,21.34,14.5,0.0,24.32,80.24,5.0,57631.4,1,saudavel,2.42,11,110,0.3727,2,0.7079,0.1223,14.06,5.39,-0.39,-2.98,4.81,0.3448,0,0,1,1,0
43,F01-SOJ,F01,62.6,-16.52925,-49.16363,2023/2024,2023-11-27,331,42,floracao,0.8055,0.6835,21.71,12.78,0.0,24.73,86.86,5.0,59530.9,1,saudavel,2.42,11,110,0.3818,2,0.7295,0.1512,14.06,5.0,0.0,-3.02,3.25,0.3912,0,0,1,1,0
44,F01-SOJ,F01,62.6,-16.52925,-49.16363,2023/2024,2023-11-28,332,43,floracao,0.7915,0.6745,22.94,25.26,28.33,25.45,77.13,20.95,30999.8,0,saudavel,2.42,11,110,0.3909,2,0.7463,0.1173,28.33,5.0,15.95,-2.51,5.82,0.8294,0,0,1,1,0
45,F01-SOJ,F01,62.6,-16.52925,-49.16363,2023/2024,2023-11-29,333,44,floracao,0.8125,0.6768,22.92,22.39,0.0,27.23,73.62,18.75,58843.2,1,saudavel,2.42,11,110,0.4,2,0.7615,0.1069,28.33,20.95,-2.2,-4.31,7.18,0.8374,0,0,1,1,0
46,F01-SOJ,F01,62.6,-16.52925,-49.16363,2023/2024,2023-11-30,334,45,floracao,0.8551,0.7435,19.03,25.53,10.61,23.77,76.77,23.49,47050.9,0,saudavel,2.42,11,110,0.4091,2,0.7843,0.1594,38.94,18.75,4.74,-4.74,5.52,0.9201,0,0,1,1,0
47,F01-SOJ,F01,62.6,-16.52925,-49.16363,2023/2024,2023-12-01,335,46,floracao,0.8297,0.6784,23.34,22.85,0.0,25.7,79.48,17.05,54573.3,1,saudavel,2.42,12,110,0.4182,2,0.7999,0.109,38.94,23.49,-6.44,-2.36,5.27,0.7462,0,0,1,0,1
48,F01-SOJ,F01,62.6,-16.52925,-49.16363,2023/2024,2023-12-02,336,47,floracao,0.8581,0.7213,20.7,20.53,0.0,24.83,68.36,14.63,54255.9,1,saudavel,2.42,12,110,0.4273,2,0.8166,0.1169,38.94,17.05,-2.42,-4.13,7.86,0.7126,0,0,1,0,1
49,F01-SOJ,F01,62.6,-16.52925,-49.16363,2023/2024,2023-12-03,337,48,floracao,0.8303,0.694,20.08,25.04,13.4,24.97,77.85,20.95,47784.1,0,saudavel,2.42,12,110,0.4364,2,0.8261,0.0667,52.34,14.63,6.32,-4.89,5.53,0.8367,0,0,1,0,1
50,F01-SOJ,F01,62.6,-16.52925,-49.16363,2023/2024,2023-12-04,338,49,floracao,0.8495,0.7211,23.66,22.28,0.0,26.86,74.02,16.87,58277.1,1,saudavel,2.42,12,110,0.4455,2,0.8324,0.044,52.34,20.95,-4.08,-3.2,6.98,0.7572,0,0,1,0,1
51,F01-SOJ,F01,62.6,-16.52925,-49.16363,2023/2024,2023-12-05,339,50,floracao,0.8385,0.7183,22.98,26.98,14.3,26.06,85.77,24.13,43307.8,0,saudavel,2.42,12,110,0.4545,2,0.8391,0.047,38.31,16.87,7.26,-3.08,3.71,0.8944,0,0,1,0,1
52,F01-SOJ,F01,62.6,-16.52925,-49.16363,2023/2024,2023-12-06,340,51,floracao,0.8539,0.7057,21.94,24.05,0.0,27.16,75.08,19.73,59329.3,1,saudavel,2.42,12,110,0.4636,2,0.845,0.0414,38.31,24.13,-4.4,-5.22,6.77,0.8204,0,0,1,0,1
53,F01-SOJ,F01,62.6,-16.52925,-49.16363,2023/2024,2023-12-07,341,52,floracao,0.8801,0.7626,21.13,25.06,6.79,24.82,85.77,21.11,55052.2,0,saudavel,2.42,12,110,0.4727,2,0.8486,0.025,34.49,19.73,1.38,-3.69,3.53,0.8424,0,0,1,0,1
54,F01-SOJ,F01,62.6,-16.52925,-49.16363,2023/2024,2023-12-08,342,53,floracao,0.8309,0.7075,21.16,22.63,0.0,23.91,72.53,17.71,60017.4,1,saudavel,2.42,12,110,0.4818,2,0.8488,0.0012,34.49,21.11,-3.4,-2.75,6.57,0.7826,0,0,1,0,1
55,F01-SOJ,F01,62.6,-16.52925,-49.16363,2023/2024,2023-12-09,343,54,floracao,0.8758,0.7066,21.01,30.75,20.71,24.51,80.69,27.94,37027.3,0,saudavel,2.42,12,110,0.4909,2,0.8513,0.0177,55.2,17.71,10.23,-3.5,4.73,0.9086,0,0,1,0,1
56,F01-SOJ,F01,62.6,-16.52925,-49.16363,2023/2024,2023-12-10,344,55,floracao,0.8732,0.703,21.88,27.79,0.0,25.11,79.05,19.58,63303.5,1,saudavel,2.42,12,110,0.5,2,0.8574,0.0429,41.8,27.94,-8.36,-3.23,5.26,0.7046,0,0,1,0,1
57,F01-SOJ,F01,62.6,-16.52925,-49.16363,2023/2024,2023-12-11,345,56,floracao,0.8574,0.7286,19.79,25.06,0.0,24.91,73.29,15.53,64427.2,1,saudavel,2.42,12,110,0.5091,2,0.8585,0.0079,41.8,19.58,-4.05,-5.12,6.65,0.6197,0,0,1,0,1
58,F01-SOJ,F01,62.6,-16.52925,-49.16363,2023/2024,2023-12-12,346,57,floracao,0.841,0.7104,19.68,22.77,0.0,22.91,79.78,11.53,61232.1,1,saudavel,2.42,12,110,0.5182,2,0.8589,0.0025,27.5,15.53,-4.0,-3.23,4.63,0.5064,0,0,1,0,1
59,F01-SOJ,F01,62.6,-16.52925,-49.16363,2023/2024,2023-12-13,347,58,floracao,0.8716,0.7388,20.43,20.51,0.0,24.57,84.02,6.96,62722.2,1,saudavel,2.42,12,110,0.5273,2,0.8614,0.0177,27.5,11.53,-4.57,-4.14,3.93,0.3393,0,0,1,0,1
60,F01-SOJ,F01,62.6,-16.52925,-49.16363,2023/2024,2023-12-14,348,59,floracao,0.8595,0.73,20.46,18.39,0.0,24.68,76.33,7.61,63573.6,1,saudavel,2.42,12,110,0.5364,2,0.8585,-0.0206,20.71,6.96,0.65,-4.22,5.84,0.4138,0,0,1,0,1
61,F01-SOJ,F01,62.6,-16.52925,-49.16363,2023/2024,2023-12-15,349,60,floracao,0.8744,0.7477,25.01,16.07,0.0,28.01,67.54,7.73,63278.4,1,saudavel,2.42,12,110,0.5455,2,0.8647,0.0435,20.71,7.61,0.12,-3.0,9.09,0.481,0,0,1,0,1
62,F01-SOJ,F01,62.6,-16.52925,-49.16363,2023/2024,2023-12-16,350,61,frutificacao,0.8694,0.758,24.6,17.66,7.2,26.94,76.59,12.11,54576.4,0,saudavel,2.42,12,110,0.5545,3,0.8638,-0.0064,7.2,7.73,4.38,-2.34,6.31,0.6857,0,0,1,0,1
63,F01-SOJ,F01,62.6,-16.52925,-49.16363,2023/2024,2023-12-17,351,62,frutificacao,0.9,0.7428,20.44,16.04,0.0,22.75,74.73,10.05,61745.3,1,saudavel,2.42,12,110,0.5636,3,0.8676,0.0268,7.2,12.11,-2.06,-2.31,5.75,0.6266,0,0,1,0,1
64,F01-SOJ,F01,62.6,-16.52925,-49.16363,2023/2024,2023-12-18,352,63,frutificacao,0.8617,0.709,21.05,18.61,8.35,23.49,77.12,15.27,53186.0,0,saudavel,2.42,12,110,0.5727,3,0.8682,0.0043,15.55,10.05,5.22,-2.44,5.37,0.8205,0,0,1,0,1
65,F01-SOJ,F01,62.6,-16.52925,-49.16363,2023/2024,2023-12-19,353,64,frutificacao,0.8442,0.6957,17.92,16.92,0.0,21.62,79.58,12.28,56695.5,1,saudavel,2.42,12,110,0.5818,3,0.8687,0.0032,15.55,15.27,-2.99,-3.7,4.41,0.7258,0,0,1,0,1
66,F01-SOJ,F01,62.6,-16.52925,-49.16363,2023/2024,2023-12-20,354,65,frutificacao,0.8659,0.7418,19.39,22.52,14.39,22.83,70.77,19.41,47712.5,0,saudavel,2.42,12,110,0.5909,3,0.8679,-0.0057,29.94,12.28,7.13,-3.44,6.67,0.8619,0,0,1,0,1
67,F01-SOJ,F01,62.6,-16.52925,-49.16363,2023/2024,2023-12-21,355,66,frutificacao,0.8639,0.7592,21.08,20.32,0.0,24.09,70.5,13.77,55932.6,1,saudavel,2.42,12,110,0.6,3,0.8685,0.0044,29.94,19.41,-5.64,-3.01,7.11,0.6777,0,0,1,0,1
68,F01-SOJ,F01,62.6,-16.52925,-49.16363,2023/2024,2023-12-22,356,67,frutificacao,0.8832,0.7421,21.49,18.18,0.0,25.32,80.27,11.22,57613.1,1,saudavel,2.42,12,110,0.6091,3,0.8698,0.0088,29.94,13.77,-2.55,-3.83,5.0,0.6172,0,0,1,0,1
69,F01-SOJ,F01,62.6,-16.52925,-49.16363,2023/2024,2023-12-23,357,68,frutificacao,0.8685,0.6882,18.63,28.99,24.92,22.31,77.08,25.23,38981.9,0,saudavel,2.42,12,110,0.6182,3,0.8696,-0.0009,47.66,11.22,14.01,-3.68,5.11,0.8703,0,0,1,0,1
70,F01-SOJ,F01,62.6,-16.52925,-49.16363,2023/2024,2023-12-24,358,69,frutificacao,0.854,0.6918,19.46,29.28,5.61,22.32,66.88,22.12,56881.3,0,saudavel,2.42,12,110,0.6273,3,0.8631,-0.046,53.27,25.23,-3.11,-2.86,7.39,0.7555,0,0,1,0,1
71,F01-SOJ,F01,62.6,-16.52925,-49.16363,2023/2024,2023-12-25,359,70,frutificacao,0.8702,0.723,16.09,26.73,0.0,19.98,85.05,17.8,64412.4,1,saudavel,2.42,12,110,0.6364,3,0.8643,0.0085,44.92,22.12,-4.32,-3.89,2.99,0.6659,0,0,1,0,1
72,F01-SOJ,F01,62.6,-16.52925,-49.16363,2023/2024,2023-12-26,360,71,frutificacao,0.8101,0.6775,18.84,24.27,0.0,22.86,80.77,14.05,59107.2,1,saudavel,2.42,12,110,0.6455,3,0.8594,-0.0341,44.92,17.8,-3.75,-4.02,4.4,0.5789,0,0,1,0,1
73,F01-SOJ,F01,62.6,-16.52925,-49.16363,2023/2024,2023-12-27,361,72,frutificacao,0.8129,0.6828,17.67,39.48,34.71,21.4,76.72,36.52,26487.3,0,saudavel,2.42,12,110,0.6545,3,0.8518,-0.053,65.24,14.05,22.47,-3.73,4.98,0.925,0,0,1,0,1
74,F01-SOJ,F01,62.6,-16.52925,-49.16363,2023/2024,2023-12-28,362,73,frutificacao,0.7976,0.6787,19.56,36.07,0.0,22.1,73.3,30.96,59126.4,1,saudavel,2.42,12,110,0.6636,3,0.8424,-0.0663,65.24,36.52,-5.56,-2.54,5.9,0.8583,0,0,1,0,1
75,F01-SOJ,F01,62.6,-16.52925,-49.16363,2023/2024,2023-12-29,363,74,frutificacao,0.7972,0.6714,18.31,32.98,0.0,21.48,84.44,25.14,60107.3,1,saudavel,2.42,12,110,0.6727,3,0.8301,-0.086,65.24,30.96,-5.82,-3.17,3.34,0.7623,0,0,1,0,1
76,F01-SOJ,F01,62.6,-16.52925,-49.16363,2023/2024,2023-12-30,364,75,frutificacao,0.7646,0.6709,20.01,34.59,9.22,22.55,81.36,26.51,50807.7,0,saudavel,2.42,12,110,0.6818,3,0.8152,-0.1039,49.54,25.14,1.37,-2.54,4.2,0.7664,0,0,1,0,1
77,F01-SOJ,F01,62.6,-16.52925,-49.16363,2023/2024,2023-12-31,365,76,frutificacao,0.7901,0.6581,17.52,33.04,2.82,19.96,93.08,23.38,60286.4,1,saudavel,2.42,12,110,0.6909,3,0.8061,-0.0639,46.75,26.51,-3.13,-2.44,1.38,0.7076,0,0,1,0,1
78,F01-SOJ,F01,62.6,-16.52925,-49.16363,2023/2024,2024-01-01,1,77,frutificacao,0.7562,0.6255,17.11,34.45,8.51,20.29,83.06,24.14,50086.9,0,saudavel,2.42,1,110,0.7,3,0.7898,-0.114,55.26,23.38,0.76,-3.18,3.44,0.7007,0,0,1,0,1
79,F01-SOJ,F01,62.6,-16.52925,-49.16363,2023/2024,2024-01-02,2,78,frutificacao,0.7124,0.6151,23.93,30.89,0.0,25.59,79.71,17.13,60609.6,1,saudavel,2.42,1,110,0.7091,3,0.7759,-0.0977,55.26,24.14,-7.01,-1.66,5.19,0.5545,0,0,1,0,1
80,F01-SOJ,F01,62.6,-16.52925,-49.16363,2023/2024,2024-01-03,3,79,frutificacao,0.7005,0.5647,18.44,29.42,2.4,20.36,80.06,15.12,54132.3,1,saudavel,2.42,1,110,0.7182,3,0.7598,-0.1124,22.95,17.13,-2.01,-1.92,4.06,0.5139,0,0,1,0,1
81,F01-SOJ,F01,62.6,-16.52925,-49.16363,2023/2024,2024-01-04,4,80,frutificacao,0.7039,0.6061,16.98,26.85,0.0,20.55,84.85,11.0,60744.1,1,saudavel,2.42,1,110,0.7273,3,0.7464,-0.0937,22.95,15.12,-4.12,-3.57,3.11,0.4097,0,0,1,0,1
82,F01-SOJ,F01,62.6,-16.52925,-49.16363,2023/2024,2024-01-05,5,81,frutificacao,0.6891,0.5878,24.09,23.96,0.0,24.85,81.29,6.17,59313.1,1,saudavel,2.42,1,110,0.7364,3,0.731,-0.1081,22.95,11.0,-4.83,-0.76,4.65,0.2575,0,0,1,0,1
83,F01-SOJ,F01,62.6,-16.52925,-49.16363,2023/2024,2024-01-06,6,82,frutificacao,0.6851,0.5794,23.69,28.88,15.55,26.36,83.49,14.72,41618.0,0,saudavel,2.42,1,110,0.7455,3,0.7196,-0.0795,29.28,6.17,8.55,-2.67,4.35,0.5097,0,0,1,0,1
84,F01-SOJ,F01,62.6,-16.52925,-49.16363,2023/2024,2024-01-07,7,83,frutificacao,0.6746,0.6052,16.42,26.36,0.0,20.14,78.33,12.39,58399.7,1,saudavel,2.42,1,110,0.7545,3,0.7031,-0.1155,26.46,14.72,-2.33,-3.72,4.36,0.47,0,0,1,0,1
85,F01-SOJ,F01,62.6,-16.52925,-49.16363,2023/2024,2024-01-08,8,84,frutificacao,0.5944,0.4928,18.86,23.79,0.0,21.25,78.06,6.88,58447.4,1,saudavel,2.42,1,110,0.7636,3,0.68,-0.1618,17.95,12.39,-5.51,-2.39,4.66,0.2892,0,0,1,0,1
86,F01-SOJ,F01,62.6,-16.52925,-49.16363,2023/2024,2024-01-09,9,85,frutificacao,0.5353,0.4962,20.38,29.55,16.64,22.22,77.23,15.41,41749.9,0,saudavel,2.42,1,110,0.7727,3,0.6547,-0.1771,34.59,6.88,8.53,-1.84,5.06,0.5215,0,0,1,0,1
87,F01-SOJ,F01,62.6,-16.52925,-49.16363,2023/2024,2024-01-10,10,86,frutificacao,0.481,0.4044,23.93,32.43,12.45,24.21,82.35,20.95,51883.6,0,atencao,2.42,1,110,0.7818,3,0.6233,-0.2195,44.64,15.41,5.54,-0.28,4.27,0.646,0,0,1,0,1
88,F01-SOJ,F01,62.6,-16.52925,-49.16363,2023/2024,2024-01-11,11,87,frutificacao,0.4977,0.3975,19.29,32.86,6.97,20.04,88.35,22.7,51538.1,0,saudavel,2.42,1,110,0.7909,3,0.5939,-0.2062,51.61,20.95,1.75,-0.75,2.33,0.6908,0,0,1,0,1
89,F01-SOJ,F01,62.6,-16.52925,-49.16363,2023/2024,2024-01-12,12,88,frutificacao,0.4453,0.3799,20.71,31.65,4.17,21.06,77.91,22.0,53715.6,0,saudavel,2.42,1,110,0.8,3,0.5591,-0.2438,55.78,22.7,-0.7,-0.35,4.65,0.6951,0,0,1,0,1
90,F01-SOJ,F01,62.6,-16.52925,-49.16363,2023/2024,2024-01-13,13,89,frutificacao,0.4236,0.3385,23.31,32.61,8.7,22.5,77.17,22.63,43618.7,0,saudavel,2.42,1,110,0.8091,3,0.5217,-0.2615,48.93,22.0,0.63,0.81,5.14,0.694,0,0,1,0,1
91,F01-SOJ,F01,62.6,-16.52925,-49.16363,2023/2024,2024-01-14,14,90,frutificacao,0.3914,0.3177,22.71,29.16,0.0,21.89,81.18,16.2,55550.5,1,saudavel,2.42,1,110,0.8182,3,0.4812,-0.2832,48.93,22.63,-6.43,0.82,4.12,0.5556,0,0,1,0,1
92,F01-SOJ,F01,62.6,-16.52925,-49.16363,2023/2024,2024-01-15,15,91,frutificacao,0.3744,0.3262,21.53,33.05,13.87,20.59,79.11,19.75,43870.0,0,saudavel,2.42,1,110,0.8273,3,0.4498,-0.22,62.8,16.2,3.55,0.94,4.3,0.5976,0,0,1,0,1
93,F01-SOJ,F01,62.6,-16.52925,-49.16363,2023/2024,2024-01-16,16,92,frutificacao,0.374,0.329,21.9,42.14,24.96,20.86,84.88,31.97,31775.7,0,saudavel,2.42,1,110,0.8364,3,0.4268,-0.1613,71.12,19.75,12.22,1.04,3.15,0.7587,0,0,1,0,1
94,F01-SOJ,F01,62.6,-16.52925,-49.16363,2023/2024,2024-01-17,17,93,frutificacao,0.3335,0.271,20.52,38.07,0.0,18.91,69.97,25.88,61917.4,1,saudavel,2.42,1,110,0.8455,3,0.4057,-0.1475,58.67,31.97,-6.09,1.61,5.68,0.6798,0,0,1,0,1
95,F01-SOJ,F01,62.6,-16.52925,-49.16363,2023/2024,2024-01-18,18,94,maturacao,0.307,0.2807,19.65,34.22,0.0,20.52,76.06,22.11,57112.7,0,saudavel,2.42,1,110,0.8545,4,0.3785,-0.1907,51.7,25.88,-3.77,-0.87,4.91,0.6461,0,0,1,0,1
96,F01-SOJ,F01,62.6,-16.52925,-49.16363,2023/2024,2024-01-19,19,95,maturacao,0.2715,0.2539,21.59,30.65,0.0,20.39,76.3,18.68,61302.5,0,saudavel,2.42,1,110,0.8636,4,0.3536,-0.1738,47.53,22.11,-3.43,1.2,4.83,0.6095,0,0,1,0,1
97,F01-SOJ,F01,62.6,-16.52925,-49.16363,2023/2024,2024-01-20,20,96,maturacao,0.2428,0.2351,20.69,27.23,0.0,21.06,68.14,13.87,57446.5,0,atencao,2.42,1,110,0.8727,4,0.3278,-0.1808,38.83,18.68,-4.81,-0.37,6.71,0.5094,0,0,1,0,1
98,F01-SOJ,F01,62.6,-16.52925,-49.16363,2023/2024,2024-01-21,21,97,maturacao,0.2525,0.2252,21.55,31.93,15.39,19.79,75.61,18.45,42549.2,0,saudavel,2.42,1,110,0.8818,4,0.308,-0.1389,54.22,13.87,4.58,1.76,4.83,0.5778,0,0,1,0,1
99,F01-SOJ,F01,62.6,-16.52925,-49.16363,2023/2024,2024-01-22,22,98,maturacao,0.249,0.2389,23.0,44.62,32.44,21.24,74.91,34.47,28180.4,0,saudavel,2.42,1,110,0.8909,4,0.29,-0.1254,72.79,18.45,16.02,1.76,5.33,0.7725,0,0,1,0,1
100,F01-SOJ,F01,62.6,-16.52925,-49.16363,2023/2024,2024-01-23,23,99,maturacao,0.2749,0.196,24.54,40.03,0.0,21.97,77.96,34.47,56713.2,0,saudavel,2.42,1,110,0.9,4,0.2759,-0.0991,47.83,34.47,0.0,2.57,4.84,0.8611,0,0,1,0,1
101,F01-SOJ,F01,62.6,-16.52925,-49.16363,2023/2024,2024-01-24,24,100,maturacao,0.233,0.1917,23.69,35.9,0.0,20.6,85.28,20.85,61661.1,0,saudavel,2.42,1,110,0.9091,4,0.2615,-0.1005,47.83,34.47,-13.62,3.09,3.03,0.5808,0,0,1,0,1
102,F01-SOJ,F01,62.6,-16.52925,-49.16363,2023/2024,2024-01-25,25,101,maturacao,0.2423,0.1886,22.84,32.09,0.0,20.82,78.27,15.01,49343.6,0,saudavel,2.42,1,110,0.9182,4,0.2523,-0.0647,47.83,20.85,-5.84,2.02,4.52,0.4677,0,0,1,0,1
103,F01-SOJ,F01,62.6,-16.52925,-49.16363,2023/2024,2024-01-26,26,102,maturacao,0.206,0.1775,21.93,30.85,4.5,20.29,74.57,14.41,45883.9,0,saudavel,2.42,1,110,0.9273,4,0.2429,-0.0655,52.33,15.01,-0.6,1.64,5.16,0.4671,0,0,1,0,1
104,F01-SOJ,F01,62.6,-16.52925,-49.16363,2023/2024,2024-01-27,27,103,maturacao,0.1866,0.1472,22.93,27.45,0.0,20.13,79.45,9.85,54253.0,0,atencao,2.42,1,110,0.9364,4,0.2349,-0.0562,52.33,14.41,-4.56,2.8,4.14,0.3588,0,0,1,0,1
105,F01-SOJ,F01,62.6,-16.52925,-49.16363,2023/2024,2024-01-28,28,104,maturacao,0.1862,0.1549,20.76,24.33,0.0,18.97,85.58,5.93,55708.6,0,atencao,2.42,1,110,0.9455,4,0.2254,-0.0663,36.94,9.85,-3.92,1.79,2.74,0.2437,0,0,1,0,1
106,F01-SOJ,F01,62.6,-16.52925,-49.16363,2023/2024,2024-01-29,29,105,maturacao,0.1869,0.1965,22.76,42.6,42.38,20.45,74.47,31.61,29791.6,0,saudavel,2.42,1,110,0.9545,4,0.2166,-0.0621,46.88,5.93,25.68,2.31,5.22,0.742,0,0,1,0,1
107,F01-SOJ,F01,62.6,-16.52925,-49.16363,2023/2024,2024-01-30,30,106,maturacao,0.2405,0.2011,22.57,38.35,0.0,19.75,75.12,24.23,56634.5,0,saudavel,2.42,1,110,0.9636,4,0.2116,-0.0344,46.88,31.61,-7.38,2.82,4.91,0.6318,0,0,1,0,1
108,F01-SOJ,F01,62.6,-16.52925,-49.16363,2023/2024,2024-01-31,31,107,colheita,0.1787,0.1601,24.8,34.0,0.0,22.96,80.44,18.56,53830.5,0,atencao,2.42,1,110,0.9727,5,0.2039,-0.0543,46.88,24.23,-5.67,1.84,4.49,0.5459,0,0,1,0,1
109,F01-SOJ,F01,62.6,-16.52925,-49.16363,2023/2024,2024-02-01,32,108,colheita,0.2094,0.1734,25.03,34.46,8.65,22.11,76.94,19.77,49913.6,0,saudavel,2.42,2,110,0.9818,5,0.1992,-0.0329,55.53,18.56,1.21,2.92,5.1,0.5737,0,0,1,0,1
110,F01-SOJ,F01,62.6,-16.52925,-49.16363,2023/2024,2024-02-02,33,109,colheita,0.1725,0.1482,23.38,38.73,15.99,20.25,82.29,23.63,43071.6,0,atencao,2.42,2,110,0.9909,5,0.1944,-0.0335,67.02,19.77,3.86,3.13,3.59,0.6101,0,0,1,0,1
111,F01-SOJ,F01,62.6,-16.52925,-49.16363,2024/2025,2024-10-15,289,0,germinacao,0.1734,0.1382,31.43,45.0,0.0,29.98,61.94,48.14,44004.6,0,saudavel,2.55,10,110,0.0,0,0.1734,0.0,0.0,48.14,0.0,1.45,11.41,1.0698,0,0,1,1,0
112,F01-SOJ,F01,62.6,-16.52925,-49.16363,2024/2025,2024-10-16,290,1,germinacao,0.2308,0.1875,32.11,39.44,0.0,29.22,67.35,35.43,45073.6,0,saudavel,2.55,10,110,0.0091,0,0.2021,0.0,0.0,48.14,-12.71,2.89,9.54,0.8983,0,0,1,1,0
113,F01-SOJ,F01,62.6,-16.52925,-49.16363,2024/2025,2024-10-17,291,2,germinacao,0.1491,0.1333,31.8,38.69,8.98,29.23,71.32,31.65,41045.6,0,atencao,2.55,10,110,0.0182,0,0.1844,0.0,8.98,35.43,-3.78,2.57,8.38,0.818,0,0,1,1,0
114,F01-SOJ,F01,62.6,-16.52925,-49.16363,2024/2025,2024-10-18,292,3,germinacao,0.1887,0.1721,33.19,33.41,0.0,30.55,55.43,23.84,47717.4,1,saudavel,2.55,10,110,0.0273,0,0.1855,0.0,8.98,31.65,-7.81,2.64,13.62,0.7136,0,0,1,1,0
115,F01-SOJ,F01,62.6,-16.52925,-49.16363,2024/2025,2024-10-19,293,4,germinacao,0.163,0.1204,29.12,33.87,9.64,26.13,75.34,27.41,45436.3,0,atencao,2.55,10,110,0.0364,0,0.181,0.0,18.62,23.84,3.57,2.99,6.44,0.8093,0,0,1,1,0
116,F01-SOJ,F01,62.6,-16.52925,-49.16363,2024/2025,2024-10-20,294,5,germinacao,0.1768,0.151,29.44,29.5,0.0,26.04,64.49,22.54,52310.8,0,saudavel,2.55,10,110,0.0455,0,0.1803,0.0,18.62,27.41,-4.87,3.4,9.25,0.7641,0,0,1,1,0
117,F01-SOJ,F01,62.6,-16.52925,-49.16363,2024/2025,2024-10-21,295,6,germinacao,0.1908,0.1215,31.72,25.1,0.0,29.35,70.26,17.52,51245.6,1,saudavel,2.55,10,110,0.0545,0,0.1818,0.0,18.62,22.54,-5.02,2.37,8.73,0.698,0,0,1,1,0
118,F01-SOJ,F01,62.6,-16.52925,-49.16363,2024/2025,2024-10-22,296,7,germinacao,0.143,0.1258,33.0,21.04,0.0,28.87,70.3,11.12,50505.5,1,atencao,2.55,10,110,0.0636,0,0.1775,-0.0304,18.62,17.52,-6.4,4.13,8.57,0.5285,0,0,1,1,0
119,F01-SOJ,F01,62.6,-16.52925,-49.16363,2024/2025,2024-10-23,297,8,germinacao,0.1961,0.1819,31.62,17.37,0.0,29.08,74.54,5.2,51553.9,0,saudavel,2.55,10,110,0.0727,0,0.1725,-0.0347,18.62,11.12,-5.92,2.54,7.4,0.2994,0,0,1,1,0
120,F01-SOJ,F01,62.6,-16.52925,-49.16363,2024/2025,2024-10-24,298,9,germinacao,0.2316,0.1913,30.61,17.61,6.9,28.07,72.65,7.56,42262.1,0,saudavel,2.55,10,110,0.0818,0,0.1843,0.0825,16.54,5.2,2.36,2.54,7.68,0.4293,0,0,1,1,0
121,F01-SOJ,F01,62.6,-16.52925,-49.16363,2024/2025,2024-10-25,299,10,germinacao,0.1871,0.1954,31.18,14.12,0.0,29.69,57.21,5.0,53546.7,1,saudavel,2.55,10,110,0.0909,0,0.1841,-0.0016,16.54,7.56,-2.56,1.49,12.7,0.3541,0,0,1,1,0
122,F01-SOJ,F01,62.6,-16.52925,-49.16363,2024/2025,2024-10-26,300,11,vegetativo,0.2045,0.1562,34.35,10.89,0.0,30.03,65.14,5.0,47934.1,1,saudavel,2.55,10,110,0.1,1,0.19,0.0415,6.9,5.0,0.0,4.32,10.47,0.4591,0,0,1,1,0
123,F01-SOJ,F01,62.6,-16.52925,-49.16363,2024/2025,2024-10-27,301,12,vegetativo,0.2235,0.1943,31.75,8.04,0.0,29.29,70.37,5.0,54067.9,1,saudavel,2.55,10,110,0.1091,1,0.1967,0.0467,6.9,5.0,0.0,2.46,8.68,0.6219,0,0,1,1,0
124,F01-SOJ,F01,62.6,-16.52925,-49.16363,2024/2025,2024-10-28,302,13,vegetativo,0.204,0.1727,30.98,8.0,4.26,28.11,69.59,5.0,51724.3,0,saudavel,2.55,10,110,0.1182,1,0.1985,0.0132,11.16,5.0,0.0,2.87,8.55,0.625,0,0,1,1,0
125,F01-SOJ,F01,62.6,-16.52925,-49.16363,2024/2025,2024-10-29,303,14,vegetativo,0.2008,0.1687,25.85,40.5,69.97,25.27,74.82,42.49,26699.4,0,saudavel,2.55,10,110,0.1273,1,0.2068,0.0578,81.13,5.0,37.49,0.58,6.36,1.0491,0,0,1,1,0
126,F01-SOJ,F01,62.6,-16.52925,-49.16363,2024/2025,2024-10-30,304,15,vegetativo,0.173,0.1447,31.13,35.18,0.0,29.51,74.0,28.47,26699.4,0,atencao,2.55,10,110,0.1364,1,0.2035,-0.0231,81.13,42.49,-14.02,1.62,7.67,0.8093,0,0,1,1,0
127,F01-SOJ,F01,62.6,-16.52925,-49.16363,2024/2025,2024-10-31,305,16,vegetativo,0.2384,0.2048,33.21,30.31,0.0,30.12,72.89,21.43,53890.8,1,saudavel,2.55,10,110,0.1455,1,0.2045,0.0068,74.23,28.47,-7.04,3.09,8.17,0.707,0,0,1,1,0
128,F01-SOJ,F01,62.6,-16.52925,-49.16363,2024/2025,2024-11-01,306,17,vegetativo,0.2316,0.2138,31.38,25.93,0.0,29.18,69.51,13.98,44377.4,1,saudavel,2.55,11,110,0.1545,1,0.2108,0.0445,74.23,21.43,-7.45,2.2,8.9,0.5391,0,0,1,1,0
129,F01-SOJ,F01,62.6,-16.52925,-49.16363,2024/2025,2024-11-02,307,18,vegetativo,0.2233,0.2174,26.9,23.81,3.28,26.82,62.92,11.47,51229.5,0,atencao,2.55,11,110,0.1636,1,0.2135,0.0188,77.51,13.98,-2.51,0.08,9.94,0.4817,0,0,1,1,0
130,F01-SOJ,F01,62.6,-16.52925,-49.16363,2024/2025,2024-11-03,308,19,vegetativo,0.2573,0.2186,31.8,20.0,0.0,29.08,68.68,6.8,53153.6,1,saudavel,2.55,11,110,0.1727,1,0.2183,0.0338,77.51,11.47,-4.67,2.72,9.11,0.34,0,0,1,1,0
131,F01-SOJ,F01,62.6,-16.52925,-49.16363,2024/2025,2024-11-04,309,20,vegetativo,0.256,0.2339,30.43,16.47,0.0,29.28,73.08,5.0,53601.2,1,saudavel,2.55,11,110,0.1818,1,0.2258,0.052,73.25,6.8,-1.8,1.15,7.88,0.3036,0,0,1,1,0
132,F01-SOJ,F01,62.6,-16.52925,-49.16363,2024/2025,2024-11-05,310,21,vegetativo,0.2718,0.217,33.21,13.13,0.0,30.25,65.12,5.0,56127.7,1,saudavel,2.55,11,110,0.1909,1,0.2359,0.071,3.28,5.0,0.0,2.96,10.55,0.3808,0,0,1,1,0
133,F01-SOJ,F01,62.6,-16.52925,-49.16363,2024/2025,2024-11-06,311,22,vegetativo,0.3113,0.2799,27.63,20.37,19.6,26.52,76.12,5.0,36310.2,1,saudavel,2.55,11,110,0.2,1,0.2557,0.1383,22.88,5.0,0.0,1.11,6.33,0.2455,0,0,1,1,0
134,F01-SOJ,F01,62.6,-16.52925,-49.16363,2024/2025,2024-11-07,312,23,vegetativo,0.2913,0.2323,29.0,17.08,0.0,27.41,77.12,5.0,51084.2,1,atencao,2.55,11,110,0.2091,1,0.2632,0.0529,22.88,5.0,0.0,1.59,6.27,0.2927,0,0,1,1,0
135,F01-SOJ,F01,62.6,-16.52925,-49.16363,2024/2025,2024-11-08,313,24,vegetativo,0.36,0.3278,30.73,14.0,0.0,28.79,72.53,5.0,54322.1,1,saudavel,2.55,11,110,0.2182,1,0.2816,0.1284,22.88,5.0,0.0,1.94,7.91,0.3571,0,0,1,1,0
136,F01-SOJ,F01,62.6,-16.52925,-49.16363,2024/2025,2024-11-09,314,25,vegetativo,0.3343,0.3284,27.77,18.23,13.93,27.68,57.39,8.08,42424.8,0,saudavel,2.55,11,110,0.2273,1,0.2974,0.111,33.53,5.0,3.08,0.09,11.79,0.4432,0,0,1,1,0
137,F01-SOJ,F01,62.6,-16.52925,-49.16363,2024/2025,2024-11-10,315,26,vegetativo,0.3743,0.3157,25.47,15.43,0.0,25.83,67.57,5.0,55560.1,1,saudavel,2.55,11,110,0.2364,1,0.3141,0.117,33.53,8.08,-3.08,-0.36,8.38,0.324,0,0,1,1,0
138,F01-SOJ,F01,62.6,-16.52925,-49.16363,2024/2025,2024-11-11,316,27,vegetativo,0.4532,0.3414,27.77,12.71,0.0,28.04,82.21,5.0,55928.3,1,saudavel,2.55,11,110,0.2455,1,0.3423,0.1972,33.53,5.0,0.0,-0.27,4.99,0.3934,0,0,1,1,0
139,F01-SOJ,F01,62.6,-16.52925,-49.16363,2024/2025,2024-11-12,317,28,vegetativo,0.4661,0.3853,28.84,19.21,18.0,28.2,70.09,12.35,42086.1,0,saudavel,2.55,11,110,0.2545,1,0.3701,0.1943,51.53,5.0,7.35,0.64,8.43,0.6429,0,0,1,1,0
140,F01-SOJ,F01,62.6,-16.52925,-49.16363,2024/2025,2024-11-13,318,29,vegetativo,0.4757,0.429,25.77,18.6,4.62,27.38,63.53,11.28,48326.0,0,saudavel,2.55,11,110,0.2636,1,0.3936,0.1644,36.55,12.35,-1.07,-1.61,9.99,0.6065,0,0,1,1,0
141,F01-SOJ,F01,62.6,-16.52925,-49.16363,2024/2025,2024-11-14,319,30,vegetativo,0.486,0.4242,25.45,15.75,0.0,27.49,79.7,5.0,56622.1,1,saudavel,2.55,11,110,0.2727,1,0.4214,0.1947,36.55,11.28,-6.28,-2.04,5.58,0.3175,0,0,1,1,0
142,F01-SOJ,F01,62.6,-16.52925,-49.16363,2024/2025,2024-11-15,320,31,vegetativo,0.5257,0.4518,26.78,19.46,12.37,26.69,74.2,11.23,48561.5,0,saudavel,2.55,11,110,0.2818,1,0.445,0.1657,48.92,5.0,6.23,0.09,6.89,0.5771,0,0,1,1,0
143,F01-SOJ,F01,62.6,-16.52925,-49.16363,2024/2025,2024-11-16,321,32,vegetativo,0.5691,0.5039,27.48,20.37,7.83,29.2,78.28,9.93,43924.6,0,saudavel,2.55,11,110,0.2909,1,0.4786,0.2348,42.82,11.23,-1.3,-1.72,6.34,0.4875,0,0,1,1,0
144,F01-SOJ,F01,62.6,-16.52925,-49.16363,2024/2025,2024-11-17,322,33,vegetativo,0.5991,0.5189,23.76,17.77,0.0,25.54,76.47,7.35,57240.7,1,saudavel,2.55,11,110,0.3,1,0.5107,0.2248,42.82,9.93,-2.58,-1.78,6.01,0.4136,0,0,1,1,0
145,F01-SOJ,F01,62.6,-16.52925,-49.16363,2024/2025,2024-11-18,323,34,vegetativo,0.6262,0.5566,22.43,15.38,0.0,25.92,77.27,5.0,55137.5,1,saudavel,2.55,11,110,0.3091,1,0.5354,0.173,42.82,7.35,-2.35,-3.49,5.89,0.3251,0,0,1,1,0
146,F01-SOJ,F01,62.6,-16.52925,-49.16363,2024/2025,2024-11-19,324,35,vegetativo,0.6556,0.5757,24.15,20.29,14.33,26.73,76.43,9.06,42331.3,0,saudavel,2.55,11,110,0.3182,1,0.5625,0.1895,39.15,5.0,4.06,-2.58,6.3,0.4465,0,0,1,1,0
147,F01-SOJ,F01,62.6,-16.52925,-49.16363,2024/2025,2024-11-20,325,36,vegetativo,0.6784,0.6071,25.82,29.78,24.5,27.94,77.5,21.22,31164.3,0,saudavel,2.55,11,110,0.3273,1,0.5914,0.2027,59.03,9.06,12.16,-2.12,6.29,0.7126,0,0,1,1,0
148,F01-SOJ,F01,62.6,-16.52925,-49.16363,2024/2025,2024-11-21,326,37,vegetativo,0.6783,0.5838,23.11,26.71,0.0,24.28,87.71,16.22,56928.5,1,saudavel,2.55,11,110,0.3364,1,0.6189,0.1923,59.03,21.22,-5.0,-1.17,2.98,0.6073,0,0,1,1,0
149,F01-SOJ,F01,62.6,-16.52925,-49.16363,2024/2025,2024-11-22,327,38,vegetativo,0.7192,0.6294,21.22,23.91,0.0,24.47,81.18,11.48,63131.2,1,saudavel,2.55,11,110,0.3455,1,0.6466,0.1935,46.66,16.22,-4.74,-3.25,4.61,0.4801,0,0,1,1,0
150,F01-SOJ,F01,62.6,-16.52925,-49.16363,2024/2025,2024-11-23,328,39,floracao,0.7679,0.6466,22.03,21.56,0.0,23.28,69.25,9.72,53979.0,1,saudavel,2.55,11,110,0.3545,2,0.675,0.1988,38.83,11.48,-1.76,-1.25,7.16,0.4508,0,0,1,1,0
151,F01-SOJ,F01,62.6,-16.52925,-49.16363,2024/2025,2024-11-24,329,40,floracao,0.7402,0.6172,22.94,35.82,33.67,26.29,77.69,28.09,25456.9,0,saudavel,2.55,11,110,0.3636,2,0.6951,0.1411,72.5,9.72,18.37,-3.35,5.87,0.7842,0,0,1,1,0
152,F01-SOJ,F01,62.6,-16.52925,-49.16363,2024/2025,2024-11-25,330,41,floracao,0.7797,0.6969,20.77,32.39,0.0,24.47,82.36,23.76,54179.4,1,saudavel,2.55,11,110,0.3727,2,0.717,0.1535,72.5,28.09,-4.33,-3.7,4.32,0.7336,0,0,1,1,0
153,F01-SOJ,F01,62.6,-16.52925,-49.16363,2024/2025,2024-11-26,331,42,floracao,0.7811,0.6682,23.98,29.11,0.0,25.47,82.17,19.02,63415.4,1,saudavel,2.55,11,110,0.3818,2,0.735,0.1255,58.17,23.76,-4.74,-1.49,4.54,0.6534,0,0,1,1,0
154,F01-SOJ,F01,62.6,-16.52925,-49.16363,2024/2025,2024-11-27,332,43,floracao,0.8118,0.7062,23.85,38.53,25.13,26.94,73.24,29.82,32536.4,0,saudavel,2.55,11,110,0.3909,2,0.754,0.1334,58.8,19.02,10.8,-3.09,7.21,0.7739,0,0,1,1,0
155,F01-SOJ,F01,62.6,-16.52925,-49.16363,2024/2025,2024-11-28,333,44,floracao,0.8123,0.693,21.03,34.88,0.0,24.89,82.53,22.42,58435.1,1,saudavel,2.55,11,110,0.4,2,0.7732,0.134,58.8,29.82,-7.4,-3.86,4.35,0.6428,0,0,1,1,0
156,F01-SOJ,F01,62.6,-16.52925,-49.16363,2024/2025,2024-11-29,334,45,floracao,0.8587,0.7181,22.22,31.45,0.0,26.1,80.71,15.07,57434.4,1,saudavel,2.55,11,110,0.4091,2,0.7931,0.1395,58.8,22.42,-7.35,-3.88,5.03,0.4792,0,0,1,1,0
157,F01-SOJ,F01,62.6,-16.52925,-49.16363,2024/2025,2024-11-30,335,46,floracao,0.847,0.7201,22.94,36.22,15.68,25.21,89.57,22.27,40575.9,0,saudavel,2.55,11,110,0.4182,2,0.8044,0.0791,74.48,15.07,7.2,-2.27,2.63,0.6149,0,0,1,1,0
158,F01-SOJ,F01,62.6,-16.52925,-49.16363,2024/2025,2024-12-01,336,47,floracao,0.8172,0.7233,24.68,42.52,19.93,26.57,72.23,29.69,38623.1,0,saudavel,2.55,12,110,0.4273,2,0.8154,0.077,60.74,22.27,7.42,-1.89,7.38,0.6983,0,0,1,0,1
159,F01-SOJ,F01,62.6,-16.52925,-49.16363,2024/2025,2024-12-02,337,48,floracao,0.8467,0.7308,21.73,38.45,0.0,26.17,73.76,19.92,66374.7,1,saudavel,2.55,12,110,0.4364,2,0.825,0.067,60.74,29.69,-9.77,-4.44,6.87,0.5181,0,0,1,0,1
160,F01-SOJ,F01,62.6,-16.52925,-49.16363,2024/2025,2024-12-03,338,49,floracao,0.8066,0.6514,21.02,41.39,13.05,24.32,75.96,23.35,50431.5,0,saudavel,2.55,12,110,0.4455,2,0.8286,0.0255,73.79,19.92,3.43,-3.3,5.85,0.5641,0,0,1,0,1
161,F01-SOJ,F01,62.6,-16.52925,-49.16363,2024/2025,2024-12-04,339,50,floracao,0.7985,0.6745,21.91,37.48,0.0,25.0,74.71,17.01,56649.7,1,saudavel,2.55,12,110,0.4545,2,0.8267,-0.0133,48.66,23.35,-6.34,-3.09,6.32,0.4538,0,0,1,0,1
162,F01-SOJ,F01,62.6,-16.52925,-49.16363,2024/2025,2024-12-05,340,51,floracao,0.8036,0.7187,22.5,33.68,0.0,26.72,71.76,15.27,61246.5,1,saudavel,2.55,12,110,0.4636,2,0.8255,-0.0087,48.66,17.01,-1.74,-4.22,7.55,0.4534,0,0,1,0,1
163,F01-SOJ,F01,62.6,-16.52925,-49.16363,2024/2025,2024-12-06,341,52,floracao,0.774,0.6536,22.62,30.27,0.0,25.64,63.12,9.04,56898.5,1,atencao,2.55,12,110,0.4727,2,0.8134,-0.0847,48.66,15.27,-6.23,-3.02,9.46,0.2986,0,0,1,0,1
164,F01-SOJ,F01,62.6,-16.52925,-49.16363,2024/2025,2024-12-07,342,53,floracao,0.7877,0.6335,19.77,27.48,0.0,22.86,76.5,5.0,54147.3,1,atencao,2.55,12,110,0.4818,2,0.8049,-0.0593,32.98,9.04,-4.04,-3.09,5.37,0.182,0,0,1,0,1
165,F01-SOJ,F01,62.6,-16.52925,-49.16363,2024/2025,2024-12-08,343,54,floracao,0.7398,0.6667,24.31,24.49,0.0,25.83,78.81,5.0,62612.1,0,atencao,2.55,12,110,0.4909,2,0.7938,-0.0774,13.05,5.0,0.0,-1.52,5.47,0.2042,0,0,1,0,1
166,F01-SOJ,F01,62.6,-16.52925,-49.16363,2024/2025,2024-12-09,344,55,floracao,0.7281,0.6325,21.77,22.05,0.0,23.12,76.19,5.14,63104.9,1,atencao,2.55,12,110,0.5,2,0.7769,-0.1186,13.05,5.0,0.14,-1.35,5.5,0.2331,0,0,1,0,1
167,F01-SOJ,F01,62.6,-16.52925,-49.16363,2024/2025,2024-12-10,345,56,floracao,0.7121,0.6039,24.03,27.8,16.91,26.76,86.2,12.86,46007.3,0,atencao,2.55,12,110,0.5091,2,0.7634,-0.0945,16.91,5.14,7.72,-2.73,3.69,0.4626,0,0,1,0,1
168,F01-SOJ,F01,62.6,-16.52925,-49.16363,2024/2025,2024-12-11,346,57,floracao,0.6983,0.5862,23.58,24.69,0.0,26.08,77.06,8.45,58338.9,0,atencao,2.55,12,110,0.5182,2,0.7491,-0.1002,16.91,12.86,-4.41,-2.5,5.98,0.3422,0,0,1,0,1
169,F01-SOJ,F01,62.6,-16.52925,-49.16363,2024/2025,2024-12-12,347,58,floracao,0.7158,0.6301,23.1,22.01,0.0,24.87,84.23,6.93,59300.9,1,atencao,2.55,12,110,0.5273,2,0.7365,-0.0878,16.91,8.45,-1.52,-1.77,3.92,0.3149,0,0,1,0,1
170,F01-SOJ,F01,62.6,-16.52925,-49.16363,2024/2025,2024-12-13,348,59,floracao,0.6903,0.5759,21.77,19.53,0.0,24.57,79.32,5.0,62097.0,1,atencao,2.55,12,110,0.5364,2,0.7246,-0.0837,16.91,6.93,-1.93,-2.8,5.08,0.256,0,0,1,0,1
171,F01-SOJ,F01,62.6,-16.52925,-49.16363,2024/2025,2024-12-14,349,60,floracao,0.6956,0.6142,22.25,17.34,0.0,23.92,82.58,5.0,61062.6,1,atencao,2.55,12,110,0.5455,2,0.7114,-0.0921,16.91,5.0,0.0,-1.67,4.17,0.2884,0,0,1,0,1
172,F01-SOJ,F01,62.6,-16.52925,-49.16363,2024/2025,2024-12-15,350,61,frutificacao,0.6902,0.5975,22.85,20.13,9.91,25.15,79.16,5.0,48841.2,0,atencao,2.55,12,110,0.5545,3,0.7043,-0.0496,26.82,5.0,0.0,-2.3,5.24,0.2484,0,0,1,0,1
173,F01-SOJ,F01,62.6,-16.52925,-49.16363,2024/2025,2024-12-16,351,62,frutificacao,0.6075,0.5213,21.03,17.81,0.0,25.15,85.65,5.0,55093.0,1,critico,2.55,12,110,0.5636,3,0.6871,-0.1206,26.82,5.0,0.0,-4.12,3.61,0.2807,0,0,1,0,1
174,F01-SOJ,F01,62.6,-16.52925,-49.16363,2024/2025,2024-12-17,352,63,frutificacao,0.6125,0.5236,21.81,15.6,0.0,24.28,78.64,5.0,60313.6,1,critico,2.55,12,110,0.5727,3,0.6729,-0.0996,9.91,5.0,0.0,-2.47,5.19,0.3205,0,0,1,0,1
175,F01-SOJ,F01,62.6,-16.52925,-49.16363,2024/2025,2024-12-18,353,64,frutificacao,0.5704,0.4813,25.44,13.39,0.0,25.13,80.37,5.0,63224.6,1,critico,2.55,12,110,0.5818,3,0.6546,-0.1279,9.91,5.0,0.0,0.31,4.93,0.3734,0,0,1,0,1
176,F01-SOJ,F01,62.6,-16.52925,-49.16363,2024/2025,2024-12-19,354,65,frutificacao,0.5609,0.4976,21.67,11.61,0.0,22.87,80.37,5.0,56404.1,1,critico,2.55,12,110,0.5909,3,0.6325,-0.1549,9.91,5.0,0.0,-1.2,4.49,0.4307,0,0,1,0,1
177,F01-SOJ,F01,62.6,-16.52925,-49.16363,2024/2025,2024-12-20,355,66,frutificacao,0.5461,0.4468,23.41,9.98,0.0,22.69,77.97,5.0,61916.3,1,critico,2.55,12,110,0.6,3,0.6119,-0.1442,9.91,5.0,0.0,0.72,5.0,0.501,0,0,1,0,1
178,F01-SOJ,F01,62.6,-16.52925,-49.16363,2024/2025,2024-12-21,356,67,frutificacao,0.5552,0.4395,20.21,8.61,0.0,21.72,82.05,5.0,60991.5,1,critico,2.55,12,110,0.6091,3,0.5918,-0.1404,9.91,5.0,0.0,-1.51,3.9,0.5807,0,0,1,0,1
179,F01-SOJ,F01,62.6,-16.52925,-49.16363,2024/2025,2024-12-22,357,68,frutificacao,0.5724,0.4988,20.95,8.0,0.0,21.81,91.16,5.0,62238.0,1,critico,2.55,12,110,0.6182,3,0.575,-0.1178,0.0,5.0,0.0,-0.86,1.93,0.625,0,0,1,0,1
180,F01-SOJ,F01,62.6,-16.52925,-49.16363,2024/2025,2024-12-23,358,69,frutificacao,0.6068,0.5284,21.49,16.72,20.61,20.56,79.41,15.58,41989.0,0,critico,2.55,12,110,0.6273,3,0.5749,-0.0007,20.61,5.0,10.58,0.93,4.23,0.9318,0,0,1,0,1
181,F01-SOJ,F01,62.6,-16.52925,-49.16363,2024/2025,2024-12-24,359,70,frutificacao,0.6007,0.5202,21.83,14.57,0.0,24.3,80.63,9.44,57866.8,1,critico,2.55,12,110,0.6364,3,0.5732,-0.0118,20.61,15.58,-6.14,-2.47,4.71,0.6479,0,0,1,0,1
182,F01-SOJ,F01,62.6,-16.52925,-49.16363,2024/2025,2024-12-25,360,71,frutificacao,0.6562,0.5659,22.01,12.49,0.0,25.81,83.93,8.09,57866.8,1,atencao,2.55,12,110,0.6455,3,0.5855,0.0858,20.61,9.44,-1.35,-3.8,4.15,0.6477,0,0,1,0,1
183,F01-SOJ,F01,62.6,-16.52925,-49.16363,2024/2025,2024-12-26,361,72,frutificacao,0.6339,0.5324,24.72,10.62,0.0,25.14,83.76,5.0,58287.5,1,atencao,2.55,12,110,0.6545,3,0.5959,0.073,20.61,8.09,-3.09,-0.42,4.08,0.4708,0,0,1,0,1
184,F01-SOJ,F01,62.6,-16.52925,-49.16363,2024/2025,2024-12-27,362,73,frutificacao,0.7199,0.6277,17.15,9.57,0.0,20.46,80.93,5.0,62515.1,1,atencao,2.55,12,110,0.6636,3,0.6207,0.1738,20.61,5.0,0.0,-3.31,3.9,0.5225,0,0,1,0,1
185,F01-SOJ,F01,62.6,-16.52925,-49.16363,2024/2025,2024-12-28,363,74,frutificacao,0.6645,0.5639,21.88,8.14,0.0,23.88,66.9,5.0,58175.2,1,atencao,2.55,12,110,0.6727,3,0.6363,0.1093,20.61,5.0,0.0,-2.0,7.9,0.6143,0,0,1,0,1
186,F01-SOJ,F01,62.6,-16.52925,-49.16363,2024/2025,2024-12-29,364,75,frutificacao,0.6827,0.5705,22.1,8.0,0.0,24.83,80.83,5.0,57666.3,0,atencao,2.55,12,110,0.6818,3,0.6521,0.1103,20.61,5.0,0.0,-2.73,4.76,0.625,0,0,1,0,1
187,F01-SOJ,F01,62.6,-16.52925,-49.16363,2024/2025,2024-12-30,365,76,frutificacao,0.6608,0.5554,20.23,30.47,49.43,21.91,68.9,29.01,24380.8,0,atencao,2.55,12,110,0.6909,3,0.6598,0.054,49.43,5.0,24.01,-1.68,6.81,0.9521,0,0,1,0,1
188,F01-SOJ,F01,62.6,-16.52925,-49.16363,2024/2025,2024-12-31,366,77,frutificacao,0.7238,0.6556,19.18,27.6,0.0,22.65,86.9,23.64,64882.6,1,saudavel,2.55,12,110,0.7,3,0.6774,0.1231,49.43,29.01,-5.37,-3.47,2.97,0.8565,0,0,1,0,1
189,F01-SOJ,F01,62.6,-16.52925,-49.16363,2024/2025,2025-01-01,1,78,frutificacao,0.7123,0.5707,16.89,25.19,0.0,19.48,82.29,20.62,62101.8,1,saudavel,2.55,1,110,0.7091,3,0.6854,0.0561,49.43,23.64,-3.02,-2.59,3.45,0.8186,0,0,1,0,1
190,F01-SOJ,F01,62.6,-16.52925,-49.16363,2024/2025,2025-01-02,2,79,frutificacao,0.6931,0.5991,21.0,22.68,0.0,22.79,84.45,16.07,61863.2,1,saudavel,2.55,1,110,0.7182,3,0.6939,0.0592,49.43,20.62,-4.55,-1.79,3.54,0.7086,0,0,1,0,1
191,F01-SOJ,F01,62.6,-16.52925,-49.16363,2024/2025,2025-01-03,3,80,frutificacao,0.6544,0.5227,17.8,20.57,0.0,20.7,76.18,12.89,62379.5,1,saudavel,2.55,1,110,0.7273,3,0.6845,-0.0655,49.43,16.07,-3.18,-2.9,4.93,0.6266,0,0,1,0,1
192,F01-SOJ,F01,62.6,-16.52925,-49.16363,2024/2025,2025-01-04,4,81,frutificacao,0.6766,0.5729,19.71,18.44,0.0,22.49,71.83,10.8,61123.2,1,saudavel,2.55,1,110,0.7364,3,0.6862,0.0121,49.43,12.89,-2.09,-2.78,6.34,0.5857,0,0,1,0,1
193,F01-SOJ,F01,62.6,-16.52925,-49.16363,2024/2025,2025-01-05,5,82,frutificacao,0.6227,0.5207,17.8,16.7,0.0,19.76,82.52,7.05,58570.8,1,saudavel,2.55,1,110,0.7455,3,0.6777,-0.06,49.43,10.8,-3.75,-1.96,3.45,0.4222,0,0,1,0,1
194,F01-SOJ,F01,62.6,-16.52925,-49.16363,2024/2025,2025-01-06,6,83,frutificacao,0.6456,0.507,19.57,14.79,0.0,22.81,79.19,6.15,58717.2,1,saudavel,2.55,1,110,0.7545,3,0.6755,-0.0152,0.0,7.05,-0.9,-3.24,4.75,0.4158,0,0,1,0,1
195,F01-SOJ,F01,62.6,-16.52925,-49.16363,2024/2025,2025-01-07,7,84,frutificacao,0.6023,0.5198,21.6,18.51,11.23,23.44,76.5,12.65,46759.2,0,saudavel,2.55,1,110,0.7636,3,0.6581,-0.1215,11.23,6.15,6.5,-1.84,5.51,0.6834,0,0,1,0,1
196,F01-SOJ,F01,62.6,-16.52925,-49.16363,2024/2025,2025-01-08,8,85,frutificacao,0.557,0.4659,19.74,20.84,8.5,20.63,81.04,19.23,58544.6,0,saudavel,2.55,1,110,0.7727,3,0.636,-0.1553,19.73,12.65,6.58,-0.89,3.91,0.9227,0,0,1,0,1
197,F01-SOJ,F01,62.6,-16.52925,-49.16363,2024/2025,2025-01-09,9,86,frutificacao,0.4749,0.3617,19.33,25.83,14.29,20.0,94.79,23.86,46526.4,0,atencao,2.55,1,110,0.7818,3,0.6048,-0.2182,34.02,19.23,4.63,-0.67,1.04,0.9237,0,0,1,0,1
198,F01-SOJ,F01,62.6,-16.52925,-49.16363,2024/2025,2025-01-10,10,87,frutificacao,0.4726,0.4185,17.86,37.23,27.9,18.38,86.07,36.38,30047.8,0,saudavel,2.55,1,110,0.7909,3,0.5788,-0.1818,61.92,23.86,12.52,-0.52,2.56,0.9772,0,0,1,0,1
199,F01-SOJ,F01,62.6,-16.52925,-49.16363,2024/2025,2025-01-11,11,88,frutificacao,0.4753,0.4327,20.82,38.21,9.16,21.12,85.46,36.13,51091.1,0,saudavel,2.55,1,110,0.8,3,0.5501,-0.2013,71.08,36.38,-0.25,-0.3,3.07,0.9456,0,0,1,0,1
200,F01-SOJ,F01,62.6,-16.52925,-49.16363,2024/2025,2025-01-12,12,89,frutificacao,0.4561,0.4175,19.79,34.57,0.0,20.55,84.73,30.1,55479.4,1,saudavel,2.55,1,110,0.8091,3,0.5263,-0.1666,71.08,36.13,-6.03,-0.76,3.14,0.8707,0,0,1,0,1
201,F01-SOJ,F01,62.6,-16.52925,-49.16363,2024/2025,2025-01-13,13,90,frutificacao,0.4258,0.3691,19.87,42.88,23.28,19.01,88.79,38.28,40243.4,0,saudavel,2.55,1,110,0.8182,3,0.4949,-0.2198,94.36,30.1,8.18,0.86,2.13,0.8927,0,0,1,0,1
202,F01-SOJ,F01,62.6,-16.52925,-49.16363,2024/2025,2025-01-14,14,91,frutificacao,0.3453,0.2945,24.25,54.34,31.62,21.92,78.64,50.15,27133.4,0,atencao,2.55,1,110,0.8273,3,0.4581,-0.257,114.75,38.28,11.87,2.33,4.68,0.9229,0,0,1,0,1
203,F01-SOJ,F01,62.6,-16.52925,-49.16363,2024/2025,2025-01-15,15,92,frutificacao,0.3587,0.3315,20.78,49.28,0.0,20.48,70.13,41.0,59588.4,0,saudavel,2.55,1,110,0.8364,3,0.4298,-0.1983,106.25,50.15,-9.15,0.3,6.12,0.832,0,0,1,0,1
204,F01-SOJ,F01,62.6,-16.52925,-49.16363,2024/2025,2025-01-16,16,93,frutificacao,0.3507,0.3317,20.78,51.39,13.45,19.45,70.13,40.24,48143.0,1,saudavel,2.55,1,110,0.8455,3,0.4121,-0.1242,105.41,41.0,-0.76,1.33,5.81,0.783,0,0,1,0,1
205,F01-SOJ,F01,62.6,-16.52925,-49.16363,2024/2025,2025-01-17,17,94,maturacao,0.277,0.2582,21.41,50.32,7.69,20.14,84.55,36.34,51523.0,0,atencao,2.55,1,110,0.8545,4,0.3841,-0.1956,85.2,40.24,-3.9,1.27,3.11,0.7222,0,0,1,0,1
206,F01-SOJ,F01,62.6,-16.52925,-49.16363,2024/2025,2025-01-18,18,95,maturacao,0.292,0.2294,24.23,45.23,0.0,22.49,74.17,28.55,57890.9,0,saudavel,2.55,1,110,0.8636,4,0.3579,-0.1833,76.04,36.34,-7.79,1.74,5.81,0.6312,0,0,1,0,1
207,F01-SOJ,F01,62.6,-16.52925,-49.16363,2024/2025,2025-01-19,19,96,maturacao,0.2817,0.2435,24.73,47.75,14.24,21.7,78.55,32.89,43836.5,0,saudavel,2.55,1,110,0.8727,4,0.333,-0.1744,90.28,28.55,4.34,3.03,4.65,0.6888,0,0,1,0,1
208,F01-SOJ,F01,62.6,-16.52925,-49.16363,2024/2025,2025-01-20,20,97,maturacao,0.2563,0.2266,22.71,45.5,4.9,20.51,76.61,28.1,52419.9,0,saudavel,2.55,1,110,0.8818,4,0.3088,-0.1695,71.9,32.89,-4.79,2.2,4.8,0.6176,0,0,1,0,1
209,F01-SOJ,F01,62.6,-16.52925,-49.16363,2024/2025,2025-01-21,21,98,maturacao,0.213,0.1449,21.86,48.27,14.95,21.55,86.89,28.62,41124.2,0,atencao,2.55,1,110,0.8909,4,0.2899,-0.1323,55.23,28.1,0.52,0.31,2.83,0.5929,0,0,1,0,1
210,F01-SOJ,F01,62.6,-16.52925,-49.16363,2024/2025,2025-01-22,22,99,maturacao,0.233,0.2074,21.15,43.56,0.0,18.79,84.7,19.48,55545.2,0,saudavel,2.55,1,110,0.9,4,0.272,-0.1257,55.23,28.62,-9.14,2.36,2.87,0.4472,0,0,1,0,1
211,F01-SOJ,F01,62.6,-16.52925,-49.16363,2024/2025,2025-01-23,23,100,maturacao,0.2239,0.2357,23.72,48.65,19.0,20.5,83.11,25.23,43187.9,0,saudavel,2.55,1,110,0.9091,4,0.2538,-0.1268,60.78,19.48,5.75,3.22,3.46,0.5186,0,0,1,0,1
212,F01-SOJ,F01,62.6,-16.52925,-49.16363,2024/2025,2025-01-24,24,101,maturacao,0.2197,0.1995,22.39,45.8,3.97,20.59,82.83,20.08,52440.9,0,saudavel,2.55,1,110,0.9182,4,0.2457,-0.0573,57.06,25.23,-5.15,1.8,3.54,0.4384,0,0,1,0,1
213,F01-SOJ,F01,62.6,-16.52925,-49.16363,2024/2025,2025-01-25,25,102,maturacao,0.2047,0.2035,22.74,44.19,5.89,19.58,80.05,18.9,48418.8,0,saudavel,2.55,1,110,0.9273,4,0.2332,-0.0873,62.95,20.08,-1.18,3.16,3.91,0.4277,0,0,1,0,1
214,F01-SOJ,F01,62.6,-16.52925,-49.16363,2024/2025,2025-01-26,26,103,maturacao,0.2014,0.1749,22.36,46.12,12.93,20.86,80.37,20.82,42454.3,0,saudavel,2.55,1,110,0.9364,4,0.2217,-0.0803,61.64,18.9,1.92,1.5,4.09,0.4514,0,0,1,0,1
215,F01-SOJ,F01,62.6,-16.52925,-49.16363,2024/2025,2025-01-27,27,104,maturacao,0.2047,0.1725,19.63,41.54,0.0,18.96,74.51,14.86,59183.6,0,saudavel,2.55,1,110,0.9455,4,0.2143,-0.0516,56.74,20.82,-5.96,0.67,4.83,0.3577,0,0,1,0,1
216,F01-SOJ,F01,62.6,-16.52925,-49.16363,2024/2025,2025-01-28,28,105,maturacao,0.2103,0.1863,23.06,52.48,30.49,20.81,68.3,29.56,29859.3,0,saudavel,2.55,1,110,0.9545,4,0.214,-0.0027,72.28,14.86,14.7,2.25,6.6,0.5633,0,0,1,0,1
217,F01-SOJ,F01,62.6,-16.52925,-49.16363,2024/2025,2025-01-29,29,106,maturacao,0.1919,0.1468,21.32,47.27,0.0,20.8,79.89,22.27,57123.6,0,saudavel,2.55,1,110,0.9636,4,0.2081,-0.0411,72.28,29.56,-7.29,0.52,4.18,0.4711,0,0,1,0,1
218,F01-SOJ,F01,62.6,-16.52925,-49.16363,2024/2025,2025-01-30,30,107,colheita,0.1869,0.1396,17.6,52.11,19.09,15.52,83.83,31.46,36873.8,0,saudavel,2.55,1,110,0.9727,5,0.2028,-0.037,72.37,22.27,9.19,2.08,2.51,0.6037,0,0,1,0,1
219,F01-SOJ,F01,62.6,-16.52925,-49.16363,2024/2025,2025-01-31,31,108,colheita,0.1945,0.1906,25.14,48.22,2.76,21.61,84.5,27.15,54174.8,0,saudavel,2.55,1,110,0.9818,5,0.1992,-0.0252,71.16,31.46,-4.31,3.53,3.35,0.563,0,0,1,0,1
220,F01-SOJ,F01,62.6,-16.52925,-49.16363,2024/2025,2025-02-01,32,109,colheita,0.1522,0.1568,15.9,43.39,0.0,15.18,90.07,21.02,52815.7,0,atencao,2.55,2,110,0.9909,5,0.1917,-0.0525,65.27,27.15,-6.13,0.72,1.51,0.4844,0,0,1,0,1
1471,F02-ALG,F02,226.8,-17.34439,-49.77897,2023/2024,2023-11-09,313,0,germinacao,0.1474,0.1497,30.89,45.0,19.28,28.01,74.98,43.35,37467.9,0,atencao,2.99,11,150,0.0,0,0.1474,0.0,19.28,43.35,0.0,2.88,7.01,0.9633,0,0,0,1,0
1472,F02-ALG,F02,226.8,-17.34439,-49.77897,2023/2024,2023-11-10,314,1,germinacao,0.1809,0.1457,28.58,39.65,0.0,26.81,71.8,32.89,52631.1,0,saudavel,2.99,11,150,0.0067,0,0.1642,0.0,19.28,43.35,-10.46,1.77,7.56,0.8295,0,0,0,1,0
1473,F02-ALG,F02,226.8,-17.34439,-49.77897,2023/2024,2023-11-11,315,2,germinacao,0.1843,0.1648,29.21,34.86,0.0,25.85,67.41,23.14,52788.2,1,saudavel,2.99,11,150,0.0133,0,0.1709,0.0,19.28,32.89,-9.75,3.36,8.42,0.6638,0,0,0,1,0
1474,F02-ALG,F02,226.8,-17.34439,-49.77897,2023/2024,2023-11-12,316,3,germinacao,0.1932,0.1559,31.04,35.45,10.6,28.36,67.41,24.44,47786.3,0,saudavel,2.99,11,150,0.02,0,0.1764,0.0,29.88,23.14,1.3,2.68,9.24,0.6894,0,0,0,1,0
1475,F02-ALG,F02,226.8,-17.34439,-49.77897,2023/2024,2023-11-13,317,4,germinacao,0.1526,0.1441,30.51,30.82,0.0,26.85,67.17,17.25,53757.9,1,atencao,2.99,11,150,0.0267,0,0.1717,0.0,29.88,24.44,-7.19,3.66,8.81,0.5597,0,0,0,1,0
1476,F02-ALG,F02,226.8,-17.34439,-49.77897,2023/2024,2023-11-14,318,5,germinacao,0.1774,0.1727,29.73,35.29,17.68,28.07,70.42,20.99,34846.4,0,saudavel,2.99,11,150,0.0333,0,0.1726,0.0,47.56,17.25,3.74,1.66,8.3,0.5948,0,0,0,1,0
1477,F02-ALG,F02,226.8,-17.34439,-49.77897,2023/2024,2023-11-15,319,6,germinacao,0.2015,0.166,28.54,30.64,0.0,27.73,75.8,14.0,56462.2,1,saudavel,2.99,11,150,0.04,0,0.1768,0.0,47.56,20.99,-6.99,0.81,6.71,0.4569,0,0,0,1,0
1478,F02-ALG,F02,226.8,-17.34439,-49.77897,2023/2024,2023-11-16,320,7,germinacao,0.1826,0.1346,29.2,26.5,0.0,26.4,70.75,9.43,54763.1,1,saudavel,2.99,11,150,0.0467,0,0.1818,0.0352,28.28,14.0,-4.57,2.8,7.72,0.3558,0,0,0,1,0
1479,F02-ALG,F02,226.8,-17.34439,-49.77897,2023/2024,2023-11-17,321,8,germinacao,0.1791,0.1231,30.02,28.12,11.42,28.59,78.0,11.93,42154.3,1,saudavel,2.99,11,150,0.0533,0,0.1815,-0.0018,39.7,9.43,2.5,1.43,6.29,0.4243,0,0,0,1,0
1480,F02-ALG,F02,226.8,-17.34439,-49.77897,2023/2024,2023-11-18,322,9,germinacao,0.224,0.2089,29.04,24.29,0.0,26.0,74.21,8.32,56917.0,1,saudavel,2.99,11,150,0.06,0,0.1872,0.0397,39.7,11.93,-3.61,3.04,6.71,0.3425,0,0,0,1,0
1481,F02-ALG,F02,226.8,-17.34439,-49.77897,2023/2024,2023-11-19,323,10,germinacao,0.1652,0.1177,28.98,20.36,0.0,28.59,71.93,5.11,59195.5,1,atencao,2.99,11,150,0.0667,0,0.1832,-0.028,29.1,8.32,-3.21,0.39,8.03,0.251,0,0,0,1,0
1482,F02-ALG,F02,226.8,-17.34439,-49.77897,2023/2024,2023-11-20,324,11,germinacao,0.2121,0.1877,30.32,32.1,30.58,28.69,73.52,25.17,28600.5,1,saudavel,2.99,11,150,0.0733,0,0.1917,0.0595,59.68,5.11,20.06,1.63,7.6,0.7841,0,0,0,1,0
1483,F02-ALG,F02,226.8,-17.34439,-49.77897,2023/2024,2023-11-21,325,12,germinacao,0.2088,0.193,29.7,27.66,0.0,28.2,80.83,19.93,54062.7,1,saudavel,2.99,11,150,0.08,0,0.1962,0.0314,42.0,25.17,-5.24,1.5,5.41,0.7205,0,0,0,1,0
1484,F02-ALG,F02,226.8,-17.34439,-49.77897,2023/2024,2023-11-22,326,13,germinacao,0.185,0.1472,28.26,33.91,20.27,26.26,80.83,24.89,39480.0,0,saudavel,2.99,11,150,0.0867,0,0.1938,-0.0165,62.27,19.93,4.96,2.0,5.03,0.734,0,0,0,1,0
1485,F02-ALG,F02,226.8,-17.34439,-49.77897,2023/2024,2023-11-23,327,14,germinacao,0.19,0.1582,32.8,30.19,2.27,30.25,81.14,18.56,58532.2,1,saudavel,2.99,11,150,0.0933,0,0.1949,0.0074,64.54,24.89,-6.33,2.55,5.71,0.6148,0,0,0,1,0
1486,F02-ALG,F02,226.8,-17.34439,-49.77897,2023/2024,2023-11-24,328,15,vegetativo,0.1912,0.1825,29.24,26.07,0.0,26.57,79.98,12.6,64411.4,1,saudavel,2.99,11,150,0.1,1,0.1966,0.0121,53.12,18.56,-5.96,2.67,5.32,0.4833,0,0,0,1,0
1487,F02-ALG,F02,226.8,-17.34439,-49.77897,2023/2024,2023-11-25,329,16,vegetativo,0.1971,0.1514,29.47,24.06,3.54,26.6,75.16,11.29,58841.5,0,saudavel,2.99,11,150,0.1067,1,0.1928,-0.0269,56.66,12.6,-1.31,2.87,6.61,0.4692,0,0,0,1,0
1488,F02-ALG,F02,226.8,-17.34439,-49.77897,2023/2024,2023-11-26,330,17,vegetativo,0.1833,0.1376,29.22,20.47,0.0,26.11,81.58,5.7,55069.1,1,saudavel,2.99,11,150,0.1133,1,0.1954,0.0181,56.66,11.29,-5.59,3.11,4.81,0.2785,0,0,0,1,0
1489,F02-ALG,F02,226.8,-17.34439,-49.77897,2023/2024,2023-11-27,331,18,vegetativo,0.1885,0.1555,26.49,17.4,0.0,26.11,75.22,5.0,60807.4,1,saudavel,2.99,11,150,0.12,1,0.192,-0.0236,26.08,5.7,-0.7,0.38,6.47,0.2874,0,0,0,1,0
1490,F02-ALG,F02,226.8,-17.34439,-49.77897,2023/2024,2023-11-28,332,19,vegetativo,0.192,0.1888,32.28,14.15,0.0,27.89,76.23,5.0,59145.0,0,saudavel,2.99,11,150,0.1267,1,0.1896,-0.0168,26.08,5.0,0.0,4.39,6.63,0.3534,0,0,0,1,0
1491,F02-ALG,F02,226.8,-17.34439,-49.77897,2023/2024,2023-11-29,333,20,vegetativo,0.195,0.198,28.63,11.51,0.0,25.0,73.94,5.0,55055.7,1,saudavel,2.99,11,150,0.1333,1,0.191,0.01,5.81,5.0,0.0,3.63,6.52,0.4344,0,0,0,1,0
1492,F02-ALG,F02,226.8,-17.34439,-49.77897,2023/2024,2023-11-30,334,21,vegetativo,0.1979,0.1662,29.04,8.83,0.0,27.14,80.29,5.0,59494.1,1,saudavel,2.99,11,150,0.14,1,0.1921,0.0079,3.54,5.0,0.0,1.9,5.35,0.5663,0,0,0,1,0
1493,F02-ALG,F02,226.8,-17.34439,-49.77897,2023/2024,2023-12-01,335,22,vegetativo,0.1622,0.1237,29.8,8.0,0.0,27.4,71.85,5.0,64523.7,1,atencao,2.99,12,150,0.1467,1,0.188,-0.029,3.54,5.0,0.0,2.4,7.71,0.625,0,0,0,0,1
1494,F02-ALG,F02,226.8,-17.34439,-49.77897,2023/2024,2023-12-02,336,23,vegetativo,0.2123,0.2017,28.22,8.0,0.0,26.46,75.78,5.0,62474.3,1,saudavel,2.99,12,150,0.1533,1,0.1902,0.0152,0.0,5.0,0.0,1.76,6.41,0.625,0,0,0,0,1
1495,F02-ALG,F02,226.8,-17.34439,-49.77897,2023/2024,2023-12-03,337,24,vegetativo,0.2035,0.1396,26.95,8.0,0.0,24.42,80.75,5.0,55959.6,1,saudavel,2.99,12,150,0.16,1,0.1931,0.0202,0.0,5.0,0.0,2.53,4.7,0.625,0,0,0,0,1
1496,F02-ALG,F02,226.8,-17.34439,-49.77897,2023/2024,2023-12-04,338,25,vegetativo,0.1808,0.1586,26.25,8.0,0.0,24.85,82.42,5.0,59148.3,1,atencao,2.99,12,150,0.1667,1,0.192,-0.0077,0.0,5.0,0.0,1.4,4.37,0.625,0,0,0,0,1
1497,F02-ALG,F02,226.8,-17.34439,-49.77897,2023/2024,2023-12-05,339,26,vegetativo,0.2156,0.1824,22.51,8.0,7.01,21.24,75.32,5.0,53762.7,0,saudavel,2.99,12,150,0.1733,1,0.1953,0.0236,7.01,5.0,0.0,1.27,5.24,0.625,0,0,0,0,1
1498,F02-ALG,F02,226.8,-17.34439,-49.77897,2023/2024,2023-12-06,340,27,vegetativo,0.22,0.2129,24.83,9.2,15.64,24.98,81.02,5.0,38657.1,0,saudavel,2.99,12,150,0.18,1,0.1989,0.025,22.65,5.0,0.0,-0.15,4.74,0.5435,0,0,0,0,1
1499,F02-ALG,F02,226.8,-17.34439,-49.77897,2023/2024,2023-12-07,341,28,vegetativo,0.2587,0.2478,27.53,18.64,23.49,26.26,71.65,13.4,31055.3,0,saudavel,2.99,12,150,0.1867,1,0.2076,0.0608,46.14,5.0,8.4,1.27,7.44,0.7189,0,0,0,0,1
1500,F02-ALG,F02,226.8,-17.34439,-49.77897,2023/2024,2023-12-08,342,29,vegetativo,0.2286,0.1755,27.6,24.43,17.38,24.6,66.88,22.46,42713.3,0,saudavel,2.99,12,150,0.1933,1,0.2171,0.0664,63.52,13.4,9.06,3.0,8.15,0.9194,0,0,0,0,1
1501,F02-ALG,F02,226.8,-17.34439,-49.77897,2023/2024,2023-12-09,343,30,vegetativo,0.2595,0.2239,25.48,24.63,6.88,23.96,74.34,23.64,53230.5,0,saudavel,2.99,12,150,0.2,1,0.2238,0.0472,70.4,22.46,1.18,1.52,6.15,0.9598,0,0,0,0,1
1502,F02-ALG,F02,226.8,-17.34439,-49.77897,2023/2024,2023-12-10,344,31,vegetativo,0.2813,0.2277,25.67,27.33,11.92,24.3,82.12,25.37,42260.9,0,saudavel,2.99,12,150,0.2067,1,0.2349,0.0778,82.32,23.64,1.73,1.37,4.34,0.9283,0,0,0,0,1
1503,F02-ALG,F02,226.8,-17.34439,-49.77897,2023/2024,2023-12-11,345,32,vegetativo,0.2493,0.206,28.5,26.57,6.07,26.47,76.64,21.38,54817.1,0,saudavel,2.99,12,150,0.2133,1,0.2447,0.0685,88.39,25.37,-3.99,2.03,6.18,0.8047,0,0,0,0,1
1504,F02-ALG,F02,226.8,-17.34439,-49.77897,2023/2024,2023-12-12,346,33,vegetativo,0.2698,0.2417,25.03,23.12,0.0,24.46,75.29,14.81,63009.4,1,saudavel,2.99,12,150,0.22,1,0.2525,0.0542,81.38,21.38,-6.57,0.57,6.04,0.6406,0,0,0,0,1
1505,F02-ALG,F02,226.8,-17.34439,-49.77897,2023/2024,2023-12-13,347,34,vegetativo,0.3151,0.2611,28.41,19.67,0.0,27.23,76.64,9.39,59146.3,1,saudavel,2.99,12,150,0.2267,1,0.266,0.0951,65.74,14.81,-5.42,1.18,6.36,0.4774,0,0,0,0,1
1506,F02-ALG,F02,226.8,-17.34439,-49.77897,2023/2024,2023-12-14,348,35,vegetativo,0.2957,0.2552,25.71,21.89,9.93,23.48,78.78,12.47,50122.5,0,saudavel,2.99,12,150,0.2333,1,0.2713,0.037,52.18,9.39,3.08,2.23,4.98,0.5697,0,0,0,0,1
1507,F02-ALG,F02,226.8,-17.34439,-49.77897,2023/2024,2023-12-15,349,36,vegetativo,0.31,0.2827,26.07,18.86,0.0,24.56,81.18,10.61,61602.3,1,saudavel,2.99,12,150,0.24,1,0.283,0.0814,34.8,12.47,-1.86,1.51,4.62,0.5626,0,0,0,0,1
1508,F02-ALG,F02,226.8,-17.34439,-49.77897,2023/2024,2023-12-16,350,37,vegetativo,0.3068,0.291,25.7,16.19,0.0,23.48,70.7,8.63,61239.3,1,saudavel,2.99,12,150,0.2467,1,0.2897,0.0473,27.92,10.61,-1.98,2.22,6.88,0.533,0,0,0,0,1
1509,F02-ALG,F02,226.8,-17.34439,-49.77897,2023/2024,2023-12-17,351,38,vegetativo,0.3419,0.2964,29.32,13.35,0.0,27.14,76.1,6.53,54944.4,1,saudavel,2.99,12,150,0.2533,1,0.2984,0.0606,16.0,8.63,-2.1,2.18,6.49,0.4891,0,0,0,0,1
1510,F02-ALG,F02,226.8,-17.34439,-49.77897,2023/2024,2023-12-18,352,39,vegetativo,0.3414,0.2926,25.78,14.71,7.23,24.19,79.04,8.76,50032.3,0,saudavel,2.99,12,150,0.26,1,0.3115,0.0921,17.16,6.53,2.23,1.59,5.07,0.5955,0,0,0,0,1
1511,F02-ALG,F02,226.8,-17.34439,-49.77897,2023/2024,2023-12-19,353,40,vegetativo,0.3205,0.2503,27.41,18.53,13.13,27.01,69.93,11.96,45673.3,0,atencao,2.99,12,150,0.2667,1,0.3188,0.0507,30.29,8.76,3.2,0.4,8.12,0.6454,0,0,0,0,1
1512,F02-ALG,F02,226.8,-17.34439,-49.77897,2023/2024,2023-12-20,354,41,vegetativo,0.3658,0.3427,23.45,23.23,14.39,23.09,72.25,16.68,43022.6,0,saudavel,2.99,12,150,0.2733,1,0.326,0.0507,44.68,11.96,4.72,0.36,6.41,0.718,0,0,0,0,1
1513,F02-ALG,F02,226.8,-17.34439,-49.77897,2023/2024,2023-12-21,355,42,vegetativo,0.3658,0.3209,28.54,20.01,0.0,25.9,75.66,12.0,64400.9,1,saudavel,2.99,12,150,0.28,1,0.336,0.0701,34.75,16.68,-4.68,2.64,6.3,0.5997,0,0,0,0,1
1514,F02-ALG,F02,226.8,-17.34439,-49.77897,2023/2024,2023-12-22,356,43,vegetativo,0.409,0.3504,24.32,17.38,0.0,23.69,78.88,6.7,61900.3,1,saudavel,2.99,12,150,0.2867,1,0.3502,0.099,34.75,12.0,-5.3,0.63,5.0,0.3855,0,0,0,0,1
1515,F02-ALG,F02,226.8,-17.34439,-49.77897,2023/2024,2023-12-23,357,44,vegetativo,0.4063,0.347,25.19,14.84,0.0,24.66,78.34,5.0,56658.4,1,saudavel,2.99,12,150,0.2933,1,0.3644,0.0995,34.75,6.7,-1.7,0.53,5.34,0.3369,0,0,0,0,1
1516,F02-ALG,F02,226.8,-17.34439,-49.77897,2023/2024,2023-12-24,358,45,vegetativo,0.4525,0.3919,20.54,12.95,0.0,21.47,77.43,5.0,59329.0,1,saudavel,2.99,12,150,0.3,1,0.3802,0.1106,34.75,5.0,0.0,-0.93,4.85,0.3861,0,0,0,0,1
1517,F02-ALG,F02,226.8,-17.34439,-49.77897,2023/2024,2023-12-25,359,46,vegetativo,0.4626,0.4087,23.47,10.96,0.0,23.72,75.89,5.0,63341.4,1,saudavel,2.99,12,150,0.3067,1,0.3975,0.1212,27.52,5.0,0.0,-0.25,5.72,0.4562,0,0,0,0,1
1518,F02-ALG,F02,226.8,-17.34439,-49.77897,2023/2024,2023-12-26,360,47,vegetativo,0.4558,0.4053,22.11,9.39,0.0,21.5,75.89,5.0,57983.5,1,saudavel,2.99,12,150,0.3133,1,0.4168,0.1353,14.39,5.0,0.0,0.61,5.18,0.5325,0,0,0,0,1
1519,F02-ALG,F02,226.8,-17.34439,-49.77897,2023/2024,2023-12-27,361,48,vegetativo,0.4901,0.4488,22.99,8.0,0.0,23.38,80.6,5.0,62442.8,1,saudavel,2.99,12,150,0.32,1,0.4346,0.1243,0.0,5.0,0.0,-0.39,4.54,0.625,0,0,0,0,1
1520,F02-ALG,F02,226.8,-17.34439,-49.77897,2023/2024,2023-12-28,362,49,vegetativo,0.5315,0.4566,19.32,8.0,0.0,20.62,86.99,5.0,63997.3,1,saudavel,2.99,12,150,0.3267,1,0.4583,0.1657,0.0,5.0,0.0,-1.3,2.68,0.625,0,0,0,0,1
1521,F02-ALG,F02,226.8,-17.34439,-49.77897,2023/2024,2023-12-29,363,50,vegetativo,0.5611,0.512,21.32,26.77,42.62,22.65,68.45,24.15,33549.0,0,saudavel,2.99,12,150,0.3333,1,0.48,0.1521,42.62,5.0,19.15,-1.33,7.15,0.9021,0,0,0,0,1
1522,F02-ALG,F02,226.8,-17.34439,-49.77897,2023/2024,2023-12-30,364,51,vegetativo,0.5388,0.4792,24.68,23.71,0.0,24.34,81.66,18.39,60289.7,1,saudavel,2.99,12,150,0.34,1,0.4989,0.1325,42.62,24.15,-5.76,0.34,4.46,0.7756,0,0,0,0,1
1523,F02-ALG,F02,226.8,-17.34439,-49.77897,2023/2024,2023-12-31,365,52,vegetativo,0.5533,0.4691,23.1,22.62,3.16,23.41,78.54,17.05,60301.6,0,saudavel,2.99,12,150,0.3467,1,0.5133,0.1008,45.78,18.39,-1.34,-0.31,5.02,0.7538,0,0,0,0,1
1524,F02-ALG,F02,226.8,-17.34439,-49.77897,2023/2024,2024-01-01,1,53,floracao,0.6321,0.5039,19.49,25.84,10.72,20.64,83.38,21.06,47402.1,0,saudavel,2.99,1,150,0.3533,2,0.5375,0.1695,56.5,17.05,4.01,-1.15,3.43,0.815,0,0,0,0,1
1525,F02-ALG,F02,226.8,-17.34439,-49.77897,2023/2024,2024-01-02,2,54,floracao,0.6101,0.5203,18.5,23.49,0.0,19.55,87.32,14.98,67011.2,1,saudavel,2.99,1,150,0.36,2,0.5596,0.1543,56.5,21.06,-6.08,-1.05,2.48,0.6377,0,0,0,0,1
1526,F02-ALG,F02,226.8,-17.34439,-49.77897,2023/2024,2024-01-03,3,55,floracao,0.6287,0.5655,20.2,27.09,12.21,23.04,75.51,17.76,48096.9,0,saudavel,2.99,1,150,0.3667,2,0.5794,0.1386,68.71,14.98,2.78,-2.84,5.64,0.6556,0,0,0,0,1
1527,F02-ALG,F02,226.8,-17.34439,-49.77897,2023/2024,2024-01-04,4,56,floracao,0.6278,0.5181,23.19,28.73,9.23,24.57,83.08,19.95,53692.8,0,saudavel,2.99,1,150,0.3733,2,0.5931,0.0963,77.94,17.76,2.19,-1.38,4.16,0.6944,0,0,0,0,1
1528,F02-ALG,F02,226.8,-17.34439,-49.77897,2023/2024,2024-01-05,5,57,floracao,0.6618,0.5642,19.76,26.15,0.0,20.65,74.41,16.75,58217.8,1,saudavel,2.99,1,150,0.38,2,0.6075,0.1007,35.32,19.95,-3.2,-0.89,5.28,0.6405,0,0,0,0,1
1529,F02-ALG,F02,226.8,-17.34439,-49.77897,2023/2024,2024-01-06,6,58,floracao,0.7059,0.6033,22.53,30.59,14.59,25.15,78.6,20.57,46313.2,0,saudavel,2.99,1,150,0.3867,2,0.6314,0.1671,49.91,16.75,3.82,-2.62,5.38,0.6724,0,0,0,0,1
1530,F02-ALG,F02,226.8,-17.34439,-49.77897,2023/2024,2024-01-07,7,59,floracao,0.6899,0.6052,20.66,42.77,30.04,21.89,78.67,36.47,31184.0,0,saudavel,2.99,1,150,0.3933,2,0.6509,0.1366,76.79,20.57,15.9,-1.23,4.67,0.8527,0,0,0,0,1
1531,F02-ALG,F02,226.8,-17.34439,-49.77897,2023/2024,2024-01-08,8,60,floracao,0.7184,0.6029,16.95,43.65,9.01,18.87,81.9,33.23,47354.7,0,saudavel,2.99,1,150,0.4,2,0.6632,0.0863,75.08,36.47,-3.24,-1.92,3.42,0.7613,0,0,0,0,1
1532,F02-ALG,F02,226.8,-17.34439,-49.77897,2023/2024,2024-01-09,9,61,floracao,0.7091,0.5853,17.81,48.27,16.61,19.37,76.39,38.72,39707.7,0,saudavel,2.99,1,150,0.4067,2,0.6774,0.099,91.69,33.23,5.49,-1.56,4.57,0.8022,0,0,0,0,1
1533,F02-ALG,F02,226.8,-17.34439,-49.77897,2023/2024,2024-01-10,10,62,floracao,0.6985,0.6051,20.53,50.16,12.48,22.77,81.45,37.91,45929.2,1,saudavel,2.99,1,150,0.4133,2,0.6873,0.0698,91.96,38.72,-0.81,-2.24,4.22,0.7558,0,0,0,0,1
1534,F02-ALG,F02,226.8,-17.34439,-49.77897,2023/2024,2024-01-11,11,63,floracao,0.7151,0.5929,20.17,55.54,19.45,21.71,87.79,43.42,42949.6,0,saudavel,2.99,1,150,0.42,2,0.6998,0.0873,102.18,37.91,5.51,-1.54,2.65,0.7818,0,0,0,0,1
1535,F02-ALG,F02,226.8,-17.34439,-49.77897,2023/2024,2024-01-12,12,64,floracao,0.7153,0.5713,19.75,50.53,0.0,23.65,73.79,34.73,53017.7,0,saudavel,2.99,1,150,0.4267,2,0.7075,0.0535,102.18,43.42,-8.69,-3.9,6.2,0.6873,0,0,0,0,1
1536,F02-ALG,F02,226.8,-17.34439,-49.77897,2023/2024,2024-01-13,13,65,floracao,0.7501,0.6744,16.82,50.27,7.95,19.54,82.02,35.13,49549.2,0,saudavel,2.99,1,150,0.4333,2,0.7138,0.0442,95.54,34.73,0.4,-2.72,3.51,0.6988,0,0,0,0,1
1537,F02-ALG,F02,226.8,-17.34439,-49.77897,2023/2024,2024-01-14,14,66,floracao,0.7776,0.6795,19.13,46.04,0.0,21.42,84.17,28.91,62162.8,1,saudavel,2.99,1,150,0.44,2,0.7263,0.0877,65.5,35.13,-6.22,-2.29,3.39,0.6279,0,0,0,0,1
1538,F02-ALG,F02,226.8,-17.34439,-49.77897,2023/2024,2024-01-15,15,67,floracao,0.7631,0.6863,18.59,56.78,29.25,21.16,78.51,41.56,26069.5,0,saudavel,2.99,1,150,0.4467,2,0.7327,0.0447,85.74,28.91,12.65,-2.57,4.55,0.7319,0,0,0,0,1
1539,F02-ALG,F02,226.8,-17.34439,-49.77897,2023/2024,2024-01-16,16,68,floracao,0.7597,0.6633,19.1,58.89,13.7,20.85,86.93,43.26,48464.9,0,saudavel,2.99,1,150,0.4533,2,0.7399,0.0506,82.83,41.56,1.7,-1.75,2.73,0.7346,0,0,0,0,1
1540,F02-ALG,F02,226.8,-17.34439,-49.77897,2023/2024,2024-01-17,17,69,floracao,0.7556,0.6558,17.44,53.98,0.0,20.4,78.19,38.43,54388.9,0,saudavel,2.99,1,150,0.46,2,0.7481,0.0571,70.35,43.26,-4.83,-2.96,4.45,0.7119,0,0,0,0,1
1541,F02-ALG,F02,226.8,-17.34439,-49.77897,2023/2024,2024-01-18,18,70,floracao,0.7834,0.6733,16.74,63.78,28.64,20.34,79.73,50.98,27363.1,0,saudavel,2.99,1,150,0.4667,2,0.7578,0.0683,79.54,38.43,12.55,-3.6,4.12,0.7993,0,0,0,0,1
1542,F02-ALG,F02,226.8,-17.34439,-49.77897,2023/2024,2024-01-19,19,71,floracao,0.7559,0.6388,16.61,74.61,32.26,21.06,74.85,50.98,28276.9,0,saudavel,2.99,1,150,0.4733,2,0.7636,0.0406,111.8,50.98,0.0,-4.45,5.3,0.6833,0,0,0,0,1
1543,F02-ALG,F02,226.8,-17.34439,-49.77897,2023/2024,2024-01-20,20,72,floracao,0.7619,0.6579,18.03,69.05,1.23,21.16,80.31,50.47,61709.9,0,saudavel,2.99,1,150,0.48,2,0.7653,0.0118,105.08,50.98,-0.51,-3.13,4.17,0.7309,0,0,0,0,1
1544,F02-ALG,F02,226.8,-17.34439,-49.77897,2023/2024,2024-01-21,21,73,floracao,0.8061,0.6741,18.26,65.23,3.79,21.0,79.72,42.67,51552.0,0,saudavel,2.99,1,150,0.4867,2,0.7694,0.0285,108.87,50.47,-7.8,-2.74,4.26,0.6541,0,0,0,0,1
1545,F02-ALG,F02,226.8,-17.34439,-49.77897,2023/2024,2024-01-22,22,74,floracao,0.7856,0.6464,20.04,71.28,23.15,22.35,82.0,50.66,29744.7,0,saudavel,2.99,1,150,0.4933,2,0.7726,0.0225,102.77,42.67,7.99,-2.31,4.02,0.7107,0,0,0,0,1
1546,F02-ALG,F02,226.8,-17.34439,-49.77897,2023/2024,2024-01-23,23,75,floracao,0.7879,0.6631,14.16,72.47,14.18,18.65,77.78,49.17,39095.1,0,saudavel,2.99,1,150,0.5,2,0.7766,0.0282,103.25,50.66,-1.49,-4.49,4.14,0.6785,0,0,0,0,1
1547,F02-ALG,F02,226.8,-17.34439,-49.77897,2023/2024,2024-01-24,24,76,floracao,0.7929,0.6998,15.69,82.64,32.34,17.65,78.07,61.09,31048.2,0,saudavel,2.99,1,150,0.5067,2,0.782,0.0373,135.59,49.17,11.92,-1.96,3.87,0.7392,0,0,0,0,1
1548,F02-ALG,F02,226.8,-17.34439,-49.77897,2023/2024,2024-01-25,25,77,floracao,0.8128,0.6663,17.52,77.24,2.82,21.81,81.21,53.82,49593.2,0,saudavel,2.99,1,150,0.5133,2,0.7862,0.0294,109.77,61.09,-7.27,-4.29,4.1,0.6968,0,0,0,0,1
1549,F02-ALG,F02,226.8,-17.34439,-49.77897,2023/2024,2024-01-26,26,78,floracao,0.8034,0.6586,15.44,78.72,15.73,18.79,87.61,54.32,44953.8,0,saudavel,2.99,1,150,0.52,2,0.7929,0.0475,93.24,53.82,0.5,-3.35,2.33,0.69,0,0,0,0,1
1550,F02-ALG,F02,226.8,-17.34439,-49.77897,2023/2024,2024-01-27,27,79,floracao,0.7868,0.6806,15.91,72.23,0.0,19.56,83.22,42.66,56091.9,0,saudavel,2.99,1,150,0.5267,2,0.7965,0.0249,92.01,54.32,-11.66,-3.65,3.28,0.5906,0,0,0,0,1
1551,F02-ALG,F02,226.8,-17.34439,-49.77897,2023/2024,2024-01-28,28,80,floracao,0.7887,0.6621,16.45,71.44,10.38,19.13,89.48,44.74,45936.9,0,saudavel,2.99,1,150,0.5333,2,0.794,-0.0174,98.6,42.66,2.08,-2.68,2.01,0.6263,0,0,0,0,1
1552,F02-ALG,F02,226.8,-17.34439,-49.77897,2023/2024,2024-01-29,29,81,floracao,0.8,0.6897,15.92,65.52,0.0,19.02,82.99,39.07,56334.5,0,saudavel,2.99,1,150,0.54,2,0.7961,0.0144,75.45,44.74,-5.67,-3.1,3.24,0.5963,0,0,0,0,1
1553,F02-ALG,F02,226.8,-17.34439,-49.77897,2023/2024,2024-01-30,30,82,floracao,0.8108,0.7089,15.09,60.08,0.0,17.71,83.49,32.53,52812.5,1,saudavel,2.99,1,150,0.5467,2,0.7993,0.0229,61.27,39.07,-6.54,-2.62,2.92,0.5414,0,0,0,0,1
1554,F02-ALG,F02,226.8,-17.34439,-49.77897,2023/2024,2024-01-31,31,83,frutificacao,0.8046,0.6931,17.57,61.37,12.6,18.97,83.44,36.51,43854.3,0,saudavel,2.99,1,150,0.5533,3,0.801,0.0117,41.53,32.53,3.98,-1.4,3.14,0.5949,0,0,0,0,1
1555,F02-ALG,F02,226.8,-17.34439,-49.77897,2023/2024,2024-02-01,32,84,frutificacao,0.8032,0.6701,17.89,62.24,11.95,20.72,86.33,37.05,40266.6,0,saudavel,2.99,2,150,0.56,3,0.7996,-0.0096,50.66,36.51,0.54,-2.83,2.83,0.5953,0,0,0,0,1
1556,F02-ALG,F02,226.8,-17.34439,-49.77897,2023/2024,2024-02-02,33,85,frutificacao,0.8068,0.7115,15.83,69.58,25.05,19.67,85.6,47.49,35794.0,0,saudavel,2.99,2,150,0.5667,3,0.8001,0.0034,59.98,37.05,10.44,-3.84,2.83,0.6825,0,0,0,0,1
1557,F02-ALG,F02,226.8,-17.34439,-49.77897,2023/2024,2024-02-03,34,86,frutificacao,0.8052,0.6993,17.58,71.57,15.51,20.36,73.46,48.13,37150.5,0,saudavel,2.99,2,150,0.5733,3,0.8028,0.0184,75.49,47.49,0.64,-2.78,5.4,0.6725,0,0,0,0,1
1558,F02-ALG,F02,226.8,-17.34439,-49.77897,2023/2024,2024-02-04,35,87,frutificacao,0.7901,0.6721,17.63,75.24,19.2,18.79,83.72,49.65,37150.5,0,saudavel,2.99,2,150,0.58,3,0.803,0.0014,84.31,48.13,1.52,-1.16,3.06,0.6599,0,0,0,0,1
1559,F02-ALG,F02,226.8,-17.34439,-49.77897,2023/2024,2024-02-05,36,88,frutificacao,0.8275,0.7029,18.03,76.75,15.45,20.82,79.71,54.38,36806.0,0,saudavel,2.99,2,150,0.5867,3,0.8069,0.0275,99.76,49.65,4.73,-2.79,4.22,0.7085,0,0,0,0,1
1560,F02-ALG,F02,226.8,-17.34439,-49.77897,2023/2024,2024-02-06,37,89,frutificacao,0.7951,0.6833,16.43,70.41,0.0,18.64,78.6,42.23,51894.0,0,saudavel,2.99,2,150,0.5933,3,0.8046,-0.0157,99.76,54.38,-12.15,-2.21,3.99,0.5998,0,0,0,0,1
1561,F02-ALG,F02,226.8,-17.34439,-49.77897,2023/2024,2024-02-07,38,90,frutificacao,0.8065,0.6793,11.32,64.58,0.0,16.17,72.07,34.81,52108.4,0,saudavel,2.99,2,150,0.6,3,0.8049,0.0019,87.16,42.23,-7.42,-4.85,4.52,0.539,0,0,0,0,1
1562,F02-ALG,F02,226.8,-17.34439,-49.77897,2023/2024,2024-02-08,39,91,frutificacao,0.7617,0.6148,17.28,69.26,20.1,19.75,70.96,41.78,44160.0,0,saudavel,2.99,2,150,0.6067,3,0.799,-0.0415,95.31,34.81,6.97,-2.47,5.74,0.6032,0,0,0,0,1
1563,F02-ALG,F02,226.8,-17.34439,-49.77897,2023/2024,2024-02-09,40,92,frutificacao,0.7973,0.6927,16.91,63.52,0.0,20.36,76.35,34.77,52646.5,0,saudavel,2.99,2,150,0.6133,3,0.7976,-0.0095,70.26,41.78,-7.01,-3.45,4.82,0.5474,0,0,0,0,1
1564,F02-ALG,F02,226.8,-17.34439,-49.77897,2023/2024,2024-02-10,41,93,frutificacao,0.7781,0.6752,14.62,59.72,2.97,18.31,71.95,30.05,47356.9,1,saudavel,2.99,2,150,0.62,3,0.7938,-0.0271,57.72,34.77,-4.72,-3.69,5.14,0.5032,0,0,0,0,1
1565,F02-ALG,F02,226.8,-17.34439,-49.77897,2023/2024,2024-02-11,42,94,frutificacao,0.7787,0.6159,17.85,61.42,13.35,20.88,75.88,32.94,39203.0,0,saudavel,2.99,2,150,0.6267,3,0.7921,-0.0114,51.87,30.05,2.89,-3.03,5.04,0.5363,0,0,0,0,1
1566,F02-ALG,F02,226.8,-17.34439,-49.77897,2023/2024,2024-02-12,43,95,frutificacao,0.8447,0.7282,14.26,72.64,32.67,17.75,82.91,48.19,21410.8,0,saudavel,2.99,2,150,0.6333,3,0.7946,0.0172,69.09,32.94,15.25,-3.49,3.03,0.6634,0,0,0,0,1
1567,F02-ALG,F02,226.8,-17.34439,-49.77897,2023/2024,2024-02-13,44,96,frutificacao,0.7989,0.7142,16.16,66.63,0.0,19.98,74.97,39.98,51073.4,0,saudavel,2.99,2,150,0.64,3,0.7951,0.0038,69.09,48.19,-8.21,-3.82,5.0,0.6,0,0,0,0,1
1568,F02-ALG,F02,226.8,-17.34439,-49.77897,2023/2024,2024-02-14,45,97,frutificacao,0.8157,0.6708,18.38,66.65,11.09,21.53,77.22,39.73,47345.2,0,saudavel,2.99,2,150,0.6467,3,0.7964,0.0092,80.18,39.98,-0.25,-3.15,4.9,0.5961,0,0,0,0,1
1569,F02-ALG,F02,226.8,-17.34439,-49.77897,2023/2024,2024-02-15,46,98,frutificacao,0.8052,0.6829,15.5,61.11,0.0,18.92,72.88,32.22,51983.2,0,saudavel,2.99,2,150,0.6533,3,0.8027,0.0435,60.08,39.73,-7.51,-3.42,5.13,0.5272,0,0,0,0,1
1570,F02-ALG,F02,226.8,-17.34439,-49.77897,2023/2024,2024-02-16,47,99,frutificacao,0.8042,0.68,15.93,56.03,0.0,18.47,79.85,24.17,53386.6,1,saudavel,2.99,2,150,0.66,3,0.8036,0.0069,60.08,32.22,-8.05,-2.54,3.72,0.4314,0,0,0,0,1
1571,F02-ALG,F02,226.8,-17.34439,-49.77897,2023/2024,2024-02-17,48,100,frutificacao,0.7767,0.6934,15.84,51.34,0.0,18.6,80.67,22.58,47644.4,1,saudavel,2.99,2,150,0.6667,3,0.8034,-0.0014,57.11,24.17,-1.59,-2.76,3.6,0.4398,0,0,0,0,1
1572,F02-ALG,F02,226.8,-17.34439,-49.77897,2023/2024,2024-02-18,49,101,frutificacao,0.8084,0.7096,18.25,61.88,29.69,21.15,69.34,38.36,24686.9,0,saudavel,2.99,2,150,0.6733,3,0.8077,0.0297,73.45,22.58,15.78,-2.9,6.48,0.6199,0,0,0,0,1
1573,F02-ALG,F02,226.8,-17.34439,-49.77897,2023/2024,2024-02-19,50,102,frutificacao,0.7883,0.6525,17.15,61.09,8.71,19.26,73.68,37.17,43144.3,0,saudavel,2.99,2,150,0.68,3,0.7996,-0.0564,49.49,38.36,-1.19,-2.11,5.07,0.6084,0,0,0,0,1
1574,F02-ALG,F02,226.8,-17.34439,-49.77897,2023/2024,2024-02-20,51,103,frutificacao,0.7667,0.6586,19.48,55.93,0.0,21.83,69.41,29.19,47271.9,1,saudavel,2.99,2,150,0.6867,3,0.795,-0.0322,49.49,37.17,-7.98,-2.35,6.68,0.5219,0,0,0,0,1
1575,F02-ALG,F02,226.8,-17.34439,-49.77897,2023/2024,2024-02-21,52,104,frutificacao,0.7651,0.6964,16.1,56.55,10.58,18.99,79.84,29.05,41667.9,0,saudavel,2.99,2,150,0.6933,3,0.7878,-0.0506,48.98,29.19,-0.14,-2.89,3.83,0.5137,0,0,0,0,1
1576,F02-ALG,F02,226.8,-17.34439,-49.77897,2023/2024,2024-02-22,53,105,frutificacao,0.7504,0.6254,12.7,51.82,0.0,17.55,78.83,24.85,50660.8,1,saudavel,2.99,2,150,0.7,3,0.78,-0.0548,48.98,29.05,-4.2,-4.85,3.72,0.4795,0,0,0,0,1
1577,F02-ALG,F02,226.8,-17.34439,-49.77897,2023/2024,2024-02-23,54,106,frutificacao,0.7468,0.6346,15.4,62.83,30.71,17.61,77.56,39.84,25875.3,0,saudavel,2.99,2,150,0.7067,3,0.7718,-0.0574,79.69,24.85,14.99,-2.21,3.95,0.6341,0,0,0,0,1
1578,F02-ALG,F02,226.8,-17.34439,-49.77897,2023/2024,2024-02-24,55,107,frutificacao,0.7368,0.6365,14.99,57.61,0.0,18.54,76.46,33.34,47716.4,0,saudavel,2.99,2,150,0.7133,3,0.7661,-0.0399,79.69,39.84,-6.5,-3.55,4.36,0.5787,0,0,0,0,1
1579,F02-ALG,F02,226.8,-17.34439,-49.77897,2023/2024,2024-02-25,56,108,frutificacao,0.7364,0.6137,12.63,52.8,0.0,15.34,80.47,25.05,51115.9,1,saudavel,2.99,2,150,0.72,3,0.7558,-0.072,50.0,33.34,-8.29,-2.71,3.0,0.4744,0,0,0,0,1
1580,F02-ALG,F02,226.8,-17.34439,-49.77897,2023/2024,2024-02-26,57,109,frutificacao,0.7538,0.676,15.24,48.37,0.0,17.66,79.01,22.6,46741.1,1,saudavel,2.99,2,150,0.7267,3,0.7509,-0.0345,41.29,25.05,-2.45,-2.42,3.71,0.4672,0,0,0,0,1
1581,F02-ALG,F02,226.8,-17.34439,-49.77897,2023/2024,2024-02-27,58,110,frutificacao,0.6844,0.5723,16.83,44.3,0.0,17.66,74.66,19.63,46135.8,1,saudavel,2.99,2,150,0.7333,3,0.7391,-0.0823,41.29,22.6,-2.97,-0.83,4.48,0.4431,0,0,0,0,1
1582,F02-ALG,F02,226.8,-17.34439,-49.77897,2023/2024,2024-02-28,59,111,frutificacao,0.7199,0.5842,18.02,54.49,27.87,18.66,73.19,33.83,29412.3,0,saudavel,2.99,2,150,0.74,3,0.7326,-0.0452,58.58,19.63,14.2,-0.64,5.0,0.6208,0,0,0,0,1
1583,F02-ALG,F02,226.8,-17.34439,-49.77897,2023/2024,2024-02-29,60,112,frutificacao,0.6774,0.5653,18.16,54.39,9.16,21.18,74.39,33.97,36088.0,0,saudavel,2.99,2,150,0.7467,3,0.7222,-0.073,67.74,33.83,0.14,-3.02,5.42,0.6246,0,0,0,0,1
1584,F02-ALG,F02,226.8,-17.34439,-49.77897,2023/2024,2024-03-01,61,113,frutificacao,0.697,0.6055,14.73,59.5,19.33,18.32,75.28,41.27,26191.1,0,saudavel,2.99,3,150,0.7533,3,0.7151,-0.0498,56.36,33.97,7.3,-3.59,4.53,0.6936,0,0,0,0,0
1585,F02-ALG,F02,226.8,-17.34439,-49.77897,2023/2024,2024-03-02,62,114,frutificacao,0.6509,0.5373,13.8,54.52,0.0,15.33,88.16,31.55,43228.7,1,saudavel,2.99,3,150,0.76,3,0.7028,-0.0859,56.36,41.27,-9.72,-1.53,1.82,0.5787,0,0,0,0,0
1586,F02-ALG,F02,226.8,-17.34439,-49.77897,2023/2024,2024-03-03,63,115,frutificacao,0.6508,0.5593,15.2,55.11,10.36,16.82,74.87,34.82,38799.6,0,saudavel,2.99,3,150,0.7667,3,0.6906,-0.0856,66.72,31.55,3.27,-1.62,4.23,0.6318,0,0,0,0,0
1587,F02-ALG,F02,226.8,-17.34439,-49.77897,2023/2024,2024-03-04,64,116,frutificacao,0.6237,0.5414,15.74,61.71,22.54,18.55,77.02,43.59,32034.2,0,saudavel,2.99,3,150,0.7733,3,0.672,-0.1301,89.26,34.82,8.77,-2.81,4.26,0.7064,0,0,0,0,0
1588,F02-ALG,F02,226.8,-17.34439,-49.77897,2023/2024,2024-03-05,65,117,frutificacao,0.5757,0.4652,17.08,66.25,19.63,18.28,77.89,47.01,28156.5,0,saudavel,2.99,3,150,0.78,3,0.6565,-0.1087,108.89,43.59,3.42,-1.2,4.04,0.7096,0,0,0,0,0
1589,F02-ALG,F02,226.8,-17.34439,-49.77897,2023/2024,2024-03-06,66,118,frutificacao,0.6279,0.5224,19.5,77.08,32.91,20.55,81.02,57.87,27669.4,0,saudavel,2.99,3,150,0.7867,3,0.6433,-0.092,113.93,47.01,10.86,-1.05,3.9,0.7508,0,0,0,0,0
1590,F02-ALG,F02,226.8,-17.34439,-49.77897,2023/2024,2024-03-07,67,119,frutificacao,0.5564,0.4799,17.3,70.55,0.0,19.54,70.4,48.46,44181.4,0,saudavel,2.99,3,150,0.7933,3,0.6261,-0.121,104.77,57.87,-9.41,-2.24,5.78,0.6869,0,0,0,0,0
1591,F02-ALG,F02,226.8,-17.34439,-49.77897,2023/2024,2024-03-08,68,120,frutificacao,0.5586,0.4888,17.45,64.54,0.0,19.48,81.01,39.59,43401.8,0,saudavel,2.99,3,150,0.8,3,0.6063,-0.1384,85.44,48.46,-8.87,-2.03,3.7,0.6134,0,0,0,0,0
1592,F02-ALG,F02,226.8,-17.34439,-49.77897,2023/2024,2024-03-09,69,121,frutificacao,0.5171,0.4287,16.44,66.02,14.12,17.74,74.44,41.81,30633.9,0,saudavel,2.99,3,150,0.8067,3,0.5872,-0.1338,99.56,39.59,2.22,-1.3,4.53,0.6333,0,0,0,0,0
1593,F02-ALG,F02,226.8,-17.34439,-49.77897,2023/2024,2024-03-10,70,122,frutificacao,0.4923,0.4215,19.06,69.0,17.46,19.7,86.32,45.07,36372.0,0,saudavel,2.99,3,150,0.8133,3,0.5645,-0.1585,106.66,41.81,3.26,-0.64,2.69,0.6532,0,0,0,0,0
1594,F02-ALG,F02,226.8,-17.34439,-49.77897,2023/2024,2024-03-11,71,123,frutificacao,0.4958,0.4158,16.93,63.03,0.0,16.69,77.25,34.86,42235.3,0,saudavel,2.99,3,150,0.82,3,0.5463,-0.1279,84.12,45.07,-10.21,0.24,3.8,0.5531,0,0,0,0,0
1595,F02-ALG,F02,226.8,-17.34439,-49.77897,2023/2024,2024-03-12,72,124,frutificacao,0.4689,0.4131,18.93,57.49,0.0,19.48,67.43,28.7,38333.8,1,saudavel,2.99,3,150,0.8267,3,0.531,-0.1068,64.49,34.86,-6.16,-0.55,6.34,0.4992,0,0,0,0,0
1596,F02-ALG,F02,226.8,-17.34439,-49.77897,2023/2024,2024-03-13,73,125,frutificacao,0.4383,0.383,17.7,52.35,0.0,17.59,73.54,22.54,49345.4,1,saudavel,2.99,3,150,0.8333,3,0.5039,-0.1896,31.58,28.7,-6.16,0.11,4.65,0.4306,0,0,0,0,0
1597,F02-ALG,F02,226.8,-17.34439,-49.77897,2023/2024,2024-03-14,74,126,frutificacao,0.4423,0.3684,18.1,47.62,0.0,15.84,82.07,17.75,42795.1,1,saudavel,2.99,3,150,0.84,3,0.4876,-0.1141,31.58,22.54,-4.79,2.26,2.84,0.3727,0,0,0,0,0
1598,F02-ALG,F02,226.8,-17.34439,-49.77897,2023/2024,2024-03-15,75,127,frutificacao,0.395,0.3453,18.38,43.2,0.0,18.9,73.78,17.33,43651.5,1,saudavel,2.99,3,150,0.8467,3,0.4642,-0.1636,31.58,17.75,-0.42,-0.52,4.96,0.4012,0,0,0,0,0
1599,F02-ALG,F02,226.8,-17.34439,-49.77897,2023/2024,2024-03-16,76,128,maturacao,0.4092,0.3396,19.76,39.15,0.0,20.1,72.16,14.74,45940.0,0,saudavel,2.99,3,150,0.8533,4,0.4488,-0.1079,17.46,17.33,-2.59,-0.34,5.6,0.3765,0,0,0,0,0
1600,F02-ALG,F02,226.8,-17.34439,-49.77897,2023/2024,2024-03-17,77,129,maturacao,0.3869,0.3381,18.59,35.4,0.0,17.39,77.49,12.67,42378.4,0,saudavel,2.99,3,150,0.86,4,0.4338,-0.1054,0.0,14.74,-2.07,1.2,3.91,0.3579,0,0,0,0,0
1601,F02-ALG,F02,226.8,-17.34439,-49.77897,2023/2024,2024-03-18,78,130,maturacao,0.3233,0.2843,22.42,31.81,0.0,20.34,70.21,13.49,43098.9,0,atencao,2.99,3,150,0.8667,4,0.4091,-0.1725,0.0,12.67,0.82,2.08,6.06,0.4241,0,0,0,0,0
1602,F02-ALG,F02,226.8,-17.34439,-49.77897,2023/2024,2024-03-19,79,131,maturacao,0.3467,0.3421,16.81,28.59,0.0,15.52,73.59,10.75,39976.1,0,saudavel,2.99,3,150,0.8733,4,0.3917,-0.1222,0.0,13.49,-2.74,1.29,4.1,0.376,0,0,0,0,0
1603,F02-ALG,F02,226.8,-17.34439,-49.77897,2023/2024,2024-03-20,80,132,maturacao,0.3516,0.2921,18.86,25.63,0.0,16.21,69.31,8.12,41653.0,0,saudavel,2.99,3,150,0.88,4,0.3793,-0.0867,0.0,10.75,-2.63,2.65,4.97,0.3168,0,0,0,0,0
1604,F02-ALG,F02,226.8,-17.34439,-49.77897,2023/2024,2024-03-21,81,133,maturacao,0.3068,0.258,19.35,31.19,16.7,17.79,81.54,15.54,28106.7,0,saudavel,2.99,3,150,0.8867,4,0.3599,-0.1355,16.7,8.12,7.42,1.56,3.28,0.4982,0,0,0,0,0
1605,F02-ALG,F02,226.8,-17.34439,-49.77897,2023/2024,2024-03-22,82,134,maturacao,0.3251,0.2634,16.56,31.36,6.76,17.46,66.79,15.53,34302.3,0,saudavel,2.99,3,150,0.8933,4,0.3499,-0.0699,23.46,15.54,-0.01,-0.9,5.8,0.4952,0,0,0,0,0
1606,F02-ALG,F02,226.8,-17.34439,-49.77897,2023/2024,2024-03-23,83,135,maturacao,0.3112,0.2439,18.32,28.12,0.0,17.03,73.82,8.71,38726.6,0,saudavel,2.99,3,150,0.9,4,0.3359,-0.098,23.46,15.53,-6.82,1.29,4.46,0.3097,0,0,0,0,0
1607,F02-ALG,F02,226.8,-17.34439,-49.77897,2023/2024,2024-03-24,84,136,maturacao,0.2708,0.221,19.23,25.08,0.0,18.24,74.45,7.3,36815.8,0,saudavel,2.99,3,150,0.9067,4,0.3194,-0.1161,23.46,8.71,-1.41,0.99,4.66,0.2911,0,0,0,0,0
1608,F02-ALG,F02,226.8,-17.34439,-49.77897,2023/2024,2024-03-25,85,137,maturacao,0.2803,0.2515,20.12,31.12,17.66,17.26,72.38,14.55,28075.5,0,saudavel,2.99,3,150,0.9133,4,0.3132,-0.043,41.12,7.3,7.25,2.86,4.77,0.4675,0,0,0,0,0
1609,F02-ALG,F02,226.8,-17.34439,-49.77897,2023/2024,2024-03-26,86,138,maturacao,0.2873,0.2589,19.9,27.86,0.0,17.53,65.82,12.29,38790.3,0,saudavel,2.99,3,150,0.92,4,0.3047,-0.0594,41.12,14.55,-2.26,2.37,5.99,0.4411,0,0,0,0,0
1610,F02-ALG,F02,226.8,-17.34439,-49.77897,2023/2024,2024-03-27,87,139,maturacao,0.2443,0.2136,18.71,28.64,7.68,18.5,66.32,13.92,34656.2,0,saudavel,2.99,3,150,0.9267,4,0.2894,-0.1073,48.8,12.29,1.63,0.21,6.23,0.486,0,0,0,0,0
1611,F02-ALG,F02,226.8,-17.34439,-49.77897,2023/2024,2024-03-28,88,140,maturacao,0.2495,0.2062,20.2,30.83,10.61,17.1,74.58,17.43,32017.9,0,saudavel,2.99,3,150,0.9333,4,0.2812,-0.0573,42.71,13.92,3.51,3.1,4.35,0.5654,0,0,0,0,0
1612,F02-ALG,F02,226.8,-17.34439,-49.77897,2023/2024,2024-03-29,89,141,maturacao,0.2692,0.2189,20.47,27.57,0.0,17.96,67.35,13.19,42206.8,0,saudavel,2.99,3,150,0.94,4,0.2732,-0.0559,35.95,17.43,-4.24,2.51,5.86,0.4784,0,0,0,0,0
1613,F02-ALG,F02,226.8,-17.34439,-49.77897,2023/2024,2024-03-30,90,142,maturacao,0.2222,0.1706,18.85,24.49,0.0,17.17,61.17,11.77,39006.7,0,saudavel,2.99,3,150,0.9467,4,0.2605,-0.089,35.95,13.19,-1.42,1.68,6.67,0.4806,0,0,0,0,0
1614,F02-ALG,F02,226.8,-17.34439,-49.77897,2023/2024,2024-03-31,91,143,maturacao,0.2424,0.1949,18.09,21.7,0.0,16.35,73.76,10.38,34870.2,0,saudavel,2.99,3,150,0.9533,4,0.2565,-0.0284,35.95,11.77,-1.39,1.74,4.29,0.4783,0,0,0,0,0
1615,F02-ALG,F02,226.8,-17.34439,-49.77897,2023/2024,2024-04-01,92,144,maturacao,0.2061,0.1493,22.87,27.93,17.71,19.33,65.49,18.82,26124.7,0,atencao,2.99,4,150,0.96,4,0.2459,-0.0742,36.0,10.38,8.44,3.54,6.67,0.6738,0,0,0,0,0
1616,F02-ALG,F02,226.8,-17.34439,-49.77897,2023/2024,2024-04-02,93,145,maturacao,0.2194,0.2137,20.83,24.73,0.0,20.77,71.95,12.83,39019.4,0,saudavel,2.99,4,150,0.9667,4,0.2362,-0.0679,36.0,18.82,-5.99,0.06,5.83,0.5188,0,0,0,0,0
1617,F02-ALG,F02,226.8,-17.34439,-49.77897,2023/2024,2024-04-03,94,146,colheita,0.227,0.2297,22.24,22.81,1.84,19.84,68.15,11.99,30520.2,0,saudavel,2.99,4,150,0.9733,5,0.2337,-0.0173,30.16,12.83,-0.84,2.4,6.32,0.5256,0,0,0,0,0
1618,F02-ALG,F02,226.8,-17.34439,-49.77897,2023/2024,2024-04-04,95,147,colheita,0.1659,0.1023,22.37,20.04,0.0,18.77,68.36,7.13,40118.4,0,atencao,2.99,4,150,0.98,5,0.2217,-0.0836,19.55,11.99,-4.86,3.6,5.94,0.3558,0,0,0,0,0
1619,F02-ALG,F02,226.8,-17.34439,-49.77897,2023/2024,2024-04-05,96,148,colheita,0.1997,0.1755,19.45,17.53,0.0,17.34,70.53,5.0,31401.1,0,saudavel,2.99,4,150,0.9867,5,0.2118,-0.0695,19.55,7.13,-2.13,2.11,5.11,0.2852,0,0,0,0,0
1620,F02-ALG,F02,226.8,-17.34439,-49.77897,2023/2024,2024-04-06,97,149,colheita,0.2156,0.1888,20.61,20.91,11.31,17.9,64.05,8.88,29784.2,1,saudavel,2.99,4,150,0.9933,5,0.2109,-0.0066,30.86,5.0,3.88,2.71,6.44,0.4247,0,0,0,0,0
1621,F02-ALG,F02,226.8,-17.34439,-49.77897,2024/2025,2024-11-01,306,0,germinacao,0.204,0.1615,30.2,45.0,3.64,26.67,76.07,43.34,48547.4,0,saudavel,3.39,11,150,0.0,0,0.204,0.0,3.64,43.34,0.0,3.53,6.38,0.9631,0,0,0,1,0
1622,F02-ALG,F02,226.8,-17.34439,-49.77897,2024/2025,2024-11-02,307,1,germinacao,0.207,0.1483,29.18,39.63,0.0,26.67,74.78,34.24,52495.2,0,saudavel,3.39,11,150,0.0067,0,0.2055,0.0,3.64,43.34,-9.1,2.51,6.73,0.864,0,0,0,1,0
1623,F02-ALG,F02,226.8,-17.34439,-49.77897,2024/2025,2024-11-03,308,2,germinacao,0.228,0.1771,32.36,34.62,0.0,28.19,69.45,27.22,58770.5,1,saudavel,3.39,11,150,0.0133,0,0.213,0.0,3.64,34.24,-7.02,4.17,8.61,0.7863,0,0,0,1,0
1624,F02-ALG,F02,226.8,-17.34439,-49.77897,2024/2025,2024-11-04,309,3,germinacao,0.1821,0.1464,29.5,29.91,0.0,28.41,72.79,16.9,60023.8,1,saudavel,3.39,11,150,0.02,0,0.2053,0.0,3.64,27.22,-10.32,1.09,7.73,0.565,0,0,0,1,0
1625,F02-ALG,F02,226.8,-17.34439,-49.77897,2024/2025,2024-11-05,310,4,germinacao,0.193,0.1611,30.17,25.85,0.0,26.34,65.0,11.09,45830.0,1,saudavel,3.39,11,150,0.0267,0,0.2028,0.0,3.64,16.9,-5.81,3.83,9.22,0.429,0,0,0,1,0
1626,F02-ALG,F02,226.8,-17.34439,-49.77897,2024/2025,2024-11-06,311,5,germinacao,0.1694,0.1307,29.91,21.87,0.0,28.04,71.95,5.0,55723.3,1,saudavel,3.39,11,150,0.0333,0,0.1972,0.0,3.64,11.09,-6.09,1.87,7.87,0.2286,0,0,0,1,0
1627,F02-ALG,F02,226.8,-17.34439,-49.77897,2024/2025,2024-11-07,312,6,germinacao,0.134,0.1577,32.01,18.12,0.0,28.35,64.71,5.0,57369.7,1,critico,3.39,11,150,0.04,0,0.1882,0.0,3.64,5.0,0.0,3.66,10.0,0.2759,0,0,0,1,0
1628,F02-ALG,F02,226.8,-17.34439,-49.77897,2024/2025,2024-11-08,313,7,germinacao,0.1838,0.131,27.81,15.05,0.0,25.76,76.25,5.0,54098.1,1,saudavel,3.39,11,150,0.0467,0,0.1853,-0.0202,0.0,5.0,0.0,2.05,6.12,0.3322,0,0,0,1,0
1629,F02-ALG,F02,226.8,-17.34439,-49.77897,2024/2025,2024-11-09,314,8,germinacao,0.1621,0.162,30.57,22.12,20.35,27.91,66.99,6.57,39120.6,0,atencao,3.39,11,150,0.0533,0,0.1789,-0.0449,20.35,5.0,1.57,2.66,9.21,0.297,0,0,0,1,0
1630,F02-ALG,F02,226.8,-17.34439,-49.77897,2024/2025,2024-11-10,315,9,germinacao,0.1988,0.1657,29.24,18.68,0.0,26.43,74.42,5.0,60177.8,1,saudavel,3.39,11,150,0.06,0,0.1747,-0.0292,20.35,6.57,-1.57,2.81,6.76,0.2677,0,0,0,1,0
1631,F02-ALG,F02,226.8,-17.34439,-49.77897,2024/2025,2024-11-11,316,10,germinacao,0.149,0.1135,29.65,15.29,0.0,27.61,74.64,5.0,60177.8,1,atencao,3.39,11,150,0.0667,0,0.17,-0.0331,20.35,5.0,0.0,2.04,7.0,0.327,0,0,0,1,0
1632,F02-ALG,F02,226.8,-17.34439,-49.77897,2024/2025,2024-11-12,317,11,germinacao,0.1727,0.1585,31.67,39.78,55.33,28.42,73.07,34.41,28233.8,0,saudavel,3.39,11,150,0.0733,0,0.1671,-0.0203,75.68,5.0,29.41,3.25,7.65,0.865,0,0,0,1,0
1633,F02-ALG,F02,226.8,-17.34439,-49.77897,2024/2025,2024-11-13,318,12,germinacao,0.1938,0.1556,28.98,37.66,5.62,26.99,70.53,30.24,56516.3,0,saudavel,3.39,11,150,0.08,0,0.1706,0.0244,81.3,34.41,-4.17,1.99,7.95,0.803,0,0,0,1,0
1634,F02-ALG,F02,226.8,-17.34439,-49.77897,2024/2025,2024-11-14,319,13,germinacao,0.1969,0.1512,30.94,53.02,40.6,28.53,71.85,50.14,24334.2,0,saudavel,3.39,11,150,0.0867,0,0.1796,0.0629,121.9,30.24,19.9,2.41,8.03,0.9457,0,0,0,1,0
1635,F02-ALG,F02,226.8,-17.34439,-49.77897,2024/2025,2024-11-15,320,14,germinacao,0.1897,0.197,27.91,46.87,0.0,28.26,79.1,38.01,55956.7,0,saudavel,3.39,11,150,0.0933,0,0.1804,0.0059,121.9,50.14,-12.13,-0.35,5.91,0.811,0,0,0,1,0
1636,F02-ALG,F02,226.8,-17.34439,-49.77897,2024/2025,2024-11-16,321,15,vegetativo,0.2293,0.151,29.95,52.82,23.11,28.35,71.15,43.18,33400.2,0,saudavel,3.39,11,150,0.1,1,0.19,0.0672,124.66,38.01,5.17,1.6,8.18,0.8175,0,0,0,1,0
1637,F02-ALG,F02,226.8,-17.34439,-49.77897,2024/2025,2024-11-17,322,16,vegetativo,0.2249,0.1862,30.74,63.83,33.99,27.5,74.01,54.62,31506.6,0,saudavel,3.39,11,150,0.1067,1,0.1938,0.0261,158.65,43.18,11.44,3.24,7.15,0.8557,0,0,0,1,0
1638,F02-ALG,F02,226.8,-17.34439,-49.77897,2024/2025,2024-11-18,323,17,vegetativo,0.1815,0.158,31.52,61.35,9.15,28.46,70.68,49.83,51792.9,0,saudavel,3.39,11,150,0.1133,1,0.1984,0.0325,167.8,54.62,-4.79,3.06,8.34,0.8122,0,0,0,1,0
1639,F02-ALG,F02,226.8,-17.34439,-49.77897,2024/2025,2024-11-19,324,18,vegetativo,0.2292,0.223,30.11,54.71,0.0,28.46,79.38,38.51,57567.2,0,saudavel,3.39,11,150,0.12,1,0.2065,0.0565,112.47,49.83,-11.32,1.65,5.87,0.7039,0,0,0,1,0
1640,F02-ALG,F02,226.8,-17.34439,-49.77897,2024/2025,2024-11-20,325,19,vegetativo,0.2344,0.1912,26.06,48.99,0.0,24.12,76.69,29.4,57358.0,1,saudavel,3.39,11,150,0.1267,1,0.2123,0.0406,106.85,38.51,-9.11,1.94,5.62,0.6001,0,0,0,1,0
1641,F02-ALG,F02,226.8,-17.34439,-49.77897,2024/2025,2024-11-21,326,20,vegetativo,0.199,0.2224,29.22,43.53,0.0,25.34,71.87,22.69,52279.7,1,saudavel,3.39,11,150,0.1333,1,0.2126,0.0021,66.25,29.4,-6.71,3.88,7.13,0.5212,0,0,0,1,0
1642,F02-ALG,F02,226.8,-17.34439,-49.77897,2024/2025,2024-11-22,327,21,vegetativo,0.205,0.1895,28.56,38.42,0.0,26.12,75.37,19.24,61876.5,1,saudavel,3.39,11,150,0.14,1,0.2148,0.0153,66.25,22.69,-3.45,2.44,6.43,0.5008,0,0,0,1,0
1643,F02-ALG,F02,226.8,-17.34439,-49.77897,2024/2025,2024-11-23,328,22,vegetativo,0.206,0.1278,27.69,44.7,21.97,26.21,74.19,28.04,35555.1,0,saudavel,3.39,11,150,0.1467,1,0.2114,-0.0233,65.11,19.24,8.8,1.48,6.76,0.6273,0,0,0,1,0
1644,F02-ALG,F02,226.8,-17.34439,-49.77897,2024/2025,2024-11-24,329,23,vegetativo,0.1974,0.1388,29.86,55.64,32.47,26.78,82.13,41.46,28538.8,0,saudavel,3.39,11,150,0.1533,1,0.2075,-0.0275,63.59,28.04,13.42,3.08,4.79,0.7451,0,0,0,1,0
1645,F02-ALG,F02,226.8,-17.34439,-49.77897,2024/2025,2024-11-25,330,24,vegetativo,0.2031,0.1774,28.03,49.7,0.0,24.94,76.15,34.98,61000.0,0,saudavel,3.39,11,150,0.16,1,0.2106,0.0216,54.44,41.46,-6.48,3.09,5.95,0.7038,0,0,0,1,0
1646,F02-ALG,F02,226.8,-17.34439,-49.77897,2024/2025,2024-11-26,331,25,vegetativo,0.2445,0.1849,31.49,43.81,0.0,29.06,67.09,28.18,58825.9,1,saudavel,3.39,11,150,0.1667,1,0.2128,0.0153,54.44,34.98,-6.8,2.43,9.56,0.6432,0,0,0,1,0
1647,F02-ALG,F02,226.8,-17.34439,-49.77897,2024/2025,2024-11-27,332,26,vegetativo,0.2314,0.2076,27.31,38.75,0.0,25.8,78.56,22.87,61387.0,1,saudavel,3.39,11,150,0.1733,1,0.2123,-0.003,54.44,28.18,-5.31,1.51,5.53,0.5902,0,0,0,1,0
1648,F02-ALG,F02,226.8,-17.34439,-49.77897,2024/2025,2024-11-28,333,27,vegetativo,0.2166,0.175,28.17,51.26,34.37,25.84,85.06,38.29,31066.2,0,saudavel,3.39,11,150,0.18,1,0.2149,0.0176,88.81,22.87,15.42,2.33,3.86,0.747,0,0,0,1,0
1649,F02-ALG,F02,226.8,-17.34439,-49.77897,2024/2025,2024-11-29,334,28,vegetativo,0.2147,0.1586,28.21,45.71,0.0,24.75,82.87,28.62,59254.1,1,saudavel,3.39,11,150,0.1867,1,0.2162,0.0097,88.81,38.29,-9.67,3.46,4.24,0.6261,0,0,0,1,0
1650,F02-ALG,F02,226.8,-17.34439,-49.77897,2024/2025,2024-11-30,335,29,vegetativo,0.2242,0.1713,26.61,46.34,11.29,24.15,71.82,26.28,48641.4,0,saudavel,3.39,11,150,0.1933,1,0.2188,0.0182,78.13,28.62,-2.34,2.46,6.81,0.5671,0,0,0,1,0
1651,F02-ALG,F02,226.8,-17.34439,-49.77897,2024/2025,2024-12-01,336,30,vegetativo,0.2429,0.2235,25.7,41.15,0.0,25.37,75.35,21.08,55518.4,1,saudavel,3.39,12,150,0.2,1,0.2253,0.0455,45.66,26.28,-5.2,0.33,6.25,0.5123,0,0,0,0,1
1652,F02-ALG,F02,226.8,-17.34439,-49.77897,2024/2025,2024-12-02,337,31,vegetativo,0.2719,0.1907,26.42,36.41,0.0,25.5,76.55,15.51,58553.0,1,saudavel,3.39,12,150,0.2067,1,0.2352,0.0688,45.66,21.08,-5.57,0.92,5.98,0.426,0,0,0,0,1
1653,F02-ALG,F02,226.8,-17.34439,-49.77897,2024/2025,2024-12-03,338,32,vegetativo,0.2446,0.2288,26.35,32.03,0.0,25.23,76.86,8.12,62359.3,1,saudavel,3.39,12,150,0.2133,1,0.2352,0.0001,45.66,15.51,-7.39,1.12,5.84,0.2535,0,0,0,0,1
1654,F02-ALG,F02,226.8,-17.34439,-49.77897,2024/2025,2024-12-04,339,33,vegetativo,0.2888,0.267,28.39,27.78,0.0,27.74,77.43,6.26,56512.6,1,saudavel,3.39,12,150,0.22,1,0.2434,0.0574,45.66,8.12,-1.86,0.65,6.26,0.2253,0,0,0,0,1
1655,F02-ALG,F02,226.8,-17.34439,-49.77897,2024/2025,2024-12-05,340,34,vegetativo,0.2845,0.2352,24.29,24.18,0.0,24.97,75.55,5.0,57158.0,1,saudavel,3.39,12,150,0.2267,1,0.2531,0.0679,11.29,6.26,-1.26,-0.68,6.11,0.2068,0,0,0,0,1
1656,F02-ALG,F02,226.8,-17.34439,-49.77897,2024/2025,2024-12-06,341,35,vegetativo,0.294,0.2218,28.17,20.9,0.0,24.92,72.79,5.0,56754.2,1,saudavel,3.39,12,150,0.2333,1,0.2644,0.0793,11.29,5.0,0.0,3.25,6.78,0.2392,0,0,0,0,1
1657,F02-ALG,F02,226.8,-17.34439,-49.77897,2024/2025,2024-12-07,342,36,vegetativo,0.3231,0.2857,26.39,17.77,0.0,26.17,81.44,5.0,59936.5,1,saudavel,3.39,12,150,0.24,1,0.2785,0.0989,0.0,5.0,0.0,0.22,4.86,0.2814,0,0,0,0,1
1658,F02-ALG,F02,226.8,-17.34439,-49.77897,2024/2025,2024-12-08,343,37,vegetativo,0.3318,0.2723,24.8,21.44,12.68,24.59,72.09,5.0,51171.8,0,saudavel,3.39,12,150,0.2467,1,0.2912,0.0889,12.68,5.0,0.0,0.21,6.86,0.2332,0,0,0,0,1
1659,F02-ALG,F02,226.8,-17.34439,-49.77897,2024/2025,2024-12-09,344,38,vegetativo,0.3,0.2247,24.91,23.08,9.55,25.56,73.18,8.49,51777.0,0,atencao,3.39,12,150,0.2533,1,0.2953,0.0281,22.23,5.0,3.49,-0.65,6.86,0.3679,0,0,0,0,1
1660,F02-ALG,F02,226.8,-17.34439,-49.77897,2024/2025,2024-12-10,345,39,vegetativo,0.3205,0.3106,24.71,20.19,0.0,22.73,73.3,5.53,53158.7,1,saudavel,3.39,12,150,0.26,1,0.3061,0.0759,22.23,8.49,-2.96,1.98,6.07,0.2739,0,0,0,0,1
1661,F02-ALG,F02,226.8,-17.34439,-49.77897,2024/2025,2024-12-11,346,40,vegetativo,0.3526,0.282,23.37,17.59,0.0,22.63,82.12,5.0,61694.4,1,saudavel,3.39,12,150,0.2667,1,0.3152,0.0638,22.23,5.53,-0.53,0.74,4.05,0.2843,0,0,0,0,1
1662,F02-ALG,F02,226.8,-17.34439,-49.77897,2024/2025,2024-12-12,347,41,vegetativo,0.3801,0.2936,24.85,14.99,0.0,24.62,78.46,5.0,58474.9,1,saudavel,3.39,12,150,0.2733,1,0.3289,0.0956,22.23,5.0,0.0,0.23,5.3,0.3336,0,0,0,0,1
1663,F02-ALG,F02,226.8,-17.34439,-49.77897,2024/2025,2024-12-13,348,42,vegetativo,0.4168,0.36,23.94,23.06,20.64,23.99,82.78,13.97,40786.6,0,saudavel,3.39,12,150,0.28,1,0.3464,0.1228,42.87,5.0,8.97,-0.05,4.13,0.6058,0,0,0,0,1
1664,F02-ALG,F02,226.8,-17.34439,-49.77897,2024/2025,2024-12-14,349,43,vegetativo,0.408,0.3455,23.93,43.14,45.76,23.02,75.06,38.88,29495.5,0,saudavel,3.39,12,150,0.2867,1,0.3585,0.0849,88.63,13.97,24.91,0.91,5.74,0.9013,0,0,0,0,1
1665,F02-ALG,F02,226.8,-17.34439,-49.77897,2024/2025,2024-12-15,350,44,vegetativo,0.4587,0.4196,23.7,39.42,1.5,24.31,72.0,32.59,55839.5,0,saudavel,3.39,12,150,0.2933,1,0.3767,0.1269,77.45,38.88,-6.29,-0.61,6.81,0.8267,0,0,0,0,1
1666,F02-ALG,F02,226.8,-17.34439,-49.77897,2024/2025,2024-12-16,351,45,vegetativo,0.4288,0.3569,22.49,35.18,0.0,24.34,76.07,32.59,59735.8,1,saudavel,3.39,12,150,0.3,1,0.3951,0.1288,67.9,32.59,0.0,-1.85,5.82,0.9264,0,0,0,0,1
1667,F02-ALG,F02,226.8,-17.34439,-49.77897,2024/2025,2024-12-17,352,46,vegetativo,0.451,0.3759,21.51,41.93,20.85,22.86,78.3,30.31,37802.6,0,saudavel,3.39,12,150,0.3067,1,0.4137,0.1305,88.75,32.59,-2.28,-1.35,4.96,0.7229,0,0,0,0,1
1668,F02-ALG,F02,226.8,-17.34439,-49.77897,2024/2025,2024-12-18,353,47,vegetativo,0.4746,0.4101,21.43,47.86,20.27,23.04,80.19,38.62,40641.2,0,saudavel,3.39,12,150,0.3133,1,0.4311,0.122,109.02,30.31,8.31,-1.61,4.56,0.8069,0,0,0,0,1
1669,F02-ALG,F02,226.8,-17.34439,-49.77897,2024/2025,2024-12-19,354,48,vegetativo,0.4836,0.415,23.96,55.23,24.31,24.04,70.16,47.13,33029.9,0,saudavel,3.39,12,150,0.32,1,0.4459,0.1035,133.33,38.62,8.51,-0.08,7.17,0.8533,0,0,0,0,1
1670,F02-ALG,F02,226.8,-17.34439,-49.77897,2024/2025,2024-12-20,355,49,vegetativo,0.5423,0.4655,22.13,66.23,32.12,22.08,82.17,59.42,26625.7,0,saudavel,3.39,12,150,0.3267,1,0.4639,0.1255,144.81,47.13,12.29,0.05,3.94,0.8972,0,0,0,0,1
1671,F02-ALG,F02,226.8,-17.34439,-49.77897,2024/2025,2024-12-21,356,50,vegetativo,0.4827,0.4158,23.73,78.25,36.22,22.6,75.02,71.52,32194.7,0,atencao,3.39,12,150,0.3333,1,0.4745,0.0747,135.27,59.42,12.1,1.13,5.65,0.914,0,0,0,0,1
1672,F02-ALG,F02,226.8,-17.34439,-49.77897,2024/2025,2024-12-22,357,51,vegetativo,0.5468,0.4681,21.65,71.11,0.0,24.21,75.32,56.46,32194.7,0,saudavel,3.39,12,150,0.34,1,0.4871,0.0881,133.77,71.52,-15.06,-2.56,5.98,0.794,0,0,0,0,1
1673,F02-ALG,F02,226.8,-17.34439,-49.77897,2024/2025,2024-12-23,358,52,vegetativo,0.5982,0.5001,22.51,65.76,2.06,23.27,85.0,46.35,59650.7,1,saudavel,3.39,12,150,0.3467,1,0.5113,0.1694,135.83,56.46,-10.11,-0.76,3.49,0.7048,0,0,0,0,1
1674,F02-ALG,F02,226.8,-17.34439,-49.77897,2024/2025,2024-12-24,359,53,floracao,0.5868,0.5155,20.59,75.16,30.57,22.49,68.71,56.96,28028.8,0,saudavel,3.39,12,150,0.3533,2,0.5307,0.1358,145.55,46.35,10.61,-1.9,7.04,0.7578,0,0,0,0,1
1675,F02-ALG,F02,226.8,-17.34439,-49.77897,2024/2025,2024-12-25,360,54,floracao,0.6318,0.5298,22.98,83.34,29.31,21.75,81.69,66.43,28427.9,0,saudavel,3.39,12,150,0.36,2,0.5532,0.1572,154.59,56.96,9.47,1.23,3.98,0.7971,0,0,0,0,1
1676,F02-ALG,F02,226.8,-17.34439,-49.77897,2024/2025,2024-12-26,361,55,floracao,0.6708,0.5863,20.82,79.57,6.53,21.48,81.84,58.87,51323.6,1,saudavel,3.39,12,150,0.3667,2,0.5799,0.1872,136.81,66.43,-7.56,-0.66,3.9,0.7399,0,0,0,0,1
1677,F02-ALG,F02,226.8,-17.34439,-49.77897,2024/2025,2024-12-27,362,56,floracao,0.6442,0.5753,22.6,72.65,0.0,22.7,75.43,46.16,62518.9,0,saudavel,3.39,12,150,0.3733,2,0.5945,0.1019,104.69,58.87,-12.71,-0.1,5.58,0.6354,0,0,0,0,1
1678,F02-ALG,F02,226.8,-17.34439,-49.77897,2024/2025,2024-12-28,363,57,floracao,0.6809,0.5652,24.51,65.96,0.0,25.83,75.41,37.89,57326.0,0,saudavel,3.39,12,150,0.38,2,0.6228,0.1982,68.47,46.16,-8.27,-1.32,6.35,0.5744,0,0,0,0,1
1679,F02-ALG,F02,226.8,-17.34439,-49.77897,2024/2025,2024-12-29,364,58,floracao,0.72,0.6601,21.44,60.14,0.0,23.54,85.12,27.84,62400.6,1,saudavel,3.39,12,150,0.3867,2,0.6475,0.1732,68.47,37.89,-10.05,-2.1,3.5,0.4629,0,0,0,0,1
1680,F02-ALG,F02,226.8,-17.34439,-49.77897,2024/2025,2024-12-30,365,59,floracao,0.6928,0.5746,17.96,55.09,0.0,20.59,90.6,22.05,61600.3,1,saudavel,3.39,12,150,0.3933,2,0.661,0.0946,66.41,27.84,-5.79,-2.63,1.94,0.4003,0,0,0,0,1
1681,F02-ALG,F02,226.8,-17.34439,-49.77897,2024/2025,2024-12-31,366,60,floracao,0.6961,0.5776,20.69,72.15,44.09,23.55,84.33,44.27,33525.5,0,saudavel,3.39,12,150,0.4,2,0.6767,0.1093,79.93,22.05,22.22,-2.86,3.69,0.6136,0,0,0,0,1
1682,F02-ALG,F02,226.8,-17.34439,-49.77897,2024/2025,2025-01-01,1,61,floracao,0.7265,0.6284,18.02,66.1,0.0,21.35,89.75,34.66,62814.1,0,saudavel,3.39,1,150,0.4067,2,0.6902,0.0947,50.62,44.27,-9.61,-3.33,2.19,0.5244,0,0,0,0,1
1683,F02-ALG,F02,226.8,-17.34439,-49.77897,2024/2025,2025-01-02,2,62,floracao,0.7427,0.6401,20.32,70.08,19.28,22.39,76.24,43.36,42045.0,0,saudavel,3.39,1,150,0.4133,2,0.7005,0.0719,63.37,34.66,8.7,-2.07,5.32,0.6187,0,0,0,0,1
1684,F02-ALG,F02,226.8,-17.34439,-49.77897,2024/2025,2025-01-03,3,63,floracao,0.728,0.6202,20.42,64.2,0.0,21.41,72.36,32.99,55070.3,0,saudavel,3.39,1,150,0.42,2,0.7124,0.0838,63.37,43.36,-10.37,-0.99,5.92,0.5139,0,0,0,0,1
1685,F02-ALG,F02,226.8,-17.34439,-49.77897,2024/2025,2025-01-04,4,64,floracao,0.728,0.6351,22.32,58.33,0.0,25.23,77.69,24.86,61223.5,1,saudavel,3.39,1,150,0.4267,2,0.7192,0.0471,63.37,32.99,-8.13,-2.91,5.63,0.4262,0,0,0,0,1
1686,F02-ALG,F02,226.8,-17.34439,-49.77897,2024/2025,2025-01-05,5,65,floracao,0.7801,0.6681,16.65,72.53,38.14,20.4,84.86,45.69,29998.3,0,saudavel,3.39,1,150,0.4333,2,0.7277,0.0601,101.51,24.86,20.83,-3.75,3.09,0.6299,0,0,0,0,1
1687,F02-ALG,F02,226.8,-17.34439,-49.77897,2024/2025,2025-01-06,6,66,floracao,0.7477,0.6769,18.26,66.83,0.95,22.47,70.29,36.89,57151.9,0,saudavel,3.39,1,150,0.44,2,0.7356,0.0549,102.46,45.69,-8.8,-4.21,6.68,0.552,0,0,0,0,1
1688,F02-ALG,F02,226.8,-17.34439,-49.77897,2024/2025,2025-01-07,7,67,floracao,0.7837,0.6651,18.07,62.6,2.64,20.87,75.87,31.94,60591.2,1,saudavel,3.39,1,150,0.4467,2,0.7481,0.0876,61.01,36.89,-4.95,-2.8,5.04,0.5102,0,0,0,0,1
1689,F02-ALG,F02,226.8,-17.34439,-49.77897,2024/2025,2025-01-08,8,68,floracao,0.7712,0.6384,21.2,83.09,51.77,20.87,75.17,61.48,29046.0,0,saudavel,3.39,1,150,0.4533,2,0.7545,0.0447,112.78,31.94,29.54,0.33,5.18,0.7399,0,0,0,0,1
1690,F02-ALG,F02,226.8,-17.34439,-49.77897,2024/2025,2025-01-09,9,69,floracao,0.8079,0.6757,20.16,79.58,6.77,22.15,81.45,55.48,50649.9,0,saudavel,3.39,1,150,0.46,2,0.7638,0.0652,100.27,61.48,-6.0,-1.99,4.11,0.6972,0,0,0,0,1
1691,F02-ALG,F02,226.8,-17.34439,-49.77897,2024/2025,2025-01-10,10,70,floracao,0.7593,0.6548,22.04,72.73,0.0,23.5,79.96,44.16,62139.8,0,saudavel,3.39,1,150,0.4667,2,0.7683,0.0313,100.27,55.48,-11.32,-1.46,4.71,0.6072,0,0,0,0,1
1692,F02-ALG,F02,226.8,-17.34439,-49.77897,2024/2025,2025-01-11,11,71,floracao,0.7636,0.6588,20.14,76.76,20.41,22.6,75.45,48.8,37476.0,0,saudavel,3.39,1,150,0.4733,2,0.7734,0.0356,120.68,44.16,4.64,-2.46,5.55,0.6357,0,0,0,0,1
1693,F02-ALG,F02,226.8,-17.34439,-49.77897,2024/2025,2025-01-12,12,72,floracao,0.8017,0.6855,17.26,70.42,0.0,20.39,81.51,40.56,56773.5,0,saudavel,3.39,1,150,0.48,2,0.7764,0.0216,82.54,48.8,-8.24,-3.13,3.77,0.576,0,0,0,0,1
1694,F02-ALG,F02,226.8,-17.34439,-49.77897,2024/2025,2025-01-13,13,73,floracao,0.7655,0.6336,24.1,72.72,17.35,25.71,71.64,44.53,38109.3,0,saudavel,3.39,1,150,0.4867,2,0.779,0.0178,98.94,40.56,3.97,-1.61,7.29,0.6123,0,0,0,0,1
1695,F02-ALG,F02,226.8,-17.34439,-49.77897,2024/2025,2025-01-14,14,74,floracao,0.7935,0.6966,17.82,71.39,9.49,22.07,77.37,42.38,46559.5,0,saudavel,3.39,1,150,0.4933,2,0.7804,0.0098,105.79,44.53,-2.15,-4.25,4.99,0.5936,0,0,0,0,1
1696,F02-ALG,F02,226.8,-17.34439,-49.77897,2024/2025,2025-01-15,15,75,floracao,0.8248,0.7399,16.46,67.78,4.59,20.32,74.17,38.01,51440.6,0,saudavel,3.39,1,150,0.5,2,0.788,0.0536,58.61,42.38,-4.37,-3.86,5.25,0.5608,0,0,0,0,1
1697,F02-ALG,F02,226.8,-17.34439,-49.77897,2024/2025,2025-01-16,16,76,floracao,0.7606,0.6471,20.23,68.05,11.84,21.37,79.06,39.12,48361.4,0,saudavel,3.39,1,150,0.5067,2,0.7813,-0.0473,63.68,38.01,1.11,-1.14,4.47,0.5749,0,0,0,0,1
1698,F02-ALG,F02,226.8,-17.34439,-49.77897,2024/2025,2025-01-17,17,77,floracao,0.8064,0.7216,17.58,66.48,8.19,21.92,75.42,36.98,46829.5,0,saudavel,3.39,1,150,0.5133,2,0.788,0.0471,71.87,39.12,-2.14,-4.34,5.39,0.5563,0,0,0,0,1
1699,F02-ALG,F02,226.8,-17.34439,-49.77897,2024/2025,2025-01-18,18,78,floracao,0.8243,0.718,18.32,63.1,4.28,21.77,82.9,31.94,47922.6,0,saudavel,3.39,1,150,0.52,2,0.7967,0.0607,55.74,36.98,-5.04,-3.45,3.72,0.5062,0,0,0,0,1
1700,F02-ALG,F02,226.8,-17.34439,-49.77897,2024/2025,2025-01-19,19,79,floracao,0.8011,0.7253,18.96,68.49,21.26,21.54,79.39,40.86,37992.0,0,saudavel,3.39,1,150,0.5267,2,0.7966,-0.0006,77.0,31.94,8.92,-2.58,4.44,0.5966,0,0,0,0,1
1701,F02-ALG,F02,226.8,-17.34439,-49.77897,2024/2025,2025-01-20,20,80,floracao,0.7843,0.6761,19.18,70.3,15.15,22.16,77.95,43.43,40898.2,0,saudavel,3.39,1,150,0.5333,2,0.7993,0.0188,74.8,40.86,2.57,-2.98,4.89,0.6178,0,0,0,0,1
1702,F02-ALG,F02,226.8,-17.34439,-49.77897,2024/2025,2025-01-21,21,81,floracao,0.7987,0.6816,19.88,64.45,0.0,21.92,87.99,32.19,57031.4,0,saudavel,3.39,1,150,0.54,2,0.8,0.0052,65.31,43.43,-11.24,-2.04,2.63,0.4995,0,0,0,0,1
1703,F02-ALG,F02,226.8,-17.34439,-49.77897,2024/2025,2025-01-22,22,82,floracao,0.788,0.6866,17.7,59.09,0.0,19.26,82.59,24.89,60740.9,1,saudavel,3.39,1,150,0.5467,2,0.7948,-0.0368,60.72,32.19,-7.3,-1.56,3.35,0.4212,0,0,0,0,1
1704,F02-ALG,F02,226.8,-17.34439,-49.77897,2024/2025,2025-01-23,23,83,frutificacao,0.8067,0.677,20.83,58.9,9.93,23.61,76.14,25.59,47536.7,0,saudavel,3.39,1,150,0.5533,3,0.8014,0.0461,58.81,24.89,0.7,-2.78,5.63,0.4345,0,0,0,0,1
1705,F02-ALG,F02,226.8,-17.34439,-49.77897,2024/2025,2025-01-24,24,84,frutificacao,0.8002,0.6883,21.51,53.79,0.0,23.32,75.16,20.17,61033.5,1,saudavel,3.39,1,150,0.56,3,0.8005,-0.0062,50.62,25.59,-5.42,-1.81,5.79,0.375,0,0,0,0,1
1706,F02-ALG,F02,226.8,-17.34439,-49.77897,2024/2025,2025-01-25,25,85,frutificacao,0.7956,0.7029,17.4,49.29,0.0,21.49,73.19,18.08,56097.9,1,saudavel,3.39,1,150,0.5667,3,0.7964,-0.0287,46.34,20.17,-2.09,-4.09,5.76,0.3668,0,0,0,0,1
1707,F02-ALG,F02,226.8,-17.34439,-49.77897,2024/2025,2025-01-26,26,86,frutificacao,0.8152,0.7093,16.77,51.18,12.07,20.27,79.41,27.22,47830.5,0,saudavel,3.39,1,150,0.5733,3,0.7984,0.0141,37.15,18.08,9.14,-3.5,4.17,0.5318,0,0,0,0,1
1708,F02-ALG,F02,226.8,-17.34439,-49.77897,2024/2025,2025-01-27,27,87,frutificacao,0.8373,0.7111,19.08,66.78,39.79,20.21,81.22,44.24,26299.0,0,saudavel,3.39,1,150,0.58,3,0.806,0.053,61.79,27.22,17.02,-1.13,3.8,0.6625,0,0,0,0,1
1709,F02-ALG,F02,226.8,-17.34439,-49.77897,2024/2025,2025-01-28,28,88,frutificacao,0.8119,0.6941,18.2,73.14,23.8,19.56,70.41,51.94,33907.1,0,saudavel,3.39,1,150,0.5867,3,0.8078,0.0132,85.59,44.24,7.7,-1.36,5.79,0.7101,0,0,0,0,1
1710,F02-ALG,F02,226.8,-17.34439,-49.77897,2024/2025,2025-01-29,29,89,frutificacao,0.8316,0.722,14.92,70.11,6.04,19.68,72.99,46.36,47060.6,0,saudavel,3.39,1,150,0.5933,3,0.8141,0.0436,91.63,51.94,-5.58,-4.76,5.32,0.6612,0,0,0,0,1
1711,F02-ALG,F02,226.8,-17.34439,-49.77897,2024/2025,2025-01-30,30,90,frutificacao,0.8355,0.7247,13.08,64.3,0.0,16.62,78.97,37.49,52772.7,0,saudavel,3.39,1,150,0.6,3,0.8182,0.0288,81.7,46.36,-8.87,-3.54,3.5,0.583,0,0,0,0,1
1712,F02-ALG,F02,226.8,-17.34439,-49.77897,2024/2025,2025-01-31,31,91,frutificacao,0.7911,0.6875,19.13,58.89,0.0,22.12,72.66,31.21,54309.2,1,saudavel,3.39,1,150,0.6067,3,0.8169,-0.0091,81.7,37.49,-6.28,-2.99,6.05,0.53,0,0,0,0,1
1713,F02-ALG,F02,226.8,-17.34439,-49.77897,2024/2025,2025-02-01,32,92,frutificacao,0.8071,0.6928,18.67,53.98,0.0,21.51,78.63,25.55,50760.8,1,saudavel,3.39,2,150,0.6133,3,0.8185,0.0115,81.7,31.21,-5.66,-2.84,4.6,0.4733,0,0,0,0,1
1714,F02-ALG,F02,226.8,-17.34439,-49.77897,2024/2025,2025-02-02,33,93,frutificacao,0.7916,0.6564,15.31,50.57,2.23,17.16,81.82,21.6,52959.5,1,saudavel,3.39,2,150,0.62,3,0.8152,-0.0236,71.86,25.55,-3.95,-1.85,3.12,0.4271,0,0,0,0,1
1715,F02-ALG,F02,226.8,-17.34439,-49.77897,2024/2025,2025-02-03,34,94,frutificacao,0.7687,0.6401,19.86,46.33,0.0,20.94,77.92,17.5,53350.5,1,saudavel,3.39,2,150,0.6267,3,0.8054,-0.0686,32.07,21.6,-4.1,-1.08,4.62,0.3777,0,0,0,0,1
1716,F02-ALG,F02,226.8,-17.34439,-49.77897,2024/2025,2025-02-04,35,95,frutificacao,0.8034,0.6921,16.33,48.83,12.83,19.52,82.02,23.26,43167.0,0,saudavel,3.39,2,150,0.6333,3,0.8041,-0.0085,21.1,17.5,5.76,-3.19,3.51,0.4763,0,0,0,0,1
1717,F02-ALG,F02,226.8,-17.34439,-49.77897,2024/2025,2025-02-05,36,96,frutificacao,0.7728,0.6735,17.34,50.6,11.75,19.17,76.45,27.14,39287.8,0,saudavel,3.39,2,150,0.64,3,0.7957,-0.0588,26.81,23.26,3.88,-1.83,4.51,0.5364,0,0,0,0,1
1718,F02-ALG,F02,226.8,-17.34439,-49.77897,2024/2025,2025-02-06,37,97,frutificacao,0.8008,0.6948,17.58,57.31,21.91,20.14,78.44,36.52,36060.4,0,saudavel,3.39,2,150,0.6467,3,0.7908,-0.0347,48.72,27.14,9.38,-2.56,4.34,0.6372,0,0,0,0,1
1719,F02-ALG,F02,226.8,-17.34439,-49.77897,2024/2025,2025-02-07,38,98,frutificacao,0.7569,0.6299,13.89,52.53,0.0,16.72,75.58,28.81,58322.8,1,saudavel,3.39,2,150,0.6533,3,0.7859,-0.0342,48.72,36.52,-7.71,-2.83,4.08,0.5484,0,0,0,0,1
1720,F02-ALG,F02,226.8,-17.34439,-49.77897,2024/2025,2025-02-08,39,99,frutificacao,0.788,0.6668,14.46,48.12,0.0,19.25,80.38,27.6,57421.6,1,saudavel,3.39,2,150,0.66,3,0.7832,-0.0191,48.72,28.81,-1.21,-4.79,3.78,0.5736,0,0,0,0,1
1721,F02-ALG,F02,226.8,-17.34439,-49.77897,2024/2025,2025-02-09,40,100,frutificacao,0.7492,0.6134,17.6,44.07,0.0,19.33,80.38,22.91,58401.6,1,saudavel,3.39,2,150,0.6667,3,0.7771,-0.0424,46.49,27.6,-4.69,-1.73,3.79,0.5199,0,0,0,0,1
1722,F02-ALG,F02,226.8,-17.34439,-49.77897,2024/2025,2025-02-10,41,101,frutificacao,0.7897,0.6435,16.76,40.35,0.0,19.27,72.7,19.67,52541.0,1,saudavel,3.39,2,150,0.6733,3,0.7801,0.021,46.49,22.91,-3.24,-2.51,5.26,0.4875,0,0,0,0,1
1723,F02-ALG,F02,226.8,-17.34439,-49.77897,2024/2025,2025-02-11,42,102,frutificacao,0.7635,0.6506,14.55,37.84,1.84,17.03,79.13,16.3,49474.7,1,saudavel,3.39,2,150,0.68,3,0.7744,-0.0399,35.5,19.67,-3.37,-2.48,3.55,0.4308,0,0,0,0,1
1724,F02-ALG,F02,226.8,-17.34439,-49.77897,2024/2025,2025-02-12,43,103,frutificacao,0.7561,0.6699,15.91,47.66,26.09,19.7,77.98,30.35,30765.8,0,saudavel,3.39,2,150,0.6867,3,0.772,-0.0167,49.84,16.3,14.05,-3.79,4.34,0.6368,0,0,0,0,1
1725,F02-ALG,F02,226.8,-17.34439,-49.77897,2024/2025,2025-02-13,44,104,frutificacao,0.7824,0.667,19.48,43.65,0.0,20.56,78.93,24.9,50847.1,1,saudavel,3.39,2,150,0.6933,3,0.7694,-0.0184,27.93,30.35,-5.45,-1.08,4.33,0.5704,0,0,0,0,1
1726,F02-ALG,F02,226.8,-17.34439,-49.77897,2024/2025,2025-02-14,45,105,frutificacao,0.7467,0.6729,16.96,39.96,0.0,19.53,79.59,17.29,46049.0,1,saudavel,3.39,2,150,0.7,3,0.7679,-0.0102,27.93,24.9,-7.61,-2.57,3.99,0.4327,0,0,0,0,1
1727,F02-ALG,F02,226.8,-17.34439,-49.77897,2024/2025,2025-02-15,46,106,frutificacao,0.748,0.6325,14.64,36.56,0.0,18.52,74.86,12.84,53433.0,1,saudavel,3.39,2,150,0.7067,3,0.7622,-0.04,27.93,17.29,-4.45,-3.88,4.66,0.3512,0,0,0,0,1
1728,F02-ALG,F02,226.8,-17.34439,-49.77897,2024/2025,2025-02-16,47,107,frutificacao,0.7337,0.6242,18.94,38.19,9.99,22.84,79.55,15.35,41535.2,0,saudavel,3.39,2,150,0.7133,3,0.76,-0.0155,37.92,12.84,2.51,-3.9,4.67,0.4019,0,0,0,0,1
1729,F02-ALG,F02,226.8,-17.34439,-49.77897,2024/2025,2025-02-17,48,108,frutificacao,0.7389,0.6082,15.4,34.93,0.0,17.37,81.48,11.43,45972.1,1,saudavel,3.39,2,150,0.72,3,0.7528,-0.0508,37.92,15.35,-3.92,-1.97,3.22,0.3272,0,0,0,0,1
1730,F02-ALG,F02,226.8,-17.34439,-49.77897,2024/2025,2025-02-18,49,109,frutificacao,0.7399,0.622,17.92,37.94,12.01,19.87,73.6,15.31,38525.8,0,saudavel,3.39,2,150,0.7267,3,0.7494,-0.0236,48.09,11.43,3.88,-1.95,5.25,0.4035,0,0,0,0,1
1731,F02-ALG,F02,226.8,-17.34439,-49.77897,2024/2025,2025-02-19,50,110,frutificacao,0.7252,0.5926,16.03,40.4,11.39,19.02,71.87,19.76,39682.7,0,saudavel,3.39,2,150,0.7333,3,0.745,-0.0309,33.39,15.31,4.45,-2.99,5.35,0.4891,0,0,0,0,1
1732,F02-ALG,F02,226.8,-17.34439,-49.77897,2024/2025,2025-02-20,51,111,frutificacao,0.6877,0.5537,19.9,41.65,9.69,21.63,72.62,24.12,41499.4,0,saudavel,3.39,2,150,0.74,3,0.7314,-0.0947,43.08,19.76,4.36,-1.73,5.92,0.5791,0,0,0,0,1
1733,F02-ALG,F02,226.8,-17.34439,-49.77897,2024/2025,2025-02-21,52,112,frutificacao,0.709,0.5792,17.44,43.68,11.14,19.15,69.84,26.95,40084.3,0,saudavel,3.39,2,150,0.7467,3,0.7261,-0.0377,54.22,24.12,2.83,-1.71,5.78,0.617,0,0,0,0,1
1734,F02-ALG,F02,226.8,-17.34439,-49.77897,2024/2025,2025-02-22,53,113,frutificacao,0.6533,0.557,17.69,39.97,0.0,19.43,77.92,20.04,52921.6,1,saudavel,3.39,2,150,0.7533,3,0.7125,-0.0947,54.22,26.95,-6.91,-1.74,4.29,0.5014,0,0,0,0,1
1735,F02-ALG,F02,226.8,-17.34439,-49.77897,2024/2025,2025-02-23,54,114,frutificacao,0.6427,0.5315,16.76,36.54,0.0,19.24,82.75,14.58,44627.9,1,saudavel,3.39,2,150,0.76,3,0.6995,-0.091,44.23,20.04,-5.46,-2.48,3.32,0.399,0,0,0,0,1
1736,F02-ALG,F02,226.8,-17.34439,-49.77897,2024/2025,2025-02-24,55,115,frutificacao,0.64,0.534,16.06,35.75,4.76,16.86,85.21,14.17,43895.3,0,saudavel,3.39,2,150,0.7667,3,0.6854,-0.0989,48.99,14.58,-0.41,-0.8,2.49,0.3964,0,0,0,0,1
1737,F02-ALG,F02,226.8,-17.34439,-49.77897,2024/2025,2025-02-25,56,116,frutificacao,0.6478,0.5588,16.11,38.79,12.26,17.1,72.35,17.17,35427.3,0,saudavel,3.39,2,150,0.7733,3,0.6722,-0.0921,49.24,14.17,3.0,-0.99,4.73,0.4426,0,0,0,0,1
1738,F02-ALG,F02,226.8,-17.34439,-49.77897,2024/2025,2025-02-26,57,117,frutificacao,0.5869,0.4679,17.24,35.37,0.0,17.96,81.05,14.12,51282.4,1,saudavel,3.39,2,150,0.78,3,0.6525,-0.1383,37.85,17.17,-3.05,-0.72,3.4,0.3992,0,0,0,0,1
1739,F02-ALG,F02,226.8,-17.34439,-49.77897,2024/2025,2025-02-27,58,118,frutificacao,0.6109,0.5209,17.44,40.54,16.57,19.77,76.29,24.01,32467.4,0,saudavel,3.39,2,150,0.7867,3,0.6415,-0.0768,44.73,14.12,9.89,-2.33,4.69,0.5923,0,0,0,0,1
1740,F02-ALG,F02,226.8,-17.34439,-49.77897,2024/2025,2025-02-28,59,119,frutificacao,0.5741,0.505,16.15,42.73,11.53,18.65,64.39,25.88,36811.9,0,saudavel,3.39,2,150,0.7933,3,0.6222,-0.1349,45.12,24.01,1.87,-2.5,6.64,0.6057,0,0,0,0,1
1741,F02-ALG,F02,226.8,-17.34439,-49.77897,2024/2025,2025-03-01,60,120,frutificacao,0.5482,0.4847,17.1,48.05,18.24,17.96,74.96,32.7,35521.9,1,saudavel,3.39,3,150,0.8,3,0.6072,-0.1051,63.36,25.88,6.82,-0.86,4.5,0.6805,0,0,0,0,0
1742,F02-ALG,F02,226.8,-17.34439,-49.77897,2024/2025,2025-03-02,61,121,frutificacao,0.5601,0.4864,20.19,43.81,0.0,20.3,72.83,25.66,50147.3,1,saudavel,3.39,3,150,0.8067,3,0.5954,-0.0826,63.36,32.7,-7.04,-0.11,5.52,0.5857,0,0,0,0,0
1743,F02-ALG,F02,226.8,-17.34439,-49.77897,2024/2025,2025-03-03,62,122,frutificacao,0.503,0.4265,15.75,39.86,0.0,15.24,83.97,19.52,50250.1,1,saudavel,3.39,3,150,0.8133,3,0.5759,-0.137,58.6,25.66,-6.14,0.51,2.44,0.4897,0,0,0,0,0
1744,F02-ALG,F02,226.8,-17.34439,-49.77897,2024/2025,2025-03-04,63,123,frutificacao,0.5456,0.4513,15.92,48.24,23.91,16.24,72.78,31.33,22434.2,0,saudavel,3.39,3,150,0.82,3,0.5613,-0.1022,70.25,19.52,11.81,-0.32,4.42,0.6495,0,0,0,0,0
1745,F02-ALG,F02,226.8,-17.34439,-49.77897,2024/2025,2025-03-05,64,124,frutificacao,0.4772,0.404,13.67,43.9,0.0,14.42,80.87,24.07,46593.3,1,saudavel,3.39,3,150,0.8267,3,0.5456,-0.1097,70.25,31.33,-7.26,-0.75,2.76,0.5483,0,0,0,0,0
1746,F02-ALG,F02,226.8,-17.34439,-49.77897,2024/2025,2025-03-06,65,125,frutificacao,0.4647,0.4281,18.96,39.89,0.0,19.95,80.87,17.87,45608.4,1,saudavel,3.39,3,150,0.8333,3,0.5247,-0.1462,53.68,24.07,-6.2,-0.99,3.82,0.448,0,0,0,0,0
1747,F02-ALG,F02,226.8,-17.34439,-49.77897,2024/2025,2025-03-07,66,126,frutificacao,0.4738,0.4082,17.69,41.34,10.28,17.97,68.34,18.27,36681.2,0,saudavel,3.39,3,150,0.84,3,0.5104,-0.1003,52.43,17.87,0.4,-0.28,5.69,0.4419,0,0,0,0,0
1748,F02-ALG,F02,226.8,-17.34439,-49.77897,2024/2025,2025-03-08,67,127,frutificacao,0.4281,0.3618,19.69,37.48,0.0,19.55,71.69,14.35,44299.5,1,saudavel,3.39,3,150,0.8467,3,0.4932,-0.1201,34.19,18.27,-3.92,0.14,5.53,0.3829,0,0,0,0,0
1749,F02-ALG,F02,226.8,-17.34439,-49.77897,2024/2025,2025-03-09,68,128,maturacao,0.4305,0.3772,19.15,33.93,0.0,17.92,82.91,12.65,47605.8,0,saudavel,3.39,3,150,0.8533,4,0.4747,-0.1296,34.19,14.35,-1.7,1.23,3.06,0.3728,0,0,0,0,0
1750,F02-ALG,F02,226.8,-17.34439,-49.77897,2024/2025,2025-03-10,69,129,maturacao,0.3504,0.2989,19.97,30.54,0.0,19.6,73.19,10.56,46511.4,0,atencao,3.39,3,150,0.86,4,0.4529,-0.1526,34.19,12.65,-2.09,0.37,5.25,0.3458,0,0,0,0,0
1751,F02-ALG,F02,226.8,-17.34439,-49.77897,2024/2025,2025-03-11,70,130,maturacao,0.3641,0.314,18.19,27.44,0.0,17.86,79.45,10.56,45732.2,0,saudavel,3.39,3,150,0.8667,4,0.427,-0.1815,10.28,10.56,0.0,0.33,3.67,0.3848,0,0,0,0,0
1752,F02-ALG,F02,226.8,-17.34439,-49.77897,2024/2025,2025-03-12,71,131,maturacao,0.3651,0.3054,21.42,38.04,26.89,18.65,78.51,23.85,24179.0,0,saudavel,3.39,3,150,0.8733,4,0.411,-0.1121,37.17,10.56,13.29,2.77,4.01,0.627,0,0,0,0,0
1753,F02-ALG,F02,226.8,-17.34439,-49.77897,2024/2025,2025-03-13,72,132,maturacao,0.3638,0.301,20.7,34.34,0.0,18.42,71.97,19.98,49141.5,0,saudavel,3.39,3,150,0.88,4,0.3965,-0.1009,37.17,23.85,-3.87,2.28,5.16,0.5818,0,0,0,0,0
1754,F02-ALG,F02,226.8,-17.34439,-49.77897,2024/2025,2025-03-14,73,133,maturacao,0.3435,0.3119,18.55,30.91,0.0,18.52,67.55,13.84,40770.5,0,saudavel,3.39,3,150,0.8867,4,0.3779,-0.1303,26.89,19.98,-6.14,0.03,6.01,0.4478,0,0,0,0,0
1755,F02-ALG,F02,226.8,-17.34439,-49.77897,2024/2025,2025-03-15,74,134,maturacao,0.3284,0.2402,23.05,31.53,7.73,20.54,66.81,16.44,31406.2,0,saudavel,3.39,3,150,0.8933,4,0.3637,-0.0997,34.62,13.84,2.6,2.51,6.82,0.5214,0,0,0,0,0
1756,F02-ALG,F02,226.8,-17.34439,-49.77897,2024/2025,2025-03-16,75,135,maturacao,0.3238,0.2848,15.53,28.29,0.0,15.57,82.62,15.01,40459.3,0,saudavel,3.39,3,150,0.9,4,0.3484,-0.1067,34.62,16.44,-1.43,-0.04,2.71,0.5306,0,0,0,0,0
1757,F02-ALG,F02,226.8,-17.34439,-49.77897,2024/2025,2025-03-17,76,136,maturacao,0.3006,0.246,18.76,25.28,0.0,15.57,74.54,12.09,41068.5,0,saudavel,3.39,3,150,0.9067,4,0.3413,-0.0498,34.62,15.01,-2.92,3.19,3.96,0.4782,0,0,0,0,0
1758,F02-ALG,F02,226.8,-17.34439,-49.77897,2024/2025,2025-03-18,77,137,maturacao,0.2377,0.1639,19.84,22.41,0.0,18.3,64.68,11.31,44444.6,1,atencao,3.39,3,150,0.9133,4,0.3233,-0.1264,34.62,12.09,-0.78,1.54,6.46,0.5047,0,0,0,0,0
1759,F02-ALG,F02,226.8,-17.34439,-49.77897,2024/2025,2025-03-19,78,138,maturacao,0.2996,0.2352,19.3,19.87,0.0,18.07,77.47,7.4,38641.3,0,saudavel,3.39,3,150,0.92,4,0.3139,-0.0655,7.73,11.31,-3.91,1.23,4.07,0.3724,0,0,0,0,0
1760,F02-ALG,F02,226.8,-17.34439,-49.77897,2024/2025,2025-03-20,79,139,maturacao,0.2451,0.2076,19.82,21.93,8.96,17.41,64.57,10.61,35339.7,0,saudavel,3.39,3,150,0.9267,4,0.297,-0.1187,16.69,7.4,3.21,2.41,6.17,0.4838,0,0,0,0,0
1761,F02-ALG,F02,226.8,-17.34439,-49.77897,2024/2025,2025-03-21,80,140,maturacao,0.2599,0.2229,18.97,25.23,11.73,17.2,69.31,13.9,27305.4,0,saudavel,3.39,3,150,0.9333,4,0.285,-0.0836,28.42,10.61,3.29,1.77,5.28,0.5509,0,0,0,0,0
1762,F02-ALG,F02,226.8,-17.34439,-49.77897,2024/2025,2025-03-22,81,141,maturacao,0.2498,0.2271,22.67,31.62,18.55,20.31,71.79,22.39,30249.4,0,saudavel,3.39,3,150,0.94,4,0.2738,-0.0786,39.24,13.9,8.49,2.36,5.73,0.7081,0,0,0,0,0
1763,F02-ALG,F02,226.8,-17.34439,-49.77897,2024/2025,2025-03-23,82,142,maturacao,0.2403,0.2204,19.35,28.26,0.0,17.91,85.23,17.67,38933.8,0,saudavel,3.39,3,150,0.9467,4,0.2619,-0.0835,39.24,22.39,-4.72,1.44,2.65,0.6253,0,0,0,0,0
1764,F02-ALG,F02,226.8,-17.34439,-49.77897,2024/2025,2025-03-24,83,143,maturacao,0.2111,0.1485,24.16,24.91,0.0,21.68,74.26,13.12,37525.8,0,atencao,3.39,3,150,0.9533,4,0.2491,-0.0895,39.24,17.67,-4.55,2.48,5.58,0.5267,0,0,0,0,0
1765,F02-ALG,F02,226.8,-17.34439,-49.77897,2024/2025,2025-03-25,84,144,maturacao,0.1889,0.1681,21.21,22.0,0.0,18.83,69.28,8.85,44401.2,0,atencao,3.39,3,150,0.96,4,0.2421,-0.0488,39.24,13.12,-4.27,2.38,5.78,0.4023,0,0,0,0,0
1766,F02-ALG,F02,226.8,-17.34439,-49.77897,2024/2025,2025-03-26,85,145,maturacao,0.2026,0.1868,18.4,23.85,9.0,17.62,72.37,11.21,35206.1,0,atencao,3.39,3,150,0.9667,4,0.2282,-0.097,48.24,8.85,2.36,0.78,4.87,0.47,0,0,0,0,0
1767,F02-ALG,F02,226.8,-17.34439,-49.77897,2024/2025,2025-03-27,86,146,colheita,0.2346,0.2038,21.26,21.09,0.0,18.89,75.87,8.61,34165.3,0,saudavel,3.39,3,150,0.9733,5,0.2267,-0.0105,39.28,11.21,-2.6,2.37,4.56,0.4083,0,0,0,0,0
1768,F02-ALG,F02,226.8,-17.34439,-49.77897,2024/2025,2025-03-28,87,147,colheita,0.1851,0.1674,20.67,18.48,0.0,18.24,78.58,5.62,36596.6,0,atencao,3.39,3,150,0.98,5,0.2161,-0.0748,27.55,8.61,-2.99,2.43,3.91,0.3041,0,0,0,0,0
1769,F02-ALG,F02,226.8,-17.34439,-49.77897,2024/2025,2025-03-29,88,148,colheita,0.1927,0.1252,21.66,16.08,0.0,20.11,68.92,5.0,44774.3,0,atencao,3.39,3,150,0.9867,5,0.2079,-0.0571,9.0,5.62,-0.62,1.55,6.25,0.3109,0,0,0,0,0
1770,F02-ALG,F02,226.8,-17.34439,-49.77897,2024/2025,2025-03-30,89,149,colheita,0.2154,0.1633,18.0,13.91,0.0,16.37,71.12,5.0,42143.1,0,saudavel,3.39,3,150,0.9933,5,0.2043,-0.0249,9.0,5.0,0.0,1.63,4.73,0.3595,0,0,0,0,0
1191,F02-MIL,F02,125.1,-17.3783,-49.79248,2023/2024,2023-10-26,299,0,germinacao,0.2034,0.1868,31.05,45.0,0.0,27.71,78.51,43.25,49960.4,0,saudavel,4.72,10,140,0.0,0,0.2034,0.0,0.0,43.25,0.0,3.34,5.95,0.9611,0,1,0,1,0
1192,F02-MIL,F02,125.1,-17.3783,-49.79248,2023/2024,2023-10-27,300,1,germinacao,0.1975,0.1886,34.17,39.12,0.0,31.44,78.51,31.52,54542.2,1,saudavel,4.72,10,140,0.0071,0,0.2005,0.0,0.0,43.25,-11.73,2.73,6.76,0.8057,0,1,0,1,0
1193,F02-MIL,F02,125.1,-17.3783,-49.79248,2023/2024,2023-10-28,301,2,germinacao,0.1923,0.1605,30.9,40.92,13.68,28.31,68.01,31.71,43353.5,0,saudavel,4.72,10,140,0.0143,0,0.1977,0.0,13.68,31.52,0.19,2.59,9.06,0.7749,0,1,0,1,0
1194,F02-MIL,F02,125.1,-17.3783,-49.79248,2023/2024,2023-10-29,302,3,germinacao,0.1847,0.1384,34.76,35.35,0.0,31.47,63.18,31.71,49643.3,1,saudavel,4.72,10,140,0.0214,0,0.1945,0.0,13.68,31.71,0.0,3.29,11.59,0.897,0,1,0,1,0
1195,F02-MIL,F02,125.1,-17.3783,-49.79248,2023/2024,2023-10-30,303,4,germinacao,0.2114,0.1864,33.35,35.05,9.59,31.56,67.68,20.11,45185.0,0,saudavel,4.72,10,140,0.0286,0,0.1979,0.0,23.27,31.71,-11.6,1.79,10.2,0.5738,0,1,0,1,0
1196,F02-MIL,F02,125.1,-17.3783,-49.79248,2023/2024,2023-10-31,304,5,germinacao,0.1616,0.1469,35.81,29.74,0.0,32.85,65.88,11.5,52394.5,1,atencao,4.72,10,140,0.0357,0,0.1918,0.0,23.27,20.11,-8.61,2.96,11.21,0.3867,0,1,0,1,0
1197,F02-MIL,F02,125.1,-17.3783,-49.79248,2023/2024,2023-11-01,305,6,germinacao,0.1639,0.164,33.05,25.07,0.0,31.15,72.25,7.69,49665.2,1,atencao,4.72,11,140,0.0429,0,0.1878,0.0,23.27,11.5,-3.81,1.9,8.64,0.3067,0,1,0,1,0
1198,F02-MIL,F02,125.1,-17.3783,-49.79248,2023/2024,2023-11-02,306,7,germinacao,0.2062,0.1617,35.01,21.47,1.42,31.75,70.31,6.03,50818.4,1,saudavel,4.72,11,140,0.05,0,0.1882,0.0028,24.69,7.69,-1.66,3.26,9.43,0.2809,0,1,0,1,0
1199,F02-MIL,F02,125.1,-17.3783,-49.79248,2023/2024,2023-11-03,307,8,germinacao,0.1849,0.1438,29.35,21.25,6.91,28.63,64.54,6.52,50818.4,0,saudavel,4.72,11,140,0.0571,0,0.1864,-0.0126,31.6,6.03,0.49,0.72,10.15,0.3068,0,1,0,1,0
1200,F02-MIL,F02,125.1,-17.3783,-49.79248,2023/2024,2023-11-04,308,9,germinacao,0.1716,0.161,31.68,17.6,0.0,28.41,68.42,5.0,56982.8,1,saudavel,4.72,11,140,0.0643,0,0.1835,-0.0207,17.92,6.52,-1.52,3.27,8.97,0.2841,0,1,0,1,0
1201,F02-MIL,F02,125.1,-17.3783,-49.79248,2023/2024,2023-11-05,309,10,germinacao,0.1969,0.1592,30.68,14.28,0.0,28.43,71.5,5.0,58410.5,1,saudavel,4.72,11,140,0.0714,0,0.1852,0.0122,17.92,5.0,0.0,2.25,8.1,0.3501,0,1,0,1,0
1202,F02-MIL,F02,125.1,-17.3783,-49.79248,2023/2024,2023-11-06,310,11,germinacao,0.178,0.1423,31.27,11.25,0.0,27.91,75.67,5.0,52776.4,1,saudavel,4.72,11,140,0.0786,0,0.1804,-0.0334,8.33,5.0,0.0,3.36,6.79,0.4444,0,1,0,1,0
1203,F02-MIL,F02,125.1,-17.3783,-49.79248,2023/2024,2023-11-07,311,12,germinacao,0.1712,0.1706,29.74,8.44,0.0,28.06,84.2,5.0,52311.5,0,atencao,4.72,11,140,0.0857,0,0.1818,0.0096,8.33,5.0,0.0,1.68,4.43,0.5924,0,1,0,1,0
1204,F02-MIL,F02,125.1,-17.3783,-49.79248,2023/2024,2023-11-08,312,13,germinacao,0.1719,0.1187,31.42,27.23,42.94,28.88,75.21,20.6,30416.2,0,atencao,4.72,11,140,0.0929,0,0.183,0.008,51.27,5.0,15.6,2.54,7.16,0.7565,0,1,0,1,0
1205,F02-MIL,F02,125.1,-17.3783,-49.79248,2023/2024,2023-11-09,313,14,vegetativo,0.1971,0.2086,29.26,29.04,11.46,26.97,67.92,22.67,47937.7,0,saudavel,4.72,11,140,0.1,1,0.1817,-0.0091,61.31,20.6,2.07,2.29,8.65,0.7806,0,1,0,1,0
1206,F02-MIL,F02,125.1,-17.3783,-49.79248,2023/2024,2023-11-10,314,15,vegetativo,0.1964,0.1547,28.19,25.15,0.0,25.52,73.53,17.01,51640.0,1,saudavel,4.72,11,140,0.1071,1,0.1833,0.0115,54.4,22.67,-5.66,2.67,6.76,0.6763,0,1,0,1,0
1207,F02-MIL,F02,125.1,-17.3783,-49.79248,2023/2024,2023-11-11,315,16,vegetativo,0.2246,0.2083,28.98,21.31,0.0,28.05,73.54,9.99,54771.2,1,saudavel,4.72,11,140,0.1143,1,0.1909,0.053,54.4,17.01,-7.02,0.93,7.42,0.4688,0,1,0,1,0
1208,F02-MIL,F02,125.1,-17.3783,-49.79248,2023/2024,2023-11-12,316,17,vegetativo,0.1907,0.16,29.3,17.92,0.0,26.38,71.18,7.8,55265.8,1,saudavel,4.72,11,140,0.1214,1,0.19,-0.0062,54.4,9.99,-2.19,2.92,7.6,0.4353,0,1,0,1,0
1209,F02-MIL,F02,125.1,-17.3783,-49.79248,2023/2024,2023-11-13,317,18,vegetativo,0.193,0.1695,26.87,27.16,24.71,26.45,76.22,19.95,30432.3,0,saudavel,4.72,11,140,0.1286,1,0.1921,0.015,79.11,7.8,12.15,0.42,6.29,0.7345,0,1,0,1,0
1210,F02-MIL,F02,125.1,-17.3783,-49.79248,2023/2024,2023-11-14,318,19,vegetativo,0.2309,0.191,28.29,33.25,19.92,27.04,62.3,29.62,38483.2,0,saudavel,4.72,11,140,0.1357,1,0.2007,0.0597,99.03,19.95,9.67,1.25,10.19,0.8908,0,1,0,1,0
1211,F02-MIL,F02,125.1,-17.3783,-49.79248,2023/2024,2023-11-15,319,20,vegetativo,0.2253,0.2087,27.01,28.94,0.0,26.6,76.82,22.77,53995.1,1,saudavel,4.72,11,140,0.1429,1,0.2083,0.0534,56.09,29.62,-6.85,0.41,6.17,0.7868,0,1,0,1,0
1212,F02-MIL,F02,125.1,-17.3783,-49.79248,2023/2024,2023-11-16,320,21,vegetativo,0.2125,0.1737,31.66,24.69,0.0,28.74,70.52,19.12,54681.6,1,saudavel,4.72,11,140,0.15,1,0.2105,0.0154,44.63,22.77,-3.65,2.92,8.47,0.7744,0,1,0,1,0
1213,F02-MIL,F02,125.1,-17.3783,-49.79248,2023/2024,2023-11-17,321,22,vegetativo,0.1829,0.144,29.49,20.98,0.0,26.73,73.69,15.18,56200.6,1,atencao,4.72,11,140,0.1571,1,0.2086,-0.0135,44.63,19.12,-3.94,2.76,7.03,0.7235,0,1,0,1,0
1214,F02-MIL,F02,125.1,-17.3783,-49.79248,2023/2024,2023-11-18,322,23,vegetativo,0.2031,0.2089,31.26,24.76,14.79,28.64,80.55,19.89,38262.2,0,saudavel,4.72,11,140,0.1643,1,0.2055,-0.0215,59.42,15.18,4.71,2.62,5.57,0.8033,0,1,0,1,0
1215,F02-MIL,F02,125.1,-17.3783,-49.79248,2023/2024,2023-11-19,323,24,vegetativo,0.2043,0.1742,30.75,21.04,0.0,27.11,67.96,12.95,50724.3,1,atencao,4.72,11,140,0.1714,1,0.2074,0.0136,59.42,19.89,-6.94,3.64,8.69,0.6155,0,1,0,1,0
1216,F02-MIL,F02,125.1,-17.3783,-49.79248,2023/2024,2023-11-20,324,25,vegetativo,0.2329,0.1844,28.17,17.71,0.0,26.58,76.07,7.44,59835.0,1,saudavel,4.72,11,140,0.1786,1,0.2131,0.0399,34.71,12.95,-5.51,1.59,6.36,0.4201,0,1,0,1,0
1217,F02-MIL,F02,125.1,-17.3783,-49.79248,2023/2024,2023-11-21,325,26,vegetativo,0.2297,0.1655,29.4,14.62,0.0,26.86,78.63,5.0,59835.0,0,saudavel,4.72,11,140,0.1857,1,0.213,-0.0012,14.79,7.44,-2.44,2.54,5.74,0.342,0,1,0,1,0
1218,F02-MIL,F02,125.1,-17.3783,-49.79248,2023/2024,2023-11-22,326,27,vegetativo,0.2807,0.2759,26.13,12.12,0.0,24.59,76.99,5.0,63841.8,1,saudavel,4.72,11,140,0.1929,1,0.2209,0.0554,14.79,5.0,0.0,1.54,5.66,0.4125,0,1,0,1,0
1219,F02-MIL,F02,125.1,-17.3783,-49.79248,2023/2024,2023-11-23,327,28,vegetativo,0.2271,0.182,28.81,22.92,26.92,26.94,66.77,16.35,37672.8,0,atencao,4.72,11,140,0.2,1,0.223,0.0146,41.71,5.0,11.35,1.87,8.95,0.7134,0,1,0,1,0
1220,F02-MIL,F02,125.1,-17.3783,-49.79248,2023/2024,2023-11-24,328,29,vegetativo,0.2464,0.2507,30.7,19.34,0.0,27.61,81.31,12.39,56252.9,1,atencao,4.72,11,140,0.2071,1,0.232,0.0635,41.71,16.35,-3.96,3.09,5.16,0.6406,0,1,0,1,0
1221,F02-MIL,F02,125.1,-17.3783,-49.79248,2023/2024,2023-11-25,329,30,vegetativo,0.287,0.2519,31.23,16.1,0.0,27.73,73.54,12.39,64948.7,1,saudavel,4.72,11,140,0.2143,1,0.244,0.0839,26.92,12.39,0.0,3.5,7.34,0.7696,0,1,0,1,0
1222,F02-MIL,F02,125.1,-17.3783,-49.79248,2023/2024,2023-11-26,330,31,vegetativo,0.3064,0.2633,24.93,13.57,0.0,24.12,74.23,6.22,60897.9,1,saudavel,4.72,11,140,0.2214,1,0.2586,0.1021,26.92,12.39,-6.17,0.81,6.22,0.4584,0,1,0,1,0
1223,F02-MIL,F02,125.1,-17.3783,-49.79248,2023/2024,2023-11-27,331,32,vegetativo,0.2596,0.2241,26.27,11.23,0.0,23.77,75.63,5.0,56297.2,1,atencao,4.72,11,140,0.2286,1,0.2624,0.0267,26.92,6.22,-1.22,2.5,5.79,0.4452,0,1,0,1,0
1224,F02-MIL,F02,125.1,-17.3783,-49.79248,2023/2024,2023-11-28,332,33,vegetativo,0.2935,0.2938,26.82,12.92,7.94,25.15,74.54,6.51,42903.7,0,atencao,4.72,11,140,0.2357,1,0.2715,0.0638,34.86,5.0,1.51,1.67,6.4,0.5039,0,1,0,1,0
1225,F02-MIL,F02,125.1,-17.3783,-49.79248,2023/2024,2023-11-29,333,34,vegetativo,0.3414,0.2463,29.19,10.25,0.0,27.93,68.93,5.0,60576.4,1,saudavel,4.72,11,140,0.2429,1,0.2802,0.0607,34.86,6.51,-1.51,1.26,8.68,0.4878,0,1,0,1,0
1226,F02-MIL,F02,125.1,-17.3783,-49.79248,2023/2024,2023-11-30,334,35,vegetativo,0.3938,0.339,26.79,20.31,24.43,26.09,76.91,5.0,34855.0,0,saudavel,4.72,11,140,0.25,1,0.304,0.1667,32.37,5.0,0.0,0.7,6.02,0.2462,0,1,0,1,0
1227,F02-MIL,F02,125.1,-17.3783,-49.79248,2023/2024,2023-12-01,335,36,vegetativo,0.4259,0.3567,24.33,23.71,12.25,24.49,74.14,23.73,48063.3,0,saudavel,4.72,12,140,0.2571,1,0.3297,0.1795,44.62,5.0,18.73,-0.16,6.33,1.0008,0,1,0,0,1
1228,F02-MIL,F02,125.1,-17.3783,-49.79248,2023/2024,2023-12-02,336,37,vegetativo,0.4027,0.338,20.17,20.81,0.0,23.38,81.24,18.03,58200.2,1,saudavel,4.72,12,140,0.2643,1,0.3462,0.1157,44.62,23.73,-5.7,-3.21,4.39,0.8664,0,1,0,0,1
1229,F02-MIL,F02,125.1,-17.3783,-49.79248,2023/2024,2023-12-03,337,38,vegetativo,0.4317,0.3699,26.08,20.8,5.49,24.43,79.93,16.69,50170.7,0,saudavel,4.72,12,140,0.2714,1,0.3641,0.1253,50.11,18.03,-1.34,1.65,4.9,0.8024,0,1,0,0,1
1230,F02-MIL,F02,125.1,-17.3783,-49.79248,2023/2024,2023-12-04,338,39,vegetativo,0.4436,0.3717,23.54,18.1,0.0,24.23,85.68,15.01,57826.1,1,saudavel,4.72,12,140,0.2786,1,0.3904,0.184,50.11,16.69,-1.68,-0.69,3.47,0.8293,0,1,0,0,1
1231,F02-MIL,F02,125.1,-17.3783,-49.79248,2023/2024,2023-12-05,339,40,vegetativo,0.4991,0.428,25.93,26.56,22.32,26.66,75.11,24.75,39300.5,0,saudavel,4.72,12,140,0.2857,1,0.4197,0.2056,64.49,15.01,9.74,-0.73,6.64,0.9319,0,1,0,0,1
1232,F02-MIL,F02,125.1,-17.3783,-49.79248,2023/2024,2023-12-06,340,41,vegetativo,0.5436,0.4616,25.56,37.77,29.04,26.67,72.22,38.75,29541.1,0,saudavel,4.72,12,140,0.2929,1,0.4486,0.2022,93.53,24.75,14.0,-1.11,7.41,1.0259,0,1,0,0,1
1233,F02-MIL,F02,125.1,-17.3783,-49.79248,2023/2024,2023-12-07,341,42,vegetativo,0.5651,0.4541,21.61,36.44,4.93,23.48,70.88,33.41,53434.3,0,saudavel,4.72,12,140,0.3,1,0.4731,0.1713,74.03,38.75,-5.34,-1.87,6.84,0.9168,0,1,0,0,1
1234,F02-MIL,F02,125.1,-17.3783,-49.79248,2023/2024,2023-12-08,342,43,vegetativo,0.5663,0.489,25.22,48.38,31.86,26.08,87.71,43.91,25180.0,1,saudavel,4.72,12,140,0.3071,1,0.4932,0.1404,93.64,33.41,10.5,-0.86,3.21,0.9076,0,1,0,0,1
1235,F02-MIL,F02,125.1,-17.3783,-49.79248,2023/2024,2023-12-09,343,44,vegetativo,0.5768,0.5046,24.59,47.59,8.23,25.83,80.27,38.17,51656.5,0,saudavel,4.72,12,140,0.3143,1,0.518,0.1741,101.87,43.91,-5.74,-1.24,5.1,0.8021,0,1,0,0,1
1236,F02-MIL,F02,125.1,-17.3783,-49.79248,2023/2024,2023-12-10,344,45,vegetativo,0.6198,0.516,20.68,49.16,12.01,22.98,75.28,38.9,44355.5,0,saudavel,4.72,12,140,0.3214,1,0.5449,0.1881,108.39,38.17,0.73,-2.3,5.68,0.7913,0,1,0,0,1
1237,F02-MIL,F02,125.1,-17.3783,-49.79248,2023/2024,2023-12-11,345,46,vegetativo,0.6725,0.6089,22.62,50.19,11.39,24.52,86.34,39.4,51115.6,0,saudavel,4.72,12,140,0.3286,1,0.5776,0.2289,119.78,38.9,0.5,-1.9,3.35,0.785,0,1,0,0,1
1238,F02-MIL,F02,125.1,-17.3783,-49.79248,2023/2024,2023-12-12,346,47,vegetativo,0.661,0.5885,23.07,56.12,21.52,25.05,84.39,45.85,36118.2,0,saudavel,4.72,12,140,0.3357,1,0.6007,0.1619,118.98,39.4,6.45,-1.98,3.91,0.817,0,1,0,0,1
1239,F02-MIL,F02,125.1,-17.3783,-49.79248,2023/2024,2023-12-13,347,48,vegetativo,0.6555,0.5741,23.71,53.41,5.12,24.68,71.13,41.63,53814.5,0,saudavel,4.72,12,140,0.3429,1,0.6167,0.1119,95.06,45.85,-4.22,-0.97,7.13,0.7794,0,1,0,0,1
1240,F02-MIL,F02,125.1,-17.3783,-49.79248,2023/2024,2023-12-14,348,49,floracao,0.7061,0.6168,18.07,64.91,32.27,21.77,75.92,55.24,36415.8,0,saudavel,4.72,12,140,0.35,2,0.6369,0.141,122.4,41.63,13.61,-3.7,5.24,0.851,0,1,0,0,1
1241,F02-MIL,F02,125.1,-17.3783,-49.79248,2023/2024,2023-12-15,349,50,floracao,0.7277,0.6191,21.07,61.78,5.4,24.43,77.48,46.81,53581.0,0,saudavel,4.72,12,140,0.3571,2,0.6599,0.1614,95.94,55.24,-8.43,-3.36,5.5,0.7577,0,1,0,0,1
1242,F02-MIL,F02,125.1,-17.3783,-49.79248,2023/2024,2023-12-16,350,51,floracao,0.7153,0.6308,23.37,76.21,40.22,25.08,72.45,64.46,28639.4,0,saudavel,4.72,12,140,0.3643,2,0.6797,0.1385,127.93,46.81,17.65,-1.71,6.91,0.8458,0,1,0,0,1
1243,F02-MIL,F02,125.1,-17.3783,-49.79248,2023/2024,2023-12-17,351,52,floracao,0.7732,0.6886,22.8,76.18,13.74,26.4,76.57,60.99,47975.7,0,saudavel,4.72,12,140,0.3714,2,0.7016,0.1534,129.66,64.46,-3.47,-3.6,6.19,0.8006,0,1,0,0,1
1244,F02-MIL,F02,125.1,-17.3783,-49.79248,2023/2024,2023-12-18,352,53,floracao,0.794,0.6911,18.87,77.0,14.56,22.92,82.74,58.15,40062.4,0,saudavel,4.72,12,140,0.3786,2,0.719,0.1215,132.83,60.99,-2.84,-4.05,3.96,0.7552,0,1,0,0,1
1245,F02-MIL,F02,125.1,-17.3783,-49.79248,2023/2024,2023-12-19,353,54,floracao,0.8349,0.6983,18.9,79.76,18.46,23.0,72.3,59.99,45286.6,0,saudavel,4.72,12,140,0.3857,2,0.7438,0.1739,129.77,58.15,1.84,-4.1,6.37,0.7521,0,1,0,0,1
1246,F02-MIL,F02,125.1,-17.3783,-49.79248,2023/2024,2023-12-20,354,55,floracao,0.7835,0.6652,20.25,74.97,4.04,23.4,80.42,51.37,58934.5,0,saudavel,4.72,12,140,0.3929,2,0.7621,0.128,128.69,59.99,-8.62,-3.15,4.58,0.6852,0,1,0,0,1
1247,F02-MIL,F02,125.1,-17.3783,-49.79248,2023/2024,2023-12-21,355,56,floracao,0.8359,0.722,20.43,68.54,0.0,24.05,84.44,40.66,61573.4,0,saudavel,4.72,12,140,0.4,2,0.7806,0.1298,96.42,51.37,-10.71,-3.62,3.74,0.5932,0,1,0,0,1
1248,F02-MIL,F02,125.1,-17.3783,-49.79248,2023/2024,2023-12-22,356,57,floracao,0.8505,0.7397,19.79,71.24,17.08,23.66,80.86,43.7,32785.7,0,saudavel,4.72,12,140,0.4071,2,0.7982,0.1228,108.1,40.66,3.04,-3.87,4.53,0.6134,0,1,0,0,1
1249,F02-MIL,F02,125.1,-17.3783,-49.79248,2023/2024,2023-12-23,357,58,floracao,0.8503,0.7212,19.63,72.63,15.08,24.31,78.11,47.18,44137.1,0,saudavel,4.72,12,140,0.4143,2,0.8175,0.135,82.96,43.7,3.48,-4.68,5.32,0.6496,0,1,0,0,1
1250,F02-MIL,F02,125.1,-17.3783,-49.79248,2023/2024,2023-12-24,358,59,floracao,0.8275,0.692,18.94,66.62,0.0,21.62,76.79,40.5,56153.4,0,saudavel,4.72,12,140,0.4214,2,0.8252,0.0543,69.22,47.18,-6.68,-2.68,5.02,0.6079,0,1,0,0,1
1251,F02-MIL,F02,125.1,-17.3783,-49.79248,2023/2024,2023-12-25,359,60,floracao,0.8331,0.7398,21.63,64.35,6.92,23.8,82.99,37.46,56405.8,0,saudavel,4.72,12,140,0.4286,2,0.8308,0.0391,61.58,40.5,-3.04,-2.17,4.05,0.5821,0,1,0,0,1
1252,F02-MIL,F02,125.1,-17.3783,-49.79248,2023/2024,2023-12-26,360,61,floracao,0.8622,0.7114,16.32,65.14,12.28,21.99,74.05,38.53,50817.6,0,saudavel,4.72,12,140,0.4357,2,0.8347,0.0273,55.4,37.46,1.07,-5.67,5.71,0.5915,0,1,0,0,1
1253,F02-MIL,F02,125.1,-17.3783,-49.79248,2023/2024,2023-12-27,361,62,floracao,0.8673,0.7183,17.42,59.7,0.0,22.78,80.68,29.14,61052.1,1,saudavel,4.72,12,140,0.4429,2,0.8467,0.0838,51.36,38.53,-9.39,-5.36,4.4,0.4881,0,1,0,0,1
1254,F02-MIL,F02,125.1,-17.3783,-49.79248,2023/2024,2023-12-28,362,63,floracao,0.8588,0.7034,22.73,54.35,0.0,25.46,78.0,25.74,56238.4,1,saudavel,4.72,12,140,0.45,2,0.85,0.0229,51.36,29.14,-3.4,-2.73,5.6,0.4736,0,1,0,0,1
1255,F02-MIL,F02,125.1,-17.3783,-49.79248,2023/2024,2023-12-29,363,64,floracao,0.8997,0.7459,18.17,49.8,0.0,20.7,86.36,22.4,64284.1,1,saudavel,4.72,12,140,0.4571,2,0.857,0.0492,34.28,25.74,-3.34,-2.53,2.82,0.4498,0,1,0,0,1
1256,F02-MIL,F02,125.1,-17.3783,-49.79248,2023/2024,2023-12-30,364,65,floracao,0.8692,0.7638,16.32,45.62,0.0,22.27,76.87,19.23,58961.7,0,saudavel,4.72,12,140,0.4643,2,0.8597,0.0189,19.2,22.4,-3.17,-5.95,5.15,0.4215,0,1,0,0,1
1257,F02-MIL,F02,125.1,-17.3783,-49.79248,2023/2024,2023-12-31,365,66,floracao,0.8423,0.7415,17.92,41.77,0.0,20.68,78.24,12.1,65105.7,1,saudavel,4.72,12,140,0.4714,2,0.8618,0.0148,19.2,19.23,-7.13,-2.76,4.5,0.2897,0,1,0,0,1
1258,F02-MIL,F02,125.1,-17.3783,-49.79248,2023/2024,2024-01-01,1,67,floracao,0.8781,0.7449,20.46,38.22,0.0,22.72,73.29,9.71,60420.8,1,saudavel,4.72,1,140,0.4786,2,0.8682,0.045,12.28,12.1,-2.39,-2.26,6.07,0.2541,0,1,0,0,1
1259,F02-MIL,F02,125.1,-17.3783,-49.79248,2023/2024,2024-01-02,2,68,floracao,0.8943,0.7701,19.05,57.01,44.37,23.97,80.93,36.18,31297.2,0,saudavel,4.72,1,140,0.4857,2,0.8728,0.0321,44.37,9.71,26.47,-4.92,4.57,0.6346,0,1,0,0,1
1260,F02-MIL,F02,125.1,-17.3783,-49.79248,2023/2024,2024-01-03,3,69,floracao,0.8934,0.7592,20.09,52.25,0.0,22.55,77.46,30.43,58095.4,1,saudavel,4.72,1,140,0.4929,2,0.8765,0.0261,44.37,36.18,-5.75,-2.46,5.08,0.5824,0,1,0,0,1
1261,F02-MIL,F02,125.1,-17.3783,-49.79248,2023/2024,2024-01-04,4,70,floracao,0.8947,0.7367,17.79,47.87,0.0,22.02,75.57,24.02,63614.0,1,saudavel,4.72,1,140,0.5,2,0.8817,0.0359,44.37,30.43,-6.41,-4.23,5.38,0.5018,0,1,0,0,1
1262,F02-MIL,F02,125.1,-17.3783,-49.79248,2023/2024,2024-01-05,5,71,floracao,0.9192,0.8257,20.13,50.33,13.21,24.09,74.79,27.53,48071.3,0,saudavel,4.72,1,140,0.5071,2,0.8845,0.0195,57.58,24.02,3.51,-3.96,6.07,0.547,0,1,0,0,1
1263,F02-MIL,F02,125.1,-17.3783,-49.79248,2023/2024,2024-01-06,6,72,floracao,0.868,0.7653,17.96,48.83,5.44,22.49,82.24,26.77,58172.8,0,saudavel,4.72,1,140,0.5143,2,0.8843,-0.0012,63.02,27.53,-0.76,-4.53,3.99,0.5482,0,1,0,0,1
1264,F02-MIL,F02,125.1,-17.3783,-49.79248,2023/2024,2024-01-07,7,73,floracao,0.8826,0.7573,20.19,44.67,0.0,23.13,73.63,20.47,59639.8,1,saudavel,4.72,1,140,0.5214,2,0.89,0.0403,63.02,26.77,-6.3,-2.94,6.1,0.4582,0,1,0,0,1
1265,F02-MIL,F02,125.1,-17.3783,-49.79248,2023/2024,2024-01-08,8,74,floracao,0.9226,0.7671,19.41,43.28,4.78,22.88,74.19,18.77,54160.7,0,saudavel,4.72,1,140,0.5286,2,0.8964,0.0445,67.8,20.47,-1.7,-3.47,5.91,0.4337,0,1,0,0,1
1266,F02-MIL,F02,125.1,-17.3783,-49.79248,2023/2024,2024-01-09,9,75,floracao,0.8528,0.7204,15.45,39.62,0.0,17.4,87.0,15.42,60672.1,1,saudavel,4.72,1,140,0.5357,2,0.8905,-0.0415,23.43,18.77,-3.35,-1.95,2.26,0.3892,0,1,0,0,1
1267,F02-MIL,F02,125.1,-17.3783,-49.79248,2023/2024,2024-01-10,10,76,floracao,0.8913,0.7438,18.92,46.52,20.55,21.5,79.19,27.75,42971.5,0,saudavel,4.72,1,140,0.5429,2,0.8902,-0.0021,43.98,15.42,12.33,-2.58,4.47,0.5965,0,1,0,0,1
1268,F02-MIL,F02,125.1,-17.3783,-49.79248,2023/2024,2024-01-11,11,77,frutificacao,0.9171,0.7815,15.64,42.6,0.0,19.9,85.72,23.7,61692.9,1,saudavel,4.72,1,140,0.55,3,0.8934,0.0224,43.98,27.75,-4.05,-4.26,2.84,0.5563,0,1,0,0,1
1269,F02-MIL,F02,125.1,-17.3783,-49.79248,2023/2024,2024-01-12,12,78,frutificacao,0.9167,0.7854,19.04,43.11,8.23,20.18,78.93,26.14,50902.6,0,saudavel,4.72,1,140,0.5571,3,0.893,-0.0025,39.0,23.7,2.44,-1.14,4.25,0.6064,0,1,0,0,1
1270,F02-MIL,F02,125.1,-17.3783,-49.79248,2023/2024,2024-01-13,13,79,frutificacao,0.9054,0.7627,20.75,39.39,0.0,23.55,78.66,21.18,52803.8,1,saudavel,4.72,1,140,0.5643,3,0.8984,0.0374,33.56,26.14,-4.96,-2.8,5.03,0.5377,0,1,0,0,1
1271,F02-MIL,F02,125.1,-17.3783,-49.79248,2023/2024,2024-01-14,14,80,frutificacao,0.9054,0.7405,17.07,51.03,29.99,20.68,81.12,38.84,31558.5,0,saudavel,4.72,1,140,0.5714,3,0.9016,0.0228,63.55,21.18,17.66,-3.61,3.9,0.7611,0,1,0,0,1
1272,F02-MIL,F02,125.1,-17.3783,-49.79248,2023/2024,2024-01-15,15,81,frutificacao,0.8703,0.7824,19.16,51.05,8.94,23.99,85.23,34.57,45115.0,0,saudavel,4.72,1,140,0.5786,3,0.8941,-0.0523,67.71,38.84,-4.27,-4.83,3.54,0.6772,0,1,0,0,1
1273,F02-MIL,F02,125.1,-17.3783,-49.79248,2023/2024,2024-01-16,16,82,frutificacao,0.9178,0.7849,13.16,52.17,10.82,18.95,87.79,38.15,47590.2,0,saudavel,4.72,1,140,0.5857,3,0.9034,0.065,78.53,34.57,3.58,-5.79,2.31,0.7313,0,1,0,0,1
1274,F02-MIL,F02,125.1,-17.3783,-49.79248,2023/2024,2024-01-17,17,83,frutificacao,0.8653,0.7446,14.11,58.84,22.07,19.34,86.73,48.6,36172.5,0,saudavel,4.72,1,140,0.5929,3,0.8997,-0.026,80.05,38.15,10.45,-5.23,2.57,0.826,0,1,0,0,1
1275,F02-MIL,F02,125.1,-17.3783,-49.79248,2023/2024,2024-01-18,18,84,frutificacao,0.8652,0.727,17.3,56.75,5.64,22.03,76.15,43.94,47942.2,1,saudavel,4.72,1,140,0.6,3,0.8923,-0.0519,85.69,48.6,-4.66,-4.73,5.25,0.7743,0,1,0,0,1
1276,F02-MIL,F02,125.1,-17.3783,-49.79248,2023/2024,2024-01-19,19,85,frutificacao,0.8943,0.7289,17.61,52.01,0.0,20.28,75.34,37.02,58554.7,1,saudavel,4.72,1,140,0.6071,3,0.8891,-0.0224,77.46,43.94,-6.92,-2.67,5.0,0.7118,0,1,0,0,1
1277,F02-MIL,F02,125.1,-17.3783,-49.79248,2023/2024,2024-01-20,20,86,frutificacao,0.8749,0.742,17.78,71.72,48.14,21.17,83.48,61.33,35093.6,0,saudavel,4.72,1,140,0.6143,3,0.8847,-0.0305,125.6,37.02,24.31,-3.39,3.5,0.8551,0,1,0,0,1
1278,F02-MIL,F02,125.1,-17.3783,-49.79248,2023/2024,2024-01-21,21,87,frutificacao,0.8867,0.7473,15.86,65.78,0.0,20.45,86.92,49.72,56142.4,0,saudavel,4.72,1,140,0.6214,3,0.8821,-0.0187,95.61,61.33,-11.61,-4.59,2.67,0.7559,0,1,0,0,1
1279,F02-MIL,F02,125.1,-17.3783,-49.79248,2023/2024,2024-01-22,22,88,frutificacao,0.8887,0.7696,16.19,60.32,0.0,20.32,85.85,39.59,59191.3,0,saudavel,4.72,1,140,0.6286,3,0.8847,0.0184,86.67,49.72,-10.13,-4.13,2.88,0.6563,0,1,0,0,1
1280,F02-MIL,F02,125.1,-17.3783,-49.79248,2023/2024,2024-01-23,23,89,frutificacao,0.9128,0.794,15.52,60.77,10.95,20.0,80.22,39.25,53417.5,1,saudavel,4.72,1,140,0.6357,3,0.884,-0.005,86.8,39.59,-0.34,-4.48,3.96,0.6459,0,1,0,0,1
1281,F02-MIL,F02,125.1,-17.3783,-49.79248,2023/2024,2024-01-24,24,90,frutificacao,0.8825,0.7654,17.5,55.71,0.0,20.64,83.33,32.76,59092.5,1,saudavel,4.72,1,140,0.6429,3,0.8864,0.0172,64.73,39.25,-6.49,-3.14,3.44,0.588,0,1,0,0,1
1282,F02-MIL,F02,125.1,-17.3783,-49.79248,2023/2024,2024-01-25,25,91,frutificacao,0.8576,0.7487,16.65,51.05,0.0,21.25,82.96,27.23,54367.9,1,saudavel,4.72,1,140,0.65,3,0.8854,-0.0076,59.09,32.76,-5.53,-4.6,3.62,0.5334,0,1,0,0,1
1283,F02-MIL,F02,125.1,-17.3783,-49.79248,2023/2024,2024-01-26,26,92,frutificacao,0.879,0.7832,19.07,46.77,0.0,22.63,79.07,25.05,56806.0,1,saudavel,4.72,1,140,0.6571,3,0.8832,-0.0153,59.09,27.23,-2.18,-3.56,4.74,0.5356,0,1,0,0,1
1284,F02-MIL,F02,125.1,-17.3783,-49.79248,2023/2024,2024-01-27,27,93,frutificacao,0.8437,0.7249,16.53,42.83,0.0,19.82,80.88,20.43,57324.8,1,saudavel,4.72,1,140,0.6643,3,0.8787,-0.0312,10.95,25.05,-4.62,-3.29,3.79,0.477,0,1,0,0,1
1285,F02-MIL,F02,125.1,-17.3783,-49.79248,2023/2024,2024-01-28,28,94,frutificacao,0.8726,0.7637,14.76,39.2,0.0,19.46,80.53,14.26,59966.4,1,saudavel,4.72,1,140,0.6714,3,0.8767,-0.0141,10.95,20.43,-6.17,-4.7,3.79,0.3638,0,1,0,0,1
1286,F02-MIL,F02,125.1,-17.3783,-49.79248,2023/2024,2024-01-29,29,95,frutificacao,0.8489,0.7314,17.14,35.86,0.0,19.19,76.17,13.9,59084.7,1,saudavel,4.72,1,140,0.6786,3,0.871,-0.0398,10.95,14.26,-0.36,-2.05,4.57,0.3876,0,1,0,0,1
1287,F02-MIL,F02,125.1,-17.3783,-49.79248,2023/2024,2024-01-30,30,96,frutificacao,0.8479,0.6827,18.17,45.74,25.9,22.1,76.17,26.14,23072.0,0,saudavel,4.72,1,140,0.6857,3,0.8617,-0.0649,25.9,13.9,12.24,-3.93,5.27,0.5715,0,1,0,0,1
1288,F02-MIL,F02,125.1,-17.3783,-49.79248,2023/2024,2024-01-31,31,97,frutificacao,0.7955,0.6731,16.7,48.15,12.53,20.86,75.4,28.48,40933.0,0,saudavel,4.72,1,140,0.6929,3,0.8493,-0.087,38.43,26.14,2.34,-4.16,5.13,0.5915,0,1,0,0,1
1289,F02-MIL,F02,125.1,-17.3783,-49.79248,2023/2024,2024-02-01,32,98,frutificacao,0.7763,0.6425,14.77,44.1,0.0,16.9,73.18,23.5,54536.3,1,saudavel,4.72,2,140,0.7,3,0.8377,-0.0813,38.43,28.48,-4.98,-2.13,4.53,0.5329,0,1,0,0,1
1290,F02-MIL,F02,125.1,-17.3783,-49.79248,2023/2024,2024-02-02,33,99,frutificacao,0.7802,0.6678,13.79,41.22,1.71,16.76,81.87,20.75,49907.2,1,saudavel,4.72,2,140,0.7071,3,0.8236,-0.0988,40.14,23.5,-2.75,-2.97,3.04,0.5034,0,1,0,0,1
1291,F02-MIL,F02,125.1,-17.3783,-49.79248,2023/2024,2024-02-03,34,100,frutificacao,0.8327,0.6919,15.27,37.73,0.0,18.36,79.88,14.59,43158.5,1,saudavel,4.72,2,140,0.7143,3,0.822,-0.011,40.14,20.75,-6.16,-3.09,3.69,0.3867,0,1,0,0,1
1292,F02-MIL,F02,125.1,-17.3783,-49.79248,2023/2024,2024-02-04,35,101,frutificacao,0.7609,0.6589,15.85,37.8,6.58,19.88,82.87,14.86,45910.2,0,saudavel,4.72,2,140,0.7214,3,0.8061,-0.1117,46.72,14.59,0.27,-4.03,3.41,0.3931,0,1,0,0,1
1293,F02-MIL,F02,125.1,-17.3783,-49.79248,2023/2024,2024-02-05,36,102,frutificacao,0.7832,0.6853,17.18,42.23,15.32,19.42,85.53,19.66,40017.6,0,saudavel,4.72,2,140,0.7286,3,0.7967,-0.0657,62.04,14.86,4.8,-2.24,2.81,0.4655,0,1,0,0,1
1294,F02-MIL,F02,125.1,-17.3783,-49.79248,2023/2024,2024-02-06,37,103,frutificacao,0.7389,0.6521,19.69,38.65,0.0,20.17,85.27,16.79,51917.8,1,saudavel,4.72,2,140,0.7357,3,0.7811,-0.109,36.14,19.66,-2.87,-0.48,2.97,0.4344,0,1,0,0,1
1295,F02-MIL,F02,125.1,-17.3783,-49.79248,2023/2024,2024-02-07,38,104,frutificacao,0.7285,0.6516,15.25,52.35,33.97,19.07,86.28,37.37,23624.1,0,saudavel,4.72,2,140,0.7429,3,0.7715,-0.067,57.58,16.79,20.58,-3.82,2.62,0.7138,0,1,0,0,1
1296,F02-MIL,F02,125.1,-17.3783,-49.79248,2023/2024,2024-02-08,39,105,frutificacao,0.7124,0.572,19.31,59.25,22.77,21.37,73.91,43.22,32990.1,0,saudavel,4.72,2,140,0.75,3,0.7624,-0.0639,80.35,37.37,5.85,-2.06,5.58,0.7295,0,1,0,0,1
1297,F02-MIL,F02,125.1,-17.3783,-49.79248,2023/2024,2024-02-09,40,106,frutificacao,0.7247,0.592,17.06,54.31,0.0,20.37,71.01,36.67,53719.1,1,saudavel,4.72,2,140,0.7571,3,0.7545,-0.0555,78.64,43.22,-6.55,-3.31,5.91,0.6752,0,1,0,0,1
1298,F02-MIL,F02,125.1,-17.3783,-49.79248,2023/2024,2024-02-10,41,107,frutificacao,0.6807,0.6371,19.83,49.76,0.0,19.26,83.35,31.21,51007.9,1,saudavel,4.72,2,140,0.7643,3,0.7328,-0.152,78.64,36.67,-5.46,0.57,3.21,0.6272,0,1,0,0,1
1299,F02-MIL,F02,125.1,-17.3783,-49.79248,2023/2024,2024-02-11,42,108,frutificacao,0.6525,0.5748,20.17,45.46,0.0,20.8,84.55,24.19,56248.9,1,saudavel,4.72,2,140,0.7714,3,0.7173,-0.1084,72.06,31.21,-7.02,-0.63,3.21,0.5321,0,1,0,0,1
1300,F02-MIL,F02,125.1,-17.3783,-49.79248,2023/2024,2024-02-12,43,109,frutificacao,0.6456,0.5532,15.03,44.84,6.48,16.55,87.84,20.77,46420.9,0,saudavel,4.72,2,140,0.7786,3,0.6976,-0.1376,63.22,24.19,-3.42,-1.52,2.01,0.4632,0,1,0,0,1
1301,F02-MIL,F02,125.1,-17.3783,-49.79248,2023/2024,2024-02-13,44,110,frutificacao,0.5809,0.4944,16.39,40.92,0.0,18.84,80.98,15.0,48947.3,1,saudavel,4.72,2,140,0.7857,3,0.675,-0.158,63.22,20.77,-5.77,-2.45,3.58,0.3666,0,1,0,0,1
1302,F02-MIL,F02,125.1,-17.3783,-49.79248,2023/2024,2024-02-14,45,111,frutificacao,0.5883,0.4989,16.84,37.33,0.0,19.12,68.26,11.0,47896.6,1,saudavel,4.72,2,140,0.7929,3,0.655,-0.1402,29.25,15.0,-4.0,-2.28,6.07,0.2947,0,1,0,0,1
1303,F02-MIL,F02,125.1,-17.3783,-49.79248,2023/2024,2024-02-15,46,112,frutificacao,0.558,0.4356,19.49,33.98,0.0,19.76,79.55,10.86,50336.2,1,saudavel,4.72,2,140,0.8,3,0.633,-0.1544,6.48,11.0,-0.14,-0.27,4.04,0.3196,0,1,0,0,1
1304,F02-MIL,F02,125.1,-17.3783,-49.79248,2023/2024,2024-02-16,47,113,frutificacao,0.5308,0.4358,14.1,32.28,2.84,16.24,82.47,10.05,51619.3,1,saudavel,4.72,2,140,0.8071,3,0.6053,-0.1939,9.32,10.86,-0.81,-2.14,2.85,0.3113,0,1,0,0,1
1305,F02-MIL,F02,125.1,-17.3783,-49.79248,2023/2024,2024-02-17,48,114,frutificacao,0.4833,0.4086,16.69,36.77,15.09,18.37,84.53,15.92,35230.5,0,saudavel,4.72,2,140,0.8143,3,0.5771,-0.1974,24.41,10.05,5.87,-1.68,2.84,0.433,0,1,0,0,1
1306,F02-MIL,F02,125.1,-17.3783,-49.79248,2023/2024,2024-02-18,49,115,frutificacao,0.4516,0.3695,19.25,33.3,0.0,19.31,84.71,12.6,51856.3,1,saudavel,4.72,2,140,0.8214,3,0.5484,-0.2009,24.41,15.92,-3.32,-0.06,2.95,0.3784,0,1,0,0,1
1307,F02-MIL,F02,125.1,-17.3783,-49.79248,2023/2024,2024-02-19,50,116,frutificacao,0.4177,0.3434,19.75,30.07,0.0,19.38,81.92,7.64,50043.5,1,saudavel,4.72,2,140,0.8286,3,0.5158,-0.2279,17.93,12.6,-4.96,0.37,3.5,0.2541,0,1,0,0,1
1308,F02-MIL,F02,125.1,-17.3783,-49.79248,2023/2024,2024-02-20,51,117,frutificacao,0.3948,0.3868,21.22,41.46,28.92,20.39,73.67,24.98,31595.1,0,saudavel,4.72,2,140,0.8357,3,0.4892,-0.1861,46.85,7.64,17.34,0.83,5.37,0.6025,0,1,0,0,1
1309,F02-MIL,F02,125.1,-17.3783,-49.79248,2023/2024,2024-02-21,52,118,frutificacao,0.3698,0.3093,19.94,37.5,0.0,19.71,71.72,18.18,50303.4,1,saudavel,4.72,2,140,0.8429,3,0.458,-0.2185,46.85,24.98,-6.8,0.23,5.57,0.4848,0,1,0,0,1
1310,F02-MIL,F02,125.1,-17.3783,-49.79248,2023/2024,2024-02-22,53,119,maturacao,0.374,0.3234,19.99,33.86,0.0,18.43,80.14,12.83,46719.9,0,saudavel,4.72,2,140,0.85,4,0.4317,-0.184,46.85,18.18,-5.35,1.56,3.66,0.3789,0,1,0,0,1
1311,F02-MIL,F02,125.1,-17.3783,-49.79248,2023/2024,2024-02-23,54,120,maturacao,0.3421,0.2956,19.56,46.19,31.44,19.5,72.72,30.63,26455.9,0,saudavel,4.72,2,140,0.8571,4,0.4048,-0.1887,75.45,12.83,17.8,0.06,5.32,0.6631,0,1,0,0,1
1312,F02-MIL,F02,125.1,-17.3783,-49.79248,2023/2024,2024-02-24,55,121,maturacao,0.3368,0.2981,19.74,41.8,0.0,18.14,84.71,26.84,50479.7,0,saudavel,4.72,2,140,0.8643,4,0.3838,-0.1465,60.36,30.63,-3.79,1.6,2.77,0.6421,0,1,0,0,1
1313,F02-MIL,F02,125.1,-17.3783,-49.79248,2023/2024,2024-02-25,56,122,maturacao,0.3211,0.2634,19.95,45.77,16.07,18.63,68.36,34.81,33839.6,0,saudavel,4.72,2,140,0.8714,4,0.3652,-0.1305,76.43,26.84,7.97,1.32,5.89,0.7605,0,1,0,0,1
1314,F02-MIL,F02,125.1,-17.3783,-49.79248,2023/2024,2024-02-26,57,123,maturacao,0.2748,0.2585,21.69,41.32,0.0,19.56,78.99,25.96,44022.0,0,saudavel,4.72,2,140,0.8786,4,0.3448,-0.1429,76.43,34.81,-8.85,2.13,4.11,0.6283,0,1,0,0,1
1315,F02-MIL,F02,125.1,-17.3783,-49.79248,2023/2024,2024-02-27,58,124,maturacao,0.2603,0.2302,21.11,37.21,0.0,18.27,78.37,19.34,48790.3,0,saudavel,4.72,2,140,0.8857,4,0.3256,-0.1345,47.51,25.96,-6.62,2.84,3.95,0.5198,0,1,0,0,1
1316,F02-MIL,F02,125.1,-17.3783,-49.79248,2023/2024,2024-02-28,59,125,maturacao,0.2651,0.1996,20.0,33.43,0.0,18.84,75.22,15.59,47038.7,0,saudavel,4.72,2,140,0.8929,4,0.3106,-0.1047,47.51,19.34,-3.75,1.16,4.67,0.4663,0,1,0,0,1
1317,F02-MIL,F02,125.1,-17.3783,-49.79248,2023/2024,2024-02-29,60,126,maturacao,0.243,0.2044,20.86,29.92,0.0,19.71,70.94,13.45,41962.0,0,saudavel,4.72,2,140,0.9,4,0.2919,-0.131,47.51,15.59,-2.14,1.15,5.73,0.4495,0,1,0,0,1
1318,F02-MIL,F02,125.1,-17.3783,-49.79248,2023/2024,2024-03-01,61,127,maturacao,0.231,0.1929,19.54,26.67,0.0,19.31,65.33,6.67,46936.5,0,saudavel,4.72,3,140,0.9071,4,0.276,-0.1111,16.07,13.45,-6.78,0.23,6.69,0.2501,0,1,0,0,0
1319,F02-MIL,F02,125.1,-17.3783,-49.79248,2023/2024,2024-03-02,62,128,maturacao,0.2738,0.2284,19.58,25.99,4.5,20.06,72.36,7.5,40480.9,0,saudavel,4.72,3,140,0.9143,4,0.267,-0.063,20.57,6.67,0.83,-0.48,5.54,0.2886,0,1,0,0,0
1320,F02-MIL,F02,125.1,-17.3783,-49.79248,2023/2024,2024-03-03,63,129,maturacao,0.2015,0.1814,23.69,22.81,0.0,21.68,71.31,5.0,40942.6,0,atencao,4.72,3,140,0.9214,4,0.2499,-0.1196,4.5,7.5,-2.5,2.01,6.22,0.2192,0,1,0,0,0
1321,F02-MIL,F02,125.1,-17.3783,-49.79248,2023/2024,2024-03-04,64,130,maturacao,0.2658,0.2386,20.72,20.19,0.0,19.22,80.74,5.0,44088.3,0,saudavel,4.72,3,140,0.9286,4,0.2486,-0.009,4.5,5.0,0.0,1.5,3.7,0.2476,0,1,0,0,0
1322,F02-MIL,F02,125.1,-17.3783,-49.79248,2023/2024,2024-03-05,65,131,maturacao,0.2251,0.2017,18.33,29.27,23.12,17.45,72.15,11.36,31383.5,0,saudavel,4.72,3,140,0.9357,4,0.2436,-0.0352,27.62,5.0,6.36,0.88,4.86,0.3881,0,1,0,0,0
1323,F02-MIL,F02,125.1,-17.3783,-49.79248,2023/2024,2024-03-06,66,132,maturacao,0.2339,0.2056,19.91,26.08,0.0,18.88,77.29,7.36,48073.9,0,saudavel,4.72,3,140,0.9429,4,0.2392,-0.0312,27.62,11.36,-4.0,1.03,4.29,0.2822,0,1,0,0,0
1324,F02-MIL,F02,125.1,-17.3783,-49.79248,2023/2024,2024-03-07,67,133,maturacao,0.227,0.1946,22.28,26.04,5.8,18.8,68.43,8.78,42674.6,0,saudavel,4.72,3,140,0.95,4,0.2369,-0.016,33.42,7.36,1.42,3.48,5.94,0.3372,0,1,0,0,0
1325,F02-MIL,F02,125.1,-17.3783,-49.79248,2023/2024,2024-03-08,68,134,maturacao,0.2179,0.1422,21.91,23.08,0.0,19.0,77.0,7.58,44556.1,0,saudavel,4.72,3,140,0.9571,4,0.235,-0.0131,33.42,8.78,-1.2,2.91,4.37,0.3284,0,1,0,0,0
1326,F02-MIL,F02,125.1,-17.3783,-49.79248,2023/2024,2024-03-09,69,135,maturacao,0.2354,0.2156,20.93,20.35,0.0,20.31,62.44,5.6,45183.0,0,saudavel,4.72,3,140,0.9643,4,0.2295,-0.0384,28.92,7.58,-1.98,0.62,7.63,0.2752,0,1,0,0,0
1327,F02-MIL,F02,125.1,-17.3783,-49.79248,2023/2024,2024-03-10,70,136,colheita,0.1775,0.1606,17.48,17.79,0.0,15.52,86.8,5.0,43337.4,0,atencao,4.72,3,140,0.9714,5,0.2261,-0.024,28.92,5.6,-0.6,1.96,2.05,0.2811,0,1,0,0,0
1328,F02-MIL,F02,125.1,-17.3783,-49.79248,2023/2024,2024-03-11,71,137,colheita,0.1934,0.1447,22.97,15.42,0.0,20.31,72.56,5.0,39371.0,0,saudavel,4.72,3,140,0.9786,5,0.2157,-0.0724,28.92,5.0,0.0,2.66,5.57,0.3243,0,1,0,0,0
1329,F02-MIL,F02,125.1,-17.3783,-49.79248,2023/2024,2024-03-12,72,138,colheita,0.1772,0.1563,22.58,20.62,14.94,20.8,58.81,9.56,29074.9,0,atencao,4.72,3,140,0.9857,5,0.2089,-0.0479,20.74,5.0,4.56,1.78,8.57,0.4636,0,1,0,0,0
1330,F02-MIL,F02,125.1,-17.3783,-49.79248,2023/2024,2024-03-13,73,139,colheita,0.1584,0.1476,20.64,18.01,0.0,18.87,70.17,6.31,40150.8,0,atencao,4.72,3,140,0.9929,5,0.1981,-0.0755,20.74,9.56,-3.25,1.77,5.63,0.3504,0,1,0,0,0
1331,F02-MIL,F02,125.1,-17.3783,-49.79248,2024/2025,2024-10-25,299,0,germinacao,0.188,0.1499,34.62,45.0,0.0,30.38,75.66,44.75,53771.5,0,saudavel,4.29,10,140,0.0,0,0.188,0.0,0.0,44.75,0.0,4.24,7.39,0.9944,0,1,0,1,0
1332,F02-MIL,F02,125.1,-17.3783,-49.79248,2024/2025,2024-10-26,300,1,germinacao,0.1803,0.165,30.63,39.29,0.0,29.86,72.6,34.52,53942.8,1,saudavel,4.29,10,140,0.0071,0,0.1841,0.0,0.0,44.75,-10.23,0.77,8.18,0.8786,0,1,0,1,0
1333,F02-MIL,F02,125.1,-17.3783,-49.79248,2024/2025,2024-10-27,301,2,germinacao,0.1855,0.1633,30.75,34.2,0.0,28.51,75.44,27.44,53687.5,1,saudavel,4.29,10,140,0.0143,0,0.1846,0.0,0.0,34.52,-7.08,2.24,7.0,0.8023,0,1,0,1,0
1334,F02-MIL,F02,125.1,-17.3783,-49.79248,2024/2025,2024-10-28,302,3,germinacao,0.1719,0.1539,30.91,29.28,0.0,30.34,67.01,19.36,55038.6,1,saudavel,4.29,10,140,0.0214,0,0.1814,0.0,0.0,27.44,-8.08,0.57,10.01,0.6612,0,1,0,1,0
1335,F02-MIL,F02,125.1,-17.3783,-49.79248,2024/2025,2024-10-29,303,4,germinacao,0.1909,0.1785,30.9,32.52,14.99,28.35,67.98,23.55,30866.5,0,saudavel,4.29,10,140,0.0286,0,0.1833,0.0,14.99,19.36,4.19,2.55,9.08,0.7242,0,1,0,1,0
1336,F02-MIL,F02,125.1,-17.3783,-49.79248,2024/2025,2024-10-30,304,5,germinacao,0.1891,0.1711,31.03,27.88,0.0,29.38,74.88,18.54,57254.1,1,saudavel,4.29,10,140,0.0357,0,0.1843,0.0,14.99,23.55,-5.01,1.65,7.38,0.665,0,1,0,1,0
1337,F02-MIL,F02,125.1,-17.3783,-49.79248,2024/2025,2024-10-31,305,6,germinacao,0.2368,0.1985,32.49,23.62,0.0,29.81,68.73,12.37,53681.1,0,saudavel,4.29,10,140,0.0429,0,0.1918,0.0,14.99,18.54,-6.17,2.68,9.32,0.5237,0,1,0,1,0
1338,F02-MIL,F02,125.1,-17.3783,-49.79248,2024/2025,2024-11-01,306,7,germinacao,0.2052,0.1911,33.05,19.53,0.0,30.91,66.49,5.59,56965.9,1,saudavel,4.29,11,140,0.05,0,0.1942,0.0172,14.99,12.37,-6.78,2.14,10.36,0.2862,0,1,0,1,0
1339,F02-MIL,F02,125.1,-17.3783,-49.79248,2024/2025,2024-11-02,307,8,germinacao,0.1947,0.1877,31.81,16.08,0.0,28.21,66.76,5.0,49706.0,1,saudavel,4.29,11,140,0.0571,0,0.1963,0.0144,14.99,5.59,-0.59,3.6,9.38,0.3109,0,1,0,1,0
1340,F02-MIL,F02,125.1,-17.3783,-49.79248,2024/2025,2024-11-03,308,9,germinacao,0.1966,0.156,29.47,24.21,22.49,27.67,69.25,16.98,28177.5,0,saudavel,4.29,11,140,0.0643,0,0.1979,0.0111,37.48,5.0,11.98,1.8,8.51,0.7014,0,1,0,1,0
1341,F02-MIL,F02,125.1,-17.3783,-49.79248,2024/2025,2024-11-04,309,10,germinacao,0.2227,0.1892,30.47,24.59,8.78,30.08,74.89,18.86,51248.9,0,saudavel,4.29,11,140,0.0714,0,0.2051,0.0508,46.26,16.98,1.88,0.39,7.55,0.767,0,1,0,1,0
1342,F02-MIL,F02,125.1,-17.3783,-49.79248,2024/2025,2024-11-05,310,11,germinacao,0.1674,0.1069,32.85,20.46,0.0,30.12,63.1,13.73,51228.6,1,atencao,4.29,11,140,0.0786,0,0.2018,-0.0235,31.27,18.86,-5.13,2.73,11.11,0.6711,0,1,0,1,0
1343,F02-MIL,F02,125.1,-17.3783,-49.79248,2024/2025,2024-11-06,311,12,germinacao,0.1843,0.1683,29.26,22.22,10.36,27.17,75.72,12.16,43953.9,0,saudavel,4.29,11,140,0.0857,0,0.2011,-0.0048,41.63,13.73,-1.57,2.09,6.6,0.5473,0,1,0,1,0
1344,F02-MIL,F02,125.1,-17.3783,-49.79248,2024/2025,2024-11-07,312,13,germinacao,0.151,0.1528,27.07,18.72,0.0,26.24,69.73,6.77,56087.2,0,atencao,4.29,11,140,0.0929,0,0.1888,-0.0858,41.63,12.16,-5.39,0.83,7.94,0.3616,0,1,0,1,0
1345,F02-MIL,F02,125.1,-17.3783,-49.79248,2024/2025,2024-11-08,313,14,vegetativo,0.2018,0.1664,30.78,15.17,0.0,29.65,70.33,5.0,57065.0,1,saudavel,4.29,11,140,0.1,1,0.1884,-0.0034,41.63,6.77,-1.77,1.13,8.8,0.3296,0,1,0,1,0
1346,F02-MIL,F02,125.1,-17.3783,-49.79248,2024/2025,2024-11-09,314,15,vegetativo,0.2093,0.1806,26.66,12.43,0.0,25.28,73.42,5.0,58218.4,1,saudavel,4.29,11,140,0.1071,1,0.1904,0.0146,41.63,5.0,0.0,1.38,6.72,0.4023,0,1,0,1,0
1347,F02-MIL,F02,125.1,-17.3783,-49.79248,2024/2025,2024-11-10,315,16,vegetativo,0.1744,0.1438,29.1,14.08,8.39,25.12,73.29,5.75,48163.3,0,atencao,4.29,11,140,0.1143,1,0.1873,-0.0222,27.53,5.0,0.75,3.98,6.71,0.4084,0,1,0,1,0
1348,F02-MIL,F02,125.1,-17.3783,-49.79248,2024/2025,2024-11-11,316,17,vegetativo,0.2252,0.1838,29.85,16.26,10.05,27.17,71.87,7.39,42991.1,0,saudavel,4.29,11,140,0.1214,1,0.1876,0.0025,28.8,5.75,1.64,2.68,7.64,0.4545,0,1,0,1,0
1349,F02-MIL,F02,125.1,-17.3783,-49.79248,2024/2025,2024-11-12,317,18,vegetativo,0.1848,0.1617,29.48,13.14,0.0,27.49,71.03,7.06,57784.9,1,saudavel,4.29,11,140,0.1286,1,0.1901,0.0174,28.8,7.39,-0.33,1.99,7.96,0.5373,0,1,0,1,0
1350,F02-MIL,F02,125.1,-17.3783,-49.79248,2024/2025,2024-11-13,318,19,vegetativo,0.1953,0.1503,28.37,10.5,0.0,25.66,71.63,5.0,58050.2,1,saudavel,4.29,11,140,0.1357,1,0.1917,0.011,18.44,7.06,-2.06,2.71,7.28,0.4762,0,1,0,1,0
1351,F02-MIL,F02,125.1,-17.3783,-49.79248,2024/2025,2024-11-14,319,20,vegetativo,0.208,0.1721,27.58,8.0,0.0,27.5,80.12,5.0,50649.9,1,saudavel,4.29,11,140,0.1429,1,0.1998,0.057,18.44,5.0,0.0,0.08,5.47,0.625,0,1,0,1,0
1352,F02-MIL,F02,125.1,-17.3783,-49.79248,2024/2025,2024-11-15,320,21,vegetativo,0.2415,0.1872,28.74,8.0,2.77,27.47,73.79,5.0,57957.5,1,saudavel,4.29,11,140,0.15,1,0.2055,0.0397,21.21,5.0,0.0,1.27,7.2,0.625,0,1,0,1,0
1353,F02-MIL,F02,125.1,-17.3783,-49.79248,2024/2025,2024-11-16,321,22,vegetativo,0.197,0.1792,28.89,14.46,19.55,26.26,73.89,12.01,30629.7,0,atencao,4.29,11,140,0.1571,1,0.2037,-0.0123,40.76,5.0,7.01,2.63,6.86,0.8306,0,1,0,1,0
1354,F02-MIL,F02,125.1,-17.3783,-49.79248,2024/2025,2024-11-17,322,23,vegetativo,0.2252,0.1962,32.08,11.25,0.0,29.95,69.22,8.15,59805.0,1,saudavel,4.29,11,140,0.1643,1,0.211,0.0508,32.37,12.01,-3.86,2.13,9.22,0.7244,0,1,0,1,0
1355,F02-MIL,F02,125.1,-17.3783,-49.79248,2024/2025,2024-11-18,323,24,vegetativo,0.2408,0.1961,28.74,8.62,0.0,27.45,72.02,5.0,54991.3,1,saudavel,4.29,11,140,0.1714,1,0.2132,0.0156,22.32,8.15,-3.15,1.29,7.68,0.58,0,1,0,1,0
1356,F02-MIL,F02,125.1,-17.3783,-49.79248,2024/2025,2024-11-19,324,25,vegetativo,0.2435,0.2077,30.18,8.0,0.0,28.41,70.41,5.0,59196.7,1,saudavel,4.29,11,140,0.1786,1,0.2216,0.0587,22.32,5.0,0.0,1.77,8.41,0.625,0,1,0,1,0
1357,F02-MIL,F02,125.1,-17.3783,-49.79248,2024/2025,2024-11-20,325,26,vegetativo,0.252,0.2098,26.51,8.0,0.0,24.44,79.94,5.0,58792.0,1,saudavel,4.29,11,140,0.1857,1,0.2297,0.0567,22.32,5.0,0.0,2.07,4.9,0.625,0,1,0,1,0
1358,F02-MIL,F02,125.1,-17.3783,-49.79248,2024/2025,2024-11-21,326,27,vegetativo,0.2639,0.2472,25.95,8.0,0.0,24.33,72.53,5.0,57325.8,1,saudavel,4.29,11,140,0.1929,1,0.2377,0.0559,22.32,5.0,0.0,1.62,6.68,0.625,0,1,0,1,0
1359,F02-MIL,F02,125.1,-17.3783,-49.79248,2024/2025,2024-11-22,327,28,vegetativo,0.2475,0.2015,29.76,8.0,0.0,27.12,63.5,5.0,58960.7,1,saudavel,4.29,11,140,0.2,1,0.2386,0.006,19.55,5.0,0.0,2.64,9.9,0.625,0,1,0,1,0
1360,F02-MIL,F02,125.1,-17.3783,-49.79248,2024/2025,2024-11-23,328,29,vegetativo,0.3034,0.2706,30.71,8.0,0.0,29.12,73.94,5.0,57512.9,1,saudavel,4.29,11,140,0.2071,1,0.2538,0.1064,0.0,5.0,0.0,1.59,7.59,0.625,0,1,0,1,0
1361,F02-MIL,F02,125.1,-17.3783,-49.79248,2024/2025,2024-11-24,329,30,vegetativo,0.2799,0.2238,26.72,8.0,0.0,24.73,75.0,5.0,60073.4,1,saudavel,4.29,11,140,0.2143,1,0.2616,0.0547,0.0,5.0,0.0,1.99,6.18,0.625,0,1,0,1,0
1362,F02-MIL,F02,125.1,-17.3783,-49.79248,2024/2025,2024-11-25,330,31,vegetativo,0.2911,0.2637,29.45,8.0,0.0,26.36,72.59,5.0,64641.0,1,saudavel,4.29,11,140,0.2214,1,0.2688,0.0503,0.0,5.0,0.0,3.09,7.23,0.625,0,1,0,1,0
1363,F02-MIL,F02,125.1,-17.3783,-49.79248,2024/2025,2024-11-26,331,32,vegetativo,0.3383,0.3083,25.98,8.0,14.26,24.2,81.48,5.0,40371.2,1,saudavel,4.29,11,140,0.2286,1,0.2823,0.0948,14.26,5.0,0.0,1.78,4.48,0.625,0,1,0,1,0
1364,F02-MIL,F02,125.1,-17.3783,-49.79248,2024/2025,2024-11-27,332,33,vegetativo,0.3156,0.29,27.77,8.0,0.0,24.87,62.95,5.0,48811.0,1,saudavel,4.29,11,140,0.2357,1,0.2914,0.0636,14.26,5.0,0.0,2.9,9.21,0.625,0,1,0,1,0
1365,F02-MIL,F02,125.1,-17.3783,-49.79248,2024/2025,2024-11-28,333,34,vegetativo,0.3531,0.3295,26.29,8.0,0.0,26.14,83.83,5.0,57264.9,1,saudavel,4.29,11,140,0.2429,1,0.3041,0.0892,14.26,5.0,0.0,0.15,4.23,0.625,0,1,0,1,0
1366,F02-MIL,F02,125.1,-17.3783,-49.79248,2024/2025,2024-11-29,334,35,vegetativo,0.3522,0.3052,24.25,8.0,0.0,25.02,82.0,5.0,57190.6,1,saudavel,4.29,11,140,0.25,1,0.3191,0.1047,14.26,5.0,0.0,-0.77,4.5,0.625,0,1,0,1,0
1367,F02-MIL,F02,125.1,-17.3783,-49.79248,2024/2025,2024-11-30,335,36,vegetativo,0.4385,0.3975,23.61,20.12,45.48,23.7,74.47,25.99,28251.1,0,saudavel,4.29,11,140,0.2571,1,0.3384,0.1351,59.74,5.0,20.99,-0.09,6.05,1.2917,0,1,0,1,0
1368,F02-MIL,F02,125.1,-17.3783,-49.79248,2024/2025,2024-12-01,336,37,vegetativo,0.4572,0.4211,23.23,34.36,33.57,23.57,75.52,43.51,26664.1,0,saudavel,4.29,12,140,0.2643,1,0.3637,0.1773,93.31,25.99,17.52,-0.34,5.77,1.2663,0,1,0,0,1
1369,F02-MIL,F02,125.1,-17.3783,-49.79248,2024/2025,2024-12-02,337,38,vegetativo,0.4329,0.3455,24.19,30.74,0.0,22.63,80.95,33.88,61617.2,1,saudavel,4.29,12,140,0.2714,1,0.384,0.1418,93.31,43.51,-9.63,1.56,4.31,1.1021,0,1,0,0,1
1370,F02-MIL,F02,125.1,-17.3783,-49.79248,2024/2025,2024-12-03,338,39,vegetativo,0.4707,0.3881,24.71,27.06,0.0,26.07,79.1,26.24,54963.2,1,saudavel,4.29,12,140,0.2786,1,0.4029,0.1324,79.05,33.88,-7.64,-1.36,5.45,0.9697,0,1,0,0,1
1371,F02-MIL,F02,125.1,-17.3783,-49.79248,2024/2025,2024-12-04,339,40,vegetativo,0.4865,0.3836,25.69,32.03,16.68,26.15,73.31,30.07,44102.5,0,saudavel,4.29,12,140,0.2857,1,0.4273,0.1709,95.73,26.24,3.83,-0.46,6.98,0.9388,0,1,0,0,1
1372,F02-MIL,F02,125.1,-17.3783,-49.79248,2024/2025,2024-12-05,340,41,vegetativo,0.5061,0.4514,25.89,34.77,12.94,26.04,68.53,32.38,48425.8,0,saudavel,4.29,12,140,0.2929,1,0.4492,0.153,108.67,30.07,2.31,-0.15,8.19,0.9313,0,1,0,0,1
1373,F02-MIL,F02,125.1,-17.3783,-49.79248,2024/2025,2024-12-06,341,42,vegetativo,0.5424,0.4308,22.91,31.16,0.0,23.69,88.67,25.18,60342.5,1,saudavel,4.29,12,140,0.3,1,0.4763,0.1902,108.67,32.38,-7.2,-0.78,2.68,0.8081,0,1,0,0,1
1374,F02-MIL,F02,125.1,-17.3783,-49.79248,2024/2025,2024-12-07,342,43,vegetativo,0.5661,0.4456,25.19,27.54,0.0,26.46,81.29,18.56,60937.8,1,saudavel,4.29,12,140,0.3071,1,0.4946,0.1276,63.19,25.18,-6.62,-1.27,4.95,0.6739,0,1,0,0,1
1375,F02-MIL,F02,125.1,-17.3783,-49.79248,2024/2025,2024-12-08,343,44,vegetativo,0.5632,0.4567,25.2,26.78,5.02,25.91,77.7,17.16,57420.0,0,saudavel,4.29,12,140,0.3143,1,0.5097,0.106,34.64,18.56,-1.4,-0.71,5.78,0.6408,0,1,0,0,1
1376,F02-MIL,F02,125.1,-17.3783,-49.79248,2024/2025,2024-12-09,344,45,vegetativo,0.6249,0.4964,24.21,33.31,19.0,24.76,78.55,22.97,40900.8,0,saudavel,4.29,12,140,0.3214,1,0.5371,0.192,53.64,17.16,5.81,-0.55,5.31,0.6896,0,1,0,0,1
1377,F02-MIL,F02,125.1,-17.3783,-49.79248,2024/2025,2024-12-10,345,46,vegetativo,0.644,0.5528,24.15,33.13,6.49,24.41,81.05,21.95,52189.8,0,saudavel,4.29,12,140,0.3286,1,0.5619,0.1733,60.13,22.97,-1.02,-0.26,4.63,0.6625,0,1,0,0,1
1378,F02-MIL,F02,125.1,-17.3783,-49.79248,2024/2025,2024-12-11,346,47,vegetativo,0.6752,0.5522,21.52,39.02,18.32,23.57,82.21,30.08,42964.1,0,saudavel,4.29,12,140,0.3357,1,0.5888,0.1887,61.77,21.95,8.13,-2.05,4.19,0.7709,0,1,0,0,1
1379,F02-MIL,F02,125.1,-17.3783,-49.79248,2024/2025,2024-12-12,347,48,vegetativo,0.6903,0.5529,21.7,38.79,7.24,24.73,67.43,28.63,54389.1,0,saudavel,4.29,12,140,0.3429,1,0.6152,0.1842,56.07,30.08,-1.45,-3.03,8.05,0.7381,0,1,0,0,1
1380,F02-MIL,F02,125.1,-17.3783,-49.79248,2024/2025,2024-12-13,348,49,floracao,0.7061,0.5993,25.94,34.73,0.0,26.76,74.94,23.66,62516.8,1,saudavel,4.29,12,140,0.35,2,0.6385,0.1637,56.07,28.63,-4.97,-0.82,6.71,0.6813,0,1,0,0,1
1381,F02-MIL,F02,125.1,-17.3783,-49.79248,2024/2025,2024-12-14,349,50,floracao,0.7508,0.6385,22.1,31.17,0.0,25.94,74.96,17.82,54750.9,1,saudavel,4.29,12,140,0.3571,2,0.6649,0.1847,56.07,23.66,-5.84,-3.84,6.5,0.5717,0,1,0,0,1
1382,F02-MIL,F02,125.1,-17.3783,-49.79248,2024/2025,2024-12-15,350,51,floracao,0.7624,0.6106,22.67,34.54,12.74,23.74,77.79,21.54,46646.2,0,saudavel,4.29,12,140,0.3643,2,0.6934,0.1992,63.79,17.82,3.72,-1.07,5.27,0.6236,0,1,0,0,1
1383,F02-MIL,F02,125.1,-17.3783,-49.79248,2024/2025,2024-12-16,351,52,floracao,0.7965,0.6627,23.01,38.07,13.75,24.83,81.84,24.17,43012.0,0,saudavel,4.29,12,140,0.3714,2,0.7179,0.1716,58.54,21.54,2.63,-1.82,4.51,0.6349,0,1,0,0,1
1384,F02-MIL,F02,125.1,-17.3783,-49.79248,2024/2025,2024-12-17,352,53,floracao,0.7938,0.6732,20.62,34.74,0.0,22.27,70.62,18.84,61654.9,1,saudavel,4.29,12,140,0.3786,2,0.7393,0.1498,52.05,24.17,-5.33,-1.65,6.54,0.5423,0,1,0,0,1
1385,F02-MIL,F02,125.1,-17.3783,-49.79248,2024/2025,2024-12-18,353,54,floracao,0.7938,0.6676,22.46,34.31,5.89,24.91,71.27,21.45,56276.3,0,saudavel,4.29,12,140,0.3857,2,0.7562,0.1186,39.62,18.84,2.61,-2.45,7.16,0.6252,0,1,0,0,1
1386,F02-MIL,F02,125.1,-17.3783,-49.79248,2024/2025,2024-12-19,354,55,floracao,0.8225,0.6926,16.95,31.3,0.0,22.47,76.11,17.66,59173.7,1,saudavel,4.29,12,140,0.3929,2,0.7751,0.1322,32.38,21.45,-3.79,-5.52,5.37,0.5642,0,1,0,0,1
1387,F02-MIL,F02,125.1,-17.3783,-49.79248,2024/2025,2024-12-20,355,56,floracao,0.7817,0.688,20.57,35.31,14.2,24.65,79.01,22.08,43608.7,0,saudavel,4.29,12,140,0.4,2,0.7859,0.0756,46.58,17.66,4.42,-4.08,5.17,0.6253,0,1,0,0,1
1388,F02-MIL,F02,125.1,-17.3783,-49.79248,2024/2025,2024-12-21,356,57,floracao,0.8732,0.7852,24.41,31.64,0.0,27.96,80.44,15.49,61787.8,1,saudavel,4.29,12,140,0.4071,2,0.8034,0.1224,46.58,22.08,-6.59,-3.55,5.47,0.4896,0,1,0,0,1
1389,F02-MIL,F02,125.1,-17.3783,-49.79248,2024/2025,2024-12-22,357,58,floracao,0.8454,0.7123,18.27,28.87,0.0,22.55,87.7,10.0,59587.8,1,saudavel,4.29,12,140,0.4143,2,0.8153,0.083,33.84,15.49,-5.49,-4.28,2.77,0.3464,0,1,0,0,1
1390,F02-MIL,F02,125.1,-17.3783,-49.79248,2024/2025,2024-12-23,358,59,floracao,0.8913,0.7312,23.35,55.64,59.73,27.69,75.05,44.75,34265.4,0,saudavel,4.29,12,140,0.4214,2,0.8288,0.0948,79.82,10.0,34.75,-4.34,6.91,0.8043,0,1,0,0,1
1391,F02-MIL,F02,125.1,-17.3783,-49.79248,2024/2025,2024-12-24,359,60,floracao,0.837,0.7067,21.02,50.77,0.0,23.94,82.9,37.29,65269.1,1,saudavel,4.29,12,140,0.4286,2,0.835,0.0432,79.82,44.75,-7.46,-2.92,4.09,0.7345,0,1,0,0,1
1392,F02-MIL,F02,125.1,-17.3783,-49.79248,2024/2025,2024-12-25,360,61,floracao,0.8379,0.7161,18.26,46.51,0.0,21.98,82.9,29.68,62924.4,1,saudavel,4.29,12,140,0.4357,2,0.8413,0.0441,73.93,37.29,-7.61,-3.72,3.76,0.6381,0,1,0,0,1
1393,F02-MIL,F02,125.1,-17.3783,-49.79248,2024/2025,2024-12-26,361,62,floracao,0.8728,0.7408,16.73,48.17,11.16,21.8,82.76,29.9,49445.3,0,saudavel,4.29,12,140,0.4429,2,0.8485,0.0503,85.09,29.68,0.22,-5.07,3.76,0.6207,0,1,0,0,1
1394,F02-MIL,F02,125.1,-17.3783,-49.79248,2024/2025,2024-12-27,362,63,floracao,0.8772,0.7578,23.43,43.66,0.0,26.44,77.15,22.39,65324.4,1,saudavel,4.29,12,140,0.45,2,0.8621,0.0955,70.89,29.9,-7.51,-3.01,6.04,0.5128,0,1,0,0,1
1395,F02-MIL,F02,125.1,-17.3783,-49.79248,2024/2025,2024-12-28,363,64,floracao,0.8806,0.7928,20.12,46.03,12.34,23.53,77.03,26.96,48222.9,0,saudavel,4.29,12,140,0.4571,2,0.8632,0.0074,83.23,22.39,4.57,-3.41,5.4,0.5857,0,1,0,0,1
1396,F02-MIL,F02,125.1,-17.3783,-49.79248,2024/2025,2024-12-29,364,65,floracao,0.8809,0.7145,17.67,55.83,27.37,21.84,74.71,39.51,31060.0,0,saudavel,4.29,12,140,0.4643,2,0.8682,0.0355,110.6,26.96,12.55,-4.17,5.52,0.7077,0,1,0,0,1
1397,F02-MIL,F02,125.1,-17.3783,-49.79248,2024/2025,2024-12-30,365,66,floracao,0.8676,0.7273,19.19,51.17,0.0,22.29,74.11,31.2,57663.6,1,saudavel,4.29,12,140,0.4714,2,0.8649,-0.0237,50.87,39.51,-8.31,-3.1,5.77,0.6097,0,1,0,0,1
1398,F02-MIL,F02,125.1,-17.3783,-49.79248,2024/2025,2024-12-31,366,67,floracao,0.8529,0.7558,19.56,49.41,5.28,23.14,80.99,28.16,52271.3,0,saudavel,4.29,12,140,0.4786,2,0.8671,0.0159,56.15,31.2,-3.04,-3.58,4.4,0.5699,0,1,0,0,1
1399,F02-MIL,F02,125.1,-17.3783,-49.79248,2024/2025,2025-01-01,1,68,floracao,0.8904,0.7464,19.8,53.82,17.12,22.48,79.37,37.27,42597.4,0,saudavel,4.29,1,140,0.4857,2,0.8746,0.0525,73.27,28.16,9.11,-2.68,4.64,0.6925,0,1,0,0,1
1400,F02-MIL,F02,125.1,-17.3783,-49.79248,2024/2025,2025-01-02,2,69,floracao,0.8609,0.7475,19.32,63.57,28.64,22.91,77.3,50.67,32519.3,0,saudavel,4.29,1,140,0.4929,2,0.8729,-0.0119,90.75,37.27,13.4,-3.59,5.2,0.7971,0,1,0,0,1
1401,F02-MIL,F02,125.1,-17.3783,-49.79248,2024/2025,2025-01-03,3,70,floracao,0.8605,0.744,22.53,57.98,0.0,24.95,81.46,43.1,55230.9,0,saudavel,4.29,1,140,0.5,2,0.8705,-0.0167,90.75,50.67,-7.57,-2.42,4.63,0.7434,0,1,0,0,1
1402,F02-MIL,F02,125.1,-17.3783,-49.79248,2024/2025,2025-01-04,4,71,floracao,0.8817,0.7742,14.69,57.74,9.18,20.5,79.79,38.42,48954.9,0,saudavel,4.29,1,140,0.5071,2,0.8707,0.0011,87.59,43.1,-4.68,-5.81,4.14,0.6654,0,1,0,0,1
1403,F02-MIL,F02,125.1,-17.3783,-49.79248,2024/2025,2025-01-05,5,72,floracao,0.8989,0.8024,19.43,55.11,4.41,23.06,74.67,33.86,55581.1,0,saudavel,4.29,1,140,0.5143,2,0.8733,0.018,64.63,38.42,-4.56,-3.63,5.84,0.6144,0,1,0,0,1
1404,F02-MIL,F02,125.1,-17.3783,-49.79248,2024/2025,2025-01-06,6,73,floracao,0.9309,0.7979,17.11,50.5,0.0,21.89,78.58,26.54,61139.4,1,saudavel,4.29,1,140,0.5214,2,0.8823,0.0633,64.63,33.86,-7.32,-4.78,4.69,0.5255,0,1,0,0,1
1405,F02-MIL,F02,125.1,-17.3783,-49.79248,2024/2025,2025-01-07,7,74,floracao,0.9113,0.7397,16.09,46.26,0.0,21.15,84.43,22.32,59029.4,1,saudavel,4.29,1,140,0.5286,2,0.8907,0.0584,59.35,26.54,-4.22,-5.06,3.29,0.4825,0,1,0,0,1
1406,F02-MIL,F02,125.1,-17.3783,-49.79248,2024/2025,2025-01-08,8,75,floracao,0.9208,0.7687,20.29,47.4,10.14,23.41,73.83,26.18,49766.3,0,saudavel,4.29,1,140,0.5357,2,0.895,0.0304,52.37,22.32,3.86,-3.12,6.13,0.5523,0,1,0,0,1
1407,F02-MIL,F02,125.1,-17.3783,-49.79248,2024/2025,2025-01-09,9,76,floracao,0.9055,0.8134,16.26,43.4,0.0,19.52,82.3,21.7,55171.2,1,saudavel,4.29,1,140,0.5429,2,0.9014,0.0446,23.73,26.18,-4.48,-3.26,3.46,0.5,0,1,0,0,1
1408,F02-MIL,F02,125.1,-17.3783,-49.79248,2024/2025,2025-01-10,10,77,frutificacao,0.8998,0.7366,11.96,46.44,13.42,18.07,81.81,24.95,55171.2,0,saudavel,4.29,1,140,0.55,3,0.907,0.0393,37.15,21.7,3.25,-6.11,3.29,0.5373,0,1,0,0,1
1409,F02-MIL,F02,125.1,-17.3783,-49.79248,2024/2025,2025-01-11,11,78,frutificacao,0.9425,0.8111,18.09,42.53,0.0,21.86,75.96,19.2,58460.1,1,saudavel,4.29,1,140,0.5571,3,0.9157,0.0608,27.97,24.95,-5.75,-3.77,5.26,0.4514,0,1,0,0,1
1410,F02-MIL,F02,125.1,-17.3783,-49.79248,2024/2025,2025-01-12,12,79,frutificacao,0.8657,0.6855,18.02,38.92,0.0,21.22,78.64,16.42,60043.6,1,saudavel,4.29,1,140,0.5643,3,0.9109,-0.0332,23.56,19.2,-2.78,-3.2,4.53,0.4219,0,1,0,0,1
1411,F02-MIL,F02,125.1,-17.3783,-49.79248,2024/2025,2025-01-13,13,80,frutificacao,0.8835,0.7239,14.63,44.44,17.66,19.3,73.35,25.76,41890.0,0,saudavel,4.29,1,140,0.5714,3,0.9042,-0.0474,41.22,16.42,9.34,-4.67,5.14,0.5797,0,1,0,0,1
1412,F02-MIL,F02,125.1,-17.3783,-49.79248,2024/2025,2025-01-14,14,81,frutificacao,0.8844,0.7695,13.88,40.68,0.0,18.68,82.09,21.08,55686.7,1,saudavel,4.29,1,140,0.5786,3,0.9003,-0.0269,41.22,25.76,-4.68,-4.8,3.35,0.5182,0,1,0,0,1
1413,F02-MIL,F02,125.1,-17.3783,-49.79248,2024/2025,2025-01-15,15,82,frutificacao,0.9082,0.7727,18.28,37.11,0.0,24.05,71.44,17.06,57375.5,1,saudavel,4.29,1,140,0.5857,3,0.8985,-0.0126,31.08,21.08,-4.02,-5.77,6.87,0.4597,0,1,0,0,1
1414,F02-MIL,F02,125.1,-17.3783,-49.79248,2024/2025,2025-01-16,16,83,frutificacao,0.8697,0.7317,17.59,42.86,17.85,21.75,84.94,25.41,57375.5,0,saudavel,4.29,1,140,0.5929,3,0.8934,-0.0358,48.93,17.06,8.35,-4.16,3.28,0.5929,0,1,0,0,1
1415,F02-MIL,F02,125.1,-17.3783,-49.79248,2024/2025,2025-01-17,17,84,frutificacao,0.9033,0.7515,16.69,55.32,32.16,21.0,79.52,41.88,30518.9,0,saudavel,4.29,1,140,0.6,3,0.8939,0.0035,67.67,25.41,16.47,-4.31,4.3,0.757,0,1,0,0,1
1416,F02-MIL,F02,125.1,-17.3783,-49.79248,2024/2025,2025-01-18,18,85,frutificacao,0.8981,0.7235,20.89,65.38,29.68,24.17,75.15,54.25,28626.7,0,saudavel,4.29,1,140,0.6071,3,0.8876,-0.0444,97.35,41.88,12.37,-3.28,6.01,0.8298,0,1,0,0,1
1417,F02-MIL,F02,125.1,-17.3783,-49.79248,2024/2025,2025-01-19,19,86,frutificacao,0.901,0.7797,18.49,59.95,0.0,22.33,84.85,45.17,54359.7,0,saudavel,4.29,1,140,0.6143,3,0.8926,0.0353,97.35,54.25,-9.08,-3.84,3.38,0.7535,0,1,0,0,1
1418,F02-MIL,F02,125.1,-17.3783,-49.79248,2024/2025,2025-01-20,20,87,frutificacao,0.8985,0.7581,18.21,62.31,14.84,23.36,73.2,46.38,40961.3,0,saudavel,4.29,1,140,0.6214,3,0.8947,0.015,94.53,45.17,1.21,-5.15,6.26,0.7443,0,1,0,0,1
1419,F02-MIL,F02,125.1,-17.3783,-49.79248,2024/2025,2025-01-21,21,88,frutificacao,0.9109,0.7438,14.89,57.13,0.0,18.85,77.26,37.7,57100.0,1,saudavel,4.29,1,140,0.6286,3,0.8985,0.0265,94.53,46.38,-8.68,-3.96,4.29,0.6599,0,1,0,0,1
1420,F02-MIL,F02,125.1,-17.3783,-49.79248,2024/2025,2025-01-22,22,89,frutificacao,0.8762,0.7454,14.57,59.8,14.88,18.71,71.86,40.2,43609.7,0,saudavel,4.29,1,140,0.6357,3,0.894,-0.032,109.41,37.7,2.5,-4.14,5.26,0.6722,0,1,0,0,1
1421,F02-MIL,F02,125.1,-17.3783,-49.79248,2024/2025,2025-01-23,23,90,frutificacao,0.8845,0.7634,16.48,54.81,0.0,21.38,85.87,31.53,58398.5,1,saudavel,4.29,1,140,0.6429,3,0.8961,0.0148,91.56,40.2,-8.67,-4.9,3.02,0.5753,0,1,0,0,1
1422,F02-MIL,F02,125.1,-17.3783,-49.79248,2024/2025,2025-01-24,24,91,frutificacao,0.8552,0.7229,15.7,50.23,0.0,20.99,88.84,24.41,57668.6,1,saudavel,4.29,1,140,0.65,3,0.8892,-0.0481,59.4,31.53,-7.12,-5.29,2.34,0.486,0,1,0,0,1
1423,F02-MIL,F02,125.1,-17.3783,-49.79248,2024/2025,2025-01-25,25,92,frutificacao,0.8462,0.7216,19.17,49.97,7.92,22.16,70.32,25.72,47762.9,0,saudavel,4.29,1,140,0.6571,3,0.8818,-0.0519,37.64,24.41,1.31,-2.99,6.58,0.5147,0,1,0,0,1
1424,F02-MIL,F02,125.1,-17.3783,-49.79248,2024/2025,2025-01-26,26,93,frutificacao,0.8956,0.762,14.15,58.88,26.21,17.76,77.17,36.79,30056.8,0,saudavel,4.29,1,140,0.6643,3,0.881,-0.0054,63.85,25.72,11.07,-3.61,4.05,0.6248,0,1,0,0,1
1425,F02-MIL,F02,125.1,-17.3783,-49.79248,2024/2025,2025-01-27,27,94,frutificacao,0.8381,0.6983,18.2,53.97,0.0,21.18,79.45,31.13,62023.5,1,saudavel,4.29,1,140,0.6714,3,0.8724,-0.0604,49.01,36.79,-5.66,-2.98,4.35,0.5768,0,1,0,0,1
1426,F02-MIL,F02,125.1,-17.3783,-49.79248,2024/2025,2025-01-28,28,95,frutificacao,0.8604,0.7324,17.06,55.71,12.52,21.53,76.22,33.33,42384.6,1,saudavel,4.29,1,140,0.6786,3,0.8652,-0.0505,61.53,31.13,2.2,-4.47,5.12,0.5983,0,1,0,0,1
1427,F02-MIL,F02,125.1,-17.3783,-49.79248,2024/2025,2025-01-29,29,96,frutificacao,0.8505,0.7376,17.89,54.8,7.49,21.38,78.64,33.17,44645.2,0,saudavel,4.29,1,140,0.6857,3,0.8615,-0.0257,54.14,33.33,-0.16,-3.49,4.57,0.6053,0,1,0,0,1
1428,F02-MIL,F02,125.1,-17.3783,-49.79248,2024/2025,2025-01-30,30,97,frutificacao,0.8547,0.7472,14.22,50.21,0.0,19.29,78.64,27.89,50299.1,1,saudavel,4.29,1,140,0.6929,3,0.8572,-0.0298,54.14,33.17,-5.28,-5.07,4.12,0.5555,0,1,0,0,1
1429,F02-MIL,F02,125.1,-17.3783,-49.79248,2024/2025,2025-01-31,31,98,frutificacao,0.7881,0.6857,16.52,46.0,0.0,20.6,81.1,23.88,53923.6,1,saudavel,4.29,1,140,0.7,3,0.8477,-0.0671,54.14,27.89,-4.01,-4.08,3.89,0.5191,0,1,0,0,1
1430,F02-MIL,F02,125.1,-17.3783,-49.79248,2024/2025,2025-02-01,32,99,frutificacao,0.828,0.6903,15.17,42.12,0.0,18.58,81.1,18.6,57566.3,1,saudavel,4.29,2,140,0.7071,3,0.8451,-0.0182,46.22,23.88,-5.28,-3.41,3.51,0.4416,0,1,0,0,1
1431,F02-MIL,F02,125.1,-17.3783,-49.79248,2024/2025,2025-02-02,33,100,frutificacao,0.7966,0.6898,16.33,38.55,0.0,19.24,80.63,15.61,52777.0,1,saudavel,4.29,2,140,0.7143,3,0.8309,-0.099,20.01,18.6,-2.99,-2.91,3.73,0.4049,0,1,0,0,1
1432,F02-MIL,F02,125.1,-17.3783,-49.79248,2024/2025,2025-02-03,34,101,frutificacao,0.7719,0.6654,13.46,35.26,0.0,18.04,74.7,13.65,58691.3,1,saudavel,4.29,2,140,0.7214,3,0.8215,-0.0662,20.01,15.61,-1.96,-4.58,4.56,0.3871,0,1,0,0,1
1433,F02-MIL,F02,125.1,-17.3783,-49.79248,2024/2025,2025-02-04,35,102,frutificacao,0.7635,0.6348,14.47,32.24,0.0,18.4,77.89,8.6,53986.3,1,saudavel,4.29,2,140,0.7286,3,0.8076,-0.0969,7.49,13.65,-5.05,-3.93,4.07,0.2667,0,1,0,0,1
1434,F02-MIL,F02,125.1,-17.3783,-49.79248,2024/2025,2025-02-05,36,103,frutificacao,0.7724,0.6473,15.79,37.82,16.72,19.11,70.73,20.21,42103.1,0,saudavel,4.29,2,140,0.7357,3,0.7965,-0.0781,16.72,8.6,11.61,-3.32,5.59,0.5344,0,1,0,0,1
1435,F02-MIL,F02,125.1,-17.3783,-49.79248,2024/2025,2025-02-06,37,104,frutificacao,0.7479,0.6493,16.89,34.6,0.0,18.66,77.53,19.71,51220.5,1,saudavel,4.29,2,140,0.7429,3,0.7812,-0.1068,16.72,20.21,-0.5,-1.77,4.19,0.5697,0,1,0,0,1
1436,F02-MIL,F02,125.1,-17.3783,-49.79248,2024/2025,2025-02-07,38,105,frutificacao,0.7107,0.6317,14.99,31.63,0.0,18.2,76.85,17.33,51003.3,1,saudavel,4.29,2,140,0.75,3,0.7701,-0.0774,16.72,19.71,-2.38,-3.21,4.21,0.5479,0,1,0,0,1
1437,F02-MIL,F02,125.1,-17.3783,-49.79248,2024/2025,2025-02-08,39,106,frutificacao,0.6691,0.5325,15.44,28.9,0.0,17.32,84.84,15.16,53235.1,1,saudavel,4.29,2,140,0.7571,3,0.7474,-0.1589,16.72,17.33,-2.17,-1.88,2.63,0.5246,0,1,0,0,1
1438,F02-MIL,F02,125.1,-17.3783,-49.79248,2024/2025,2025-02-09,40,107,frutificacao,0.6476,0.5833,20.57,26.1,0.0,22.15,76.8,12.68,54137.5,1,saudavel,4.29,2,140,0.7643,3,0.7262,-0.149,16.72,15.16,-2.48,-1.58,5.14,0.4858,0,1,0,0,1
1439,F02-MIL,F02,125.1,-17.3783,-49.79248,2024/2025,2025-02-10,41,108,frutificacao,0.6599,0.5842,16.21,34.86,22.11,18.4,79.83,24.01,32558.1,0,saudavel,4.29,2,140,0.7714,3,0.7102,-0.112,38.83,12.68,11.33,-2.19,3.71,0.6888,0,1,0,0,1
1440,F02-MIL,F02,125.1,-17.3783,-49.79248,2024/2025,2025-02-11,42,109,frutificacao,0.5941,0.5089,18.5,31.76,0.0,19.58,78.26,19.12,53011.0,1,saudavel,4.29,2,140,0.7786,3,0.686,-0.1694,38.83,24.01,-4.89,-1.08,4.26,0.602,0,1,0,0,1
1441,F02-MIL,F02,125.1,-17.3783,-49.79248,2024/2025,2025-02-12,43,110,frutificacao,0.5912,0.4977,13.72,35.63,13.45,16.39,69.51,25.46,41992.6,0,saudavel,4.29,2,140,0.7857,3,0.6601,-0.1812,35.56,19.12,6.34,-2.67,5.0,0.7146,0,1,0,0,1
1442,F02-MIL,F02,125.1,-17.3783,-49.79248,2024/2025,2025-02-13,44,111,frutificacao,0.6205,0.5353,18.77,39.56,14.34,21.01,67.27,28.23,34980.9,1,saudavel,4.29,2,140,0.7929,3,0.6419,-0.1274,49.9,25.46,2.77,-2.24,6.88,0.7136,0,1,0,0,1
1443,F02-MIL,F02,125.1,-17.3783,-49.79248,2024/2025,2025-02-14,45,112,frutificacao,0.5492,0.454,19.66,38.28,4.52,19.17,76.63,24.01,46386.1,0,saudavel,4.29,2,140,0.8,3,0.6188,-0.1615,54.42,28.23,-4.22,0.49,4.48,0.6272,0,1,0,0,1
1444,F02-MIL,F02,125.1,-17.3783,-49.79248,2024/2025,2025-02-15,46,113,frutificacao,0.5279,0.4451,18.95,34.81,0.0,18.19,80.05,18.56,49419.0,1,saudavel,4.29,2,140,0.8071,3,0.5986,-0.1412,54.42,24.01,-5.45,0.76,3.63,0.5332,0,1,0,0,1
1445,F02-MIL,F02,125.1,-17.3783,-49.79248,2024/2025,2025-02-16,47,114,frutificacao,0.4652,0.3659,18.81,41.67,20.29,18.16,77.37,28.74,32126.0,0,saudavel,4.29,2,140,0.8143,3,0.5726,-0.1824,74.71,18.56,10.18,0.65,4.11,0.6897,0,1,0,0,1
1446,F02-MIL,F02,125.1,-17.3783,-49.79248,2024/2025,2025-02-17,48,115,frutificacao,0.4358,0.3356,21.24,37.78,0.0,20.06,72.93,21.55,51594.8,1,saudavel,4.29,2,140,0.8214,3,0.5406,-0.2241,52.6,28.74,-7.19,1.18,5.43,0.5704,0,1,0,0,1
1447,F02-MIL,F02,125.1,-17.3783,-49.79248,2024/2025,2025-02-18,49,116,frutificacao,0.451,0.43,12.39,34.23,0.0,14.28,79.38,16.65,51594.8,1,saudavel,4.29,2,140,0.8286,3,0.5201,-0.1431,52.6,21.55,-4.9,-1.89,2.94,0.4864,0,1,0,0,1
1448,F02-MIL,F02,125.1,-17.3783,-49.79248,2024/2025,2025-02-19,50,117,frutificacao,0.4053,0.3458,16.83,30.9,0.0,17.42,76.91,12.72,43744.6,1,saudavel,4.29,2,140,0.8357,3,0.4936,-0.1859,39.15,16.65,-3.93,-0.59,4.02,0.4117,0,1,0,0,1
1449,F02-MIL,F02,125.1,-17.3783,-49.79248,2024/2025,2025-02-20,51,118,frutificacao,0.4116,0.3539,18.42,27.85,0.0,18.43,81.68,8.16,48738.2,1,saudavel,4.29,2,140,0.8429,3,0.4637,-0.2089,24.81,12.72,-4.56,-0.01,3.38,0.293,0,1,0,0,1
1450,F02-MIL,F02,125.1,-17.3783,-49.79248,2024/2025,2025-02-21,52,119,maturacao,0.3695,0.3135,21.46,29.83,9.71,18.37,81.28,8.51,37984.5,0,saudavel,4.29,2,140,0.85,4,0.438,-0.1797,30.0,8.16,0.35,3.09,3.44,0.2853,0,1,0,0,1
1451,F02-MIL,F02,125.1,-17.3783,-49.79248,2024/2025,2025-02-22,53,120,maturacao,0.4178,0.3386,22.21,43.79,34.38,22.28,72.4,26.68,25896.3,0,saudavel,4.29,2,140,0.8571,4,0.4223,-0.1101,64.38,8.51,18.17,-0.07,6.15,0.6093,0,1,0,0,1
1452,F02-MIL,F02,125.1,-17.3783,-49.79248,2024/2025,2025-02-23,54,121,maturacao,0.3188,0.2648,19.85,39.56,0.0,17.98,77.34,21.33,50910.6,0,saudavel,4.29,2,140,0.8643,4,0.4014,-0.1464,44.09,26.68,-5.35,1.87,4.07,0.5392,0,1,0,0,1
1453,F02-MIL,F02,125.1,-17.3783,-49.79248,2024/2025,2025-02-24,55,122,maturacao,0.3191,0.2731,21.44,41.81,12.26,19.93,77.64,25.25,31805.3,1,saudavel,4.29,2,140,0.8714,4,0.3847,-0.1167,56.35,21.33,3.92,1.51,4.46,0.6039,0,1,0,0,1
1454,F02-MIL,F02,125.1,-17.3783,-49.79248,2024/2025,2025-02-25,56,123,maturacao,0.2801,0.2342,22.96,37.55,0.0,21.12,77.51,20.26,45520.4,0,saudavel,4.29,2,140,0.8786,4,0.3603,-0.1709,56.35,25.25,-4.99,1.84,4.75,0.5395,0,1,0,0,1
1455,F02-MIL,F02,125.1,-17.3783,-49.79248,2024/2025,2025-02-26,57,124,maturacao,0.3048,0.244,20.61,40.23,12.86,19.38,84.53,24.92,38393.7,1,saudavel,4.29,2,140,0.8857,4,0.346,-0.1005,69.21,20.26,4.66,1.23,3.0,0.6194,0,1,0,0,1
1456,F02-MIL,F02,125.1,-17.3783,-49.79248,2024/2025,2025-02-27,58,125,maturacao,0.2805,0.248,17.6,37.46,2.46,17.32,77.19,20.08,41021.0,0,saudavel,4.29,2,140,0.8929,4,0.3272,-0.1311,71.67,24.92,-4.84,0.28,3.95,0.536,0,1,0,0,1
1457,F02-MIL,F02,125.1,-17.3783,-49.79248,2024/2025,2025-02-28,59,126,maturacao,0.2413,0.2089,15.5,33.63,0.0,16.37,83.58,14.11,49196.1,0,saudavel,4.29,2,140,0.9,4,0.3089,-0.1282,61.96,20.08,-5.97,-0.87,2.69,0.4196,0,1,0,0,1
1458,F02-MIL,F02,125.1,-17.3783,-49.79248,2024/2025,2025-03-01,60,127,maturacao,0.2443,0.2155,22.47,30.1,0.0,19.39,69.96,11.05,49659.6,0,saudavel,4.29,3,140,0.9071,4,0.2841,-0.1735,27.58,14.11,-3.06,3.08,5.82,0.3671,0,1,0,0,0
1459,F02-MIL,F02,125.1,-17.3783,-49.79248,2024/2025,2025-03-02,61,128,maturacao,0.2693,0.243,21.67,26.81,0.0,20.71,71.61,7.6,45686.9,0,saudavel,4.29,3,140,0.9143,4,0.2771,-0.0495,27.58,11.05,-3.45,0.96,5.88,0.2835,0,1,0,0,0
1460,F02-MIL,F02,125.1,-17.3783,-49.79248,2024/2025,2025-03-03,62,129,maturacao,0.2592,0.2169,18.83,32.8,17.89,19.03,64.96,18.17,29842.6,0,saudavel,4.29,3,140,0.9214,4,0.2685,-0.0599,33.21,7.6,10.57,-0.2,6.67,0.554,0,1,0,0,0
1461,F02-MIL,F02,125.1,-17.3783,-49.79248,2024/2025,2025-03-04,63,130,maturacao,0.1991,0.1658,22.68,29.27,0.0,20.04,75.62,14.29,38557.7,0,atencao,4.29,3,140,0.9286,4,0.2569,-0.081,33.21,18.17,-3.88,2.64,4.89,0.4882,0,1,0,0,0
1462,F02-MIL,F02,125.1,-17.3783,-49.79248,2024/2025,2025-03-05,64,131,maturacao,0.2121,0.2099,24.56,25.8,0.0,22.05,76.72,12.18,47586.7,0,saudavel,4.29,3,140,0.9357,4,0.2437,-0.0927,20.35,14.29,-2.11,2.51,5.13,0.4721,0,1,0,0,0
1463,F02-MIL,F02,125.1,-17.3783,-49.79248,2024/2025,2025-03-06,65,132,maturacao,0.2526,0.1958,21.89,22.92,0.0,19.39,62.12,8.22,50805.6,0,saudavel,4.29,3,140,0.9429,4,0.2397,-0.0279,17.89,12.18,-3.96,2.5,7.34,0.3586,0,1,0,0,0
1464,F02-MIL,F02,125.1,-17.3783,-49.79248,2024/2025,2025-03-07,66,133,maturacao,0.2082,0.1395,19.71,35.52,30.65,16.47,77.42,27.11,27611.8,0,saudavel,4.29,3,140,0.95,4,0.235,-0.0331,48.54,8.22,18.89,3.24,3.72,0.7632,0,1,0,0,0
1465,F02-MIL,F02,125.1,-17.3783,-49.79248,2024/2025,2025-03-08,67,134,maturacao,0.2113,0.1907,19.35,39.73,15.87,18.17,78.29,34.45,31852.9,0,saudavel,4.29,3,140,0.9571,4,0.2303,-0.033,64.41,27.11,7.34,1.18,3.94,0.8671,0,1,0,0,0
1466,F02-MIL,F02,125.1,-17.3783,-49.79248,2024/2025,2025-03-09,68,135,maturacao,0.2247,0.1784,21.24,35.67,0.0,20.14,76.65,27.19,40470.4,0,saudavel,4.29,3,140,0.9643,4,0.2239,-0.0446,64.41,34.45,-7.26,1.1,4.7,0.7623,0,1,0,0,0
1467,F02-MIL,F02,125.1,-17.3783,-49.79248,2024/2025,2025-03-10,69,136,colheita,0.1745,0.1268,19.8,31.88,0.0,17.69,69.22,21.82,45908.5,0,atencao,4.29,3,140,0.9714,5,0.2118,-0.0847,46.52,27.19,-5.37,2.11,5.44,0.6844,0,1,0,0,0
1468,F02-MIL,F02,125.1,-17.3783,-49.79248,2024/2025,2025-03-11,70,137,colheita,0.1797,0.1705,23.51,30.22,3.72,20.31,77.31,17.66,39991.3,0,atencao,4.29,3,140,0.9786,5,0.209,-0.0194,50.24,21.82,-4.16,3.2,4.61,0.5844,0,1,0,0,0
1469,F02-MIL,F02,125.1,-17.3783,-49.79248,2024/2025,2025-03-12,71,138,colheita,0.1898,0.1584,18.13,34.75,15.71,17.94,74.73,24.84,32943.1,0,saudavel,4.29,3,140,0.9857,5,0.2058,-0.0223,65.95,17.66,7.18,0.19,4.53,0.7148,0,1,0,0,0
1470,F02-MIL,F02,125.1,-17.3783,-49.79248,2024/2025,2025-03-13,72,139,colheita,0.2184,0.1604,20.69,31.1,0.0,18.53,77.1,20.93,43238.0,0,saudavel,4.29,3,140,0.9929,5,0.2009,-0.0342,65.95,24.84,-3.91,2.16,4.24,0.673,0,1,0,0,0
971,F02-SOJ,F02,238.6,-17.38601,-49.8619,2023/2024,2023-10-15,288,0,germinacao,0.2292,0.1756,32.78,45.0,26.61,31.98,61.21,47.65,26037.4,0,saudavel,2.8,10,110,0.0,0,0.2292,0.0,26.61,47.65,0.0,0.8,12.41,1.0589,0,0,1,1,0
972,F02-SOJ,F02,238.6,-17.38601,-49.8619,2023/2024,2023-10-16,289,1,germinacao,0.2076,0.1704,30.07,39.58,0.0,27.74,76.1,39.14,45315.4,1,saudavel,2.8,10,110,0.0091,0,0.2184,0.0,26.61,47.65,-8.51,2.33,6.63,0.9889,0,0,1,1,0
973,F02-SOJ,F02,238.6,-17.38601,-49.8619,2023/2024,2023-10-17,290,2,germinacao,0.1705,0.1006,31.49,34.3,0.0,29.72,59.77,31.4,44395.0,1,saudavel,2.8,10,110,0.0182,0,0.2024,0.0,26.61,39.14,-7.74,1.77,11.96,0.9155,0,0,1,1,0
974,F02-SOJ,F02,238.6,-17.38601,-49.8619,2023/2024,2023-10-18,291,3,germinacao,0.2016,0.1948,30.39,29.61,0.0,28.78,65.29,22.86,46582.3,1,saudavel,2.8,10,110,0.0273,0,0.2022,0.0,26.61,31.4,-8.54,1.61,9.99,0.772,0,0,1,1,0
975,F02-SOJ,F02,238.6,-17.38601,-49.8619,2023/2024,2023-10-19,292,4,germinacao,0.1998,0.1663,30.84,29.5,8.35,28.47,64.15,19.72,39733.2,0,saudavel,2.8,10,110,0.0364,0,0.2017,0.0,34.96,22.86,-3.14,2.37,10.21,0.6685,0,0,1,1,0
976,F02-SOJ,F02,238.6,-17.38601,-49.8619,2023/2024,2023-10-20,293,5,germinacao,0.2251,0.2047,32.98,25.05,0.0,30.2,56.75,13.4,49163.1,1,saudavel,2.8,10,110,0.0455,0,0.2056,0.0,34.96,19.72,-6.32,2.78,13.06,0.5349,0,0,1,1,0
977,F02-SOJ,F02,238.6,-17.38601,-49.8619,2023/2024,2023-10-21,294,6,germinacao,0.1686,0.1529,31.03,24.99,8.02,29.37,72.77,13.53,40976.6,0,atencao,2.8,10,110,0.0545,0,0.2003,0.0,42.98,13.4,0.13,1.66,8.0,0.5414,0,0,1,1,0
978,F02-SOJ,F02,238.6,-17.38601,-49.8619,2023/2024,2023-10-22,295,7,germinacao,0.2007,0.1816,30.92,20.93,0.0,29.71,72.77,10.76,48142.4,1,saudavel,2.8,10,110,0.0636,0,0.1963,-0.0285,16.37,13.53,-2.77,1.21,8.09,0.5141,0,0,1,1,0
979,F02-SOJ,F02,238.6,-17.38601,-49.8619,2023/2024,2023-10-23,296,8,germinacao,0.1777,0.1509,30.08,17.4,0.0,27.66,74.32,6.75,50054.0,1,saudavel,2.8,10,110,0.0727,0,0.192,-0.0299,16.37,10.76,-4.01,2.42,7.1,0.3879,0,0,1,1,0
980,F02-SOJ,F02,238.6,-17.38601,-49.8619,2023/2024,2023-10-24,297,9,germinacao,0.2038,0.181,31.27,14.08,0.0,28.56,71.37,5.0,53416.9,1,saudavel,2.8,10,110,0.0818,0,0.1968,0.0333,16.37,6.75,-1.75,2.71,8.18,0.3551,0,0,1,1,0
981,F02-SOJ,F02,238.6,-17.38601,-49.8619,2023/2024,2023-10-25,298,10,germinacao,0.1919,0.1439,31.34,11.13,0.0,27.61,73.21,5.0,55088.6,1,saudavel,2.8,10,110,0.0909,0,0.1954,-0.0097,16.37,5.0,0.0,3.73,7.4,0.4492,0,0,1,1,0
982,F02-SOJ,F02,238.6,-17.38601,-49.8619,2023/2024,2023-10-26,299,11,vegetativo,0.2089,0.1541,29.45,19.54,22.38,28.4,67.6,12.89,32406.7,0,saudavel,2.8,10,110,0.1,1,0.1967,0.0091,30.4,5.0,7.89,1.05,9.2,0.6597,0,0,1,1,0
983,F02-SOJ,F02,238.6,-17.38601,-49.8619,2023/2024,2023-10-27,300,12,vegetativo,0.1748,0.1465,30.56,22.41,12.78,28.45,66.19,17.28,41024.8,0,atencao,2.8,10,110,0.1091,1,0.1895,-0.0503,43.18,12.89,4.39,2.11,9.62,0.7711,0,0,1,1,0
984,F02-SOJ,F02,238.6,-17.38601,-49.8619,2023/2024,2023-10-28,301,13,vegetativo,0.2232,0.1761,34.5,18.39,0.0,31.33,68.91,10.19,51012.2,1,saudavel,2.8,10,110,0.1182,1,0.1973,0.0546,35.16,17.28,-7.09,3.17,9.74,0.5541,0,0,1,1,0
985,F02-SOJ,F02,238.6,-17.38601,-49.8619,2023/2024,2023-10-29,302,14,vegetativo,0.2166,0.2126,32.13,15.07,0.0,28.11,75.16,5.0,53293.4,1,saudavel,2.8,10,110,0.1273,1,0.1996,0.0159,35.16,10.19,-5.19,4.02,6.98,0.3318,0,0,1,1,0
986,F02-SOJ,F02,238.6,-17.38601,-49.8619,2023/2024,2023-10-30,303,15,vegetativo,0.2215,0.1958,26.25,16.36,7.97,25.24,72.2,8.87,46381.0,0,saudavel,2.8,10,110,0.1364,1,0.2058,0.0438,43.13,5.0,3.87,1.01,7.02,0.5422,0,0,1,1,0
987,F02-SOJ,F02,238.6,-17.38601,-49.8619,2023/2024,2023-10-31,304,16,vegetativo,0.2646,0.2106,31.33,12.99,0.0,30.45,65.98,5.0,56391.3,1,saudavel,2.8,10,110,0.1455,1,0.2145,0.0608,43.13,8.87,-3.87,0.88,10.36,0.3849,0,0,1,1,0
988,F02-SOJ,F02,238.6,-17.38601,-49.8619,2023/2024,2023-11-01,305,17,vegetativo,0.2262,0.1869,31.31,10.01,0.0,28.96,64.55,5.0,47023.8,1,saudavel,2.8,11,110,0.1545,1,0.2194,0.0343,43.13,5.0,0.0,2.35,10.27,0.4995,0,0,1,1,0
989,F02-SOJ,F02,238.6,-17.38601,-49.8619,2023/2024,2023-11-02,306,18,vegetativo,0.2504,0.2155,29.19,8.0,0.0,28.02,72.3,5.0,52258.5,1,saudavel,2.8,11,110,0.1636,1,0.2253,0.0415,20.75,5.0,0.0,1.17,7.76,0.625,0,0,1,1,0
990,F02-SOJ,F02,238.6,-17.38601,-49.8619,2023/2024,2023-11-03,307,19,vegetativo,0.2568,0.2169,28.42,8.0,0.0,27.49,68.99,5.0,54247.5,1,saudavel,2.8,11,110,0.1727,1,0.237,0.082,7.97,5.0,0.0,0.93,8.52,0.625,0,0,1,1,0
991,F02-SOJ,F02,238.6,-17.38601,-49.8619,2023/2024,2023-11-04,308,20,vegetativo,0.2716,0.2363,28.45,11.54,16.83,26.65,72.06,5.23,38407.3,0,saudavel,2.8,11,110,0.1818,1,0.244,0.0484,24.8,5.0,0.23,1.8,7.45,0.4532,0,0,1,1,0
992,F02-SOJ,F02,238.6,-17.38601,-49.8619,2023/2024,2023-11-05,309,21,vegetativo,0.3268,0.2792,33.5,11.27,5.35,30.9,68.83,5.14,46142.3,0,saudavel,2.8,11,110,0.1909,1,0.2597,0.1102,30.15,5.23,-0.09,2.6,9.63,0.4561,0,0,1,1,0
993,F02-SOJ,F02,238.6,-17.38601,-49.8619,2023/2024,2023-11-06,310,22,vegetativo,0.3004,0.2276,27.98,8.66,0.0,27.99,69.7,5.0,50110.0,1,saudavel,2.8,11,110,0.2,1,0.271,0.0789,22.18,5.14,-0.14,-0.01,8.48,0.5774,0,0,1,1,0
994,F02-SOJ,F02,238.6,-17.38601,-49.8619,2023/2024,2023-11-07,311,23,vegetativo,0.3067,0.2177,27.96,8.0,0.0,25.23,75.2,5.0,56677.7,1,saudavel,2.8,11,110,0.2091,1,0.277,0.0421,22.18,5.0,0.0,2.73,6.26,0.625,0,0,1,1,0
995,F02-SOJ,F02,238.6,-17.38601,-49.8619,2023/2024,2023-11-08,312,24,vegetativo,0.3765,0.3125,28.28,8.0,0.0,28.24,74.85,5.0,52234.1,1,saudavel,2.8,11,110,0.2182,1,0.2985,0.1503,22.18,5.0,0.0,0.04,7.1,0.625,0,0,1,1,0
996,F02-SOJ,F02,238.6,-17.38601,-49.8619,2023/2024,2023-11-09,313,25,vegetativo,0.3561,0.3139,30.62,8.0,0.0,29.48,81.31,5.0,49481.7,1,saudavel,2.8,11,110,0.2273,1,0.3136,0.1057,22.18,5.0,0.0,1.14,5.51,0.625,0,0,1,1,0
997,F02-SOJ,F02,238.6,-17.38601,-49.8619,2023/2024,2023-11-10,314,26,vegetativo,0.3554,0.2949,30.22,8.35,15.7,27.82,76.41,5.0,43169.2,0,atencao,2.8,11,110,0.2364,1,0.3276,0.0986,37.88,5.0,0.0,2.4,6.56,0.5988,0,0,1,1,0
998,F02-SOJ,F02,238.6,-17.38601,-49.8619,2023/2024,2023-11-11,315,27,vegetativo,0.3999,0.3647,26.88,8.0,0.0,26.15,81.74,5.0,56592.2,1,saudavel,2.8,11,110,0.2455,1,0.346,0.1283,21.05,5.0,0.0,0.73,4.77,0.625,0,0,1,1,0
999,F02-SOJ,F02,238.6,-17.38601,-49.8619,2023/2024,2023-11-12,316,28,vegetativo,0.4187,0.3549,25.87,13.08,17.06,25.93,69.95,9.11,39333.4,0,saudavel,2.8,11,110,0.2545,1,0.3591,0.0919,32.76,5.0,4.11,-0.06,7.79,0.6965,0,0,1,1,0
1000,F02-SOJ,F02,238.6,-17.38601,-49.8619,2023/2024,2023-11-13,317,29,vegetativo,0.4378,0.3992,26.74,15.34,9.14,25.96,66.16,15.42,44443.6,0,saudavel,2.8,11,110,0.2636,1,0.3787,0.1374,41.9,9.11,6.31,0.78,8.78,1.0052,0,0,1,1,0
1001,F02-SOJ,F02,238.6,-17.38601,-49.8619,2023/2024,2023-11-14,318,30,vegetativo,0.4976,0.446,28.88,12.52,0.0,29.53,72.09,10.21,55542.2,1,saudavel,2.8,11,110,0.2727,1,0.406,0.1909,41.9,15.42,-5.21,-0.65,8.24,0.8155,0,0,1,1,0
1002,F02-SOJ,F02,238.6,-17.38601,-49.8619,2023/2024,2023-11-15,319,31,vegetativo,0.5349,0.4757,26.76,10.27,0.0,27.05,78.07,6.19,59741.7,1,saudavel,2.8,11,110,0.2818,1,0.4286,0.1584,41.9,10.21,-4.02,-0.29,5.93,0.6027,0,0,1,1,0
1003,F02-SOJ,F02,238.6,-17.38601,-49.8619,2023/2024,2023-11-16,320,32,vegetativo,0.5912,0.4785,23.03,17.27,17.36,24.56,78.92,14.43,35168.4,0,saudavel,2.8,11,110,0.2909,1,0.4622,0.2351,59.26,6.19,8.24,-1.53,5.18,0.8356,0,0,1,1,0
1004,F02-SOJ,F02,238.6,-17.38601,-49.8619,2023/2024,2023-11-17,321,33,vegetativo,0.6109,0.5196,26.92,14.7,0.0,27.56,79.8,12.95,51812.7,1,saudavel,2.8,11,110,0.3,1,0.4987,0.2555,43.56,14.43,-1.48,-0.64,5.57,0.881,0,0,1,1,0
1005,F02-SOJ,F02,238.6,-17.38601,-49.8619,2023/2024,2023-11-18,322,34,vegetativo,0.6397,0.5682,23.95,22.03,19.2,27.11,61.46,19.22,36672.3,0,saudavel,2.8,11,110,0.3091,1,0.533,0.2398,62.76,12.95,6.27,-3.16,10.45,0.8724,0,0,1,1,0
1006,F02-SOJ,F02,238.6,-17.38601,-49.8619,2023/2024,2023-11-19,323,35,vegetativo,0.6384,0.5481,23.37,19.29,0.0,26.13,81.12,15.03,56813.7,1,saudavel,2.8,11,110,0.3182,1,0.5644,0.2197,45.7,19.22,-4.19,-2.76,4.93,0.7792,0,0,1,1,0
1007,F02-SOJ,F02,238.6,-17.38601,-49.8619,2023/2024,2023-11-20,324,36,vegetativo,0.7004,0.6064,21.47,16.98,0.0,25.18,77.22,10.96,55591.3,1,saudavel,2.8,11,110,0.3273,1,0.6019,0.2626,36.56,15.03,-4.07,-3.71,5.74,0.6455,0,0,1,1,0
1008,F02-SOJ,F02,238.6,-17.38601,-49.8619,2023/2024,2023-11-21,325,37,vegetativo,0.735,0.597,22.35,18.41,6.99,25.02,68.04,10.49,52515.5,0,saudavel,2.8,11,110,0.3364,1,0.6358,0.2374,43.55,10.96,-0.47,-2.67,8.0,0.5698,0,0,1,1,0
1009,F02-SOJ,F02,238.6,-17.38601,-49.8619,2023/2024,2023-11-22,326,38,vegetativo,0.7374,0.6651,23.99,15.87,0.0,28.16,77.62,5.98,60703.7,1,saudavel,2.8,11,110,0.3455,1,0.6647,0.2025,43.55,10.49,-4.51,-4.17,6.3,0.3768,0,0,1,1,0
1010,F02-SOJ,F02,238.6,-17.38601,-49.8619,2023/2024,2023-11-23,327,39,floracao,0.7581,0.6285,23.29,13.72,0.0,26.8,75.77,5.0,58443.8,1,saudavel,2.8,11,110,0.3545,2,0.6886,0.1669,26.19,5.98,-0.98,-3.51,6.49,0.3644,0,0,1,1,0
1011,F02-SOJ,F02,238.6,-17.38601,-49.8619,2023/2024,2023-11-24,328,40,floracao,0.7423,0.5911,23.27,13.03,2.68,27.06,76.79,5.0,56874.0,1,saudavel,2.8,11,110,0.3636,2,0.7073,0.1314,28.87,5.0,0.0,-3.79,6.28,0.3837,0,0,1,1,0
1012,F02-SOJ,F02,238.6,-17.38601,-49.8619,2023/2024,2023-11-25,329,41,floracao,0.8046,0.6769,24.85,15.02,7.64,26.61,80.26,6.55,51368.2,0,saudavel,2.8,11,110,0.3727,2,0.7309,0.1649,17.31,5.0,1.55,-1.76,5.25,0.4361,0,0,1,1,0
1013,F02-SOJ,F02,238.6,-17.38601,-49.8619,2023/2024,2023-11-26,330,42,floracao,0.8331,0.6592,22.15,13.07,0.0,26.64,77.51,7.0,58113.7,1,saudavel,2.8,11,110,0.3818,2,0.7587,0.1947,17.31,6.55,0.45,-4.49,5.99,0.5356,0,0,1,1,0
1014,F02-SOJ,F02,238.6,-17.38601,-49.8619,2023/2024,2023-11-27,331,43,floracao,0.8161,0.672,20.72,13.57,4.33,25.35,68.87,8.0,50151.1,0,saudavel,2.8,11,110,0.3909,2,0.7752,0.1157,21.64,7.0,1.0,-4.63,7.89,0.5895,0,0,1,1,0
1015,F02-SOJ,F02,238.6,-17.38601,-49.8619,2023/2024,2023-11-28,332,44,floracao,0.8082,0.7382,22.62,14.23,4.81,25.64,75.44,6.65,50610.4,0,saudavel,2.8,11,110,0.4,2,0.7857,0.0732,19.46,8.0,-1.35,-3.02,6.3,0.4673,0,0,1,1,0
1016,F02-SOJ,F02,238.6,-17.38601,-49.8619,2023/2024,2023-11-29,333,45,floracao,0.8259,0.6944,25.86,16.25,8.07,27.6,66.99,8.29,46592.3,0,saudavel,2.8,11,110,0.4091,2,0.7983,0.0885,27.53,6.65,1.64,-1.74,9.11,0.5102,0,0,1,1,0
1017,F02-SOJ,F02,238.6,-17.38601,-49.8619,2023/2024,2023-11-30,334,46,floracao,0.8284,0.6756,24.31,14.05,0.0,27.88,78.25,5.19,58197.2,1,saudavel,2.8,11,110,0.4182,2,0.8084,0.0703,27.53,8.29,-3.1,-3.57,6.06,0.3694,0,0,1,1,0
1018,F02-SOJ,F02,238.6,-17.38601,-49.8619,2023/2024,2023-12-01,335,47,floracao,0.8362,0.7113,20.26,16.75,8.46,23.82,84.52,8.7,51178.9,0,saudavel,2.8,12,110,0.4273,2,0.8218,0.0939,33.31,5.19,3.51,-3.56,3.69,0.5194,0,0,1,0,1
1019,F02-SOJ,F02,238.6,-17.38601,-49.8619,2023/2024,2023-12-02,336,48,floracao,0.8619,0.7147,22.78,14.87,0.0,25.24,70.56,6.67,54539.0,1,saudavel,2.8,12,110,0.4364,2,0.83,0.0573,25.67,8.7,-2.03,-2.46,7.43,0.4486,0,0,1,0,1
1020,F02-SOJ,F02,238.6,-17.38601,-49.8619,2023/2024,2023-12-03,337,49,floracao,0.8592,0.7476,23.86,15.28,4.62,26.72,72.62,8.01,54673.0,0,saudavel,2.8,12,110,0.4455,2,0.8337,0.0261,30.29,6.67,1.34,-2.86,7.32,0.5242,0,0,1,0,1
1021,F02-SOJ,F02,238.6,-17.38601,-49.8619,2023/2024,2023-12-04,338,50,floracao,0.8776,0.7281,24.71,17.3,8.23,28.18,70.77,13.38,48377.8,0,saudavel,2.8,12,110,0.4545,2,0.8425,0.0615,34.19,8.01,5.37,-3.47,8.24,0.7734,0,0,1,0,1
1022,F02-SOJ,F02,238.6,-17.38601,-49.8619,2023/2024,2023-12-05,339,51,floracao,0.8681,0.7433,23.53,15.07,0.0,27.93,73.14,9.87,56000.9,1,saudavel,2.8,12,110,0.4636,2,0.851,0.0599,29.38,13.38,-3.51,-4.4,7.5,0.6549,0,0,1,0,1
1023,F02-SOJ,F02,238.6,-17.38601,-49.8619,2023/2024,2023-12-06,340,52,floracao,0.846,0.6962,20.8,16.62,6.32,23.96,79.93,9.94,51179.1,0,saudavel,2.8,12,110,0.4727,2,0.8539,0.0201,27.63,9.87,0.07,-3.16,4.81,0.5981,0,0,1,0,1
1024,F02-SOJ,F02,238.6,-17.38601,-49.8619,2023/2024,2023-12-07,341,53,floracao,0.8554,0.7791,21.91,14.54,0.0,26.97,73.92,8.91,56031.7,1,saudavel,2.8,12,110,0.4818,2,0.8578,0.027,27.63,9.94,-1.03,-5.06,7.03,0.6128,0,0,1,0,1
1025,F02-SOJ,F02,238.6,-17.38601,-49.8619,2023/2024,2023-12-08,342,54,floracao,0.8559,0.7376,20.71,16.22,6.74,25.04,80.63,12.9,54611.8,1,saudavel,2.8,12,110,0.4909,2,0.8606,0.0197,25.91,8.91,3.99,-4.33,4.85,0.7953,0,0,1,0,1
1026,F02-SOJ,F02,238.6,-17.38601,-49.8619,2023/2024,2023-12-09,343,55,floracao,0.8647,0.7321,24.07,14.25,0.0,26.42,81.94,10.05,59049.5,1,saudavel,2.8,12,110,0.5,2,0.861,0.0028,25.91,12.9,-2.85,-2.35,4.77,0.7053,0,0,1,0,1
1027,F02-SOJ,F02,238.6,-17.38601,-49.8619,2023/2024,2023-12-10,344,56,floracao,0.9052,0.7636,23.08,13.82,2.53,25.93,82.47,8.8,59559.2,1,saudavel,2.8,12,110,0.5091,2,0.8676,0.046,23.82,10.05,-1.25,-2.85,4.55,0.6368,0,0,1,0,1
1028,F02-SOJ,F02,238.6,-17.38601,-49.8619,2023/2024,2023-12-11,345,57,floracao,0.909,0.7616,19.0,12.52,0.0,22.75,73.35,7.89,58359.1,1,saudavel,2.8,12,110,0.5182,2,0.872,0.0314,15.59,8.8,-0.91,-3.75,6.06,0.6302,0,0,1,0,1
1029,F02-SOJ,F02,238.6,-17.38601,-49.8619,2023/2024,2023-12-12,346,58,floracao,0.8869,0.7386,19.46,16.0,9.99,25.37,84.35,11.98,48581.8,0,saudavel,2.8,12,110,0.5273,2,0.8747,0.0188,25.58,7.89,4.09,-5.91,3.97,0.7488,0,0,1,0,1
1030,F02-SOJ,F02,238.6,-17.38601,-49.8619,2023/2024,2023-12-13,347,59,floracao,0.8725,0.7258,20.89,14.11,0.0,25.95,84.46,5.95,65421.3,1,saudavel,2.8,12,110,0.5364,2,0.8785,0.0265,19.26,11.98,-6.03,-5.06,4.03,0.4217,0,0,1,0,1
1031,F02-SOJ,F02,238.6,-17.38601,-49.8619,2023/2024,2023-12-14,348,60,floracao,0.8425,0.7497,20.04,14.02,2.99,24.31,85.93,7.08,52000.5,1,saudavel,2.8,12,110,0.5455,2,0.8767,-0.0129,22.25,5.95,1.13,-4.27,3.42,0.505,0,0,1,0,1
1032,F02-SOJ,F02,238.6,-17.38601,-49.8619,2023/2024,2023-12-15,349,61,frutificacao,0.8734,0.7313,19.83,21.29,17.48,23.86,77.69,18.04,46294.8,0,saudavel,2.8,12,110,0.5545,3,0.8792,0.0175,32.99,7.08,10.96,-4.03,5.32,0.8473,0,0,1,0,1
1033,F02-SOJ,F02,238.6,-17.38601,-49.8619,2023/2024,2023-12-16,350,62,frutificacao,0.8521,0.6817,16.85,19.38,0.0,21.77,76.03,16.7,64885.8,1,saudavel,2.8,12,110,0.5636,3,0.8774,-0.0126,32.99,18.04,-1.34,-4.92,5.22,0.8617,0,0,1,0,1
1034,F02-SOJ,F02,238.6,-17.38601,-49.8619,2023/2024,2023-12-17,351,63,frutificacao,0.8991,0.7409,20.71,21.33,7.92,25.05,72.94,17.15,54338.3,0,saudavel,2.8,12,110,0.5727,3,0.8765,-0.0061,38.38,16.7,0.45,-4.34,6.78,0.804,0,0,1,0,1
1035,F02-SOJ,F02,238.6,-17.38601,-49.8619,2023/2024,2023-12-18,352,64,frutificacao,0.8325,0.7262,22.51,40.57,42.81,24.24,72.88,41.63,28994.6,0,saudavel,2.8,12,110,0.5818,3,0.8656,-0.0765,81.19,17.15,24.48,-1.73,6.57,1.0261,0,0,1,0,1
1036,F02-SOJ,F02,238.6,-17.38601,-49.8619,2023/2024,2023-12-19,353,65,frutificacao,0.87,0.7345,19.01,37.13,0.0,22.44,79.56,34.25,64268.3,1,saudavel,2.8,12,110,0.5909,3,0.8632,-0.0169,71.2,41.63,-7.38,-3.43,4.59,0.9224,0,0,1,0,1
1037,F02-SOJ,F02,238.6,-17.38601,-49.8619,2023/2024,2023-12-20,354,66,frutificacao,0.842,0.713,19.87,33.83,0.0,23.23,83.3,27.79,59031.6,1,saudavel,2.8,12,110,0.6,3,0.8588,-0.0305,71.2,34.25,-6.46,-3.36,3.88,0.8215,0,0,1,0,1
1038,F02-SOJ,F02,238.6,-17.38601,-49.8619,2023/2024,2023-12-21,355,67,frutificacao,0.8558,0.7508,19.12,30.75,0.0,23.84,85.25,22.47,57882.6,1,saudavel,2.8,12,110,0.6091,3,0.8607,0.0133,68.21,27.79,-5.32,-4.72,3.52,0.7307,0,0,1,0,1
1039,F02-SOJ,F02,238.6,-17.38601,-49.8619,2023/2024,2023-12-22,356,68,frutificacao,0.8651,0.7198,17.25,28.07,0.0,22.67,77.02,18.19,58832.1,1,saudavel,2.8,12,110,0.6182,3,0.8595,-0.0083,50.73,22.47,-4.28,-5.42,5.21,0.648,0,0,1,0,1
1040,F02-SOJ,F02,238.6,-17.38601,-49.8619,2023/2024,2023-12-23,357,69,frutificacao,0.8673,0.7498,18.38,27.66,4.3,23.41,78.84,17.63,53977.1,0,saudavel,2.8,12,110,0.6273,3,0.8617,0.0152,55.03,18.19,-0.56,-5.03,4.95,0.6374,0,0,1,0,1
1041,F02-SOJ,F02,238.6,-17.38601,-49.8619,2023/2024,2023-12-24,358,70,frutificacao,0.8397,0.7004,15.44,29.08,7.67,20.68,80.17,20.29,49469.2,0,saudavel,2.8,12,110,0.6364,3,0.8532,-0.0594,54.78,17.63,2.66,-5.24,4.1,0.6977,0,0,1,0,1
1042,F02-SOJ,F02,238.6,-17.38601,-49.8619,2023/2024,2023-12-25,359,71,frutificacao,0.8491,0.7333,21.66,26.2,0.0,25.23,74.8,17.75,63280.3,1,saudavel,2.8,12,110,0.6455,3,0.8556,0.0166,11.97,20.29,-2.54,-3.57,6.36,0.6775,0,0,1,0,1
1043,F02-SOJ,F02,238.6,-17.38601,-49.8619,2023/2024,2023-12-26,360,72,frutificacao,0.8124,0.6828,20.2,32.96,18.41,23.12,82.93,24.93,39210.9,1,saudavel,2.8,12,110,0.6545,3,0.8473,-0.0576,30.38,17.75,7.18,-2.92,3.95,0.7564,0,0,1,0,1
1044,F02-SOJ,F02,238.6,-17.38601,-49.8619,2023/2024,2023-12-27,361,73,frutificacao,0.821,0.693,16.99,51.66,43.07,21.35,82.14,47.92,29855.1,0,saudavel,2.8,12,110,0.6636,3,0.8443,-0.021,73.45,24.93,22.99,-4.36,3.81,0.9276,0,0,1,0,1
1045,F02-SOJ,F02,238.6,-17.38601,-49.8619,2023/2024,2023-12-28,362,74,frutificacao,0.825,0.7177,15.93,55.53,16.41,19.21,82.33,49.07,39147.7,0,saudavel,2.8,12,110,0.6727,3,0.8399,-0.0308,89.86,47.92,1.15,-3.28,3.39,0.8837,0,0,1,0,1
1046,F02-SOJ,F02,238.6,-17.38601,-49.8619,2023/2024,2023-12-29,363,75,frutificacao,0.7988,0.6939,22.62,60.0,18.87,24.34,80.33,50.97,41086.0,0,saudavel,2.8,12,110,0.6818,3,0.8305,-0.0663,108.73,49.07,1.9,-1.72,4.79,0.8495,0,0,1,0,1
1047,F02-SOJ,F02,238.6,-17.38601,-49.8619,2023/2024,2023-12-30,364,76,frutificacao,0.7668,0.6485,22.59,58.09,6.72,23.53,82.1,43.13,49585.1,0,saudavel,2.8,12,110,0.6909,3,0.8161,-0.1005,111.15,50.97,-7.84,-0.94,4.21,0.7425,0,0,1,0,1
1048,F02-SOJ,F02,238.6,-17.38601,-49.8619,2023/2024,2023-12-31,365,77,frutificacao,0.7551,0.6324,20.88,67.2,28.35,22.91,82.42,53.29,27946.7,0,saudavel,2.8,12,110,0.7,3,0.804,-0.0846,131.83,43.13,10.16,-2.03,4.03,0.793,0,0,1,0,1
1049,F02-SOJ,F02,238.6,-17.38601,-49.8619,2023/2024,2024-01-01,1,78,frutificacao,0.7621,0.6798,20.75,61.31,0.0,23.79,74.67,43.75,59296.8,1,saudavel,2.8,1,110,0.7091,3,0.7916,-0.087,131.83,53.29,-9.54,-3.04,6.03,0.7136,0,0,1,0,1
1050,F02-SOJ,F02,238.6,-17.38601,-49.8619,2023/2024,2024-01-02,2,79,frutificacao,0.699,0.6059,22.13,55.81,0.0,23.68,83.4,34.87,62724.5,1,saudavel,2.8,1,110,0.7182,3,0.7754,-0.1134,113.42,43.75,-8.88,-1.55,3.93,0.6248,0,0,1,0,1
1051,F02-SOJ,F02,238.6,-17.38601,-49.8619,2023/2024,2024-01-03,3,80,frutificacao,0.6787,0.5691,21.83,50.86,0.0,22.59,80.84,27.94,60797.6,1,saudavel,2.8,1,110,0.7273,3,0.7551,-0.1423,70.35,34.87,-6.93,-0.76,4.33,0.5494,0,0,1,0,1
1052,F02-SOJ,F02,238.6,-17.38601,-49.8619,2023/2024,2024-01-04,4,81,frutificacao,0.6844,0.5687,17.65,54.21,15.62,21.81,77.83,33.18,45459.5,0,saudavel,2.8,1,110,0.7364,3,0.735,-0.1406,69.56,27.94,5.24,-4.16,4.84,0.6121,0,0,1,0,1
1053,F02-SOJ,F02,238.6,-17.38601,-49.8619,2023/2024,2024-01-05,5,82,frutificacao,0.6364,0.5614,21.23,55.58,12.27,21.47,81.36,36.75,46785.0,0,saudavel,2.8,1,110,0.7455,3,0.7118,-0.1624,62.96,33.18,3.57,-0.24,4.0,0.6612,0,0,1,0,1
1054,F02-SOJ,F02,238.6,-17.38601,-49.8619,2023/2024,2024-01-06,6,83,frutificacao,0.5873,0.5015,20.8,50.5,0.0,21.47,81.19,28.68,58201.6,1,saudavel,2.8,1,110,0.7545,3,0.6861,-0.1795,56.24,36.75,-8.07,-0.67,4.04,0.5679,0,0,1,0,1
1055,F02-SOJ,F02,238.6,-17.38601,-49.8619,2023/2024,2024-01-07,7,84,frutificacao,0.6132,0.5179,21.94,52.04,12.67,24.0,84.03,29.01,49002.8,0,saudavel,2.8,1,110,0.7636,3,0.6659,-0.1419,40.56,28.68,0.33,-2.06,3.83,0.5575,0,0,1,0,1
1056,F02-SOJ,F02,238.6,-17.38601,-49.8619,2023/2024,2024-01-08,8,85,frutificacao,0.5331,0.4555,20.5,49.76,4.97,21.65,74.77,26.1,52424.8,0,saudavel,2.8,1,110,0.7727,3,0.6332,-0.229,45.53,29.01,-2.91,-1.15,5.46,0.5245,0,0,1,0,1
1057,F02-SOJ,F02,238.6,-17.38601,-49.8619,2023/2024,2024-01-09,9,86,frutificacao,0.5197,0.4485,23.57,44.89,0.0,23.92,85.23,23.07,61390.0,1,saudavel,2.8,1,110,0.7818,3,0.6075,-0.1793,45.53,26.1,-3.03,-0.35,3.53,0.5139,0,0,1,0,1
1058,F02-SOJ,F02,238.6,-17.38601,-49.8619,2023/2024,2024-01-10,10,87,frutificacao,0.4799,0.4068,20.74,40.55,0.0,23.92,79.73,16.21,62475.5,1,saudavel,2.8,1,110,0.7909,3,0.5791,-0.1988,45.53,23.07,-6.86,-3.18,4.85,0.3998,0,0,1,0,1
1059,F02-SOJ,F02,238.6,-17.38601,-49.8619,2023/2024,2024-01-11,11,88,frutificacao,0.4556,0.4113,21.71,40.5,7.92,22.09,77.1,18.42,48376.1,0,saudavel,2.8,1,110,0.8,3,0.5465,-0.2288,37.83,16.21,2.21,-0.38,5.06,0.4548,0,0,1,0,1
1060,F02-SOJ,F02,238.6,-17.38601,-49.8619,2023/2024,2024-01-12,12,89,frutificacao,0.4142,0.3772,25.83,36.08,0.0,25.03,75.13,15.3,56428.6,1,saudavel,2.8,1,110,0.8091,3,0.5147,-0.2222,25.56,18.42,-3.12,0.8,6.22,0.4241,0,0,1,0,1
1061,F02-SOJ,F02,238.6,-17.38601,-49.8619,2023/2024,2024-01-13,13,90,frutificacao,0.4179,0.3659,24.27,32.16,0.0,23.81,73.5,7.66,56738.3,1,saudavel,2.8,1,110,0.8182,3,0.4905,-0.1694,25.56,15.3,-7.64,0.46,6.31,0.2382,0,0,1,0,1
1062,F02-SOJ,F02,238.6,-17.38601,-49.8619,2023/2024,2024-01-14,14,91,frutificacao,0.3794,0.35,24.73,28.51,0.0,23.76,69.78,5.49,53832.3,1,saudavel,2.8,1,110,0.8273,3,0.4571,-0.2338,12.89,7.66,-2.17,0.97,7.18,0.1926,0,0,1,0,1
1063,F02-SOJ,F02,238.6,-17.38601,-49.8619,2023/2024,2024-01-15,15,92,frutificacao,0.3724,0.3167,20.28,27.39,3.6,19.95,84.1,6.91,53191.5,0,saudavel,2.8,1,110,0.8364,3,0.4342,-0.1607,11.52,5.49,1.42,0.33,3.17,0.2523,0,0,1,0,1
1064,F02-SOJ,F02,238.6,-17.38601,-49.8619,2023/2024,2024-01-16,16,93,frutificacao,0.3182,0.2843,26.18,23.95,0.0,24.35,87.93,5.0,61835.9,1,saudavel,2.8,1,110,0.8455,3,0.4054,-0.2015,11.52,6.91,-1.91,1.83,2.94,0.2088,0,0,1,0,1
1065,F02-SOJ,F02,238.6,-17.38601,-49.8619,2023/2024,2024-01-17,17,94,maturacao,0.3529,0.32,22.73,21.26,0.0,20.85,71.98,5.0,54635.6,0,saudavel,2.8,1,110,0.8545,4,0.3872,-0.127,11.52,5.0,0.0,1.88,5.84,0.2352,0,0,1,0,1
1066,F02-SOJ,F02,238.6,-17.38601,-49.8619,2023/2024,2024-01-18,18,95,maturacao,0.2541,0.2364,23.25,26.39,15.43,20.54,75.44,8.83,46766.3,0,atencao,2.8,1,110,0.8636,4,0.3584,-0.2015,19.03,5.0,3.83,2.71,5.04,0.3346,0,0,1,0,1
1067,F02-SOJ,F02,238.6,-17.38601,-49.8619,2023/2024,2024-01-19,19,96,maturacao,0.2446,0.2262,19.78,23.45,0.0,17.55,85.67,5.67,56136.8,0,atencao,2.8,1,110,0.8727,4,0.3342,-0.1696,19.03,8.83,-3.16,2.23,2.51,0.2418,0,0,1,0,1
1068,F02-SOJ,F02,238.6,-17.38601,-49.8619,2023/2024,2024-01-20,20,97,maturacao,0.2973,0.2654,23.46,20.68,0.0,21.2,79.43,5.0,63603.5,0,saudavel,2.8,1,110,0.8818,4,0.317,-0.1206,19.03,5.67,-0.67,2.26,4.36,0.2418,0,0,1,0,1
1069,F02-SOJ,F02,238.6,-17.38601,-49.8619,2023/2024,2024-01-21,21,98,maturacao,0.2596,0.2598,21.53,25.94,15.45,19.0,85.08,10.74,40335.7,0,saudavel,2.8,1,110,0.8909,4,0.2999,-0.1198,34.48,5.0,5.74,2.53,2.83,0.414,0,0,1,0,1
1070,F02-SOJ,F02,238.6,-17.38601,-49.8619,2023/2024,2024-01-22,22,99,maturacao,0.2463,0.1986,25.61,33.62,21.46,21.15,79.03,20.98,36113.5,1,saudavel,2.8,1,110,0.9,4,0.2819,-0.1261,52.34,10.74,10.24,4.46,4.44,0.624,0,0,1,0,1
1071,F02-SOJ,F02,238.6,-17.38601,-49.8619,2023/2024,2024-01-23,23,100,maturacao,0.239,0.2001,21.78,40.9,21.62,18.71,78.02,31.95,33535.8,0,saudavel,2.8,1,110,0.9091,4,0.2705,-0.0792,73.96,20.98,10.97,3.07,4.11,0.7812,0,0,1,0,1
1072,F02-SOJ,F02,238.6,-17.38601,-49.8619,2023/2024,2024-01-24,24,101,maturacao,0.234,0.1946,24.87,36.41,0.0,23.07,77.1,22.79,54441.6,0,saudavel,2.8,1,110,0.9182,4,0.2536,-0.1189,73.96,31.95,-9.16,1.8,5.28,0.6259,0,0,1,0,1
1073,F02-SOJ,F02,238.6,-17.38601,-49.8619,2023/2024,2024-01-25,25,102,maturacao,0.222,0.1813,22.21,39.68,14.36,21.12,67.41,24.1,46846.0,0,saudavel,2.8,1,110,0.9273,4,0.249,-0.0321,72.89,22.79,1.31,1.09,6.88,0.6074,0,0,1,0,1
1074,F02-SOJ,F02,238.6,-17.38601,-49.8619,2023/2024,2024-01-26,26,103,maturacao,0.191,0.1226,25.65,50.83,31.35,23.63,72.01,40.2,46846.0,0,atencao,2.8,1,110,0.9364,4,0.2413,-0.0536,104.24,24.1,16.1,2.02,6.61,0.7909,0,0,1,0,1
1075,F02-SOJ,F02,238.6,-17.38601,-49.8619,2023/2024,2024-01-27,27,104,maturacao,0.2218,0.2161,20.26,60.47,29.14,18.59,85.4,50.48,31830.4,0,saudavel,2.8,1,110,0.9455,4,0.2305,-0.0755,133.38,40.2,10.28,1.67,2.71,0.8348,0,0,1,0,1
1076,F02-SOJ,F02,238.6,-17.38601,-49.8619,2023/2024,2024-01-28,28,105,maturacao,0.2146,0.1619,24.95,54.47,0.0,22.37,84.25,39.3,51718.2,0,saudavel,2.8,1,110,0.9545,4,0.2241,-0.045,117.93,50.48,-11.18,2.58,3.52,0.7215,0,0,1,0,1
1077,F02-SOJ,F02,238.6,-17.38601,-49.8619,2023/2024,2024-01-29,29,106,maturacao,0.2265,0.196,18.53,49.25,0.0,17.27,88.29,30.94,57407.1,0,saudavel,2.8,1,110,0.9636,4,0.2213,-0.0198,96.47,39.3,-8.36,1.26,2.02,0.6282,0,0,1,0,1
1078,F02-SOJ,F02,238.6,-17.38601,-49.8619,2023/2024,2024-01-30,30,107,colheita,0.2304,0.1674,23.33,46.26,3.67,20.21,88.29,26.93,48927.4,1,saudavel,2.8,1,110,0.9727,5,0.22,-0.0086,78.52,30.94,-4.01,3.12,2.37,0.5821,0,0,1,0,1
1079,F02-SOJ,F02,238.6,-17.38601,-49.8619,2023/2024,2024-01-31,31,108,colheita,0.1992,0.1818,19.69,41.66,0.0,18.87,68.82,20.12,50971.2,0,saudavel,2.8,1,110,0.9818,5,0.2151,-0.0348,78.52,26.93,-6.81,0.82,5.88,0.483,0,0,1,0,1
1080,F02-SOJ,F02,238.6,-17.38601,-49.8619,2023/2024,2024-02-01,32,109,colheita,0.166,0.1254,19.95,45.38,16.0,19.08,76.7,26.43,40860.5,0,atencao,2.8,2,110,0.9909,5,0.2071,-0.056,80.16,20.12,6.31,0.87,4.45,0.5824,0,0,1,0,1
1081,F02-SOJ,F02,238.6,-17.38601,-49.8619,2024/2025,2024-10-19,293,0,germinacao,0.1802,0.2053,31.76,45.0,0.0,28.85,72.17,48.05,52641.5,0,saudavel,2.62,10,110,0.0,0,0.1802,0.0,0.0,48.05,0.0,2.91,8.03,1.0678,0,0,1,1,0
1082,F02-SOJ,F02,238.6,-17.38601,-49.8619,2024/2025,2024-10-20,294,1,germinacao,0.2011,0.1719,30.69,39.43,0.0,28.97,69.15,37.2,50502.9,0,saudavel,2.62,10,110,0.0091,0,0.1906,0.0,0.0,48.05,-10.85,1.72,8.94,0.9434,0,0,1,1,0
1083,F02-SOJ,F02,238.6,-17.38601,-49.8619,2024/2025,2024-10-21,295,2,germinacao,0.1883,0.1792,29.94,34.34,0.0,28.42,71.31,29.75,53360.6,1,saudavel,2.62,10,110,0.0182,0,0.1899,0.0,0.0,37.2,-7.45,1.52,8.15,0.8663,0,0,1,1,0
1084,F02-SOJ,F02,238.6,-17.38601,-49.8619,2024/2025,2024-10-22,296,3,germinacao,0.167,0.1274,29.83,29.76,0.0,27.35,66.3,23.41,52474.3,1,atencao,2.62,10,110,0.0273,0,0.1842,0.0,0.0,29.75,-6.34,2.48,9.22,0.7866,0,0,1,1,0
1085,F02-SOJ,F02,238.6,-17.38601,-49.8619,2024/2025,2024-10-23,297,4,germinacao,0.192,0.1912,31.42,25.67,0.0,26.64,68.64,17.87,42980.1,1,saudavel,2.62,10,110,0.0364,0,0.1857,0.0,0.0,23.41,-5.54,4.78,8.35,0.6961,0,0,1,1,0
1086,F02-SOJ,F02,238.6,-17.38601,-49.8619,2024/2025,2024-10-24,298,5,germinacao,0.1938,0.1506,29.69,21.78,0.0,27.73,63.43,11.78,52521.1,1,saudavel,2.62,10,110,0.0455,0,0.1871,0.0,0.0,17.87,-6.09,1.96,10.14,0.5409,0,0,1,1,0
1087,F02-SOJ,F02,238.6,-17.38601,-49.8619,2024/2025,2024-10-25,299,6,germinacao,0.1982,0.1776,32.56,17.94,0.0,29.99,76.36,7.66,49944.1,1,saudavel,2.62,10,110,0.0545,0,0.1887,0.0,0.0,11.78,-4.12,2.57,7.09,0.427,0,0,1,1,0
1088,F02-SOJ,F02,238.6,-17.38601,-49.8619,2024/2025,2024-10-26,300,7,germinacao,0.2102,0.1734,30.26,14.54,0.0,28.98,71.95,5.88,54765.3,1,saudavel,2.62,10,110,0.0636,0,0.1929,0.03,0.0,7.66,-1.78,1.28,8.13,0.4044,0,0,1,1,0
1089,F02-SOJ,F02,238.6,-17.38601,-49.8619,2024/2025,2024-10-27,301,8,germinacao,0.179,0.1612,28.1,11.43,0.0,28.46,65.6,5.0,53335.4,1,saudavel,2.62,10,110,0.0727,0,0.1898,-0.0221,0.0,5.88,-0.88,-0.36,9.79,0.4374,0,0,1,1,0
1090,F02-SOJ,F02,238.6,-17.38601,-49.8619,2024/2025,2024-10-28,302,9,germinacao,0.2069,0.1712,28.29,8.8,0.0,26.94,72.62,5.0,53658.5,1,saudavel,2.62,10,110,0.0818,0,0.1924,0.0186,0.0,5.0,0.0,1.35,7.38,0.5682,0,0,1,1,0
1091,F02-SOJ,F02,238.6,-17.38601,-49.8619,2024/2025,2024-10-29,303,10,germinacao,0.1617,0.1216,32.79,8.0,0.0,27.87,76.67,5.0,51316.9,1,atencao,2.62,10,110,0.0909,0,0.1917,-0.0053,0.0,5.0,0.0,4.92,6.5,0.625,0,0,1,1,0
1092,F02-SOJ,F02,238.6,-17.38601,-49.8619,2024/2025,2024-10-30,304,11,vegetativo,0.1969,0.1619,32.29,19.23,31.16,29.47,75.04,13.07,23469.1,0,saudavel,2.62,10,110,0.1,1,0.1924,0.0049,31.16,5.0,8.07,2.82,7.36,0.6797,0,0,1,1,0
1093,F02-SOJ,F02,238.6,-17.38601,-49.8619,2024/2025,2024-10-31,305,12,vegetativo,0.1975,0.1987,32.91,15.71,0.0,29.05,65.86,9.61,51391.2,1,saudavel,2.62,10,110,0.1091,1,0.1929,0.0037,31.16,13.07,-3.46,3.86,9.92,0.6117,0,0,1,1,0
1094,F02-SOJ,F02,238.6,-17.38601,-49.8619,2024/2025,2024-11-01,306,13,vegetativo,0.2363,0.2102,29.03,21.69,17.98,27.5,55.92,16.07,31694.5,0,saudavel,2.62,11,110,0.1182,1,0.1984,0.0381,49.14,9.61,6.46,1.53,12.12,0.7409,0,0,1,1,0
1095,F02-SOJ,F02,238.6,-17.38601,-49.8619,2024/2025,2024-11-02,307,14,vegetativo,0.2093,0.1521,23.98,18.56,0.0,24.22,75.69,14.43,51458.9,1,saudavel,2.62,11,110,0.1273,1,0.1982,-0.0009,49.14,16.07,-1.64,-0.24,5.89,0.7775,0,0,1,1,0
1096,F02-SOJ,F02,238.6,-17.38601,-49.8619,2024/2025,2024-11-03,308,15,vegetativo,0.2307,0.218,27.87,15.38,0.0,27.05,67.74,11.63,49101.2,1,saudavel,2.62,11,110,0.1364,1,0.2056,0.0517,49.14,14.43,-2.8,0.82,8.73,0.7562,0,0,1,1,0
1097,F02-SOJ,F02,238.6,-17.38601,-49.8619,2024/2025,2024-11-04,309,16,vegetativo,0.1904,0.144,29.95,15.55,6.37,27.27,67.74,13.73,43732.4,1,atencao,2.62,11,110,0.1455,1,0.2033,-0.0165,55.51,11.63,2.1,2.68,8.8,0.883,0,0,1,1,0
1098,F02-SOJ,F02,238.6,-17.38601,-49.8619,2024/2025,2024-11-05,310,17,vegetativo,0.2269,0.2077,28.75,12.66,0.0,26.55,77.54,10.45,54357.6,1,saudavel,2.62,11,110,0.1545,1,0.2126,0.0652,55.51,13.73,-3.28,2.2,5.96,0.8254,0,0,1,1,0
1099,F02-SOJ,F02,238.6,-17.38601,-49.8619,2024/2025,2024-11-06,311,18,vegetativo,0.2266,0.2037,29.16,11.89,3.94,27.21,78.11,7.5,52300.5,0,saudavel,2.62,11,110,0.1636,1,0.2168,0.0297,28.29,10.45,-2.95,1.95,5.96,0.6308,0,0,1,1,0
1100,F02-SOJ,F02,238.6,-17.38601,-49.8619,2024/2025,2024-11-07,312,19,vegetativo,0.3043,0.2709,29.71,9.12,0.0,28.98,80.36,5.0,54409.5,1,saudavel,2.62,11,110,0.1727,1,0.2321,0.1068,28.29,7.5,-2.5,0.73,5.69,0.5482,0,0,1,1,0
1101,F02-SOJ,F02,238.6,-17.38601,-49.8619,2024/2025,2024-11-08,313,20,vegetativo,0.2543,0.2532,30.27,8.0,0.0,27.62,78.78,5.0,53250.0,1,saudavel,2.62,11,110,0.1818,1,0.2346,0.018,10.31,5.0,0.0,2.65,5.86,0.625,0,0,1,1,0
1102,F02-SOJ,F02,238.6,-17.38601,-49.8619,2024/2025,2024-11-09,314,21,vegetativo,0.2839,0.2247,30.02,8.0,0.0,29.07,80.62,5.0,52141.0,1,saudavel,2.62,11,110,0.1909,1,0.2453,0.0746,10.31,5.0,0.0,0.95,5.63,0.625,0,0,1,1,0
1103,F02-SOJ,F02,238.6,-17.38601,-49.8619,2024/2025,2024-11-10,315,22,vegetativo,0.3017,0.2686,26.84,8.0,0.0,25.24,81.21,5.0,54263.7,1,saudavel,2.62,11,110,0.2,1,0.2554,0.071,10.31,5.0,0.0,1.6,4.74,0.625,0,0,1,1,0
1104,F02-SOJ,F02,238.6,-17.38601,-49.8619,2024/2025,2024-11-11,316,23,vegetativo,0.2862,0.2685,28.58,8.0,0.0,26.96,80.76,5.0,52975.9,1,atencao,2.62,11,110,0.2091,1,0.2691,0.0958,3.94,5.0,0.0,1.62,5.19,0.625,0,0,1,1,0
1105,F02-SOJ,F02,238.6,-17.38601,-49.8619,2024/2025,2024-11-12,317,24,vegetativo,0.3285,0.2664,25.1,8.0,0.0,24.43,74.88,5.0,55476.5,1,saudavel,2.62,11,110,0.2182,1,0.2836,0.1016,3.94,5.0,0.0,0.67,6.14,0.625,0,0,1,1,0
1106,F02-SOJ,F02,238.6,-17.38601,-49.8619,2024/2025,2024-11-13,318,25,vegetativo,0.3703,0.2999,26.4,8.0,0.0,26.61,67.47,5.0,51317.9,1,saudavel,2.62,11,110,0.2273,1,0.3042,0.1437,0.0,5.0,0.0,-0.21,8.66,0.625,0,0,1,1,0
1107,F02-SOJ,F02,238.6,-17.38601,-49.8619,2024/2025,2024-11-14,319,26,vegetativo,0.3893,0.3251,25.66,8.0,17.91,25.59,87.07,6.77,41457.0,0,saudavel,2.62,11,110,0.2364,1,0.3163,0.085,17.91,5.0,1.77,0.07,3.31,0.8462,0,0,1,1,0
1108,F02-SOJ,F02,238.6,-17.38601,-49.8619,2024/2025,2024-11-15,320,27,vegetativo,0.3687,0.3199,31.55,8.0,0.0,29.0,73.07,5.0,54601.3,1,atencao,2.62,11,110,0.2455,1,0.3327,0.1144,17.91,6.77,-1.77,2.55,7.81,0.625,0,0,1,1,0
1109,F02-SOJ,F02,238.6,-17.38601,-49.8619,2024/2025,2024-11-16,321,28,vegetativo,0.4323,0.3392,28.82,8.0,0.0,27.6,79.86,5.0,57633.4,1,saudavel,2.62,11,110,0.2545,1,0.3539,0.1484,17.91,5.0,0.0,1.22,5.56,0.625,0,0,1,1,0
1110,F02-SOJ,F02,238.6,-17.38601,-49.8619,2024/2025,2024-11-17,322,29,vegetativo,0.4942,0.4311,28.99,12.3,24.01,28.42,70.61,18.0,36671.1,0,saudavel,2.62,11,110,0.2636,1,0.3814,0.1925,41.92,5.0,13.0,0.57,8.35,1.4634,0,0,1,1,0
1111,F02-SOJ,F02,238.6,-17.38601,-49.8619,2024/2025,2024-11-18,323,30,vegetativo,0.5166,0.4109,24.72,10.15,0.0,26.16,79.66,13.48,57877.2,1,saudavel,2.62,11,110,0.2727,1,0.4143,0.2304,41.92,18.0,-4.52,-1.44,5.32,1.3281,0,0,1,1,0
1112,F02-SOJ,F02,238.6,-17.38601,-49.8619,2024/2025,2024-11-19,324,31,vegetativo,0.5606,0.5024,22.7,8.36,0.0,25.18,63.32,8.88,59477.6,1,saudavel,2.62,11,110,0.2818,1,0.4474,0.2321,41.92,13.48,-4.6,-2.48,9.24,1.0622,0,0,1,1,0
1113,F02-SOJ,F02,238.6,-17.38601,-49.8619,2024/2025,2024-11-20,325,32,vegetativo,0.5479,0.476,25.21,8.0,0.0,25.04,73.7,7.96,51061.5,1,saudavel,2.62,11,110,0.2909,1,0.4728,0.1776,41.92,8.88,-0.92,0.17,6.59,0.995,0,0,1,1,0
1114,F02-SOJ,F02,238.6,-17.38601,-49.8619,2024/2025,2024-11-21,326,33,vegetativo,0.624,0.5686,26.21,10.74,11.33,26.92,74.25,9.44,45111.9,0,saudavel,2.62,11,110,0.3,1,0.5063,0.2347,35.34,7.96,1.48,-0.71,6.93,0.879,0,0,1,1,0
1115,F02-SOJ,F02,238.6,-17.38601,-49.8619,2024/2025,2024-11-22,327,34,vegetativo,0.6272,0.5465,27.64,8.52,0.0,29.15,75.83,6.64,60916.7,1,saudavel,2.62,11,110,0.3091,1,0.5433,0.2585,35.34,9.44,-2.8,-1.51,7.05,0.7793,0,0,1,1,0
1116,F02-SOJ,F02,238.6,-17.38601,-49.8619,2024/2025,2024-11-23,328,35,vegetativo,0.6881,0.5788,24.39,8.0,0.0,26.96,80.31,5.25,59300.0,1,saudavel,2.62,11,110,0.3182,1,0.5798,0.2558,35.34,6.64,-1.39,-2.57,5.31,0.6562,0,0,1,1,0
1117,F02-SOJ,F02,238.6,-17.38601,-49.8619,2024/2025,2024-11-24,329,36,vegetativo,0.6828,0.5644,22.07,10.88,10.9,25.68,70.35,9.03,52956.3,0,saudavel,2.62,11,110,0.3273,1,0.6067,0.1886,22.23,5.25,3.78,-3.61,7.61,0.83,0,0,1,1,0
1118,F02-SOJ,F02,238.6,-17.38601,-49.8619,2024/2025,2024-11-25,330,37,vegetativo,0.6662,0.5711,24.73,9.11,0.0,25.86,79.12,7.69,63198.3,1,saudavel,2.62,11,110,0.3364,1,0.6281,0.1496,22.23,9.03,-1.34,-1.13,5.4,0.8441,0,0,1,1,0
1119,F02-SOJ,F02,238.6,-17.38601,-49.8619,2024/2025,2024-11-26,331,38,vegetativo,0.7465,0.6339,24.47,8.0,0.0,26.0,81.97,5.23,59131.9,1,saudavel,2.62,11,110,0.3455,1,0.6547,0.1859,22.23,7.69,-2.46,-1.53,4.69,0.6538,0,0,1,1,0
1120,F02-SOJ,F02,238.6,-17.38601,-49.8619,2024/2025,2024-11-27,332,39,floracao,0.7408,0.6534,25.65,8.45,5.29,28.99,85.88,5.39,52474.0,0,saudavel,2.62,11,110,0.3545,2,0.6822,0.1929,27.52,5.23,0.16,-3.34,4.09,0.6379,0,0,1,1,0
1121,F02-SOJ,F02,238.6,-17.38601,-49.8619,2024/2025,2024-11-28,333,40,floracao,0.7601,0.6275,24.1,8.0,0.0,27.7,78.55,5.0,55636.7,1,saudavel,2.62,11,110,0.3636,2,0.7017,0.1361,16.19,5.39,-0.39,-3.6,5.94,0.625,0,0,1,1,0
1122,F02-SOJ,F02,238.6,-17.38601,-49.8619,2024/2025,2024-11-29,334,41,floracao,0.7545,0.6817,24.6,15.99,21.11,26.15,73.75,14.8,36584.5,0,saudavel,2.62,11,110,0.3727,2,0.7199,0.1273,37.3,5.0,9.8,-1.55,6.86,0.9256,0,0,1,1,0
1123,F02-SOJ,F02,238.6,-17.38601,-49.8619,2024/2025,2024-11-30,335,42,floracao,0.8299,0.7309,21.71,14.06,0.0,25.82,69.98,12.59,57542.9,1,saudavel,2.62,11,110,0.3818,2,0.7401,0.1418,37.3,14.8,-2.21,-4.11,7.75,0.8954,0,0,1,1,0
1124,F02-SOJ,F02,238.6,-17.38601,-49.8619,2024/2025,2024-12-01,336,43,floracao,0.7992,0.6752,24.59,12.21,0.0,26.01,85.46,6.41,57107.0,1,saudavel,2.62,12,110,0.3909,2,0.7567,0.1164,26.4,12.59,-6.18,-1.42,3.78,0.525,0,0,1,0,1
1125,F02-SOJ,F02,238.6,-17.38601,-49.8619,2024/2025,2024-12-02,337,44,floracao,0.8516,0.7598,22.42,10.57,0.0,26.2,79.97,5.0,56244.9,1,saudavel,2.62,12,110,0.4,2,0.7832,0.1854,26.4,6.41,-1.41,-3.78,5.25,0.473,0,0,1,0,1
1126,F02-SOJ,F02,238.6,-17.38601,-49.8619,2024/2025,2024-12-03,338,45,floracao,0.8205,0.6818,20.97,9.19,0.0,24.74,77.13,5.0,60311.9,1,saudavel,2.62,12,110,0.4091,2,0.7938,0.074,26.4,5.0,0.0,-3.77,5.66,0.5441,0,0,1,0,1
1127,F02-SOJ,F02,238.6,-17.38601,-49.8619,2024/2025,2024-12-04,339,46,floracao,0.8183,0.6997,20.67,14.52,13.05,24.74,69.67,9.81,51423.7,0,saudavel,2.62,12,110,0.4182,2,0.8049,0.0775,34.16,5.0,4.81,-4.07,7.5,0.6756,0,0,1,0,1
1128,F02-SOJ,F02,238.6,-17.38601,-49.8619,2024/2025,2024-12-05,340,47,floracao,0.8698,0.7138,22.49,23.23,21.15,26.7,71.57,21.46,41203.4,0,saudavel,2.62,12,110,0.4273,2,0.8205,0.1097,55.31,9.81,11.65,-4.21,7.59,0.9238,0,0,1,0,1
1129,F02-SOJ,F02,238.6,-17.38601,-49.8619,2024/2025,2024-12-06,341,48,floracao,0.8475,0.7573,22.59,20.84,0.0,25.09,80.42,16.78,58425.8,1,saudavel,2.62,12,110,0.4364,2,0.8338,0.093,34.2,21.46,-4.68,-2.5,4.91,0.8052,0,0,1,0,1
1130,F02-SOJ,F02,238.6,-17.38601,-49.8619,2024/2025,2024-12-07,342,49,floracao,0.8523,0.6915,23.59,38.91,40.85,26.37,78.33,41.0,32780.3,0,saudavel,2.62,12,110,0.4455,2,0.837,0.0224,75.05,16.78,24.22,-2.78,5.71,1.0537,0,0,1,0,1
1131,F02-SOJ,F02,238.6,-17.38601,-49.8619,2024/2025,2024-12-08,343,50,floracao,0.8318,0.6783,24.92,37.85,5.77,27.32,66.34,37.13,54870.9,0,saudavel,2.62,12,110,0.4545,2,0.8417,0.0326,80.82,41.0,-3.87,-2.4,9.2,0.981,0,0,1,0,1
1132,F02-SOJ,F02,238.6,-17.38601,-49.8619,2024/2025,2024-12-09,344,51,floracao,0.8264,0.6898,22.27,34.2,0.0,25.53,80.37,30.31,59502.5,1,saudavel,2.62,12,110,0.4636,2,0.8381,-0.0252,80.82,37.13,-6.82,-3.26,5.01,0.8863,0,0,1,0,1
1133,F02-SOJ,F02,238.6,-17.38601,-49.8619,2024/2025,2024-12-10,345,52,floracao,0.8215,0.7248,21.33,30.87,0.0,25.18,69.63,24.53,59380.3,1,saudavel,2.62,12,110,0.4727,2,0.8382,0.001,80.82,30.31,-5.78,-3.85,7.65,0.7946,0,0,1,0,1
1134,F02-SOJ,F02,238.6,-17.38601,-49.8619,2024/2025,2024-12-11,346,53,floracao,0.7637,0.6683,26.46,27.23,0.0,29.34,81.81,17.88,59148.7,1,atencao,2.62,12,110,0.4818,2,0.8304,-0.0546,67.77,24.53,-6.65,-2.88,5.34,0.6566,0,0,1,0,1
1135,F02-SOJ,F02,238.6,-17.38601,-49.8619,2024/2025,2024-12-12,347,54,floracao,0.7552,0.6443,21.53,24.41,0.0,24.75,78.89,13.38,61754.4,0,atencao,2.62,12,110,0.4909,2,0.8141,-0.1146,46.62,17.88,-4.5,-3.22,5.22,0.5481,0,0,1,0,1
1136,F02-SOJ,F02,238.6,-17.38601,-49.8619,2024/2025,2024-12-13,348,55,floracao,0.7334,0.6437,21.57,22.03,0.0,22.7,76.82,10.79,60266.7,1,atencao,2.62,12,110,0.5,2,0.7978,-0.1141,46.62,13.38,-2.59,-1.13,5.26,0.4898,0,0,1,0,1
1137,F02-SOJ,F02,238.6,-17.38601,-49.8619,2024/2025,2024-12-14,349,56,floracao,0.7185,0.6084,22.35,19.69,0.0,23.81,83.47,7.84,57702.8,1,atencao,2.62,12,110,0.5091,2,0.7786,-0.1338,5.77,10.79,-2.95,-1.46,3.94,0.3982,0,0,1,0,1
1138,F02-SOJ,F02,238.6,-17.38601,-49.8619,2024/2025,2024-12-15,350,57,floracao,0.7219,0.622,23.87,17.22,0.0,26.46,78.74,6.93,57591.7,1,atencao,2.62,12,110,0.5182,2,0.7629,-0.1099,0.0,7.84,-0.91,-2.59,5.63,0.4024,0,0,1,0,1
1139,F02-SOJ,F02,238.6,-17.38601,-49.8619,2024/2025,2024-12-16,351,58,floracao,0.6611,0.595,19.21,15.39,0.0,22.08,86.26,5.23,57591.7,1,atencao,2.62,12,110,0.5273,2,0.7393,-0.1653,0.0,6.93,-1.7,-2.87,3.03,0.3398,0,0,1,0,1
1140,F02-SOJ,F02,238.6,-17.38601,-49.8619,2024/2025,2024-12-17,352,59,floracao,0.6279,0.5288,22.68,13.56,0.0,22.79,79.66,5.0,61258.0,1,critico,2.62,12,110,0.5364,2,0.7117,-0.1936,0.0,5.23,-0.23,-0.11,4.64,0.3687,0,0,1,0,1
1141,F02-SOJ,F02,238.6,-17.38601,-49.8619,2024/2025,2024-12-18,353,60,floracao,0.671,0.555,23.58,11.63,0.0,25.48,78.37,5.0,59048.2,1,atencao,2.62,12,110,0.5455,2,0.6984,-0.0927,0.0,5.0,0.0,-1.9,5.51,0.4299,0,0,1,0,1
1142,F02-SOJ,F02,238.6,-17.38601,-49.8619,2024/2025,2024-12-19,354,61,frutificacao,0.5815,0.5037,21.94,15.43,10.92,23.31,77.59,7.68,45681.7,0,critico,2.62,12,110,0.5545,3,0.6736,-0.1737,10.92,5.0,2.68,-1.37,5.22,0.4977,0,0,1,0,1
1143,F02-SOJ,F02,238.6,-17.38601,-49.8619,2024/2025,2024-12-20,355,62,frutificacao,0.5603,0.4911,23.95,13.42,0.0,23.45,80.27,5.0,63752.9,1,critico,2.62,12,110,0.5636,3,0.6489,-0.1731,10.92,7.68,-2.68,0.5,4.63,0.3726,0,0,1,0,1
1144,F02-SOJ,F02,238.6,-17.38601,-49.8619,2024/2025,2024-12-21,356,63,frutificacao,0.5763,0.4921,23.42,11.4,0.0,25.12,86.47,5.0,63112.7,1,critico,2.62,12,110,0.5727,3,0.6286,-0.1422,10.92,5.0,0.0,-1.7,3.4,0.4386,0,0,1,0,1
1145,F02-SOJ,F02,238.6,-17.38601,-49.8619,2024/2025,2024-12-22,357,64,frutificacao,0.5968,0.5274,20.64,9.9,0.0,22.33,86.47,5.0,54025.4,1,critico,2.62,12,110,0.5818,3,0.6107,-0.1251,10.92,5.0,0.0,-1.69,3.02,0.5051,0,0,1,0,1
1146,F02-SOJ,F02,238.6,-17.38601,-49.8619,2024/2025,2024-12-23,358,65,frutificacao,0.6224,0.525,19.27,8.71,0.0,21.1,83.68,5.0,63990.8,1,critico,2.62,12,110,0.5909,3,0.6052,-0.0387,10.92,5.0,0.0,-1.83,3.44,0.5741,0,0,1,0,1
1147,F02-SOJ,F02,238.6,-17.38601,-49.8619,2024/2025,2024-12-24,359,66,frutificacao,0.6573,0.5613,17.89,8.0,0.0,21.12,76.04,5.0,59323.3,1,atencao,2.62,12,110,0.6,3,0.6094,0.0294,10.92,5.0,0.0,-3.23,5.06,0.625,0,0,1,0,1
1148,F02-SOJ,F02,238.6,-17.38601,-49.8619,2024/2025,2024-12-25,360,67,frutificacao,0.6644,0.5722,22.31,8.0,1.55,21.12,68.41,5.0,58946.5,1,atencao,2.62,12,110,0.6091,3,0.6084,-0.0066,12.47,5.0,0.0,1.19,6.67,0.625,0,0,1,0,1
1149,F02-SOJ,F02,238.6,-17.38601,-49.8619,2024/2025,2024-12-26,361,68,frutificacao,0.6945,0.5961,20.37,8.0,0.0,23.39,80.14,5.0,63302.8,1,atencao,2.62,12,110,0.6182,3,0.6246,0.113,1.55,5.0,0.0,-3.02,4.65,0.625,0,0,1,0,1
1150,F02-SOJ,F02,238.6,-17.38601,-49.8619,2024/2025,2024-12-27,362,69,frutificacao,0.7096,0.6355,18.9,8.0,0.0,21.86,81.88,5.0,64805.3,1,atencao,2.62,12,110,0.6273,3,0.6459,0.1493,1.55,5.0,0.0,-2.96,3.96,0.625,0,0,1,0,1
1151,F02-SOJ,F02,238.6,-17.38601,-49.8619,2024/2025,2024-12-28,363,70,frutificacao,0.7077,0.609,17.98,8.0,0.0,21.06,79.96,5.0,62809.8,1,atencao,2.62,12,110,0.6364,3,0.6647,0.1314,1.55,5.0,0.0,-3.08,4.22,0.625,0,0,1,0,1
1152,F02-SOJ,F02,238.6,-17.38601,-49.8619,2024/2025,2024-12-29,364,71,frutificacao,0.7247,0.6099,19.18,8.0,0.0,22.29,72.29,5.0,60471.6,1,atencao,2.62,12,110,0.6455,3,0.6829,0.1279,1.55,5.0,0.0,-3.11,6.18,0.625,0,0,1,0,1
1153,F02-SOJ,F02,238.6,-17.38601,-49.8619,2024/2025,2024-12-30,365,72,frutificacao,0.7515,0.6494,20.67,8.0,0.0,24.27,80.1,5.0,55562.7,1,atencao,2.62,12,110,0.6545,3,0.7014,0.1291,1.55,5.0,0.0,-3.6,4.83,0.625,0,0,1,0,1
1154,F02-SOJ,F02,238.6,-17.38601,-49.8619,2024/2025,2024-12-31,366,73,frutificacao,0.7177,0.6302,19.03,8.0,0.0,21.24,81.72,5.0,53545.9,1,atencao,2.62,12,110,0.6636,3,0.71,0.0604,1.55,5.0,0.0,-2.21,3.88,0.625,0,0,1,0,1
1155,F02-SOJ,F02,238.6,-17.38601,-49.8619,2024/2025,2025-01-01,1,74,frutificacao,0.7986,0.6943,18.16,8.0,0.0,21.5,75.79,5.0,62259.1,1,saudavel,2.62,1,110,0.6727,3,0.7292,0.1342,0.0,5.0,0.0,-3.34,5.21,0.625,0,0,1,0,1
1156,F02-SOJ,F02,238.6,-17.38601,-49.8619,2024/2025,2025-01-02,2,75,frutificacao,0.7449,0.6475,17.95,8.0,0.0,20.61,73.99,5.0,63579.6,1,saudavel,2.62,1,110,0.6818,3,0.7364,0.0504,0.0,5.0,0.0,-2.66,5.36,0.625,0,0,1,0,1
1157,F02-SOJ,F02,238.6,-17.38601,-49.8619,2024/2025,2025-01-03,3,76,frutificacao,0.7522,0.6094,21.33,8.0,0.0,21.74,78.8,5.0,57032.4,1,saudavel,2.62,1,110,0.6909,3,0.7425,0.0426,0.0,5.0,0.0,-0.41,4.61,0.625,0,0,1,0,1
1158,F02-SOJ,F02,238.6,-17.38601,-49.8619,2024/2025,2025-01-04,4,77,frutificacao,0.7364,0.5761,19.92,14.53,27.68,22.7,82.74,12.24,31179.0,0,saudavel,2.62,1,110,0.7,3,0.7466,0.0287,27.68,5.0,7.24,-2.78,3.92,0.8424,0,0,1,0,1
1159,F02-SOJ,F02,238.6,-17.38601,-49.8619,2024/2025,2025-01-05,5,78,frutificacao,0.7182,0.636,23.41,12.61,0.0,25.27,79.99,8.43,57632.0,1,saudavel,2.62,1,110,0.7091,3,0.7456,-0.0065,27.68,12.24,-3.81,-1.86,5.06,0.6685,0,0,1,0,1
1160,F02-SOJ,F02,238.6,-17.38601,-49.8619,2024/2025,2025-01-06,6,79,frutificacao,0.7403,0.638,20.38,11.24,0.0,22.33,75.25,6.09,57456.8,1,saudavel,2.62,1,110,0.7182,3,0.744,-0.0112,27.68,8.43,-2.34,-1.95,5.53,0.5418,0,0,1,0,1
1161,F02-SOJ,F02,238.6,-17.38601,-49.8619,2024/2025,2025-01-07,7,80,frutificacao,0.743,0.6312,19.07,10.03,0.0,21.82,80.61,5.62,62332.1,1,saudavel,2.62,1,110,0.7273,3,0.7477,0.0253,27.68,6.09,-0.47,-2.75,4.23,0.5603,0,0,1,0,1
1162,F02-SOJ,F02,238.6,-17.38601,-49.8619,2024/2025,2025-01-08,8,81,frutificacao,0.661,0.5758,21.42,27.58,37.86,23.1,83.57,28.42,30155.1,0,saudavel,2.62,1,110,0.7364,3,0.728,-0.1376,65.54,5.62,22.8,-1.68,3.8,1.0305,0,0,1,0,1
1163,F02-SOJ,F02,238.6,-17.38601,-49.8619,2024/2025,2025-01-09,9,82,frutificacao,0.6521,0.5928,20.91,24.82,0.0,22.75,73.44,23.85,30155.1,1,saudavel,2.62,1,110,0.7455,3,0.7147,-0.0928,65.54,28.42,-4.57,-1.84,6.04,0.9609,0,0,1,0,1
1164,F02-SOJ,F02,238.6,-17.38601,-49.8619,2024/2025,2025-01-10,10,83,frutificacao,0.6207,0.5559,19.36,22.47,0.0,20.75,80.79,19.16,66740.2,1,saudavel,2.62,1,110,0.7545,3,0.696,-0.1315,65.54,23.85,-4.69,-1.39,3.99,0.8527,0,0,1,0,1
1165,F02-SOJ,F02,238.6,-17.38601,-49.8619,2024/2025,2025-01-11,11,84,frutificacao,0.6062,0.5345,22.93,29.05,18.52,24.97,84.6,26.61,36241.2,0,saudavel,2.62,1,110,0.7636,3,0.6774,-0.1302,56.38,19.16,7.45,-2.04,3.85,0.916,0,0,1,0,1
1166,F02-SOJ,F02,238.6,-17.38601,-49.8619,2024/2025,2025-01-12,12,85,frutificacao,0.5995,0.4918,19.5,26.26,0.0,21.39,73.63,20.35,60155.7,1,saudavel,2.62,1,110,0.7727,3,0.6604,-0.1187,56.38,26.61,-6.26,-1.89,5.64,0.7749,0,0,1,0,1
1167,F02-SOJ,F02,238.6,-17.38601,-49.8619,2024/2025,2025-01-13,13,86,frutificacao,0.5541,0.4558,20.72,32.46,17.75,21.69,85.56,29.61,37963.6,0,saudavel,2.62,1,110,0.7818,3,0.6338,-0.1862,74.13,20.35,9.26,-0.97,3.13,0.9122,0,0,1,0,1
1168,F02-SOJ,F02,238.6,-17.38601,-49.8619,2024/2025,2025-01-14,14,87,frutificacao,0.4875,0.3667,19.71,34.12,9.96,22.07,87.6,27.52,48097.8,0,saudavel,2.62,1,110,0.7909,3,0.5973,-0.2555,84.09,29.61,-2.09,-2.36,2.74,0.8066,0,0,1,0,1
1169,F02-SOJ,F02,238.6,-17.38601,-49.8619,2024/2025,2025-01-15,15,88,frutificacao,0.4721,0.414,22.92,30.7,0.0,21.67,78.58,22.12,58531.1,1,saudavel,2.62,1,110,0.8,3,0.5703,-0.1889,46.23,27.52,-5.4,1.25,4.64,0.7205,0,0,1,0,1
1170,F02-SOJ,F02,238.6,-17.38601,-49.8619,2024/2025,2025-01-16,16,89,frutificacao,0.4444,0.3999,25.51,33.98,13.35,21.67,76.91,25.33,47574.5,0,saudavel,2.62,1,110,0.8091,3,0.5406,-0.2077,59.58,22.12,3.21,3.84,5.0,0.7454,0,0,1,0,1
1171,F02-SOJ,F02,238.6,-17.38601,-49.8619,2024/2025,2025-01-17,17,90,frutificacao,0.4032,0.3666,20.63,39.03,16.73,20.09,85.69,32.03,40875.6,0,saudavel,2.62,1,110,0.8182,3,0.5096,-0.2175,76.31,25.33,6.7,0.54,2.87,0.8207,0,0,1,0,1
1172,F02-SOJ,F02,238.6,-17.38601,-49.8619,2024/2025,2025-01-18,18,91,frutificacao,0.3553,0.3155,23.52,34.99,0.0,22.06,78.35,25.05,56506.6,1,saudavel,2.62,1,110,0.8273,3,0.4737,-0.2509,57.79,32.03,-6.98,1.46,4.78,0.7159,0,0,1,0,1
1173,F02-SOJ,F02,238.6,-17.38601,-49.8619,2024/2025,2025-01-19,19,92,frutificacao,0.3367,0.2831,23.09,40.67,18.6,21.04,68.06,31.57,38797.3,0,saudavel,2.62,1,110,0.8364,3,0.4362,-0.2628,76.39,25.05,6.52,2.05,6.72,0.7762,0,0,1,0,1
1174,F02-SOJ,F02,238.6,-17.38601,-49.8619,2024/2025,2025-01-20,20,93,frutificacao,0.3533,0.2891,21.68,47.54,22.11,22.18,78.58,38.65,32920.1,0,saudavel,2.62,1,110,0.8455,3,0.4075,-0.2008,80.75,31.57,7.08,-0.5,4.75,0.813,0,0,1,0,1
1175,F02-SOJ,F02,238.6,-17.38601,-49.8619,2024/2025,2025-01-21,21,94,maturacao,0.3352,0.2684,22.21,67.32,48.64,20.3,82.48,64.45,30437.0,0,saudavel,2.62,1,110,0.8545,4,0.3857,-0.1523,119.43,38.65,25.8,1.91,3.56,0.9574,0,0,1,0,1
1176,F02-SOJ,F02,238.6,-17.38601,-49.8619,2024/2025,2025-01-22,22,95,maturacao,0.2881,0.2416,20.99,61.17,0.0,20.01,83.93,64.45,57737.6,0,saudavel,2.62,1,110,0.8636,4,0.3595,-0.184,119.43,64.45,0.0,0.98,3.22,1.0536,0,0,1,0,1
1177,F02-SOJ,F02,238.6,-17.38601,-49.8619,2024/2025,2025-01-23,23,96,maturacao,0.2815,0.2197,25.31,55.31,0.0,21.55,74.82,44.22,58007.3,0,saudavel,2.62,1,110,0.8727,4,0.3362,-0.1629,106.08,64.45,-20.23,3.76,5.43,0.7995,0,0,1,0,1
1178,F02-SOJ,F02,238.6,-17.38601,-49.8619,2024/2025,2025-01-24,24,97,maturacao,0.2862,0.2784,22.14,59.83,19.64,20.91,78.18,48.29,37798.6,0,saudavel,2.62,1,110,0.8818,4,0.3195,-0.117,108.99,44.22,4.07,1.23,4.56,0.8071,0,0,1,0,1
1179,F02-SOJ,F02,238.6,-17.38601,-49.8619,2024/2025,2025-01-25,25,98,maturacao,0.216,0.1575,22.02,54.17,0.0,19.06,85.44,38.49,55723.7,0,atencao,2.62,1,110,0.8909,4,0.2996,-0.1393,108.99,48.29,-9.8,2.96,2.78,0.7105,0,0,1,0,1
1180,F02-SOJ,F02,238.6,-17.38601,-49.8619,2024/2025,2025-01-26,26,99,maturacao,0.2306,0.1921,23.97,55.74,14.06,22.23,78.27,39.03,46478.2,0,saudavel,2.62,1,110,0.9,4,0.2844,-0.1061,104.45,38.49,0.54,1.74,4.83,0.7002,0,0,1,0,1
1181,F02-SOJ,F02,238.6,-17.38601,-49.8619,2024/2025,2025-01-27,27,100,maturacao,0.2708,0.1914,24.99,56.8,12.91,21.23,71.43,40.02,46921.8,0,saudavel,2.62,1,110,0.9091,4,0.2726,-0.0825,95.25,39.03,0.99,3.76,6.07,0.7046,0,0,1,0,1
1182,F02-SOJ,F02,238.6,-17.38601,-49.8619,2024/2025,2025-01-28,28,101,maturacao,0.2286,0.2002,21.37,65.83,28.86,19.94,85.94,49.58,33130.7,0,saudavel,2.62,1,110,0.9182,4,0.2574,-0.1066,75.47,40.02,9.56,1.43,2.8,0.7532,0,0,1,0,1
1183,F02-SOJ,F02,238.6,-17.38601,-49.8619,2024/2025,2025-01-29,29,102,maturacao,0.1934,0.1643,22.69,74.1,28.89,19.27,78.99,58.47,29865.7,0,atencao,2.62,1,110,0.9273,4,0.2439,-0.0947,104.36,49.58,8.89,3.42,4.05,0.7891,0,0,1,0,1
1184,F02-SOJ,F02,238.6,-17.38601,-49.8619,2024/2025,2025-01-30,30,103,maturacao,0.2126,0.1736,23.16,72.55,10.63,20.44,84.71,53.65,49492.7,0,saudavel,2.62,1,110,0.9364,4,0.234,-0.0689,114.99,58.47,-4.82,2.72,3.13,0.7395,0,0,1,0,1
1185,F02-SOJ,F02,238.6,-17.38601,-49.8619,2024/2025,2025-01-31,31,104,maturacao,0.2259,0.1734,23.18,65.79,0.0,20.81,71.96,43.23,53734.9,0,saudavel,2.62,1,110,0.9455,4,0.2254,-0.0603,95.35,53.65,-10.42,2.37,5.84,0.6571,0,0,1,0,1
1186,F02-SOJ,F02,238.6,-17.38601,-49.8619,2024/2025,2025-02-01,32,105,maturacao,0.1505,0.128,20.23,59.55,0.0,17.36,80.3,34.71,54143.8,0,critico,2.62,2,110,0.9545,4,0.2161,-0.0655,95.35,43.23,-8.52,2.87,3.42,0.5829,0,0,1,0,1
1187,F02-SOJ,F02,238.6,-17.38601,-49.8619,2024/2025,2025-02-02,33,106,maturacao,0.2015,0.1604,21.76,53.86,0.0,20.24,81.62,27.86,58090.2,0,saudavel,2.62,2,110,0.9636,4,0.2119,-0.0291,81.29,34.71,-6.85,1.52,3.72,0.5173,0,0,1,0,1
1188,F02-SOJ,F02,238.6,-17.38601,-49.8619,2024/2025,2025-02-03,34,107,colheita,0.1876,0.1567,20.31,48.56,0.0,20.58,78.31,21.7,56789.0,0,saudavel,2.62,2,110,0.9727,5,0.2,-0.0832,68.38,27.86,-6.16,-0.27,4.46,0.4469,0,0,1,0,1
1189,F02-SOJ,F02,238.6,-17.38601,-49.8619,2024/2025,2025-02-04,35,108,colheita,0.1598,0.175,19.64,44.93,2.42,16.01,75.47,20.48,50958.0,0,atencao,2.62,2,110,0.9818,5,0.1902,-0.0688,41.94,21.7,-1.22,3.63,3.93,0.4558,0,0,1,0,1
1190,F02-SOJ,F02,238.6,-17.38601,-49.8619,2024/2025,2025-02-05,36,109,colheita,0.1922,0.1668,21.54,51.23,21.62,19.76,75.47,30.29,31249.2,0,saudavel,2.62,2,110,0.9909,5,0.19,-0.0012,34.67,20.48,9.81,1.78,4.85,0.5913,0,0,1,0,1
2441,F03-ALG,F03,94.5,-18.15128,-48.45328,2023/2024,2023-11-07,311,0,germinacao,0.1703,0.1095,30.99,45.0,5.1,29.46,66.38,47.06,49917.6,0,saudavel,3.23,11,150,0.0,0,0.1703,0.0,5.1,47.06,0.0,1.53,9.9,1.0458,0,0,0,1,0
2442,F03-ALG,F03,94.5,-18.15128,-48.45328,2023/2024,2023-11-08,312,1,germinacao,0.1991,0.147,27.15,39.8,0.0,25.84,76.71,37.42,50338.5,0,saudavel,3.23,11,150,0.0067,0,0.1847,0.0,5.1,47.06,-9.64,1.31,6.02,0.9402,0,0,0,1,0
2443,F03-ALG,F03,94.5,-18.15128,-48.45328,2023/2024,2023-11-09,313,2,germinacao,0.1924,0.1538,28.85,34.83,0.0,27.24,68.66,27.77,51588.5,1,saudavel,3.23,11,150,0.0133,0,0.1873,0.0,5.1,37.42,-9.65,1.61,8.54,0.7973,0,0,0,1,0
2444,F03-ALG,F03,94.5,-18.15128,-48.45328,2023/2024,2023-11-10,314,3,germinacao,0.1958,0.1929,28.87,30.29,0.0,27.09,71.51,18.86,51588.5,1,saudavel,3.23,11,150,0.02,0,0.1894,0.0,5.1,27.77,-8.91,1.78,7.72,0.6226,0,0,0,1,0
2445,F03-ALG,F03,94.5,-18.15128,-48.45328,2023/2024,2023-11-11,315,4,germinacao,0.2012,0.2184,28.97,32.91,13.77,27.88,75.36,19.66,44296.0,0,saudavel,3.23,11,150,0.0267,0,0.1918,0.0,18.87,18.86,0.8,1.09,6.87,0.5974,0,0,0,1,0
2446,F03-ALG,F03,94.5,-18.15128,-48.45328,2023/2024,2023-11-12,316,5,germinacao,0.2235,0.1901,29.36,32.07,7.19,27.82,72.28,18.49,49821.5,0,saudavel,3.23,11,150,0.0333,0,0.197,0.0,26.06,19.66,-1.17,1.54,7.71,0.5766,0,0,0,1,0
2447,F03-ALG,F03,94.5,-18.15128,-48.45328,2023/2024,2023-11-13,317,6,germinacao,0.1671,0.143,31.87,27.58,0.0,28.14,70.41,12.29,52321.4,1,atencao,3.23,11,150,0.04,0,0.1928,0.0,26.06,18.49,-6.2,3.73,8.33,0.4456,0,0,0,1,0
2448,F03-ALG,F03,94.5,-18.15128,-48.45328,2023/2024,2023-11-14,318,7,germinacao,0.2016,0.1225,31.99,34.81,23.1,30.1,64.81,24.13,28756.1,0,saudavel,3.23,11,150,0.0467,0,0.1972,0.0313,44.06,12.29,11.84,1.89,10.59,0.6932,0,0,0,1,0
2449,F03-ALG,F03,94.5,-18.15128,-48.45328,2023/2024,2023-11-15,319,8,germinacao,0.1932,0.1823,26.88,32.23,3.63,25.86,79.19,21.53,52675.1,0,saudavel,3.23,11,150,0.0533,0,0.1964,-0.0059,47.69,24.13,-2.6,1.02,5.38,0.668,0,0,0,1,0
2450,F03-ALG,F03,94.5,-18.15128,-48.45328,2023/2024,2023-11-16,320,9,germinacao,0.2071,0.1851,25.56,41.54,26.92,25.69,72.9,33.17,25339.6,0,saudavel,3.23,11,150,0.06,0,0.1985,0.0147,74.61,21.53,11.64,-0.13,6.96,0.7985,0,0,0,1,0
2451,F03-ALG,F03,94.5,-18.15128,-48.45328,2023/2024,2023-11-17,321,10,germinacao,0.1888,0.1662,31.49,36.42,0.0,27.36,76.96,24.74,59337.9,1,saudavel,3.23,11,150,0.0667,0,0.1975,-0.007,74.61,33.17,-8.43,4.13,6.3,0.6793,0,0,0,1,0
2452,F03-ALG,F03,94.5,-18.15128,-48.45328,2023/2024,2023-11-18,322,11,germinacao,0.211,0.1544,32.31,40.33,17.6,29.07,75.39,27.43,36827.5,0,saudavel,3.23,11,150,0.0733,0,0.1989,0.0098,78.44,24.74,2.69,3.24,7.15,0.6801,0,0,0,1,0
2453,F03-ALG,F03,94.5,-18.15128,-48.45328,2023/2024,2023-11-19,323,12,germinacao,0.1626,0.1778,27.43,41.52,11.85,24.61,81.22,29.83,52357.6,0,atencao,3.23,11,150,0.08,0,0.1902,-0.0609,83.1,27.43,2.4,2.82,4.62,0.7184,0,0,0,1,0
2454,F03-ALG,F03,94.5,-18.15128,-48.45328,2023/2024,2023-11-20,324,13,germinacao,0.1694,0.1744,30.85,36.39,0.0,27.21,73.15,22.02,54194.2,1,atencao,3.23,11,150,0.0867,0,0.1905,0.0023,83.1,29.83,-7.81,3.64,7.31,0.6051,0,0,0,1,0
2455,F03-ALG,F03,94.5,-18.15128,-48.45328,2023/2024,2023-11-21,325,14,germinacao,0.1793,0.1583,29.23,45.26,26.95,26.32,73.25,34.28,32934.2,0,saudavel,3.23,11,150,0.0933,0,0.1873,-0.0223,86.95,22.02,12.26,2.91,7.04,0.7574,0,0,0,1,0
2456,F03-ALG,F03,94.5,-18.15128,-48.45328,2023/2024,2023-11-22,326,15,vegetativo,0.1905,0.1817,30.02,42.29,5.0,27.81,68.67,30.72,50443.1,0,saudavel,3.23,11,150,0.1,1,0.187,-0.0027,88.32,34.28,-3.56,2.21,8.71,0.7264,0,0,0,1,0
2457,F03-ALG,F03,94.5,-18.15128,-48.45328,2023/2024,2023-11-23,327,16,vegetativo,0.1944,0.1663,28.39,52.73,31.23,27.37,71.87,42.31,28299.2,0,saudavel,3.23,11,150,0.1067,1,0.1851,-0.0127,92.63,30.72,11.59,1.02,7.7,0.8024,0,0,0,1,0
2458,F03-ALG,F03,94.5,-18.15128,-48.45328,2023/2024,2023-11-24,328,17,vegetativo,0.1803,0.1697,30.7,54.12,14.62,26.41,76.98,40.74,44251.1,0,saudavel,3.23,11,150,0.1133,1,0.1839,-0.0085,107.25,42.31,-1.57,4.29,6.08,0.7528,0,0,0,1,0
2459,F03-ALG,F03,94.5,-18.15128,-48.45328,2023/2024,2023-11-25,329,18,vegetativo,0.1772,0.1245,28.94,49.69,3.34,26.97,70.96,36.98,57290.3,0,atencao,3.23,11,150,0.12,1,0.1791,-0.0338,92.99,40.74,-3.76,1.97,7.83,0.7442,0,0,0,1,0
2460,F03-ALG,F03,94.5,-18.15128,-48.45328,2023/2024,2023-11-26,330,19,vegetativo,0.186,0.1126,27.1,45.42,2.51,25.16,77.82,30.84,58718.5,1,saudavel,3.23,11,150,0.1267,1,0.1824,0.0234,83.65,36.98,-6.14,1.94,5.58,0.679,0,0,0,1,0
2461,F03-ALG,F03,94.5,-18.15128,-48.45328,2023/2024,2023-11-27,331,20,vegetativo,0.1673,0.1168,29.78,39.97,0.0,27.25,82.43,22.51,60415.1,1,atencao,3.23,11,150,0.1333,1,0.1821,-0.0021,83.65,30.84,-8.33,2.53,4.79,0.5632,0,0,0,1,0
2462,F03-ALG,F03,94.5,-18.15128,-48.45328,2023/2024,2023-11-28,332,21,vegetativo,0.1984,0.1525,30.3,39.15,8.49,28.03,72.5,23.41,53224.4,0,saudavel,3.23,11,150,0.14,1,0.1849,0.0191,65.19,22.51,0.9,2.27,7.71,0.598,0,0,0,1,0
2463,F03-ALG,F03,94.5,-18.15128,-48.45328,2023/2024,2023-11-29,333,22,vegetativo,0.2059,0.1621,28.73,35.73,2.64,26.0,69.47,18.36,54087.5,1,saudavel,3.23,11,150,0.1467,1,0.1871,0.0154,62.83,23.41,-5.05,2.73,7.94,0.5139,0,0,0,1,0
2464,F03-ALG,F03,94.5,-18.15128,-48.45328,2023/2024,2023-11-30,334,23,vegetativo,0.2192,0.1953,27.63,31.38,0.0,25.14,74.58,13.61,60589.1,1,saudavel,3.23,11,150,0.1533,1,0.1906,0.0248,31.6,18.36,-4.75,2.49,6.39,0.4337,0,0,0,1,0
2465,F03-ALG,F03,94.5,-18.15128,-48.45328,2023/2024,2023-12-01,335,24,vegetativo,0.2173,0.1796,26.91,27.35,0.0,25.44,69.45,8.32,57745.0,1,saudavel,3.23,12,150,0.16,1,0.1959,0.037,16.98,13.61,-5.29,1.47,7.77,0.3042,0,0,0,0,1
2466,F03-ALG,F03,94.5,-18.15128,-48.45328,2023/2024,2023-12-02,336,25,vegetativo,0.254,0.2153,28.48,33.77,20.48,26.74,82.54,17.99,41742.9,0,saudavel,3.23,12,150,0.1667,1,0.2069,0.0768,34.12,8.32,9.67,1.74,4.67,0.5327,0,0,0,0,1
2467,F03-ALG,F03,94.5,-18.15128,-48.45328,2023/2024,2023-12-03,337,26,vegetativo,0.2389,0.1793,27.79,29.58,0.0,25.39,77.19,12.41,59346.7,1,saudavel,3.23,12,150,0.1733,1,0.2144,0.0529,31.61,17.99,-5.58,2.4,5.79,0.4195,0,0,0,0,1
2468,F03-ALG,F03,94.5,-18.15128,-48.45328,2023/2024,2023-12-04,338,27,vegetativo,0.2424,0.1806,24.71,25.95,0.0,23.56,74.31,7.4,60968.0,1,saudavel,3.23,12,150,0.18,1,0.2252,0.0751,31.61,12.41,-5.01,1.15,6.05,0.2852,0,0,0,0,1
2469,F03-ALG,F03,94.5,-18.15128,-48.45328,2023/2024,2023-12-05,339,28,vegetativo,0.2405,0.2053,29.97,22.23,0.0,26.68,73.36,5.0,60082.9,1,saudavel,3.23,12,150,0.1867,1,0.2312,0.0421,23.12,7.4,-2.4,3.29,7.11,0.2249,0,0,0,0,1
2470,F03-ALG,F03,94.5,-18.15128,-48.45328,2023/2024,2023-12-06,340,29,vegetativo,0.2501,0.2017,25.41,31.64,24.9,23.68,72.13,17.11,36975.4,0,saudavel,3.23,12,150,0.1933,1,0.2375,0.0442,45.38,5.0,12.11,1.73,6.6,0.5408,0,0,0,0,1
2471,F03-ALG,F03,94.5,-18.15128,-48.45328,2023/2024,2023-12-07,341,30,vegetativo,0.2418,0.2056,29.11,37.22,19.26,25.69,81.96,25.44,37901.0,0,saudavel,3.23,12,150,0.2,1,0.2407,0.0226,64.64,17.11,8.33,3.42,4.63,0.6835,0,0,0,0,1
2472,F03-ALG,F03,94.5,-18.15128,-48.45328,2023/2024,2023-12-08,342,31,vegetativo,0.2556,0.2282,22.46,41.11,15.89,22.15,88.29,29.33,39010.4,0,saudavel,3.23,12,150,0.2067,1,0.2462,0.0383,80.53,25.44,3.89,0.31,2.59,0.7135,0,0,0,0,1
2473,F03-ALG,F03,94.5,-18.15128,-48.45328,2023/2024,2023-12-09,343,32,vegetativo,0.3003,0.288,26.96,36.47,0.0,25.01,88.29,19.72,62520.4,1,saudavel,3.23,12,150,0.2133,1,0.2528,0.0463,60.05,29.33,-9.61,1.95,2.93,0.5407,0,0,0,0,1
2474,F03-ALG,F03,94.5,-18.15128,-48.45328,2023/2024,2023-12-10,344,33,vegetativo,0.2694,0.2286,25.33,32.2,0.0,24.64,82.95,15.34,63659.6,1,saudavel,3.23,12,150,0.22,1,0.2572,0.0305,60.05,19.72,-4.38,0.69,4.2,0.4764,0,0,0,0,1
2475,F03-ALG,F03,94.5,-18.15128,-48.45328,2023/2024,2023-12-11,345,34,vegetativo,0.2539,0.2521,22.77,28.6,0.0,21.69,78.34,12.21,59341.9,1,atencao,3.23,12,150,0.2267,1,0.2588,0.0115,60.05,15.34,-3.13,1.08,4.7,0.4269,0,0,0,0,1
2476,F03-ALG,F03,94.5,-18.15128,-48.45328,2023/2024,2023-12-12,346,35,vegetativo,0.3051,0.2674,27.2,32.27,14.61,25.04,83.96,21.13,47635.9,0,saudavel,3.23,12,150,0.2333,1,0.268,0.0646,74.66,12.21,8.92,2.16,4.02,0.6548,0,0,0,0,1
2477,F03-ALG,F03,94.5,-18.15128,-48.45328,2023/2024,2023-12-13,347,36,vegetativo,0.3201,0.2859,23.68,28.63,0.0,22.79,69.86,15.98,54913.2,1,saudavel,3.23,12,150,0.24,1,0.278,0.07,49.76,21.13,-5.15,0.89,6.87,0.5582,0,0,0,0,1
2478,F03-ALG,F03,94.5,-18.15128,-48.45328,2023/2024,2023-12-14,348,37,vegetativo,0.318,0.2914,28.2,25.08,0.0,24.46,79.2,11.75,57983.1,1,saudavel,3.23,12,150,0.2467,1,0.2889,0.0762,30.5,15.98,-4.23,3.74,5.09,0.4685,0,0,0,0,1
2479,F03-ALG,F03,94.5,-18.15128,-48.45328,2023/2024,2023-12-15,349,38,vegetativo,0.2906,0.2614,25.52,21.88,0.0,23.61,76.59,8.79,60134.0,1,atencao,3.23,12,150,0.2533,1,0.2939,0.035,14.61,11.75,-2.96,1.91,5.53,0.4017,0,0,0,0,1
2480,F03-ALG,F03,94.5,-18.15128,-48.45328,2023/2024,2023-12-16,350,39,vegetativo,0.3679,0.2967,21.9,19.25,0.0,21.91,83.0,7.6,54716.5,1,saudavel,3.23,12,150,0.26,1,0.3036,0.0676,14.61,8.79,-1.19,-0.01,3.72,0.3948,0,0,0,0,1
2481,F03-ALG,F03,94.5,-18.15128,-48.45328,2023/2024,2023-12-17,351,40,vegetativo,0.3618,0.3292,23.72,25.27,17.03,22.46,79.72,17.5,38346.4,0,saudavel,3.23,12,150,0.2667,1,0.3168,0.0924,31.64,7.6,9.9,1.26,4.55,0.6925,0,0,0,0,1
2482,F03-ALG,F03,94.5,-18.15128,-48.45328,2023/2024,2023-12-18,352,41,vegetativo,0.3667,0.3042,22.94,22.64,0.68,22.47,79.56,14.04,59768.8,1,saudavel,3.23,12,150,0.2733,1,0.3329,0.1128,32.32,17.5,-3.46,0.47,4.59,0.6201,0,0,0,0,1
2483,F03-ALG,F03,94.5,-18.15128,-48.45328,2023/2024,2023-12-19,353,42,vegetativo,0.4133,0.3573,26.41,19.62,0.0,25.29,77.26,9.88,58170.5,1,saudavel,3.23,12,150,0.28,1,0.3483,0.1082,17.71,14.04,-4.16,1.12,5.75,0.5036,0,0,0,0,1
2484,F03-ALG,F03,94.5,-18.15128,-48.45328,2023/2024,2023-12-20,354,43,vegetativo,0.3662,0.314,25.38,32.73,31.85,24.97,85.83,28.45,28958.4,0,atencao,3.23,12,150,0.2867,1,0.3549,0.0461,49.56,9.88,18.57,0.41,3.54,0.8692,0,0,0,0,1
2485,F03-ALG,F03,94.5,-18.15128,-48.45328,2023/2024,2023-12-21,355,44,vegetativo,0.4268,0.3857,27.47,28.72,0.0,26.9,76.01,21.41,58781.1,0,saudavel,3.23,12,150,0.2933,1,0.3705,0.1088,49.56,28.45,-7.04,0.57,6.45,0.7455,0,0,0,0,1
2486,F03-ALG,F03,94.5,-18.15128,-48.45328,2023/2024,2023-12-22,356,45,vegetativo,0.4321,0.3752,23.05,25.54,0.0,22.74,83.73,14.48,56146.2,1,saudavel,3.23,12,150,0.3,1,0.3907,0.1415,49.56,21.41,-6.93,0.31,3.7,0.567,0,0,0,0,1
2487,F03-ALG,F03,94.5,-18.15128,-48.45328,2023/2024,2023-12-23,357,46,vegetativo,0.4916,0.3901,22.25,22.72,0.0,22.59,82.67,8.61,59335.0,1,saudavel,3.23,12,150,0.3067,1,0.4084,0.1237,49.56,14.48,-5.87,-0.34,3.91,0.379,0,0,0,0,1
2488,F03-ALG,F03,94.5,-18.15128,-48.45328,2023/2024,2023-12-24,358,47,vegetativo,0.4856,0.4546,24.18,52.64,65.25,23.51,83.44,47.87,29944.9,0,saudavel,3.23,12,150,0.3133,1,0.426,0.1238,97.78,8.61,39.26,0.67,3.89,0.9094,0,0,0,0,1
2489,F03-ALG,F03,94.5,-18.15128,-48.45328,2023/2024,2023-12-25,359,48,vegetativo,0.4826,0.4269,20.52,47.63,0.0,22.67,74.44,38.4,58202.1,1,saudavel,3.23,12,150,0.32,1,0.4426,0.1159,97.1,47.87,-9.47,-2.15,5.79,0.8062,0,0,0,0,1
2490,F03-ALG,F03,94.5,-18.15128,-48.45328,2023/2024,2023-12-26,360,49,vegetativo,0.5419,0.4496,21.45,47.52,8.7,22.23,83.33,38.4,49727.6,0,saudavel,3.23,12,150,0.3267,1,0.461,0.1286,105.8,38.4,0.0,-0.78,3.71,0.8081,0,0,0,0,1
2491,F03-ALG,F03,94.5,-18.15128,-48.45328,2023/2024,2023-12-27,361,50,vegetativo,0.4889,0.3928,21.98,42.88,0.0,23.08,80.97,31.53,59276.2,1,atencao,3.23,12,150,0.3333,1,0.4785,0.1227,73.95,38.4,-6.87,-1.1,4.39,0.7353,0,0,0,0,1
2492,F03-ALG,F03,94.5,-18.15128,-48.45328,2023/2024,2023-12-28,362,51,vegetativo,0.567,0.501,21.5,40.89,4.53,23.95,72.82,27.81,57783.7,0,saudavel,3.23,12,150,0.34,1,0.4985,0.1402,78.48,31.53,-3.72,-2.45,6.51,0.6801,0,0,0,0,1
2493,F03-ALG,F03,94.5,-18.15128,-48.45328,2023/2024,2023-12-29,363,52,vegetativo,0.55,0.4471,17.84,37.25,0.0,19.63,80.31,21.71,59517.8,0,saudavel,3.23,12,150,0.3467,1,0.5154,0.1179,78.48,27.81,-6.1,-1.79,3.87,0.5828,0,0,0,0,1
2494,F03-ALG,F03,94.5,-18.15128,-48.45328,2023/2024,2023-12-30,364,53,floracao,0.5838,0.5123,19.96,33.72,0.0,21.84,91.52,18.02,53969.5,1,saudavel,3.23,12,150,0.3533,2,0.5285,0.0922,78.48,21.71,-3.69,-1.88,1.85,0.5344,0,0,0,0,1
2495,F03-ALG,F03,94.5,-18.15128,-48.45328,2023/2024,2023-12-31,365,54,floracao,0.6055,0.5361,18.8,41.82,22.3,20.49,78.89,29.24,33921.7,0,saudavel,3.23,12,150,0.36,2,0.5457,0.1199,35.53,18.02,11.22,-1.69,4.33,0.6992,0,0,0,0,1
2496,F03-ALG,F03,94.5,-18.15128,-48.45328,2023/2024,2024-01-01,1,55,floracao,0.645,0.5353,20.79,46.04,16.14,22.26,77.94,32.85,46385.9,0,saudavel,3.23,1,150,0.3667,2,0.5689,0.1624,51.67,29.24,3.61,-1.47,4.91,0.7135,0,0,0,0,1
2497,F03-ALG,F03,94.5,-18.15128,-48.45328,2023/2024,2024-01-02,2,56,floracao,0.6867,0.5689,21.4,47.16,10.67,23.04,81.55,31.66,46910.3,0,saudavel,3.23,1,150,0.3733,2,0.5896,0.1448,53.64,32.85,-1.19,-1.64,4.25,0.6713,0,0,0,0,1
2498,F03-ALG,F03,94.5,-18.15128,-48.45328,2023/2024,2024-01-03,3,57,floracao,0.6219,0.5192,21.96,42.64,0.0,23.97,76.02,24.39,59210.9,1,saudavel,3.23,1,150,0.38,2,0.6086,0.133,53.64,31.66,-7.27,-2.01,5.75,0.572,0,0,0,0,1
2499,F03-ALG,F03,94.5,-18.15128,-48.45328,2023/2024,2024-01-04,4,58,floracao,0.6805,0.5587,21.0,38.86,0.0,21.54,80.87,18.26,65167.8,1,saudavel,3.23,1,150,0.3867,2,0.6248,0.1135,49.11,24.39,-6.13,-0.54,4.12,0.4699,0,0,0,0,1
2500,F03-ALG,F03,94.5,-18.15128,-48.45328,2023/2024,2024-01-05,5,59,floracao,0.7288,0.6241,19.33,35.38,0.0,22.26,77.48,14.14,61199.3,1,saudavel,3.23,1,150,0.3933,2,0.6503,0.1788,49.11,18.26,-4.12,-2.93,5.01,0.3997,0,0,0,0,1
2501,F03-ALG,F03,94.5,-18.15128,-48.45328,2023/2024,2024-01-06,6,60,floracao,0.6856,0.5902,15.36,39.43,14.16,19.48,83.38,20.75,38788.2,0,saudavel,3.23,1,150,0.4,2,0.6649,0.1018,63.27,14.14,6.61,-4.12,3.24,0.5262,0,0,0,0,1
2502,F03-ALG,F03,94.5,-18.15128,-48.45328,2023/2024,2024-01-07,7,61,floracao,0.6958,0.606,18.0,48.15,24.21,20.61,80.35,31.7,39595.4,0,saudavel,3.23,1,150,0.4067,2,0.6778,0.0903,65.18,20.75,10.95,-2.61,4.05,0.6584,0,0,0,0,1
2503,F03-ALG,F03,94.5,-18.15128,-48.45328,2023/2024,2024-01-08,8,62,floracao,0.7238,0.5985,19.65,53.55,19.25,22.12,89.48,40.21,39595.4,0,saudavel,3.23,1,150,0.4133,2,0.689,0.0788,68.29,31.7,8.51,-2.47,2.33,0.7509,0,0,0,0,1
2504,F03-ALG,F03,94.5,-18.15128,-48.45328,2023/2024,2024-01-09,9,63,floracao,0.7453,0.6503,13.69,49.3,0.46,19.67,81.39,34.75,59544.1,0,saudavel,3.23,1,150,0.42,2,0.6974,0.0586,58.08,40.21,-5.46,-5.98,3.66,0.7049,0,0,0,0,1
2505,F03-ALG,F03,94.5,-18.15128,-48.45328,2023/2024,2024-01-10,10,64,floracao,0.7508,0.6184,21.92,44.87,0.0,23.47,77.73,27.51,59680.2,1,saudavel,3.23,1,150,0.4267,2,0.7158,0.1289,58.08,34.75,-7.24,-1.55,5.23,0.6131,0,0,0,0,1
2506,F03-ALG,F03,94.5,-18.15128,-48.45328,2023/2024,2024-01-11,11,65,floracao,0.7386,0.6446,19.56,44.71,7.6,22.31,84.65,25.58,53951.8,0,saudavel,3.23,1,150,0.4333,2,0.7241,0.0581,65.68,27.51,-1.93,-2.75,3.42,0.5721,0,0,0,0,1
2507,F03-ALG,F03,94.5,-18.15128,-48.45328,2023/2024,2024-01-12,12,66,floracao,0.7371,0.5968,16.28,45.16,8.45,20.07,73.84,26.16,50034.9,0,saudavel,3.23,1,150,0.44,2,0.7253,0.0083,74.13,25.58,0.58,-3.79,5.25,0.5793,0,0,0,0,1
2508,F03-ALG,F03,94.5,-18.15128,-48.45328,2023/2024,2024-01-13,13,67,floracao,0.7862,0.6996,15.07,41.34,0.0,19.11,89.79,20.99,53930.7,1,saudavel,3.23,1,150,0.4467,2,0.7397,0.1006,59.97,26.16,-5.17,-4.04,1.95,0.5077,0,0,0,0,1
2509,F03-ALG,F03,94.5,-18.15128,-48.45328,2023/2024,2024-01-14,14,68,floracao,0.7504,0.6274,18.17,42.25,8.84,20.16,75.7,22.6,50628.1,0,saudavel,3.23,1,150,0.4533,2,0.7475,0.0546,44.6,20.99,1.61,-1.99,4.9,0.5349,0,0,0,0,1
2510,F03-ALG,F03,94.5,-18.15128,-48.45328,2023/2024,2024-01-15,15,69,floracao,0.733,0.6351,18.09,38.67,0.0,19.8,86.77,17.68,53939.7,1,saudavel,3.23,1,150,0.46,2,0.7488,0.0092,25.35,22.6,-4.92,-1.71,2.62,0.4572,0,0,0,0,1
2511,F03-ALG,F03,94.5,-18.15128,-48.45328,2023/2024,2024-01-16,16,70,floracao,0.7472,0.6487,15.86,37.3,3.85,19.8,88.38,15.16,59667.9,0,saudavel,3.23,1,150,0.4667,2,0.749,0.0019,28.74,17.68,-2.52,-3.94,2.3,0.4064,0,0,0,0,1
2512,F03-ALG,F03,94.5,-18.15128,-48.45328,2023/2024,2024-01-17,17,71,floracao,0.7691,0.6284,14.58,38.83,9.42,18.86,78.63,18.35,47614.7,0,saudavel,3.23,1,150,0.4733,2,0.7517,0.0183,38.16,15.16,3.19,-4.28,4.03,0.4726,0,0,0,0,1
2513,F03-ALG,F03,94.5,-18.15128,-48.45328,2023/2024,2024-01-18,18,72,floracao,0.8144,0.709,17.34,46.98,22.92,20.54,78.04,29.16,35441.7,0,saudavel,3.23,1,150,0.48,2,0.7625,0.0758,53.48,18.35,10.81,-3.2,4.51,0.6207,0,0,0,0,1
2514,F03-ALG,F03,94.5,-18.15128,-48.45328,2023/2024,2024-01-19,19,73,floracao,0.7643,0.6386,19.33,54.82,23.76,21.89,78.77,38.59,32668.6,0,saudavel,3.23,1,150,0.4867,2,0.7664,0.0272,68.79,29.16,9.43,-2.56,4.65,0.7039,0,0,0,0,1
2515,F03-ALG,F03,94.5,-18.15128,-48.45328,2023/2024,2024-01-20,20,74,floracao,0.8216,0.6922,16.81,50.24,0.0,19.64,83.7,31.53,58278.9,1,saudavel,3.23,1,150,0.4933,2,0.7714,0.0354,68.79,38.59,-7.06,-2.83,3.2,0.6276,0,0,0,0,1
2516,F03-ALG,F03,94.5,-18.15128,-48.45328,2023/2024,2024-01-21,21,75,floracao,0.82,0.6836,17.35,46.02,0.0,21.29,74.54,25.49,58443.3,1,saudavel,3.23,1,150,0.5,2,0.7814,0.0696,59.95,31.53,-6.04,-3.94,5.42,0.5539,0,0,0,0,1
2517,F03-ALG,F03,94.5,-18.15128,-48.45328,2023/2024,2024-01-22,22,76,floracao,0.8008,0.7129,16.72,49.72,15.18,20.04,79.66,30.61,40467.0,0,saudavel,3.23,1,150,0.5067,2,0.7911,0.0678,75.13,25.49,5.12,-3.32,4.08,0.6156,0,0,0,0,1
2518,F03-ALG,F03,94.5,-18.15128,-48.45328,2023/2024,2024-01-23,23,77,floracao,0.7473,0.6118,18.67,45.5,0.0,21.37,77.76,24.19,58061.0,1,saudavel,3.23,1,150,0.5133,2,0.7911,0.0001,71.28,30.61,-6.42,-2.7,4.75,0.5316,0,0,0,0,1
2519,F03-ALG,F03,94.5,-18.15128,-48.45328,2023/2024,2024-01-24,24,78,floracao,0.7764,0.6686,17.17,43.76,4.2,19.19,74.8,22.85,52750.1,0,saudavel,3.23,1,150,0.52,2,0.7921,0.0073,66.06,24.19,-1.34,-2.02,4.84,0.5222,0,0,0,0,1
2520,F03-ALG,F03,94.5,-18.15128,-48.45328,2023/2024,2024-01-25,25,79,floracao,0.7889,0.6581,18.94,40.06,0.0,20.71,74.34,17.4,56014.8,1,saudavel,3.23,1,150,0.5267,2,0.7885,-0.0255,43.14,22.85,-5.45,-1.77,5.31,0.4343,0,0,0,0,1
2521,F03-ALG,F03,94.5,-18.15128,-48.45328,2023/2024,2024-01-26,26,80,floracao,0.8375,0.7337,18.45,48.2,23.09,20.39,80.31,27.38,32257.4,0,saudavel,3.23,1,150,0.5333,2,0.7989,0.0732,42.47,17.4,9.98,-1.94,4.01,0.568,0,0,0,0,1
2522,F03-ALG,F03,94.5,-18.15128,-48.45328,2023/2024,2024-01-27,27,81,floracao,0.7925,0.7201,20.34,44.07,0.0,22.17,79.06,20.76,62825.7,1,saudavel,3.23,1,150,0.54,2,0.7948,-0.0291,42.47,27.38,-6.62,-1.83,4.64,0.4711,0,0,0,0,1
2523,F03-ALG,F03,94.5,-18.15128,-48.45328,2023/2024,2024-01-28,28,82,floracao,0.7893,0.6583,19.6,40.35,0.0,20.89,75.37,15.75,59213.4,1,saudavel,3.23,1,150,0.5467,2,0.7904,-0.0307,42.47,20.76,-5.01,-1.29,5.15,0.3903,0,0,0,0,1
2524,F03-ALG,F03,94.5,-18.15128,-48.45328,2023/2024,2024-01-29,29,83,frutificacao,0.8091,0.6905,18.09,36.92,0.0,20.36,79.8,10.72,57627.7,1,saudavel,3.23,1,150,0.5533,3,0.7916,0.0083,27.29,15.75,-5.03,-2.27,4.11,0.2904,0,0,0,0,1
2525,F03-ALG,F03,94.5,-18.15128,-48.45328,2023/2024,2024-01-30,30,84,frutificacao,0.7775,0.6532,14.1,52.19,36.85,17.69,77.67,29.95,30987.1,0,saudavel,3.23,1,150,0.56,3,0.7959,0.0302,64.14,10.72,19.23,-3.59,3.95,0.5739,0,0,0,0,1
2526,F03-ALG,F03,94.5,-18.15128,-48.45328,2023/2024,2024-01-31,31,85,frutificacao,0.8054,0.7054,17.32,66.34,37.04,19.03,86.54,49.13,28391.3,0,saudavel,3.23,1,150,0.5667,3,0.8,0.029,96.98,29.95,19.18,-1.71,2.56,0.7406,0,0,0,0,1
2527,F03-ALG,F03,94.5,-18.15128,-48.45328,2023/2024,2024-02-01,32,86,frutificacao,0.7899,0.6665,14.06,65.52,9.38,18.55,79.67,48.04,45137.1,0,saudavel,3.23,2,150,0.5733,3,0.8002,0.001,106.36,49.13,-1.09,-4.49,3.77,0.7332,0,0,0,0,1
2528,F03-ALG,F03,94.5,-18.15128,-48.45328,2023/2024,2024-02-02,33,87,frutificacao,0.8595,0.7487,17.07,60.08,0.0,18.44,85.63,39.97,46575.7,0,saudavel,3.23,2,150,0.58,3,0.8033,0.022,83.27,48.04,-8.07,-1.37,2.65,0.6653,0,0,0,0,1
2529,F03-ALG,F03,94.5,-18.15128,-48.45328,2023/2024,2024-02-03,34,88,frutificacao,0.787,0.661,15.57,55.08,0.0,19.63,70.86,39.97,50601.8,1,saudavel,3.23,2,150,0.5867,3,0.8025,-0.0055,83.27,39.97,0.0,-4.06,5.72,0.7257,0,0,0,0,1
2530,F03-ALG,F03,94.5,-18.15128,-48.45328,2023/2024,2024-02-04,35,89,frutificacao,0.8433,0.7617,17.19,50.47,0.0,19.9,80.66,23.23,60503.2,1,saudavel,3.23,2,150,0.5933,3,0.8102,0.054,83.27,39.97,-16.74,-2.71,3.85,0.4603,0,0,0,0,1
2531,F03-ALG,F03,94.5,-18.15128,-48.45328,2023/2024,2024-02-05,36,90,frutificacao,0.7811,0.6201,18.3,50.15,7.84,19.89,81.92,24.18,50208.9,0,saudavel,3.23,2,150,0.6,3,0.8062,-0.028,91.11,23.23,0.95,-1.59,3.6,0.4822,0,0,0,0,1
2532,F03-ALG,F03,94.5,-18.15128,-48.45328,2023/2024,2024-02-06,37,91,frutificacao,0.8081,0.6945,18.48,55.01,18.14,21.29,77.29,28.95,37926.3,0,saudavel,3.23,2,150,0.6067,3,0.8106,0.0306,72.4,24.18,4.77,-2.81,4.83,0.5263,0,0,0,0,1
2533,F03-ALG,F03,94.5,-18.15128,-48.45328,2023/2024,2024-02-07,38,92,frutificacao,0.8116,0.6897,14.7,51.12,1.41,20.06,75.9,24.26,47242.0,1,saudavel,3.23,2,150,0.6133,3,0.8115,0.0062,36.77,28.95,-4.69,-5.36,4.83,0.4746,0,0,0,0,1
2534,F03-ALG,F03,94.5,-18.15128,-48.45328,2023/2024,2024-02-08,39,93,frutificacao,0.8029,0.6816,13.25,46.83,0.0,17.43,79.28,18.44,54866.3,1,saudavel,3.23,2,150,0.62,3,0.8134,0.013,27.39,24.26,-5.82,-4.18,3.61,0.3938,0,0,0,0,1
2535,F03-ALG,F03,94.5,-18.15128,-48.45328,2023/2024,2024-02-09,40,94,frutificacao,0.7999,0.6856,16.67,50.05,14.34,19.51,82.39,20.76,39264.2,0,saudavel,3.23,2,150,0.6267,3,0.8048,-0.0596,41.73,18.44,2.32,-2.84,3.44,0.4148,0,0,0,0,1
2536,F03-ALG,F03,94.5,-18.15128,-48.45328,2023/2024,2024-02-10,41,95,frutificacao,0.8135,0.6926,17.34,45.85,0.0,20.02,72.19,18.98,54507.6,1,saudavel,3.23,2,150,0.6333,3,0.8086,0.0265,41.73,20.76,-1.78,-2.68,5.57,0.414,0,0,0,0,1
2537,F03-ALG,F03,94.5,-18.15128,-48.45328,2023/2024,2024-02-11,42,96,frutificacao,0.8022,0.6863,17.58,43.02,2.07,20.98,81.04,14.77,46997.1,1,saudavel,3.23,2,150,0.64,3,0.8028,-0.0411,43.8,18.98,-4.21,-3.4,3.98,0.3433,0,0,0,0,1
2538,F03-ALG,F03,94.5,-18.15128,-48.45328,2023/2024,2024-02-12,43,97,frutificacao,0.7877,0.6777,15.78,39.37,0.0,18.8,80.31,11.32,50379.8,1,saudavel,3.23,2,150,0.6467,3,0.8037,0.0066,35.96,14.77,-3.45,-3.02,3.7,0.2875,0,0,0,0,1
2539,F03-ALG,F03,94.5,-18.15128,-48.45328,2023/2024,2024-02-13,44,98,frutificacao,0.7746,0.6934,14.31,48.63,25.22,18.75,77.3,25.22,32547.8,0,saudavel,3.23,2,150,0.6533,3,0.7989,-0.0335,43.04,11.32,13.9,-4.44,4.26,0.5186,0,0,0,0,1
2540,F03-ALG,F03,94.5,-18.15128,-48.45328,2023/2024,2024-02-14,45,99,frutificacao,0.7813,0.6088,19.28,44.54,0.0,20.53,77.3,19.71,57053.7,1,saudavel,3.23,2,150,0.66,3,0.7946,-0.0303,41.63,25.22,-5.51,-1.25,4.66,0.4425,0,0,0,0,1
2541,F03-ALG,F03,94.5,-18.15128,-48.45328,2023/2024,2024-02-15,46,100,frutificacao,0.7771,0.6975,15.76,40.78,0.0,19.13,78.41,16.6,48999.8,1,saudavel,3.23,2,150,0.6667,3,0.7909,-0.0258,41.63,19.71,-3.11,-3.37,4.13,0.4071,0,0,0,0,1
2542,F03-ALG,F03,94.5,-18.15128,-48.45328,2023/2024,2024-02-16,47,101,frutificacao,0.7723,0.7077,14.25,53.06,31.49,16.41,87.88,32.71,22339.3,0,saudavel,3.23,2,150,0.6733,3,0.787,-0.0276,58.78,16.6,16.11,-2.16,1.99,0.6165,0,0,0,0,1
2543,F03-ALG,F03,94.5,-18.15128,-48.45328,2023/2024,2024-02-17,48,102,frutificacao,0.7729,0.6219,14.49,60.73,24.22,16.04,81.41,42.88,22339.3,0,saudavel,3.23,2,150,0.68,3,0.7812,-0.0406,83.0,32.71,10.17,-1.55,2.98,0.7061,0,0,0,0,1
2544,F03-ALG,F03,94.5,-18.15128,-48.45328,2023/2024,2024-02-18,49,103,frutificacao,0.7377,0.628,17.67,55.6,0.0,21.47,71.55,35.29,46288.9,0,saudavel,3.23,2,150,0.6867,3,0.7719,-0.0645,80.93,42.88,-7.59,-3.8,6.11,0.6347,0,0,0,0,1
2545,F03-ALG,F03,94.5,-18.15128,-48.45328,2023/2024,2024-02-19,50,104,frutificacao,0.7393,0.6558,13.56,50.95,0.0,16.09,77.16,26.61,46195.7,1,saudavel,3.23,2,150,0.6933,3,0.765,-0.0484,80.93,35.29,-8.68,-2.53,3.67,0.5223,0,0,0,0,1
2546,F03-ALG,F03,94.5,-18.15128,-48.45328,2023/2024,2024-02-20,51,105,frutificacao,0.7698,0.6727,15.71,57.5,21.65,18.36,72.1,35.98,46195.7,0,saudavel,3.23,2,150,0.7,3,0.7643,-0.0048,77.36,26.61,9.37,-2.65,5.12,0.6257,0,0,0,0,1
2547,F03-ALG,F03,94.5,-18.15128,-48.45328,2023/2024,2024-02-21,52,106,frutificacao,0.7007,0.6292,17.33,52.7,0.0,19.89,67.31,27.66,55389.7,1,saudavel,3.23,2,150,0.7067,3,0.7528,-0.0806,77.36,35.98,-8.32,-2.56,6.5,0.5249,0,0,0,0,1
2548,F03-ALG,F03,94.5,-18.15128,-48.45328,2023/2024,2024-02-22,53,107,frutificacao,0.7616,0.6548,13.95,54.76,12.95,15.88,73.2,29.09,35732.1,0,saudavel,3.23,2,150,0.7133,3,0.7506,-0.0155,90.31,27.66,1.43,-1.93,4.26,0.5312,0,0,0,0,1
2549,F03-ALG,F03,94.5,-18.15128,-48.45328,2023/2024,2024-02-23,54,108,frutificacao,0.7176,0.5693,13.74,55.25,10.14,16.86,78.86,30.62,39187.4,0,saudavel,3.23,2,150,0.72,3,0.7428,-0.0547,68.96,29.09,1.53,-3.12,3.56,0.5542,0,0,0,0,1
2550,F03-ALG,F03,94.5,-18.15128,-48.45328,2023/2024,2024-02-24,55,109,frutificacao,0.7524,0.6657,13.86,50.63,0.0,16.57,84.64,24.24,48503.6,1,saudavel,3.23,2,150,0.7267,3,0.7399,-0.0205,44.74,30.62,-6.38,-2.71,2.55,0.4788,0,0,0,0,1
2551,F03-ALG,F03,94.5,-18.15128,-48.45328,2023/2024,2024-02-25,56,110,frutificacao,0.733,0.6358,18.14,46.34,0.0,21.11,80.37,20.13,46425.0,1,saudavel,3.23,2,150,0.7333,3,0.7392,-0.0047,44.74,24.24,-4.11,-2.97,4.14,0.4344,0,0,0,0,1
2552,F03-ALG,F03,94.5,-18.15128,-48.45328,2023/2024,2024-02-26,57,111,frutificacao,0.6905,0.6163,21.51,45.54,6.47,21.4,69.28,20.85,37093.8,0,saudavel,3.23,2,150,0.74,3,0.7322,-0.0488,51.21,20.13,0.72,0.11,6.57,0.4578,0,0,0,0,1
2553,F03-ALG,F03,94.5,-18.15128,-48.45328,2023/2024,2024-02-27,58,112,frutificacao,0.6803,0.5476,14.45,44.71,6.03,17.23,73.4,18.61,44849.4,0,saudavel,3.23,2,150,0.7467,3,0.7194,-0.0895,35.59,20.85,-2.24,-2.78,4.58,0.4162,0,0,0,0,1
2554,F03-ALG,F03,94.5,-18.15128,-48.45328,2023/2024,2024-02-28,59,113,frutificacao,0.7035,0.5736,17.58,41.39,0.92,19.17,71.37,16.71,46689.4,1,saudavel,3.23,2,150,0.7533,3,0.7198,0.0028,36.51,18.61,-1.9,-1.59,5.49,0.4037,0,0,0,0,1
2555,F03-ALG,F03,94.5,-18.15128,-48.45328,2023/2024,2024-02-29,60,114,frutificacao,0.683,0.5809,18.38,37.88,0.0,18.73,63.25,13.87,47612.3,1,saudavel,3.23,2,150,0.76,3,0.7086,-0.0786,23.56,16.71,-2.84,-0.35,6.88,0.3662,0,0,0,0,1
2556,F03-ALG,F03,94.5,-18.15128,-48.45328,2023/2024,2024-03-01,61,115,frutificacao,0.662,0.5894,14.94,34.64,0.0,17.82,75.7,10.23,45747.9,1,saudavel,3.23,3,150,0.7667,3,0.7007,-0.0556,13.42,13.87,-3.64,-2.88,4.33,0.2953,0,0,0,0,0
2557,F03-ALG,F03,94.5,-18.15128,-48.45328,2023/2024,2024-03-02,62,116,frutificacao,0.6497,0.5845,14.02,31.64,0.0,15.77,81.61,7.89,50371.7,1,saudavel,3.23,3,150,0.7733,3,0.686,-0.1027,13.42,10.23,-2.34,-1.75,2.9,0.2494,0,0,0,0,0
2558,F03-ALG,F03,94.5,-18.15128,-48.45328,2023/2024,2024-03-03,63,117,frutificacao,0.5886,0.4858,19.36,31.27,5.34,21.65,72.63,10.42,39930.9,0,saudavel,3.23,3,150,0.78,3,0.6654,-0.1444,18.76,7.89,2.53,-2.29,5.93,0.3332,0,0,0,0,0
2559,F03-ALG,F03,94.5,-18.15128,-48.45328,2023/2024,2024-03-04,64,118,frutificacao,0.5972,0.4995,12.05,32.53,8.15,15.44,71.11,12.97,35781.8,0,saudavel,3.23,3,150,0.7867,3,0.652,-0.0933,20.44,10.42,2.55,-3.39,4.46,0.3987,0,0,0,0,0
2560,F03-ALG,F03,94.5,-18.15128,-48.45328,2023/2024,2024-03-05,65,119,frutificacao,0.5598,0.5333,16.63,29.57,0.0,18.46,71.23,13.34,49789.2,1,saudavel,3.23,3,150,0.7933,3,0.6348,-0.1205,14.41,12.97,0.37,-1.83,5.31,0.4511,0,0,0,0,0
2561,F03-ALG,F03,94.5,-18.15128,-48.45328,2023/2024,2024-03-06,66,120,frutificacao,0.5346,0.4434,15.76,34.29,14.96,17.15,74.42,22.38,26768.4,0,saudavel,3.23,3,150,0.8,3,0.6107,-0.1689,28.45,13.34,9.04,-1.39,4.39,0.6527,0,0,0,0,0
2562,F03-ALG,F03,94.5,-18.15128,-48.45328,2023/2024,2024-03-07,67,121,frutificacao,0.5414,0.4737,18.23,39.11,15.91,19.61,78.26,28.36,31946.2,0,saudavel,3.23,3,150,0.8067,3,0.5905,-0.1416,44.36,22.38,5.98,-1.38,4.26,0.7251,0,0,0,0,0
2563,F03-ALG,F03,94.5,-18.15128,-48.45328,2023/2024,2024-03-08,68,122,frutificacao,0.5108,0.4252,18.45,40.9,10.71,19.35,73.47,29.31,35712.7,0,saudavel,3.23,3,150,0.8133,3,0.5689,-0.1512,55.07,28.36,0.95,-0.9,5.13,0.7166,0,0,0,0,0
2564,F03-ALG,F03,94.5,-18.15128,-48.45328,2023/2024,2024-03-09,69,123,frutificacao,0.4966,0.4316,16.13,37.18,0.0,16.6,79.03,23.17,43052.0,1,saudavel,3.23,3,150,0.82,3,0.547,-0.1531,55.07,29.31,-6.14,-0.47,3.48,0.6232,0,0,0,0,0
2565,F03-ALG,F03,94.5,-18.15128,-48.45328,2023/2024,2024-03-10,70,124,frutificacao,0.4708,0.3828,15.43,33.71,0.0,16.86,75.11,23.17,38387.8,0,saudavel,3.23,3,150,0.8267,3,0.5302,-0.1178,49.73,23.17,0.0,-1.43,4.2,0.6873,0,0,0,0,0
2566,F03-ALG,F03,94.5,-18.15128,-48.45328,2023/2024,2024-03-11,71,125,frutificacao,0.4366,0.3544,16.13,30.47,0.0,15.71,77.21,13.79,39131.0,1,saudavel,3.23,3,150,0.8333,3,0.5072,-0.1606,41.58,23.17,-9.38,0.42,3.58,0.4526,0,0,0,0,0
2567,F03-ALG,F03,94.5,-18.15128,-48.45328,2023/2024,2024-03-12,72,126,frutificacao,0.4769,0.3979,19.24,42.19,29.29,18.32,69.57,30.75,24536.6,0,saudavel,3.23,3,150,0.84,3,0.4954,-0.0829,70.87,13.79,16.96,0.92,5.57,0.7288,0,0,0,0,0
2568,F03-ALG,F03,94.5,-18.15128,-48.45328,2023/2024,2024-03-13,73,127,frutificacao,0.4277,0.3526,20.57,38.26,0.0,19.08,70.2,22.47,46128.4,1,saudavel,3.23,3,150,0.8467,3,0.4801,-0.1069,55.91,30.75,-8.28,1.49,5.69,0.5873,0,0,0,0,0
2569,F03-ALG,F03,94.5,-18.15128,-48.45328,2023/2024,2024-03-14,74,128,maturacao,0.3779,0.3151,17.69,34.57,0.0,17.35,68.21,18.56,40362.1,0,saudavel,3.23,3,150,0.8533,4,0.4568,-0.1635,40.0,22.47,-3.91,0.34,5.52,0.5369,0,0,0,0,0
2570,F03-ALG,F03,94.5,-18.15128,-48.45328,2023/2024,2024-03-15,75,129,maturacao,0.3931,0.3447,18.99,33.19,4.0,17.64,77.13,18.43,35709.4,0,saudavel,3.23,3,150,0.86,4,0.4399,-0.1177,33.29,18.56,-0.13,1.35,4.03,0.5553,0,0,0,0,0
2571,F03-ALG,F03,94.5,-18.15128,-48.45328,2023/2024,2024-03-16,76,130,maturacao,0.4034,0.3807,20.55,29.84,0.0,20.86,70.55,15.06,35540.9,0,saudavel,3.23,3,150,0.8667,4,0.4266,-0.0932,33.29,18.43,-3.37,-0.31,6.14,0.5047,0,0,0,0,0
2572,F03-ALG,F03,94.5,-18.15128,-48.45328,2023/2024,2024-03-17,77,131,maturacao,0.3763,0.3081,19.67,26.82,0.0,19.4,54.7,11.33,43356.7,0,saudavel,3.23,3,150,0.8733,4,0.4131,-0.0945,33.29,15.06,-3.73,0.27,8.79,0.4224,0,0,0,0,0
2573,F03-ALG,F03,94.5,-18.15128,-48.45328,2023/2024,2024-03-18,78,132,maturacao,0.3318,0.2623,21.43,32.39,16.85,20.02,74.53,20.13,31888.9,0,saudavel,3.23,3,150,0.88,4,0.3982,-0.1048,50.14,11.33,8.8,1.41,5.1,0.6215,0,0,0,0,0
2574,F03-ALG,F03,94.5,-18.15128,-48.45328,2023/2024,2024-03-19,79,133,maturacao,0.3182,0.2707,15.44,29.08,0.0,14.64,80.04,17.51,31380.8,0,saudavel,3.23,3,150,0.8867,4,0.3755,-0.1587,20.85,20.13,-2.62,0.8,2.92,0.6021,0,0,0,0,0
2575,F03-ALG,F03,94.5,-18.15128,-48.45328,2023/2024,2024-03-20,80,134,maturacao,0.2958,0.2344,18.9,26.0,0.0,18.83,68.41,13.29,32180.1,0,saudavel,3.23,3,150,0.8933,4,0.3566,-0.1319,20.85,17.51,-4.22,0.07,5.95,0.5112,0,0,0,0,0
2576,F03-ALG,F03,94.5,-18.15128,-48.45328,2023/2024,2024-03-21,81,135,maturacao,0.2877,0.2119,20.63,23.15,0.0,18.39,74.94,9.93,39500.8,0,saudavel,3.23,3,150,0.9,4,0.3438,-0.0902,20.85,13.29,-3.36,2.24,4.61,0.4289,0,0,0,0,0
2577,F03-ALG,F03,94.5,-18.15128,-48.45328,2023/2024,2024-03-22,82,136,maturacao,0.2779,0.2575,16.81,20.51,0.0,16.14,72.65,10.33,39527.4,0,saudavel,3.23,3,150,0.9067,4,0.3273,-0.1152,16.85,9.93,0.4,0.67,4.41,0.5037,0,0,0,0,0
2578,F03-ALG,F03,94.5,-18.15128,-48.45328,2023/2024,2024-03-23,83,137,maturacao,0.2512,0.2151,17.68,18.05,0.0,16.46,62.72,7.86,36935.5,0,atencao,3.23,3,150,0.9133,4,0.3056,-0.1522,16.85,10.33,-2.47,1.22,6.14,0.4355,0,0,0,0,0
2579,F03-ALG,F03,94.5,-18.15128,-48.45328,2023/2024,2024-03-24,84,138,maturacao,0.2619,0.2262,20.41,15.8,0.0,17.71,82.13,5.0,37907.4,0,saudavel,3.23,3,150,0.92,4,0.2892,-0.1144,16.85,7.86,-2.86,2.7,3.16,0.3165,0,0,0,0,0
2580,F03-ALG,F03,94.5,-18.15128,-48.45328,2023/2024,2024-03-25,85,139,maturacao,0.2687,0.1899,18.16,29.09,30.72,16.04,72.16,23.42,18080.9,0,saudavel,3.23,3,150,0.9267,4,0.2802,-0.0631,30.72,5.0,18.42,2.12,4.47,0.8051,0,0,0,0,0
2581,F03-ALG,F03,94.5,-18.15128,-48.45328,2023/2024,2024-03-26,86,140,maturacao,0.2454,0.1969,18.83,25.93,0.0,16.87,73.5,18.73,37364.1,0,saudavel,3.23,3,150,0.9333,4,0.2698,-0.0728,30.72,23.42,-4.69,1.96,4.47,0.7223,0,0,0,0,0
2582,F03-ALG,F03,94.5,-18.15128,-48.45328,2023/2024,2024-03-27,87,141,maturacao,0.2505,0.1846,17.66,23.04,0.0,17.39,68.86,13.3,34222.0,0,saudavel,3.23,3,150,0.94,4,0.2633,-0.0453,30.72,18.73,-5.43,0.27,5.42,0.5773,0,0,0,0,0
2583,F03-ALG,F03,94.5,-18.15128,-48.45328,2023/2024,2024-03-28,88,142,maturacao,0.2718,0.2306,19.35,20.4,0.0,18.96,69.37,8.22,36528.6,0,saudavel,3.23,3,150,0.9467,4,0.2611,-0.0159,30.72,13.3,-5.08,0.39,5.81,0.4029,0,0,0,0,0
2584,F03-ALG,F03,94.5,-18.15128,-48.45328,2023/2024,2024-03-29,89,143,maturacao,0.2699,0.2321,19.02,17.97,0.0,17.06,72.6,6.07,34183.6,0,saudavel,3.23,3,150,0.9533,4,0.2599,-0.008,30.72,8.22,-2.15,1.96,4.67,0.3378,0,0,0,0,0
2585,F03-ALG,F03,94.5,-18.15128,-48.45328,2023/2024,2024-03-30,90,144,maturacao,0.2263,0.195,20.06,15.68,0.0,17.47,66.14,5.0,33575.7,0,saudavel,3.23,3,150,0.96,4,0.2564,-0.0249,30.72,6.07,-1.07,2.59,5.92,0.3189,0,0,0,0,0
2586,F03-ALG,F03,94.5,-18.15128,-48.45328,2023/2024,2024-03-31,91,145,maturacao,0.2402,0.1909,21.79,13.58,0.0,19.7,78.29,5.0,29891.2,0,saudavel,3.23,3,150,0.9667,4,0.2533,-0.0217,30.72,5.0,0.0,2.09,4.28,0.3682,0,0,0,0,0
2587,F03-ALG,F03,94.5,-18.15128,-48.45328,2023/2024,2024-04-01,92,146,colheita,0.2148,0.1655,17.13,11.62,0.0,15.54,76.31,5.0,34609.4,0,saudavel,3.23,4,150,0.9733,5,0.2456,-0.0539,0.0,5.0,0.0,1.59,3.68,0.4303,0,0,0,0,0
2588,F03-ALG,F03,94.5,-18.15128,-48.45328,2023/2024,2024-04-02,93,147,colheita,0.2043,0.1698,20.21,12.81,6.04,18.55,72.71,5.0,33688.7,0,saudavel,3.23,4,150,0.98,5,0.2397,-0.0411,6.04,5.0,0.0,1.66,5.06,0.3903,0,0,0,0,0
2589,F03-ALG,F03,94.5,-18.15128,-48.45328,2023/2024,2024-04-03,94,148,colheita,0.188,0.167,21.35,10.87,0.0,18.82,69.06,5.0,33451.1,0,atencao,3.23,4,150,0.9867,5,0.2308,-0.0625,6.04,5.0,0.0,2.53,5.82,0.46,0,0,0,0,0
2590,F03-ALG,F03,94.5,-18.15128,-48.45328,2023/2024,2024-04-04,95,149,colheita,0.2088,0.1659,19.76,9.11,0.0,18.9,65.72,5.0,33015.2,0,saudavel,3.23,4,150,0.9933,5,0.2218,-0.063,6.04,5.0,0.0,0.86,6.48,0.5488,0,0,0,0,0
2591,F03-ALG,F03,94.5,-18.15128,-48.45328,2024/2025,2024-11-09,314,0,germinacao,0.1488,0.1064,34.55,45.0,15.61,30.83,62.26,43.18,38525.5,0,atencao,3.35,11,150,0.0,0,0.1488,0.0,15.61,43.18,0.0,3.72,11.64,0.9596,0,0,0,1,0
2592,F03-ALG,F03,94.5,-18.15128,-48.45328,2024/2025,2024-11-10,315,1,germinacao,0.1839,0.1684,30.6,39.44,0.0,28.63,73.08,33.76,57071.8,0,saudavel,3.35,11,150,0.0067,0,0.1664,0.0,15.61,43.18,-9.42,1.97,7.71,0.856,0,0,0,1,0
2593,F03-ALG,F03,94.5,-18.15128,-48.45328,2024/2025,2024-11-11,316,2,germinacao,0.1919,0.1322,31.33,39.96,11.3,28.83,69.87,31.72,42824.0,0,saudavel,3.35,11,150,0.0133,0,0.1749,0.0,26.91,33.76,-2.04,2.5,8.69,0.7938,0,0,0,1,0
2594,F03-ALG,F03,94.5,-18.15128,-48.45328,2024/2025,2024-11-12,317,3,germinacao,0.1386,0.1286,28.63,34.94,0.0,26.91,74.41,24.05,52468.5,1,atencao,3.35,11,150,0.02,0,0.1658,0.0,26.91,31.72,-7.67,1.72,6.89,0.6883,0,0,0,1,0
2595,F03-ALG,F03,94.5,-18.15128,-48.45328,2024/2025,2024-11-13,318,4,germinacao,0.1816,0.1523,31.68,30.15,0.0,28.94,82.24,17.34,55548.5,1,saudavel,3.35,11,150,0.0267,0,0.169,0.0,26.91,24.05,-6.71,2.74,5.14,0.5751,0,0,0,1,0
2596,F03-ALG,F03,94.5,-18.15128,-48.45328,2024/2025,2024-11-14,319,5,germinacao,0.1633,0.1407,27.37,26.17,0.0,25.11,78.9,11.66,57998.4,1,atencao,3.35,11,150,0.0333,0,0.168,0.0,26.91,17.34,-5.68,2.26,5.3,0.4455,0,0,0,1,0
2597,F03-ALG,F03,94.5,-18.15128,-48.45328,2024/2025,2024-11-15,320,6,germinacao,0.1619,0.1568,29.69,27.32,10.01,26.71,77.01,13.13,52388.2,0,atencao,3.35,11,150,0.04,0,0.1671,0.0,36.92,11.66,1.47,2.98,6.14,0.4806,0,0,0,1,0
2598,F03-ALG,F03,94.5,-18.15128,-48.45328,2024/2025,2024-11-16,321,7,germinacao,0.1715,0.1294,30.07,27.15,7.86,28.09,73.2,13.9,55193.0,0,saudavel,3.35,11,150,0.0467,0,0.1704,0.0227,29.17,13.13,0.77,1.98,7.53,0.512,0,0,0,1,0
2599,F03-ALG,F03,94.5,-18.15128,-48.45328,2024/2025,2024-11-17,322,8,germinacao,0.1877,0.159,28.77,23.34,0.0,25.95,76.91,7.92,51170.8,1,saudavel,3.35,11,150,0.0533,0,0.1709,0.0038,29.17,13.9,-5.98,2.82,5.99,0.3393,0,0,0,1,0
2600,F03-ALG,F03,94.5,-18.15128,-48.45328,2024/2025,2024-11-18,323,9,germinacao,0.1718,0.1521,30.1,23.6,8.1,28.17,70.02,7.96,52185.4,0,saudavel,3.35,11,150,0.06,0,0.1681,-0.0201,25.97,7.92,0.04,1.93,8.45,0.3373,0,0,0,1,0
2601,F03-ALG,F03,94.5,-18.15128,-48.45328,2024/2025,2024-11-19,324,10,germinacao,0.1469,0.1189,29.77,19.87,0.0,27.17,77.13,5.57,53970.1,1,atencao,3.35,11,150,0.0667,0,0.1692,0.0083,25.97,7.96,-2.39,2.6,6.21,0.2803,0,0,0,1,0
2602,F03-ALG,F03,94.5,-18.15128,-48.45328,2024/2025,2024-11-20,325,11,germinacao,0.1898,0.1756,28.95,16.54,0.0,26.93,73.65,5.0,54300.8,1,saudavel,3.35,11,150,0.0733,0,0.1704,0.0082,25.97,5.57,-0.57,2.02,7.1,0.3023,0,0,0,1,0
2603,F03-ALG,F03,94.5,-18.15128,-48.45328,2024/2025,2024-11-21,326,12,germinacao,0.1814,0.1608,27.84,23.34,19.41,25.45,71.51,11.01,37079.4,0,saudavel,3.35,11,150,0.08,0,0.173,0.0181,45.38,5.0,6.01,2.39,7.25,0.4717,0,0,0,1,0
2604,F03-ALG,F03,94.5,-18.15128,-48.45328,2024/2025,2024-11-22,327,13,germinacao,0.1707,0.1335,29.78,29.43,19.49,27.04,78.86,17.87,36924.3,0,atencao,3.35,11,150,0.0867,0,0.1743,0.0088,54.86,11.01,6.86,2.74,5.72,0.6072,0,0,0,1,0
2605,F03-ALG,F03,94.5,-18.15128,-48.45328,2024/2025,2024-11-23,328,14,germinacao,0.1845,0.182,31.08,30.41,10.74,29.24,62.42,15.79,44065.1,0,saudavel,3.35,11,150,0.0933,0,0.1761,0.013,57.74,17.87,-2.08,1.84,10.99,0.5192,0,0,0,1,0
2606,F03-ALG,F03,94.5,-18.15128,-48.45328,2024/2025,2024-11-24,329,15,vegetativo,0.185,0.1685,28.72,26.28,0.0,26.51,72.6,12.09,50798.4,1,saudavel,3.35,11,150,0.1,1,0.1757,-0.0027,57.74,15.79,-3.7,2.21,7.26,0.46,0,0,0,1,0
2607,F03-ALG,F03,94.5,-18.15128,-48.45328,2024/2025,2024-11-25,330,16,vegetativo,0.1943,0.1483,29.42,27.67,10.48,26.98,78.21,15.49,52122.0,0,saudavel,3.35,11,150,0.1067,1,0.1789,0.0225,60.12,12.09,3.4,2.44,5.88,0.5598,0,0,0,1,0
2608,F03-ALG,F03,94.5,-18.15128,-48.45328,2024/2025,2024-11-26,331,17,vegetativo,0.1902,0.1446,29.9,35.84,24.3,27.1,81.3,24.57,37189.5,0,saudavel,3.35,11,150,0.1133,1,0.1851,0.0433,84.42,15.49,9.08,2.8,5.07,0.6855,0,0,0,1,0
2609,F03-ALG,F03,94.5,-18.15128,-48.45328,2024/2025,2024-11-27,332,18,vegetativo,0.2003,0.1659,26.36,31.56,0.0,24.24,79.36,19.29,58172.0,1,saudavel,3.35,11,150,0.12,1,0.1866,0.0105,84.42,24.57,-5.28,2.12,5.0,0.6112,0,0,0,1,0
2610,F03-ALG,F03,94.5,-18.15128,-48.45328,2024/2025,2024-11-28,333,19,vegetativo,0.1982,0.1774,26.98,27.46,0.0,24.24,72.89,16.74,55455.5,1,saudavel,3.35,11,150,0.1267,1,0.189,0.0168,65.01,19.29,-2.55,2.74,6.57,0.6096,0,0,0,1,0
2611,F03-ALG,F03,94.5,-18.15128,-48.45328,2024/2025,2024-11-29,334,20,vegetativo,0.2179,0.1409,27.64,23.73,0.0,25.51,76.17,9.42,62194.6,1,saudavel,3.35,11,150,0.1333,1,0.1958,0.0472,45.52,16.74,-7.32,2.13,6.08,0.397,0,0,0,1,0
2612,F03-ALG,F03,94.5,-18.15128,-48.45328,2024/2025,2024-11-30,335,21,vegetativo,0.2358,0.1844,25.02,20.69,0.0,22.47,79.8,5.32,58423.7,0,saudavel,3.35,11,150,0.14,1,0.2031,0.0513,34.78,9.42,-4.1,2.55,4.54,0.2571,0,0,0,1,0
2613,F03-ALG,F03,94.5,-18.15128,-48.45328,2024/2025,2024-12-01,336,22,vegetativo,0.2068,0.1642,27.55,17.33,0.0,26.74,83.68,5.0,57007.9,1,saudavel,3.35,12,150,0.1467,1,0.2062,0.0218,34.78,5.32,-0.32,0.81,4.36,0.2885,0,0,0,0,1
2614,F03-ALG,F03,94.5,-18.15128,-48.45328,2024/2025,2024-12-02,337,23,vegetativo,0.1979,0.1395,24.96,14.55,0.0,24.06,82.17,5.0,53914.1,1,saudavel,3.35,12,150,0.1533,1,0.2067,0.0036,24.3,5.0,0.0,0.9,4.29,0.3436,0,0,0,0,1
2615,F03-ALG,F03,94.5,-18.15128,-48.45328,2024/2025,2024-12-03,338,24,vegetativo,0.1853,0.137,28.05,11.7,0.0,26.38,80.9,5.0,60568.8,1,atencao,3.35,12,150,0.16,1,0.206,-0.0049,0.0,5.0,0.0,1.67,5.04,0.4274,0,0,0,0,1
2616,F03-ALG,F03,94.5,-18.15128,-48.45328,2024/2025,2024-12-04,339,25,vegetativo,0.231,0.1991,25.85,9.42,0.0,24.12,78.02,5.0,58052.3,1,saudavel,3.35,12,150,0.1667,1,0.2104,0.0307,0.0,5.0,0.0,1.73,5.3,0.5308,0,0,0,0,1
2617,F03-ALG,F03,94.5,-18.15128,-48.45328,2024/2025,2024-12-05,340,26,vegetativo,0.2046,0.1641,28.18,8.0,0.0,28.22,69.96,5.0,59934.3,1,atencao,3.35,12,150,0.1733,1,0.2113,0.0064,0.0,5.0,0.0,-0.04,8.48,0.625,0,0,0,0,1
2618,F03-ALG,F03,94.5,-18.15128,-48.45328,2024/2025,2024-12-06,341,27,vegetativo,0.2746,0.2252,26.74,8.0,0.0,24.64,70.51,5.0,59746.1,1,saudavel,3.35,12,150,0.18,1,0.2194,0.0567,0.0,5.0,0.0,2.1,7.27,0.625,0,0,0,0,1
2619,F03-ALG,F03,94.5,-18.15128,-48.45328,2024/2025,2024-12-07,342,28,vegetativo,0.2888,0.2179,29.05,8.0,0.0,27.83,74.18,5.0,61230.7,1,saudavel,3.35,12,150,0.1867,1,0.227,0.053,0.0,5.0,0.0,1.22,7.19,0.625,0,0,0,0,1
2620,F03-ALG,F03,94.5,-18.15128,-48.45328,2024/2025,2024-12-08,343,29,vegetativo,0.2351,0.1956,24.12,8.0,0.0,24.59,81.2,5.0,60053.4,1,saudavel,3.35,12,150,0.1933,1,0.231,0.0283,0.0,5.0,0.0,-0.47,4.62,0.625,0,0,0,0,1
2621,F03-ALG,F03,94.5,-18.15128,-48.45328,2024/2025,2024-12-09,344,30,vegetativo,0.2129,0.1509,25.64,25.42,51.56,24.67,75.21,23.58,28745.7,0,atencao,3.35,12,150,0.2,1,0.2332,0.015,51.56,5.0,18.58,0.97,6.12,0.9276,0,0,0,0,1
2622,F03-ALG,F03,94.5,-18.15128,-48.45328,2024/2025,2024-12-10,345,31,vegetativo,0.2667,0.2559,28.29,21.75,0.0,26.99,79.25,16.5,61202.0,1,saudavel,3.35,12,150,0.2067,1,0.2448,0.0814,51.56,23.58,-7.08,1.3,5.6,0.7586,0,0,0,0,1
2623,F03-ALG,F03,94.5,-18.15128,-48.45328,2024/2025,2024-12-11,346,32,vegetativo,0.3038,0.2931,22.66,35.49,33.21,23.17,74.77,33.42,32575.5,0,saudavel,3.35,12,150,0.2133,1,0.2552,0.0728,84.77,16.5,16.92,-0.51,5.85,0.9417,0,0,0,0,1
2624,F03-ALG,F03,94.5,-18.15128,-48.45328,2024/2025,2024-12-12,347,33,vegetativo,0.2445,0.1984,27.28,38.95,15.35,24.51,74.79,33.42,48992.9,0,atencao,3.35,12,150,0.22,1,0.2609,0.0399,100.12,33.42,0.0,2.77,6.18,0.858,0,0,0,0,1
2625,F03-ALG,F03,94.5,-18.15128,-48.45328,2024/2025,2024-12-13,348,34,vegetativo,0.3185,0.2483,26.47,42.5,16.02,25.14,84.71,38.88,40353.6,0,saudavel,3.35,12,150,0.2267,1,0.2672,0.0439,116.14,33.42,5.46,1.33,3.84,0.9148,0,0,0,0,1
2626,F03-ALG,F03,94.5,-18.15128,-48.45328,2024/2025,2024-12-14,349,35,vegetativo,0.2541,0.2331,27.23,41.73,8.06,24.84,81.73,36.17,55033.3,0,atencao,3.35,12,150,0.2333,1,0.2622,-0.0347,124.2,38.88,-2.71,2.39,4.54,0.8668,0,0,0,0,1
2627,F03-ALG,F03,94.5,-18.15128,-48.45328,2024/2025,2024-12-15,350,36,vegetativo,0.2735,0.2443,24.7,41.65,9.09,24.19,76.8,31.64,45927.7,0,atencao,3.35,12,150,0.24,1,0.2677,0.0384,133.29,36.17,-4.53,0.51,5.61,0.7597,0,0,0,0,1
2628,F03-ALG,F03,94.5,-18.15128,-48.45328,2024/2025,2024-12-16,351,37,vegetativo,0.3211,0.3104,25.41,38.02,1.78,23.88,74.41,27.67,61060.7,1,saudavel,3.35,12,150,0.2467,1,0.2832,0.1082,83.51,31.64,-3.97,1.53,6.11,0.7278,0,0,0,0,1
2629,F03-ALG,F03,94.5,-18.15128,-48.45328,2024/2025,2024-12-17,352,38,vegetativo,0.3485,0.339,25.4,33.68,0.0,25.19,82.56,21.09,58050.0,1,saudavel,3.35,12,150,0.2533,1,0.2949,0.0818,83.51,27.67,-6.58,0.21,4.39,0.6262,0,0,0,0,1
2630,F03-ALG,F03,94.5,-18.15128,-48.45328,2024/2025,2024-12-18,353,39,vegetativo,0.3409,0.2492,24.82,29.81,0.0,24.08,82.9,15.27,62362.1,1,saudavel,3.35,12,150,0.26,1,0.3002,0.0371,50.3,21.09,-5.82,0.74,4.12,0.5122,0,0,0,0,1
2631,F03-ALG,F03,94.5,-18.15128,-48.45328,2024/2025,2024-12-19,354,40,vegetativo,0.3662,0.3344,26.22,30.17,8.03,25.17,81.1,14.73,56295.2,0,saudavel,3.35,12,150,0.2667,1,0.3175,0.1217,42.98,15.27,-0.54,1.05,4.76,0.4882,0,0,0,0,1
2632,F03-ALG,F03,94.5,-18.15128,-48.45328,2024/2025,2024-12-20,355,41,vegetativo,0.395,0.3313,24.58,33.76,14.24,24.2,77.62,22.87,46299.8,0,saudavel,3.35,12,150,0.2733,1,0.3285,0.0765,41.2,14.73,8.14,0.38,5.42,0.6774,0,0,0,0,1
2633,F03-ALG,F03,94.5,-18.15128,-48.45328,2024/2025,2024-12-21,356,42,vegetativo,0.4139,0.3628,25.57,40.25,20.62,24.49,72.89,34.25,39231.0,0,saudavel,3.35,12,150,0.28,1,0.3513,0.1598,53.76,22.87,11.38,1.08,6.64,0.8509,0,0,0,0,1
2634,F03-ALG,F03,94.5,-18.15128,-48.45328,2024/2025,2024-12-22,357,43,vegetativo,0.3943,0.3507,25.7,35.81,0.0,25.11,77.94,29.3,59692.4,1,saudavel,3.35,12,150,0.2867,1,0.3686,0.1208,44.67,34.25,-4.95,0.59,5.54,0.8182,0,0,0,0,1
2635,F03-ALG,F03,94.5,-18.15128,-48.45328,2024/2025,2024-12-23,358,44,vegetativo,0.4073,0.3609,22.71,35.7,7.37,22.84,86.43,27.79,51189.9,1,saudavel,3.35,12,150,0.2933,1,0.3809,0.0862,50.26,29.3,-1.51,-0.13,3.1,0.7784,0,0,0,0,1
2636,F03-ALG,F03,94.5,-18.15128,-48.45328,2024/2025,2024-12-24,359,45,vegetativo,0.464,0.4144,25.53,38.15,12.78,24.86,73.65,30.2,50553.8,0,saudavel,3.35,12,150,0.3,1,0.3974,0.1155,63.04,27.79,2.41,0.67,6.55,0.7916,0,0,0,0,1
2637,F03-ALG,F03,94.5,-18.15128,-48.45328,2024/2025,2024-12-25,360,46,vegetativo,0.4708,0.389,23.68,51.66,34.79,22.86,79.64,48.52,29637.8,0,saudavel,3.35,12,150,0.3067,1,0.4159,0.1299,97.83,30.2,18.32,0.82,4.65,0.9392,0,0,0,0,1
2638,F03-ALG,F03,94.5,-18.15128,-48.45328,2024/2025,2024-12-26,361,47,vegetativo,0.4925,0.3996,20.55,50.87,7.83,20.9,88.78,43.77,45549.6,0,saudavel,3.35,12,150,0.3133,1,0.434,0.1263,97.63,48.52,-4.75,-0.35,2.34,0.8604,0,0,0,0,1
2639,F03-ALG,F03,94.5,-18.15128,-48.45328,2024/2025,2024-12-27,362,48,vegetativo,0.4867,0.4374,23.36,46.04,0.0,22.4,78.18,35.72,62500.2,0,saudavel,3.35,12,150,0.32,1,0.4471,0.0917,83.39,43.77,-8.05,0.96,4.89,0.7758,0,0,0,0,1
2640,F03-ALG,F03,94.5,-18.15128,-48.45328,2024/2025,2024-12-28,363,49,vegetativo,0.5318,0.4346,20.69,41.75,0.0,21.71,79.48,28.84,62296.1,1,saudavel,3.35,12,150,0.3267,1,0.4639,0.1179,62.77,35.72,-6.88,-1.02,4.45,0.6908,0,0,0,0,1
2641,F03-ALG,F03,94.5,-18.15128,-48.45328,2024/2025,2024-12-29,364,50,vegetativo,0.5162,0.476,22.48,52.48,29.77,23.26,72.44,44.82,30234.0,0,saudavel,3.35,12,150,0.3333,1,0.4813,0.1219,92.54,28.84,15.98,-0.78,6.41,0.854,0,0,0,0,1
2642,F03-ALG,F03,94.5,-18.15128,-48.45328,2024/2025,2024-12-30,365,51,vegetativo,0.5618,0.4623,21.11,49.9,4.48,22.16,82.96,41.01,52869.8,0,saudavel,3.35,12,150,0.34,1,0.5034,0.1545,89.65,44.82,-3.81,-1.05,3.78,0.8218,0,0,0,0,1
2643,F03-ALG,F03,94.5,-18.15128,-48.45328,2024/2025,2024-12-31,366,52,vegetativo,0.5775,0.4832,21.36,45.25,0.0,22.68,75.82,32.57,56144.0,0,saudavel,3.35,12,150,0.3467,1,0.5196,0.1135,76.87,41.01,-8.44,-1.32,5.48,0.7198,0,0,0,0,1
2644,F03-ALG,F03,94.5,-18.15128,-48.45328,2024/2025,2025-01-01,1,53,floracao,0.5954,0.5023,22.34,40.84,0.0,24.01,70.95,27.97,57268.6,1,saudavel,3.35,1,150,0.3533,2,0.5374,0.1246,42.08,32.57,-4.6,-1.67,6.97,0.6849,0,0,0,0,1
2645,F03-ALG,F03,94.5,-18.15128,-48.45328,2024/2025,2025-01-02,2,54,floracao,0.6259,0.5012,22.27,36.76,0.0,24.62,73.58,21.87,60150.0,1,saudavel,3.35,1,150,0.36,2,0.5565,0.1334,34.25,27.97,-6.1,-2.35,6.5,0.5949,0,0,0,0,1
2646,F03-ALG,F03,94.5,-18.15128,-48.45328,2024/2025,2025-01-03,3,55,floracao,0.6064,0.4847,20.28,33.2,0.0,22.73,80.51,16.31,53945.7,1,saudavel,3.35,1,150,0.3667,2,0.5736,0.1197,34.25,21.87,-5.56,-2.45,4.43,0.4913,0,0,0,0,1
2647,F03-ALG,F03,94.5,-18.15128,-48.45328,2024/2025,2025-01-04,4,56,floracao,0.6561,0.576,22.03,29.87,0.0,23.82,70.9,12.07,60666.3,1,saudavel,3.35,1,150,0.3733,2,0.5913,0.1243,34.25,16.31,-4.24,-1.79,6.93,0.4041,0,0,0,0,1
2648,F03-ALG,F03,94.5,-18.15128,-48.45328,2024/2025,2025-01-05,5,57,floracao,0.6579,0.5248,21.11,31.04,7.98,21.83,73.05,14.74,51638.2,0,saudavel,3.35,1,150,0.38,2,0.6116,0.1417,12.46,12.07,2.67,-0.72,5.88,0.4749,0,0,0,0,1
2649,F03-ALG,F03,94.5,-18.15128,-48.45328,2024/2025,2025-01-06,6,58,floracao,0.6558,0.6078,18.57,37.16,17.65,19.65,84.05,22.1,45650.3,0,saudavel,3.35,1,150,0.3867,2,0.625,0.094,25.63,14.74,7.36,-1.08,3.13,0.5947,0,0,0,0,1
2650,F03-ALG,F03,94.5,-18.15128,-48.45328,2024/2025,2025-01-07,7,59,floracao,0.6583,0.5577,18.6,33.96,0.0,20.13,80.58,17.05,61210.9,1,saudavel,3.35,1,150,0.3933,2,0.6365,0.0808,25.63,22.1,-5.05,-1.53,3.91,0.5021,0,0,0,0,1
2651,F03-ALG,F03,94.5,-18.15128,-48.45328,2024/2025,2025-01-08,8,60,floracao,0.7349,0.604,20.15,34.37,6.81,21.51,75.52,15.88,50129.4,0,saudavel,3.35,1,150,0.4,2,0.6565,0.1395,32.44,17.05,-1.17,-1.36,5.27,0.462,0,0,0,0,1
2652,F03-ALG,F03,94.5,-18.15128,-48.45328,2024/2025,2025-01-09,9,61,floracao,0.7071,0.6094,20.56,49.84,37.4,22.9,77.61,35.47,24370.7,0,saudavel,3.35,1,150,0.4067,2,0.6681,0.0812,69.84,15.88,19.59,-2.34,5.13,0.7117,0,0,0,0,1
2653,F03-ALG,F03,94.5,-18.15128,-48.45328,2024/2025,2025-01-10,10,62,floracao,0.7119,0.5559,17.93,45.56,0.0,21.33,88.82,29.05,56304.0,1,saudavel,3.35,1,150,0.4133,2,0.6831,0.1055,69.84,35.47,-6.42,-3.4,2.38,0.6376,0,0,0,0,1
2654,F03-ALG,F03,94.5,-18.15128,-48.45328,2024/2025,2025-01-11,11,63,floracao,0.7059,0.5933,20.6,41.38,0.0,23.3,85.31,24.69,62786.4,1,saudavel,3.35,1,150,0.42,2,0.6903,0.0498,69.84,29.05,-4.36,-2.7,3.42,0.5967,0,0,0,0,1
2655,F03-ALG,F03,94.5,-18.15128,-48.45328,2024/2025,2025-01-12,12,64,floracao,0.7594,0.6414,21.28,47.47,19.93,24.17,77.8,33.84,39958.0,0,saudavel,3.35,1,150,0.4267,2,0.7048,0.1015,81.79,24.69,9.15,-2.89,5.37,0.7129,0,0,0,0,1
2656,F03-ALG,F03,94.5,-18.15128,-48.45328,2024/2025,2025-01-13,13,65,floracao,0.766,0.6258,16.6,53.87,20.79,20.0,84.87,41.65,39938.5,0,saudavel,3.35,1,150,0.4333,2,0.7205,0.1102,84.93,33.84,7.81,-3.4,3.03,0.7732,0,0,0,0,1
2657,F03-ALG,F03,94.5,-18.15128,-48.45328,2024/2025,2025-01-14,14,66,floracao,0.7695,0.6414,22.11,50.43,2.9,24.43,78.69,32.99,53535.0,1,saudavel,3.35,1,150,0.44,2,0.7364,0.1112,87.83,41.65,-8.66,-2.32,5.21,0.6542,0,0,0,0,1
2658,F03-ALG,F03,94.5,-18.15128,-48.45328,2024/2025,2025-01-15,15,67,floracao,0.7586,0.6753,16.81,52.68,12.96,18.7,72.6,33.93,46990.5,0,saudavel,3.35,1,150,0.4467,2,0.7398,0.0237,93.98,32.99,0.94,-1.89,5.12,0.6441,0,0,0,0,1
2659,F03-ALG,F03,94.5,-18.15128,-48.45328,2024/2025,2025-01-16,16,68,floracao,0.7809,0.6675,19.07,56.2,16.45,23.83,68.57,37.58,37483.7,0,saudavel,3.35,1,150,0.4533,2,0.7503,0.0738,73.03,33.93,3.65,-4.76,7.49,0.6687,0,0,0,0,1
2660,F03-ALG,F03,94.5,-18.15128,-48.45328,2024/2025,2025-01-17,17,69,floracao,0.7549,0.6496,17.98,60.65,18.29,20.92,75.48,43.89,42962.3,0,saudavel,3.35,1,150,0.46,2,0.7565,0.043,91.32,37.58,6.31,-2.94,5.13,0.7237,0,0,0,0,1
2661,F03-ALG,F03,94.5,-18.15128,-48.45328,2024/2025,2025-01-18,18,70,floracao,0.7806,0.6478,14.6,55.6,0.0,20.53,72.31,34.9,54141.2,0,saudavel,3.35,1,150,0.4667,2,0.7671,0.0747,91.32,43.89,-8.99,-5.93,5.68,0.6277,0,0,0,0,1
2662,F03-ALG,F03,94.5,-18.15128,-48.45328,2024/2025,2025-01-19,19,71,floracao,0.7796,0.6362,17.67,61.52,21.13,20.78,81.34,40.26,31289.9,0,saudavel,3.35,1,150,0.4733,2,0.77,0.0202,92.52,34.9,5.36,-3.11,3.88,0.6544,0,0,0,0,1
2663,F03-ALG,F03,94.5,-18.15128,-48.45328,2024/2025,2025-01-20,20,72,floracao,0.7899,0.6666,16.29,56.39,0.0,19.51,77.92,34.93,64048.4,0,saudavel,3.35,1,150,0.48,2,0.7734,0.0239,71.73,40.26,-5.33,-3.22,4.31,0.6194,0,0,0,0,1
2664,F03-ALG,F03,94.5,-18.15128,-48.45328,2024/2025,2025-01-21,21,73,floracao,0.7518,0.5899,21.88,51.47,0.0,22.87,80.71,26.99,57484.8,1,saudavel,3.35,1,150,0.4867,2,0.7709,-0.0177,68.83,34.93,-7.94,-0.99,4.41,0.5244,0,0,0,0,1
2665,F03-ALG,F03,94.5,-18.15128,-48.45328,2024/2025,2025-01-22,22,74,floracao,0.8285,0.6823,17.52,50.6,6.9,22.87,82.74,24.67,50676.4,0,saudavel,3.35,1,150,0.4933,2,0.7809,0.0699,62.77,26.99,-2.32,-5.35,3.95,0.4875,0,0,0,0,1
2666,F03-ALG,F03,94.5,-18.15128,-48.45328,2024/2025,2025-01-23,23,75,floracao,0.8262,0.6773,17.1,55.81,18.93,19.61,83.84,32.61,33200.1,1,saudavel,3.35,1,150,0.5,2,0.7874,0.0453,65.25,24.67,7.94,-2.51,3.17,0.5843,0,0,0,0,1
2667,F03-ALG,F03,94.5,-18.15128,-48.45328,2024/2025,2025-01-24,24,76,floracao,0.7732,0.6165,14.38,51.15,0.0,18.3,76.44,26.41,58372.4,1,saudavel,3.35,1,150,0.5067,2,0.79,0.0183,46.96,32.61,-6.2,-3.92,4.31,0.5163,0,0,0,0,1
2668,F03-ALG,F03,94.5,-18.15128,-48.45328,2024/2025,2025-01-25,25,77,floracao,0.8099,0.7014,14.89,58.01,22.31,19.19,83.05,35.14,38027.8,0,saudavel,3.35,1,150,0.5133,2,0.7942,0.0293,69.27,26.41,8.73,-4.3,3.25,0.6058,0,0,0,0,1
2669,F03-ALG,F03,94.5,-18.15128,-48.45328,2024/2025,2025-01-26,26,78,floracao,0.7704,0.6522,15.13,56.74,7.14,19.16,75.63,33.2,48820.4,1,saudavel,3.35,1,150,0.52,2,0.7928,-0.0092,55.28,35.14,-1.94,-4.03,4.67,0.5851,0,0,0,0,1
2670,F03-ALG,F03,94.5,-18.15128,-48.45328,2024/2025,2025-01-27,27,79,floracao,0.8033,0.6704,17.27,54.4,4.8,18.98,83.98,28.7,54077.7,0,saudavel,3.35,1,150,0.5267,2,0.7948,0.0134,60.08,33.2,-4.5,-1.71,3.04,0.5276,0,0,0,0,1
2671,F03-ALG,F03,94.5,-18.15128,-48.45328,2024/2025,2025-01-28,28,80,floracao,0.759,0.6585,16.04,49.85,0.0,19.79,85.96,22.51,59176.5,1,saudavel,3.35,1,150,0.5333,2,0.7958,0.0072,60.08,28.7,-6.19,-3.75,2.78,0.4516,0,0,0,0,1
2672,F03-ALG,F03,94.5,-18.15128,-48.45328,2024/2025,2025-01-29,29,81,floracao,0.7981,0.6455,14.73,45.66,0.0,18.3,84.26,18.14,57019.7,1,saudavel,3.35,1,150,0.54,2,0.7914,-0.0304,53.18,22.51,-4.37,-3.57,2.88,0.3973,0,0,0,0,1
2673,F03-ALG,F03,94.5,-18.15128,-48.45328,2024/2025,2025-01-30,30,82,floracao,0.795,0.6488,18.23,41.73,0.0,18.3,77.27,11.45,48716.6,1,saudavel,3.35,1,150,0.5467,2,0.787,-0.0312,34.25,18.14,-6.69,-0.07,4.16,0.2744,0,0,0,0,1
2674,F03-ALG,F03,94.5,-18.15128,-48.45328,2024/2025,2025-01-31,31,83,frutificacao,0.8285,0.7265,14.88,42.72,9.06,19.59,82.5,16.46,43221.6,0,saudavel,3.35,1,150,0.5533,3,0.7949,0.0553,43.31,11.45,5.01,-4.71,3.43,0.3853,0,0,0,0,1
2675,F03-ALG,F03,94.5,-18.15128,-48.45328,2024/2025,2025-02-01,32,84,frutificacao,0.8391,0.7589,17.09,39.1,0.0,20.31,71.47,11.18,59807.0,1,saudavel,3.35,2,150,0.56,3,0.7991,0.0292,21.0,16.46,-5.28,-3.22,5.79,0.2859,0,0,0,0,1
2676,F03-ALG,F03,94.5,-18.15128,-48.45328,2024/2025,2025-02-02,33,85,frutificacao,0.8397,0.7275,17.56,35.78,0.0,20.97,69.84,7.5,54752.0,1,saudavel,3.35,2,150,0.5667,3,0.809,0.0693,13.86,11.18,-3.68,-3.41,6.32,0.2096,0,0,0,0,1
2677,F03-ALG,F03,94.5,-18.15128,-48.45328,2024/2025,2025-02-03,34,86,frutificacao,0.8291,0.7141,16.96,32.64,0.0,22.64,79.85,7.29,54519.4,1,saudavel,3.35,2,150,0.5733,3,0.8126,0.0258,9.06,7.5,-0.21,-5.68,4.56,0.2233,0,0,0,0,1
2678,F03-ALG,F03,94.5,-18.15128,-48.45328,2024/2025,2025-02-04,35,87,frutificacao,0.8074,0.6746,16.33,29.83,0.0,20.9,84.99,6.57,51513.2,1,saudavel,3.35,2,150,0.58,3,0.8196,0.0484,9.06,7.29,-0.72,-4.57,3.14,0.2202,0,0,0,0,1
2679,F03-ALG,F03,94.5,-18.15128,-48.45328,2024/2025,2025-02-05,36,88,frutificacao,0.8131,0.6799,16.03,31.76,9.03,19.1,73.26,11.13,43753.3,0,saudavel,3.35,2,150,0.5867,3,0.8217,0.015,18.09,6.57,4.56,-3.07,5.11,0.3504,0,0,0,0,1
2680,F03-ALG,F03,94.5,-18.15128,-48.45328,2024/2025,2025-02-06,37,89,frutificacao,0.8124,0.6951,14.41,30.75,3.47,17.79,80.16,8.56,53979.0,0,saudavel,3.35,2,150,0.5933,3,0.8242,0.0174,21.56,11.13,-2.57,-3.38,3.53,0.2784,0,0,0,0,1
2681,F03-ALG,F03,94.5,-18.15128,-48.45328,2024/2025,2025-02-07,38,90,frutificacao,0.7803,0.6907,16.42,35.2,14.22,19.84,80.92,15.09,45108.5,1,saudavel,3.35,2,150,0.6,3,0.8173,-0.0482,26.72,8.56,6.53,-3.42,3.79,0.4287,0,0,0,0,1
2682,F03-ALG,F03,94.5,-18.15128,-48.45328,2024/2025,2025-02-08,39,91,frutificacao,0.8258,0.7105,18.04,32.19,0.0,20.86,74.92,11.79,55353.6,1,saudavel,3.35,2,150,0.6067,3,0.8154,-0.0133,26.72,15.09,-3.3,-2.82,5.23,0.3663,0,0,0,0,1
2683,F03-ALG,F03,94.5,-18.15128,-48.45328,2024/2025,2025-02-09,40,92,frutificacao,0.8154,0.7123,14.64,29.41,0.0,19.42,77.04,9.19,54344.6,1,saudavel,3.35,2,150,0.6133,3,0.8119,-0.0243,26.72,11.79,-2.6,-4.78,4.46,0.3125,0,0,0,0,1
2684,F03-ALG,F03,94.5,-18.15128,-48.45328,2024/2025,2025-02-10,41,93,frutificacao,0.8148,0.6743,15.32,29.1,4.48,19.24,81.78,11.91,50377.2,0,saudavel,3.35,2,150,0.62,3,0.8099,-0.0143,31.2,9.19,2.72,-3.92,3.51,0.4093,0,0,0,0,1
2685,F03-ALG,F03,94.5,-18.15128,-48.45328,2024/2025,2025-02-11,42,94,frutificacao,0.7527,0.6521,17.15,36.35,19.57,19.41,79.02,25.21,34922.2,0,saudavel,3.35,2,150,0.6267,3,0.8021,-0.0547,50.77,11.91,13.3,-2.26,4.07,0.6935,0,0,0,0,1
2686,F03-ALG,F03,94.5,-18.15128,-48.45328,2024/2025,2025-02-12,43,95,frutificacao,0.8053,0.6711,12.33,33.25,0.0,16.22,80.82,21.34,48238.6,1,saudavel,3.35,2,150,0.6333,3,0.801,-0.0078,41.74,25.21,-3.87,-3.89,3.11,0.6418,0,0,0,0,1
2687,F03-ALG,F03,94.5,-18.15128,-48.45328,2024/2025,2025-02-13,44,96,frutificacao,0.814,0.6947,16.18,51.22,41.66,19.19,73.43,43.51,21521.5,0,saudavel,3.35,2,150,0.64,3,0.8012,0.0016,79.93,21.34,22.17,-3.01,5.1,0.8495,0,0,0,0,1
2688,F03-ALG,F03,94.5,-18.15128,-48.45328,2024/2025,2025-02-14,45,97,frutificacao,0.7908,0.6845,15.75,46.92,0.0,20.01,77.56,37.24,55214.6,0,saudavel,3.35,2,150,0.6467,3,0.8027,0.0105,65.71,43.51,-6.27,-4.26,4.49,0.7937,0,0,0,0,1
2689,F03-ALG,F03,94.5,-18.15128,-48.45328,2024/2025,2025-02-15,46,98,frutificacao,0.7781,0.6507,14.97,42.97,0.0,18.79,76.31,29.4,50876.3,1,saudavel,3.35,2,150,0.6533,3,0.7959,-0.0477,65.71,37.24,-7.84,-3.82,4.45,0.6842,0,0,0,0,1
2690,F03-ALG,F03,94.5,-18.15128,-48.45328,2024/2025,2025-02-16,47,99,frutificacao,0.7573,0.6234,15.9,39.33,0.0,20.49,75.42,19.91,52107.6,1,saudavel,3.35,2,150,0.66,3,0.7876,-0.0581,65.71,29.4,-9.49,-4.59,5.04,0.5062,0,0,0,0,1
2691,F03-ALG,F03,94.5,-18.15128,-48.45328,2024/2025,2025-02-17,48,100,frutificacao,0.752,0.6464,15.67,46.18,20.39,20.49,74.29,27.44,33887.3,0,saudavel,3.35,2,150,0.6667,3,0.7786,-0.0628,81.62,19.91,7.53,-4.82,5.27,0.5942,0,0,0,0,1
2692,F03-ALG,F03,94.5,-18.15128,-48.45328,2024/2025,2025-02-18,49,101,frutificacao,0.7794,0.6598,14.46,42.28,0.0,17.95,78.24,18.69,50853.1,1,saudavel,3.35,2,150,0.6733,3,0.7824,0.0267,62.05,27.44,-8.75,-3.49,3.91,0.4421,0,0,0,0,1
2693,F03-ALG,F03,94.5,-18.15128,-48.45328,2024/2025,2025-02-19,50,102,frutificacao,0.7667,0.6544,16.87,41.52,5.63,19.32,73.06,18.15,46126.3,0,saudavel,3.35,2,150,0.68,3,0.7769,-0.0386,67.68,18.69,-0.54,-2.45,5.2,0.4371,0,0,0,0,1
2694,F03-ALG,F03,94.5,-18.15128,-48.45328,2024/2025,2025-02-20,51,103,frutificacao,0.7609,0.6599,15.71,42.47,8.95,18.68,77.7,20.17,44162.4,0,saudavel,3.35,2,150,0.6867,3,0.7693,-0.0531,34.97,18.15,2.02,-2.97,4.17,0.4749,0,0,0,0,1
2695,F03-ALG,F03,94.5,-18.15128,-48.45328,2024/2025,2025-02-21,52,104,frutificacao,0.7904,0.698,13.57,46.95,16.16,15.53,77.55,24.39,33600.0,0,saudavel,3.35,2,150,0.6933,3,0.7693,-0.0004,51.13,20.17,4.22,-1.96,3.49,0.5195,0,0,0,0,1
2696,F03-ALG,F03,94.5,-18.15128,-48.45328,2024/2025,2025-02-22,53,105,frutificacao,0.728,0.6321,15.3,47.93,9.87,18.24,72.93,24.88,44331.2,0,saudavel,3.35,2,150,0.7,3,0.7621,-0.0501,61.0,24.39,0.49,-2.94,4.94,0.5191,0,0,0,0,1
2697,F03-ALG,F03,94.5,-18.15128,-48.45328,2024/2025,2025-02-23,54,106,frutificacao,0.7388,0.6386,12.17,43.9,0.0,16.94,68.47,18.0,46280.3,1,saudavel,3.35,2,150,0.7067,3,0.7595,-0.0185,61.0,24.88,-6.88,-4.77,5.34,0.41,0,0,0,0,1
2698,F03-ALG,F03,94.5,-18.15128,-48.45328,2024/2025,2025-02-24,55,107,frutificacao,0.7715,0.6458,16.05,40.18,0.0,18.65,81.77,14.31,48888.1,1,saudavel,3.35,2,150,0.7133,3,0.7622,0.0195,40.61,18.0,-3.69,-2.6,3.4,0.3561,0,0,0,0,1
2699,F03-ALG,F03,94.5,-18.15128,-48.45328,2024/2025,2025-02-25,56,108,frutificacao,0.7225,0.6072,15.85,39.59,5.63,19.43,80.13,13.86,39801.5,0,saudavel,3.35,2,150,0.72,3,0.7541,-0.0569,46.24,14.31,-0.45,-3.58,3.86,0.3501,0,0,0,0,1
2700,F03-ALG,F03,94.5,-18.15128,-48.45328,2024/2025,2025-02-26,57,109,frutificacao,0.7204,0.6214,15.69,36.22,0.0,18.04,73.04,12.62,47014.0,1,saudavel,3.35,2,150,0.7267,3,0.7475,-0.0463,40.61,13.86,-1.24,-2.35,4.86,0.3484,0,0,0,0,1
2701,F03-ALG,F03,94.5,-18.15128,-48.45328,2024/2025,2025-02-27,58,110,frutificacao,0.705,0.592,12.35,33.12,0.0,16.98,80.95,10.34,45202.7,1,saudavel,3.35,2,150,0.7333,3,0.7395,-0.0559,31.66,12.62,-2.28,-4.63,3.23,0.3122,0,0,0,0,1
2702,F03-ALG,F03,94.5,-18.15128,-48.45328,2024/2025,2025-02-28,59,111,frutificacao,0.7112,0.6135,15.98,38.78,17.01,18.65,71.25,21.68,33636.5,0,saudavel,3.35,2,150,0.74,3,0.7282,-0.0792,32.51,10.34,11.34,-2.67,5.36,0.5591,0,0,0,0,1
2703,F03-ALG,F03,94.5,-18.15128,-48.45328,2024/2025,2025-03-01,60,112,frutificacao,0.6437,0.5308,20.85,39.91,9.39,21.94,72.7,22.6,41437.1,0,saudavel,3.35,3,150,0.7467,3,0.7162,-0.0843,32.03,21.68,0.92,-1.09,5.99,0.5663,0,0,0,0,0
2704,F03-ALG,F03,94.5,-18.15128,-48.45328,2024/2025,2025-03-02,61,113,frutificacao,0.6675,0.606,13.55,36.51,0.0,14.98,75.59,22.6,46401.1,1,saudavel,3.35,3,150,0.7533,3,0.706,-0.0713,32.03,22.6,0.0,-1.43,3.66,0.619,0,0,0,0,0
2705,F03-ALG,F03,94.5,-18.15128,-48.45328,2024/2025,2025-03-03,62,114,frutificacao,0.6586,0.5637,16.38,33.38,0.0,18.56,74.53,17.35,51714.8,1,saudavel,3.35,3,150,0.76,3,0.6898,-0.1129,32.03,22.6,-5.25,-2.18,4.73,0.5198,0,0,0,0,0
2706,F03-ALG,F03,94.5,-18.15128,-48.45328,2024/2025,2025-03-04,63,115,frutificacao,0.6226,0.5318,15.72,44.09,27.3,17.37,79.69,30.83,27180.7,0,saudavel,3.35,3,150,0.7667,3,0.6756,-0.0999,53.7,17.35,13.48,-1.65,3.53,0.6993,0,0,0,0,0
2707,F03-ALG,F03,94.5,-18.15128,-48.45328,2024/2025,2025-03-05,64,116,frutificacao,0.6337,0.529,15.32,40.32,0.0,17.52,74.18,28.57,44459.2,1,saudavel,3.35,3,150,0.7733,3,0.6632,-0.0867,53.7,30.83,-2.26,-2.2,4.52,0.7086,0,0,0,0,0
2708,F03-ALG,F03,94.5,-18.15128,-48.45328,2024/2025,2025-03-06,65,117,frutificacao,0.626,0.5704,16.05,36.83,0.0,17.98,74.04,20.34,44539.7,1,saudavel,3.35,3,150,0.78,3,0.6519,-0.079,53.7,28.57,-8.23,-1.93,4.67,0.5523,0,0,0,0,0
2709,F03-ALG,F03,94.5,-18.15128,-48.45328,2024/2025,2025-03-07,66,118,frutificacao,0.6021,0.4867,16.81,33.59,0.0,17.6,79.51,15.47,44539.7,1,saudavel,3.35,3,150,0.7867,3,0.6363,-0.1091,36.69,20.34,-4.87,-0.79,3.61,0.4606,0,0,0,0,0
2710,F03-ALG,F03,94.5,-18.15128,-48.45328,2024/2025,2025-03-08,67,119,frutificacao,0.6108,0.5051,16.75,52.74,44.25,19.0,75.08,38.58,24162.9,0,saudavel,3.35,3,150,0.7933,3,0.6316,-0.0329,71.55,15.47,23.11,-2.25,4.73,0.7315,0,0,0,0,0
2711,F03-ALG,F03,94.5,-18.15128,-48.45328,2024/2025,2025-03-09,68,120,frutificacao,0.5482,0.483,16.13,48.14,0.0,17.72,72.41,28.39,40046.3,1,saudavel,3.35,3,150,0.8,3,0.6146,-0.1193,71.55,38.58,-10.19,-1.59,4.89,0.5897,0,0,0,0,0
2712,F03-ALG,F03,94.5,-18.15128,-48.45328,2024/2025,2025-03-10,69,121,frutificacao,0.5481,0.4707,12.31,53.71,19.6,14.82,78.13,32.42,31130.8,1,saudavel,3.35,3,150,0.8067,3,0.5988,-0.1105,91.15,28.39,4.03,-2.51,3.24,0.6036,0,0,0,0,0
2713,F03-ALG,F03,94.5,-18.15128,-48.45328,2024/2025,2025-03-11,70,122,frutificacao,0.5286,0.4378,19.86,81.77,65.51,19.97,78.62,69.57,17896.5,0,saudavel,3.35,3,150,0.8133,3,0.5854,-0.094,129.36,32.42,37.15,-0.11,4.27,0.8508,0,0,0,0,0
2714,F03-ALG,F03,94.5,-18.15128,-48.45328,2024/2025,2025-03-12,71,123,frutificacao,0.4952,0.41,18.95,74.77,0.0,19.73,78.89,54.46,44305.7,0,saudavel,3.35,3,150,0.82,3,0.5656,-0.1385,129.36,69.57,-15.11,-0.78,4.17,0.7284,0,0,0,0,0
2715,F03-ALG,F03,94.5,-18.15128,-48.45328,2024/2025,2025-03-13,72,124,frutificacao,0.5034,0.4221,15.32,68.34,0.0,17.12,68.37,43.69,45630.0,0,saudavel,3.35,3,150,0.8267,3,0.5481,-0.1226,129.36,54.46,-10.77,-1.8,5.42,0.6393,0,0,0,0,0
2716,F03-ALG,F03,94.5,-18.15128,-48.45328,2024/2025,2025-03-14,73,125,frutificacao,0.4675,0.3994,18.71,73.79,22.82,18.09,67.85,51.35,26906.4,0,saudavel,3.35,3,150,0.8333,3,0.5288,-0.1346,152.18,43.69,7.66,0.62,5.82,0.6959,0,0,0,0,0
2717,F03-ALG,F03,94.5,-18.15128,-48.45328,2024/2025,2025-03-15,74,126,frutificacao,0.4189,0.3872,19.97,83.98,33.34,19.84,77.99,63.73,13829.8,0,saudavel,3.35,3,150,0.84,3,0.5014,-0.1919,141.27,51.35,12.38,0.13,4.37,0.7589,0,0,0,0,0
2718,F03-ALG,F03,94.5,-18.15128,-48.45328,2024/2025,2025-03-16,75,127,frutificacao,0.4396,0.3858,18.8,77.91,2.38,19.56,71.54,53.73,34270.2,0,saudavel,3.35,3,150,0.8467,3,0.4859,-0.1086,143.65,63.73,-10.0,-0.76,5.57,0.6896,0,0,0,0,0
2719,F03-ALG,F03,94.5,-18.15128,-48.45328,2024/2025,2025-03-17,76,128,maturacao,0.3967,0.3577,21.31,71.07,0.0,20.04,61.5,45.08,42583.4,0,saudavel,3.35,3,150,0.8533,4,0.4643,-0.1514,124.05,53.73,-8.65,1.27,7.72,0.6343,0,0,0,0,0
2720,F03-ALG,F03,94.5,-18.15128,-48.45328,2024/2025,2025-03-18,77,129,maturacao,0.383,0.3169,18.72,81.39,33.26,18.56,69.54,60.19,12906.2,0,saudavel,3.35,3,150,0.86,4,0.4435,-0.1456,91.8,45.08,15.11,0.16,5.65,0.7395,0,0,0,0,0
2721,F03-ALG,F03,94.5,-18.15128,-48.45328,2024/2025,2025-03-19,78,130,maturacao,0.368,0.3231,18.22,74.23,0.0,19.15,70.45,46.64,42003.9,0,saudavel,3.35,3,150,0.8667,4,0.4253,-0.1272,91.8,60.19,-13.55,-0.93,5.66,0.6283,0,0,0,0,0
2722,F03-ALG,F03,94.5,-18.15128,-48.45328,2024/2025,2025-03-20,79,131,maturacao,0.3719,0.285,21.67,67.64,0.0,20.12,70.32,38.11,42767.6,0,saudavel,3.35,3,150,0.8733,4,0.4065,-0.1315,91.8,46.64,-8.53,1.55,5.97,0.5634,0,0,0,0,0
2723,F03-ALG,F03,94.5,-18.15128,-48.45328,2024/2025,2025-03-21,80,132,maturacao,0.3638,0.3129,17.32,69.66,16.18,17.49,77.09,40.51,32218.1,0,saudavel,3.35,3,150,0.88,4,0.3917,-0.1037,85.16,38.11,2.4,-0.17,4.01,0.5815,0,0,0,0,0
2724,F03-ALG,F03,94.5,-18.15128,-48.45328,2024/2025,2025-03-22,81,133,maturacao,0.3249,0.2786,22.71,63.38,0.0,18.67,67.72,32.07,38365.9,0,saudavel,3.35,3,150,0.8867,4,0.3783,-0.094,51.82,40.51,-8.44,4.04,6.03,0.506,0,0,0,0,0
2725,F03-ALG,F03,94.5,-18.15128,-48.45328,2024/2025,2025-03-23,82,134,maturacao,0.3106,0.3004,15.5,57.57,0.0,14.8,79.18,23.08,40044.4,0,saudavel,3.35,3,150,0.8933,4,0.3598,-0.129,49.44,32.07,-8.99,0.7,3.08,0.4009,0,0,0,0,0
2726,F03-ALG,F03,94.5,-18.15128,-48.45328,2024/2025,2025-03-24,83,135,maturacao,0.2616,0.2535,15.23,52.16,0.0,15.66,75.22,17.08,38994.1,0,atencao,3.35,3,150,0.9,4,0.3405,-0.1351,49.44,23.08,-6.0,-0.43,3.88,0.3275,0,0,0,0,0
2727,F03-ALG,F03,94.5,-18.15128,-48.45328,2024/2025,2025-03-25,84,136,maturacao,0.2769,0.2302,22.0,47.2,0.0,18.79,65.29,12.35,33587.8,0,saudavel,3.35,3,150,0.9067,4,0.3254,-0.1061,16.18,17.08,-4.73,3.21,6.52,0.2617,0,0,0,0,0
2728,F03-ALG,F03,94.5,-18.15128,-48.45328,2024/2025,2025-03-26,85,137,maturacao,0.2616,0.206,20.56,43.31,1.39,19.03,69.79,12.13,39007.5,0,saudavel,3.35,3,150,0.9133,4,0.3102,-0.1064,17.57,12.35,-0.22,1.53,5.75,0.2801,0,0,0,0,0
2729,F03-ALG,F03,94.5,-18.15128,-48.45328,2024/2025,2025-03-27,86,138,maturacao,0.277,0.2197,19.19,53.8,29.47,17.48,74.59,26.35,23142.7,0,saudavel,3.35,3,150,0.92,4,0.2966,-0.0949,47.04,12.13,14.22,1.71,4.44,0.4898,0,0,0,0,0
2730,F03-ALG,F03,94.5,-18.15128,-48.45328,2024/2025,2025-03-28,87,139,maturacao,0.2597,0.2148,19.16,54.28,11.19,17.48,72.31,24.25,32106.6,0,saudavel,3.35,3,150,0.9267,4,0.2818,-0.1041,42.05,26.35,-2.1,1.68,4.84,0.4468,0,0,0,0,0
2731,F03-ALG,F03,94.5,-18.15128,-48.45328,2024/2025,2025-03-29,88,140,maturacao,0.2355,0.2262,18.03,49.09,0.0,17.56,73.58,18.77,35057.0,0,saudavel,3.35,3,150,0.9333,4,0.269,-0.0894,42.05,24.25,-5.48,0.47,4.64,0.3824,0,0,0,0,0
2732,F03-ALG,F03,94.5,-18.15128,-48.45328,2024/2025,2025-03-30,89,141,maturacao,0.2492,0.2201,17.94,44.34,0.0,18.4,68.05,12.43,38426.5,0,saudavel,3.35,3,150,0.94,4,0.2602,-0.0614,42.05,18.77,-6.34,-0.46,5.88,0.2803,0,0,0,0,0
2733,F03-ALG,F03,94.5,-18.15128,-48.45328,2024/2025,2025-03-31,90,142,maturacao,0.238,0.2127,18.42,44.55,9.21,14.67,75.81,14.87,34240.5,0,saudavel,3.35,3,150,0.9467,4,0.2568,-0.0236,51.26,12.43,2.44,3.75,3.55,0.3338,0,0,0,0,0
2734,F03-ALG,F03,94.5,-18.15128,-48.45328,2024/2025,2025-04-01,91,143,maturacao,0.1824,0.1713,19.6,42.22,4.32,18.86,68.33,14.79,36433.0,0,atencao,3.35,4,150,0.9533,4,0.2433,-0.0945,55.58,14.87,-0.08,0.74,5.97,0.3503,0,0,0,0,0
2735,F03-ALG,F03,94.5,-18.15128,-48.45328,2024/2025,2025-04-02,92,144,maturacao,0.2498,0.1925,21.57,38.02,0.0,18.23,83.24,10.91,38216.6,0,saudavel,3.35,4,150,0.96,4,0.2417,-0.0118,54.19,14.79,-3.88,3.34,3.06,0.287,0,0,0,0,0
2736,F03-ALG,F03,94.5,-18.15128,-48.45328,2024/2025,2025-04-03,93,145,maturacao,0.2428,0.1922,20.87,34.33,0.37,18.58,63.51,7.45,29793.0,0,saudavel,3.35,4,150,0.9667,4,0.2368,-0.0342,25.09,10.91,-3.46,2.29,6.78,0.217,0,0,0,0,0
2737,F03-ALG,F03,94.5,-18.15128,-48.45328,2024/2025,2025-04-04,94,146,colheita,0.2133,0.1917,20.26,30.7,0.0,18.05,83.72,5.0,35622.5,0,saudavel,3.35,4,150,0.9733,5,0.2301,-0.0464,13.9,7.45,-2.45,2.21,2.94,0.1629,0,0,0,0,0
2738,F03-ALG,F03,94.5,-18.15128,-48.45328,2024/2025,2025-04-05,95,147,colheita,0.2211,0.1723,17.68,34.8,14.85,16.2,66.39,13.67,27578.7,0,saudavel,3.35,4,150,0.98,5,0.2281,-0.0144,28.75,5.0,8.67,1.48,5.44,0.3928,0,0,0,0,0
2739,F03-ALG,F03,94.5,-18.15128,-48.45328,2024/2025,2025-04-06,96,148,colheita,0.2038,0.1427,21.07,31.12,0.0,16.65,77.04,8.32,36841.0,1,saudavel,3.35,4,150,0.9867,5,0.2216,-0.0454,28.75,13.67,-5.35,4.42,3.82,0.2674,0,0,0,0,0
2740,F03-ALG,F03,94.5,-18.15128,-48.45328,2024/2025,2025-04-07,97,149,colheita,0.175,0.1271,22.3,43.19,31.15,20.62,72.25,26.84,18234.8,0,atencao,3.35,4,150,0.9933,5,0.2126,-0.063,50.69,8.32,18.52,1.68,5.72,0.6214,0,0,0,0,0
2741,F03-FEI,F03,239.8,-18.09729,-48.45714,2023/2024,2023-10-07,280,0,germinacao,0.1952,0.1561,34.76,45.0,0.0,33.15,66.81,45.51,42979.3,0,saudavel,0.84,10,85,0.0,0,0.1952,0.0,0.0,45.51,0.0,1.61,11.0,1.0113,1,0,0,1,0
2742,F03-FEI,F03,239.8,-18.09729,-48.45714,2023/2024,2023-10-08,281,1,germinacao,0.1723,0.1732,32.73,39.35,0.0,29.26,58.09,34.66,50797.3,1,saudavel,0.84,10,85,0.0118,0,0.1838,0.0,0.0,45.51,-10.85,3.47,12.26,0.8808,1,0,0,1,0
2743,F03-FEI,F03,239.8,-18.09729,-48.45714,2023/2024,2023-10-09,282,2,germinacao,0.1987,0.1949,31.16,34.01,0.0,30.71,59.32,26.22,42816.6,1,saudavel,0.84,10,85,0.0235,0,0.1887,0.0,0.0,34.66,-8.44,0.45,12.49,0.7709,1,0,0,1,0
2744,F03-FEI,F03,239.8,-18.09729,-48.45714,2023/2024,2023-10-10,283,3,germinacao,0.1739,0.1413,30.75,34.34,9.8,27.58,60.67,26.71,43867.1,0,saudavel,0.84,10,85,0.0353,0,0.185,0.0,9.8,26.22,0.49,3.17,10.85,0.7778,1,0,0,1,0
2745,F03-FEI,F03,239.8,-18.09729,-48.45714,2023/2024,2023-10-11,284,4,germinacao,0.1628,0.1438,30.75,29.69,0.0,27.87,69.74,22.13,51305.8,0,atencao,0.84,10,85,0.0471,0,0.1806,0.0,9.8,26.71,-4.58,2.88,8.43,0.7454,1,0,0,1,0
2746,F03-FEI,F03,239.8,-18.09729,-48.45714,2023/2024,2023-10-12,285,5,germinacao,0.1824,0.1805,31.46,25.29,0.0,29.17,73.52,13.86,44157.0,1,saudavel,0.84,10,85,0.0588,0,0.1809,0.0,9.8,22.13,-8.27,2.29,7.72,0.548,1,0,0,1,0
2747,F03-FEI,F03,239.8,-18.09729,-48.45714,2023/2024,2023-10-13,286,6,germinacao,0.1826,0.1613,33.87,20.91,0.0,31.96,60.66,5.53,49957.1,1,saudavel,0.84,10,85,0.0706,0,0.1811,0.0,9.8,13.86,-8.33,1.91,12.57,0.2645,1,0,0,1,0
2748,F03-FEI,F03,239.8,-18.09729,-48.45714,2023/2024,2023-10-14,287,7,germinacao,0.2086,0.1589,30.04,17.46,0.0,27.43,70.4,5.0,48552.4,1,saudavel,0.84,10,85,0.0824,0,0.183,0.0134,9.8,5.53,-0.53,2.61,8.12,0.2864,1,0,0,1,0
2749,F03-FEI,F03,239.8,-18.09729,-48.45714,2023/2024,2023-10-15,288,8,germinacao,0.1634,0.1403,30.46,14.1,0.0,28.37,54.72,5.0,46278.0,1,atencao,0.84,10,85,0.0941,0,0.1818,-0.0089,9.8,5.0,0.0,2.09,12.85,0.3546,1,0,0,1,0
2750,F03-FEI,F03,239.8,-18.09729,-48.45714,2023/2024,2023-10-16,289,9,vegetativo,0.2174,0.1698,32.21,10.82,0.0,30.62,63.02,5.0,47435.7,1,saudavel,0.84,10,85,0.1059,1,0.1844,0.0187,9.8,5.0,0.0,1.59,11.32,0.4621,1,0,0,1,0
2751,F03-FEI,F03,239.8,-18.09729,-48.45714,2023/2024,2023-10-17,290,10,vegetativo,0.1867,0.1617,33.99,8.0,0.0,31.61,69.35,5.0,48966.1,1,saudavel,0.84,10,85,0.1176,1,0.1863,0.0128,0.0,5.0,0.0,2.38,9.69,0.625,1,0,0,1,0
2752,F03-FEI,F03,239.8,-18.09729,-48.45714,2023/2024,2023-10-18,291,11,vegetativo,0.1544,0.1155,34.15,8.0,0.0,29.82,66.03,5.0,49575.4,1,atencao,0.84,10,85,0.1294,1,0.1851,-0.0084,0.0,5.0,0.0,4.33,10.13,0.625,1,0,0,1,0
2753,F03-FEI,F03,239.8,-18.09729,-48.45714,2023/2024,2023-10-19,292,12,vegetativo,0.1851,0.1648,30.95,8.0,0.0,30.13,72.56,5.0,53297.1,1,atencao,0.84,10,85,0.1412,1,0.1855,0.0027,0.0,5.0,0.0,0.82,8.27,0.625,1,0,0,1,0
2754,F03-FEI,F03,239.8,-18.09729,-48.45714,2023/2024,2023-10-20,293,13,vegetativo,0.2099,0.1426,30.32,8.0,0.0,27.71,58.05,5.0,50846.3,1,saudavel,0.84,10,85,0.1529,1,0.1894,0.0273,0.0,5.0,0.0,2.61,11.62,0.625,1,0,0,1,0
2755,F03-FEI,F03,239.8,-18.09729,-48.45714,2023/2024,2023-10-21,294,14,vegetativo,0.2331,0.1757,28.78,8.0,0.0,27.02,66.14,5.0,47138.2,1,saudavel,0.84,10,85,0.1647,1,0.1929,0.0245,0.0,5.0,0.0,1.76,9.15,0.625,1,0,0,1,0
2756,F03-FEI,F03,239.8,-18.09729,-48.45714,2023/2024,2023-10-22,295,15,vegetativo,0.2315,0.1809,28.92,8.0,2.5,27.22,72.14,5.0,49915.3,1,saudavel,0.84,10,85,0.1765,1,0.2026,0.0681,2.5,5.0,0.0,1.7,7.58,0.625,1,0,0,1,0
2757,F03-FEI,F03,239.8,-18.09729,-48.45714,2023/2024,2023-10-23,296,16,vegetativo,0.2218,0.1854,28.05,8.0,13.99,27.57,72.04,5.0,33151.7,0,atencao,0.84,10,85,0.1882,1,0.2032,0.0044,16.49,5.0,0.0,0.48,7.71,0.625,1,0,0,1,0
2758,F03-FEI,F03,239.8,-18.09729,-48.45714,2023/2024,2023-10-24,297,17,vegetativo,0.2445,0.1776,29.21,8.0,0.0,29.16,71.65,5.0,49214.4,1,saudavel,0.84,10,85,0.2,1,0.2115,0.0578,16.49,5.0,0.0,0.05,8.27,0.625,1,0,0,1,0
2759,F03-FEI,F03,239.8,-18.09729,-48.45714,2023/2024,2023-10-25,298,18,vegetativo,0.2528,0.1972,29.0,8.0,0.0,26.93,71.62,5.0,49805.4,1,atencao,0.84,10,85,0.2118,1,0.2255,0.0984,16.49,5.0,0.0,2.07,7.64,0.625,1,0,0,1,0
2760,F03-FEI,F03,239.8,-18.09729,-48.45714,2023/2024,2023-10-26,299,19,vegetativo,0.301,0.2714,29.1,8.0,0.0,29.07,63.75,5.0,52950.0,1,saudavel,0.84,10,85,0.2235,1,0.2421,0.1159,16.49,5.0,0.0,0.03,10.54,0.625,1,0,0,1,0
2761,F03-FEI,F03,239.8,-18.09729,-48.45714,2023/2024,2023-10-27,300,20,vegetativo,0.316,0.2865,30.33,8.0,0.0,28.16,66.29,5.0,56582.7,1,saudavel,0.84,10,85,0.2353,1,0.2572,0.1061,16.49,5.0,0.0,2.17,9.49,0.625,1,0,0,1,0
2762,F03-FEI,F03,239.8,-18.09729,-48.45714,2023/2024,2023-10-28,301,21,vegetativo,0.3548,0.2509,27.51,8.0,23.56,28.16,82.2,10.83,31972.4,0,saudavel,0.84,10,85,0.2471,1,0.2746,0.1217,40.05,5.0,5.83,-0.65,5.01,1.3538,1,0,0,1,0
2763,F03-FEI,F03,239.8,-18.09729,-48.45714,2023/2024,2023-10-29,302,22,vegetativo,0.3344,0.2725,31.37,8.0,0.0,29.83,63.23,6.16,50765.5,1,atencao,0.84,10,85,0.2588,1,0.2893,0.1029,37.55,10.83,-4.67,1.54,10.97,0.77,1,0,0,1,0
2764,F03-FEI,F03,239.8,-18.09729,-48.45714,2023/2024,2023-10-30,303,23,vegetativo,0.3888,0.3559,26.92,8.0,0.0,26.99,64.32,5.0,50038.8,1,saudavel,0.84,10,85,0.2706,1,0.3132,0.167,23.56,6.16,-1.16,-0.07,9.63,0.625,1,0,0,1,0
2765,F03-FEI,F03,239.8,-18.09729,-48.45714,2023/2024,2023-10-31,304,24,vegetativo,0.4714,0.4084,29.65,8.0,10.96,30.51,72.85,5.14,45345.6,0,saudavel,0.84,10,85,0.2824,1,0.3456,0.2269,34.52,5.0,0.14,-0.86,8.28,0.6425,1,0,0,1,0
2766,F03-FEI,F03,239.8,-18.09729,-48.45714,2023/2024,2023-11-01,305,25,vegetativo,0.4762,0.4129,28.33,15.03,22.13,29.53,64.91,15.52,32674.6,0,saudavel,0.84,11,85,0.2941,1,0.3775,0.2234,56.65,5.14,10.38,-1.2,10.36,1.0326,1,0,0,1,0
2767,F03-FEI,F03,239.8,-18.09729,-48.45714,2023/2024,2023-11-02,306,26,vegetativo,0.4904,0.4281,26.75,12.55,0.0,26.73,81.01,10.25,51452.4,1,saudavel,0.84,11,85,0.3059,1,0.4046,0.1894,56.65,15.52,-5.27,0.02,5.08,0.8167,1,0,0,1,0
2768,F03-FEI,F03,239.8,-18.09729,-48.45714,2023/2024,2023-11-03,307,27,vegetativo,0.5091,0.4136,30.08,31.7,43.57,29.94,83.95,35.34,29468.8,0,saudavel,0.84,11,85,0.3176,1,0.4322,0.1931,100.22,10.25,25.09,0.14,4.81,1.1148,1,0,0,1,0
2769,F03-FEI,F03,239.8,-18.09729,-48.45714,2023/2024,2023-11-04,308,28,vegetativo,0.5824,0.4993,24.85,33.5,10.86,26.4,71.36,33.45,47320.3,1,saudavel,0.84,11,85,0.3294,1,0.4647,0.2276,87.52,35.34,-1.89,-1.55,7.56,0.9985,1,0,0,1,0
2770,F03-FEI,F03,239.8,-18.09729,-48.45714,2023/2024,2023-11-05,309,29,vegetativo,0.6205,0.5368,28.94,29.36,0.0,29.93,72.15,25.6,50875.0,1,saudavel,0.84,11,85,0.3412,1,0.5055,0.2861,87.52,33.45,-7.85,-0.99,8.34,0.8719,1,0,0,1,0
2771,F03-FEI,F03,239.8,-18.09729,-48.45714,2023/2024,2023-11-06,310,30,floracao,0.5941,0.5071,27.08,27.41,3.44,28.41,62.55,20.6,50875.0,0,saudavel,0.84,11,85,0.3529,2,0.5349,0.2053,90.96,25.6,-5.0,-1.33,10.64,0.7516,1,0,0,1,0
2772,F03-FEI,F03,239.8,-18.09729,-48.45714,2023/2024,2023-11-07,311,31,floracao,0.6207,0.5197,22.54,24.29,0.0,25.46,62.55,20.6,53965.4,1,saudavel,0.84,11,85,0.3647,2,0.5562,0.1493,80.0,20.6,0.0,-2.92,9.53,0.8481,1,0,0,1,0
2773,F03-FEI,F03,239.8,-18.09729,-48.45714,2023/2024,2023-11-08,312,32,floracao,0.6692,0.5678,24.17,25.22,7.53,25.81,62.34,13.53,44247.4,0,saudavel,0.84,11,85,0.3765,2,0.5838,0.193,65.4,20.6,-7.07,-1.64,9.72,0.5365,1,0,0,1,0
2774,F03-FEI,F03,239.8,-18.09729,-48.45714,2023/2024,2023-11-09,313,33,floracao,0.6901,0.5638,24.55,28.86,13.34,27.06,66.23,18.19,38745.4,0,saudavel,0.84,11,85,0.3882,2,0.6123,0.1997,78.74,13.53,4.66,-2.51,9.14,0.6303,1,0,0,1,0
2775,F03-FEI,F03,239.8,-18.09729,-48.45714,2023/2024,2023-11-10,314,34,floracao,0.7087,0.6147,23.9,35.57,20.44,28.89,72.58,26.79,33129.3,1,saudavel,0.84,11,85,0.4,2,0.6408,0.1996,55.61,18.19,8.6,-4.99,7.92,0.7532,1,0,0,1,0
2776,F03-FEI,F03,239.8,-18.09729,-48.45714,2023/2024,2023-11-11,315,35,floracao,0.7498,0.6086,24.11,44.37,25.19,27.25,75.85,36.82,35174.5,0,saudavel,0.84,11,85,0.4118,2,0.6647,0.1674,69.94,26.79,10.03,-3.14,6.58,0.8298,1,0,0,1,0
2777,F03-FEI,F03,239.8,-18.09729,-48.45714,2023/2024,2023-11-12,316,36,floracao,0.7051,0.583,23.09,39.82,0.0,27.13,65.91,27.65,57393.7,1,saudavel,0.84,11,85,0.4235,2,0.6768,0.0846,69.94,36.82,-9.17,-4.04,9.25,0.6944,1,0,0,1,0
2778,F03-FEI,F03,239.8,-18.09729,-48.45714,2023/2024,2023-11-13,317,37,floracao,0.7349,0.6383,23.55,35.65,0.0,27.4,70.59,21.18,63037.4,1,saudavel,0.84,11,85,0.4353,2,0.6969,0.1408,66.5,27.65,-6.47,-3.85,8.06,0.5941,1,0,0,1,0
2779,F03-FEI,F03,239.8,-18.09729,-48.45714,2023/2024,2023-11-14,318,38,floracao,0.7563,0.6487,21.2,32.22,0.0,24.26,67.02,16.14,53956.6,1,saudavel,0.84,11,85,0.4471,2,0.7163,0.1356,66.5,21.18,-5.04,-3.06,8.0,0.5009,1,0,0,1,0
2780,F03-FEI,F03,239.8,-18.09729,-48.45714,2023/2024,2023-11-15,319,39,floracao,0.751,0.6286,25.56,28.56,0.0,28.4,71.39,10.26,60084.5,1,saudavel,0.84,11,85,0.4588,2,0.728,0.0818,58.97,16.14,-5.88,-2.84,8.13,0.3592,1,0,0,1,0
2781,F03-FEI,F03,239.8,-18.09729,-48.45714,2023/2024,2023-11-16,320,40,floracao,0.7172,0.5754,25.79,25.07,0.0,29.08,68.7,6.96,57783.1,1,saudavel,0.84,11,85,0.4706,2,0.7319,0.0271,45.63,10.26,-3.3,-3.29,9.1,0.2776,1,0,0,1,0
2782,F03-FEI,F03,239.8,-18.09729,-48.45714,2023/2024,2023-11-17,321,41,floracao,0.7101,0.6027,26.31,21.94,0.0,28.17,70.2,6.98,54835.5,1,saudavel,0.84,11,85,0.4824,2,0.7321,0.0014,25.19,6.96,0.02,-1.86,8.39,0.3181,1,0,0,1,0
2783,F03-FEI,F03,239.8,-18.09729,-48.45714,2023/2024,2023-11-18,322,42,floracao,0.7041,0.5859,23.81,19.29,0.0,26.26,77.91,5.0,56261.7,1,saudavel,0.84,11,85,0.4941,2,0.7255,-0.0457,0.0,6.98,-1.98,-2.45,5.8,0.2592,1,0,0,1,0
2784,F03-FEI,F03,239.8,-18.09729,-48.45714,2023/2024,2023-11-19,323,43,floracao,0.7375,0.6364,22.42,17.0,0.0,25.48,76.65,5.0,55210.2,1,saudavel,0.84,11,85,0.5059,2,0.7302,0.0324,0.0,5.0,0.0,-3.06,5.95,0.2941,1,0,0,1,0
2785,F03-FEI,F03,239.8,-18.09729,-48.45714,2023/2024,2023-11-20,324,44,floracao,0.6731,0.5618,23.08,14.84,0.0,25.09,78.41,5.0,57856.4,1,atencao,0.84,11,85,0.5176,2,0.7213,-0.0618,0.0,5.0,0.0,-2.01,5.42,0.3369,1,0,0,1,0
2786,F03-FEI,F03,239.8,-18.09729,-48.45714,2023/2024,2023-11-21,325,45,floracao,0.6747,0.5384,24.05,12.87,0.0,24.92,75.18,5.0,60221.5,1,atencao,0.84,11,85,0.5294,2,0.7097,-0.0816,0.0,5.0,0.0,-0.87,6.19,0.3885,1,0,0,1,0
2787,F03-FEI,F03,239.8,-18.09729,-48.45714,2023/2024,2023-11-22,326,46,floracao,0.6844,0.5541,25.61,10.48,0.0,29.92,76.52,5.0,56331.4,1,atencao,0.84,11,85,0.5412,2,0.7002,-0.0666,0.0,5.0,0.0,-4.31,7.03,0.4771,1,0,0,1,0
2788,F03-FEI,F03,239.8,-18.09729,-48.45714,2023/2024,2023-11-23,327,47,frutificacao,0.6342,0.5305,25.91,8.63,0.0,26.31,75.04,5.0,60152.6,1,atencao,0.84,11,85,0.5529,3,0.6883,-0.083,0.0,5.0,0.0,-0.4,6.57,0.5794,1,0,0,1,0
2789,F03-FEI,F03,239.8,-18.09729,-48.45714,2023/2024,2023-11-24,328,48,frutificacao,0.6475,0.5525,25.25,9.14,4.69,27.69,72.05,5.0,57069.3,0,atencao,0.84,11,85,0.5647,3,0.6794,-0.0626,4.69,5.0,0.0,-2.44,7.74,0.547,1,0,0,1,0
2790,F03-FEI,F03,239.8,-18.09729,-48.45714,2023/2024,2023-11-25,329,49,frutificacao,0.5899,0.4781,25.43,8.0,0.0,27.52,77.57,5.0,62413.3,1,atencao,0.84,11,85,0.5765,3,0.663,-0.1142,4.69,5.0,0.0,-2.09,6.17,0.625,1,0,0,1,0
2791,F03-FEI,F03,239.8,-18.09729,-48.45714,2023/2024,2023-11-26,330,50,frutificacao,0.6165,0.5088,24.41,8.0,0.0,26.36,73.4,5.0,54566.3,1,atencao,0.84,11,85,0.5882,3,0.6458,-0.121,4.69,5.0,0.0,-1.95,7.01,0.625,1,0,0,1,0
2792,F03-FEI,F03,239.8,-18.09729,-48.45714,2023/2024,2023-11-27,331,51,frutificacao,0.5975,0.5237,22.39,18.2,27.87,24.65,75.0,18.1,31036.1,0,atencao,0.84,11,85,0.6,3,0.635,-0.0756,32.56,5.0,13.1,-2.26,6.16,0.9945,1,0,0,1,0
2793,F03-FEI,F03,239.8,-18.09729,-48.45714,2023/2024,2023-11-28,332,52,frutificacao,0.5826,0.5174,24.45,15.61,0.0,26.73,80.84,11.98,60503.7,1,atencao,0.84,11,85,0.6118,3,0.6218,-0.0921,32.56,18.1,-6.12,-2.28,5.12,0.7675,1,0,0,1,0
2794,F03-FEI,F03,239.8,-18.09729,-48.45714,2023/2024,2023-11-29,333,53,frutificacao,0.5437,0.4677,24.18,13.47,0.0,24.23,81.97,5.0,55251.8,1,critico,0.84,11,85,0.6235,3,0.6017,-0.1407,32.56,11.98,-6.98,-0.05,4.37,0.3712,1,0,0,1,0
2795,F03-FEI,F03,239.8,-18.09729,-48.45714,2023/2024,2023-11-30,334,54,frutificacao,0.5462,0.4586,25.9,11.21,0.0,26.66,74.25,5.0,54714.0,1,atencao,0.84,11,85,0.6353,3,0.5891,-0.088,32.56,5.0,0.0,-0.76,6.86,0.446,1,0,0,1,0
2796,F03-FEI,F03,239.8,-18.09729,-48.45714,2023/2024,2023-12-01,335,55,frutificacao,0.5201,0.4297,21.5,9.4,0.0,24.1,81.73,5.0,58688.4,1,critico,0.84,12,85,0.6471,3,0.5709,-0.1274,27.87,5.0,0.0,-2.6,4.4,0.5319,1,0,0,0,1
2797,F03-FEI,F03,239.8,-18.09729,-48.45714,2023/2024,2023-12-02,336,56,frutificacao,0.5248,0.4569,24.85,8.0,0.0,24.9,70.58,5.0,57647.8,1,atencao,0.84,12,85,0.6588,3,0.5616,-0.0651,27.87,5.0,0.0,-0.05,7.33,0.625,1,0,0,0,1
2798,F03-FEI,F03,239.8,-18.09729,-48.45714,2023/2024,2023-12-03,337,57,frutificacao,0.4881,0.4085,24.94,8.0,0.0,24.8,75.67,5.0,58482.9,1,critico,0.84,12,85,0.6706,3,0.5433,-0.1284,27.87,5.0,0.0,0.14,6.03,0.625,1,0,0,0,1
2799,F03-FEI,F03,239.8,-18.09729,-48.45714,2023/2024,2023-12-04,338,58,frutificacao,0.4214,0.3766,26.18,8.0,0.0,27.46,71.85,5.0,57693.1,1,critico,0.84,12,85,0.6824,3,0.5181,-0.1761,0.0,5.0,0.0,-1.28,7.73,0.625,1,0,0,0,1
2800,F03-FEI,F03,239.8,-18.09729,-48.45714,2023/2024,2023-12-05,339,59,frutificacao,0.4076,0.3659,22.12,8.0,0.0,21.6,79.2,5.0,65688.2,1,critico,0.84,12,85,0.6941,3,0.4931,-0.175,0.0,5.0,0.0,0.52,4.49,0.625,1,0,0,0,1
2801,F03-FEI,F03,239.8,-18.09729,-48.45714,2023/2024,2023-12-06,340,60,frutificacao,0.3847,0.3352,29.81,8.0,0.0,28.65,78.73,5.0,57918.9,1,critico,0.84,12,85,0.7059,3,0.4704,-0.159,0.0,5.0,0.0,1.16,6.09,0.625,1,0,0,0,1
2802,F03-FEI,F03,239.8,-18.09729,-48.45714,2023/2024,2023-12-07,341,61,frutificacao,0.3727,0.3068,22.89,8.0,0.0,23.84,80.79,5.0,61150.0,0,critico,0.84,12,85,0.7176,3,0.4456,-0.1735,0.0,5.0,0.0,-0.95,4.58,0.625,1,0,0,0,1
2803,F03-FEI,F03,239.8,-18.09729,-48.45714,2023/2024,2023-12-08,342,62,frutificacao,0.3581,0.296,25.83,8.0,0.0,24.77,79.63,5.0,61032.1,1,critico,0.84,12,85,0.7294,3,0.4225,-0.162,0.0,5.0,0.0,1.06,5.05,0.625,1,0,0,0,1
2804,F03-FEI,F03,239.8,-18.09729,-48.45714,2023/2024,2023-12-09,343,63,frutificacao,0.348,0.263,25.66,8.0,0.0,25.47,77.86,5.0,54487.1,1,critico,0.84,12,85,0.7412,3,0.3972,-0.1768,0.0,5.0,0.0,0.19,5.64,0.625,1,0,0,0,1
2805,F03-FEI,F03,239.8,-18.09729,-48.45714,2023/2024,2023-12-10,344,64,frutificacao,0.3959,0.3355,26.22,8.0,0.0,25.24,76.58,5.0,64023.0,0,atencao,0.84,12,85,0.7529,3,0.3841,-0.0922,0.0,5.0,0.0,0.98,5.91,0.625,1,0,0,0,1
2806,F03-FEI,F03,239.8,-18.09729,-48.45714,2023/2024,2023-12-11,345,65,frutificacao,0.316,0.2669,26.13,8.0,0.0,25.91,83.05,5.0,61567.0,1,critico,0.84,12,85,0.7647,3,0.369,-0.1054,0.0,5.0,0.0,0.22,4.39,0.625,1,0,0,0,1
2807,F03-FEI,F03,239.8,-18.09729,-48.45714,2023/2024,2023-12-12,346,66,frutificacao,0.34,0.2614,27.44,8.0,0.0,25.46,69.64,5.0,60219.3,1,atencao,0.84,12,85,0.7765,3,0.3593,-0.0676,0.0,5.0,0.0,1.98,7.73,0.625,1,0,0,0,1
2808,F03-FEI,F03,239.8,-18.09729,-48.45714,2023/2024,2023-12-13,347,67,frutificacao,0.2949,0.298,28.6,8.0,14.69,27.49,72.87,5.0,48327.9,0,atencao,0.84,12,85,0.7882,3,0.3465,-0.0898,14.69,5.0,0.0,1.11,7.46,0.625,1,0,0,0,1
2809,F03-FEI,F03,239.8,-18.09729,-48.45714,2023/2024,2023-12-14,348,68,frutificacao,0.2404,0.2154,26.65,8.0,0.0,25.43,79.55,5.0,59704.4,1,critico,0.84,12,85,0.8,3,0.3276,-0.1323,14.69,5.0,0.0,1.22,5.2,0.625,1,0,0,0,1
2810,F03-FEI,F03,239.8,-18.09729,-48.45714,2023/2024,2023-12-15,349,69,frutificacao,0.2747,0.2167,24.86,8.0,0.0,24.06,86.01,5.0,62533.9,1,atencao,0.84,12,85,0.8118,3,0.3157,-0.0834,14.69,5.0,0.0,0.8,3.37,0.625,1,0,0,0,1
2811,F03-FEI,F03,239.8,-18.09729,-48.45714,2023/2024,2023-12-16,350,70,frutificacao,0.2813,0.2802,25.64,8.0,0.0,23.3,77.14,5.0,54293.6,1,saudavel,0.84,12,85,0.8235,3,0.3062,-0.0667,14.69,5.0,0.0,2.34,5.33,0.625,1,0,0,0,1
2812,F03-FEI,F03,239.8,-18.09729,-48.45714,2023/2024,2023-12-17,351,71,frutificacao,0.261,0.212,24.08,8.0,0.0,23.16,77.69,5.0,62402.8,1,saudavel,0.84,12,85,0.8353,3,0.2869,-0.1349,14.69,5.0,0.0,0.92,5.17,0.625,1,0,0,0,1
2813,F03-FEI,F03,239.8,-18.09729,-48.45714,2023/2024,2023-12-18,352,72,frutificacao,0.2445,0.2244,28.72,8.0,0.0,25.86,70.96,5.0,60522.9,1,saudavel,0.84,12,85,0.8471,3,0.2767,-0.0715,14.69,5.0,0.0,2.86,7.51,0.625,1,0,0,0,1
2814,F03-FEI,F03,239.8,-18.09729,-48.45714,2023/2024,2023-12-19,353,73,maturacao,0.2324,0.1993,28.57,8.0,0.0,26.45,74.39,5.0,60585.4,0,saudavel,0.84,12,85,0.8588,4,0.2613,-0.1076,14.69,5.0,0.0,2.12,6.77,0.625,1,0,0,0,1
2815,F03-FEI,F03,239.8,-18.09729,-48.45714,2023/2024,2023-12-20,354,74,maturacao,0.216,0.1744,25.89,8.0,0.0,25.22,81.41,5.0,57470.0,0,atencao,0.84,12,85,0.8706,4,0.25,-0.0789,0.0,5.0,0.0,0.67,4.69,0.625,1,0,0,0,1
2816,F03-FEI,F03,239.8,-18.09729,-48.45714,2023/2024,2023-12-21,355,75,maturacao,0.2392,0.1966,20.74,8.0,12.78,18.87,89.6,5.0,46563.9,0,saudavel,0.84,12,85,0.8824,4,0.2499,-0.0012,12.78,5.0,0.0,1.87,1.96,0.625,1,0,0,0,1
2817,F03-FEI,F03,239.8,-18.09729,-48.45714,2023/2024,2023-12-22,356,76,maturacao,0.2093,0.2066,22.3,8.0,0.0,20.14,79.5,5.0,59252.5,0,saudavel,0.84,12,85,0.8941,4,0.2405,-0.0654,12.78,5.0,0.0,2.16,4.13,0.625,1,0,0,0,1
2818,F03-FEI,F03,239.8,-18.09729,-48.45714,2023/2024,2023-12-23,357,77,maturacao,0.198,0.1859,24.2,9.84,26.36,23.4,75.04,12.54,30215.1,0,saudavel,0.84,12,85,0.9059,4,0.2286,-0.0833,39.14,5.0,7.54,0.8,5.84,1.2744,1,0,0,0,1
2819,F03-FEI,F03,239.8,-18.09729,-48.45714,2023/2024,2023-12-24,358,78,maturacao,0.2132,0.1788,25.14,17.22,18.82,23.05,79.61,20.38,42231.2,0,saudavel,0.84,12,85,0.9176,4,0.2218,-0.0478,57.96,12.54,7.84,2.09,4.7,1.1835,1,0,0,0,1
2820,F03-FEI,F03,239.8,-18.09729,-48.45714,2023/2024,2023-12-25,359,79,maturacao,0.1942,0.1241,26.03,14.54,0.0,23.23,71.1,13.64,64669.8,0,saudavel,0.84,12,85,0.9294,4,0.2146,-0.0503,57.96,20.38,-6.74,2.8,6.71,0.9381,1,0,0,0,1
2821,F03-FEI,F03,239.8,-18.09729,-48.45714,2023/2024,2023-12-26,360,80,maturacao,0.222,0.1948,28.11,11.92,0.0,24.98,84.32,10.33,55658.4,0,saudavel,0.84,12,85,0.9412,4,0.2131,-0.0104,57.96,13.64,-3.31,3.13,3.92,0.8666,1,0,0,0,1
2822,F03-FEI,F03,239.8,-18.09729,-48.45714,2023/2024,2023-12-27,361,81,maturacao,0.2025,0.1472,28.06,15.44,11.9,24.8,72.1,12.93,49479.0,0,saudavel,0.84,12,85,0.9529,4,0.2112,-0.0135,69.86,10.33,2.6,3.26,6.92,0.8374,1,0,0,0,1
2823,F03-FEI,F03,239.8,-18.09729,-48.45714,2023/2024,2023-12-28,362,82,maturacao,0.1751,0.1596,27.97,12.89,0.0,23.16,80.82,11.98,58586.4,0,atencao,0.84,12,85,0.9647,4,0.202,-0.0641,57.08,12.93,-0.95,4.81,4.44,0.9294,1,0,0,0,1
2824,F03-FEI,F03,239.8,-18.09729,-48.45714,2023/2024,2023-12-29,363,83,colheita,0.1657,0.1265,23.02,19.57,17.45,20.51,82.34,19.09,40805.6,0,atencao,0.84,12,85,0.9765,5,0.1958,-0.0436,74.53,11.98,7.11,2.51,3.62,0.9755,1,0,0,0,1
2825,F03-FEI,F03,239.8,-18.09729,-48.45714,2023/2024,2023-12-30,364,84,colheita,0.1754,0.1369,23.82,16.96,0.0,20.85,83.77,15.5,59972.8,0,saudavel,0.84,12,85,0.9882,5,0.1926,-0.0226,48.17,19.09,-3.59,2.97,3.38,0.9139,1,0,0,0,1
2826,F03-FEI,F03,239.8,-18.09729,-48.45714,2024/2025,2024-10-03,277,0,germinacao,0.2039,0.1229,32.92,45.0,0.0,30.94,65.94,47.59,42602.8,0,saudavel,0.92,10,85,0.0,0,0.2039,0.0,0.0,47.59,0.0,1.98,10.54,1.0576,1,0,0,1,0
2827,F03-FEI,F03,239.8,-18.09729,-48.45714,2024/2025,2024-10-04,278,1,germinacao,0.1903,0.1256,29.9,39.43,0.0,30.94,69.55,36.72,43419.7,1,saudavel,0.92,10,85,0.0118,0,0.1971,0.0,0.0,47.59,-10.87,-1.04,9.42,0.9313,1,0,0,1,0
2828,F03-FEI,F03,239.8,-18.09729,-48.45714,2024/2025,2024-10-05,279,2,germinacao,0.2087,0.1668,30.87,34.23,0.0,29.72,61.39,28.41,44595.2,1,saudavel,0.92,10,85,0.0235,0,0.201,0.0,0.0,36.72,-8.31,1.15,11.47,0.83,1,0,0,1,0
2829,F03-FEI,F03,239.8,-18.09729,-48.45714,2024/2025,2024-10-06,280,3,germinacao,0.2036,0.1754,32.15,29.31,0.0,30.66,66.22,20.16,38738.1,1,saudavel,0.92,10,85,0.0353,0,0.2016,0.0,0.0,28.41,-8.25,1.49,10.36,0.6878,1,0,0,1,0
2830,F03-FEI,F03,239.8,-18.09729,-48.45714,2024/2025,2024-10-07,281,4,germinacao,0.172,0.174,31.03,38.58,27.08,28.22,60.12,30.32,24837.2,0,saudavel,0.92,10,85,0.0471,0,0.1957,0.0,27.08,20.16,10.16,2.81,11.25,0.7859,1,0,0,1,0
2831,F03-FEI,F03,239.8,-18.09729,-48.45714,2024/2025,2024-10-08,282,5,germinacao,0.1866,0.1754,31.39,33.32,0.0,30.49,66.25,19.78,47241.6,1,saudavel,0.92,10,85,0.0588,0,0.1942,0.0,27.08,30.32,-10.54,0.9,10.29,0.5936,1,0,0,1,0
2832,F03-FEI,F03,239.8,-18.09729,-48.45714,2024/2025,2024-10-09,283,6,germinacao,0.1589,0.0838,32.29,28.44,0.0,30.38,61.06,13.83,51151.0,1,atencao,0.92,10,85,0.0706,0,0.1891,0.0,27.08,19.78,-5.95,1.91,11.83,0.4863,1,0,0,1,0
2833,F03-FEI,F03,239.8,-18.09729,-48.45714,2024/2025,2024-10-10,284,7,germinacao,0.1796,0.2087,29.82,44.77,41.29,29.29,91.64,36.88,26358.7,0,saudavel,0.92,10,85,0.0824,0,0.1857,-0.0243,68.37,13.83,23.05,0.53,2.45,0.8238,1,0,0,1,0
2834,F03-FEI,F03,239.8,-18.09729,-48.45714,2024/2025,2024-10-11,285,8,germinacao,0.1931,0.1559,35.48,46.82,15.91,31.82,68.3,36.79,39964.6,0,saudavel,0.92,10,85,0.0941,0,0.1861,0.0028,84.28,36.88,-0.09,3.66,10.09,0.7858,1,0,0,1,0
2835,F03-FEI,F03,239.8,-18.09729,-48.45714,2024/2025,2024-10-12,286,9,vegetativo,0.2016,0.1959,32.47,40.95,0.0,30.18,73.1,29.19,51889.9,1,saudavel,0.92,10,85,0.1059,1,0.1851,-0.0071,84.28,36.79,-7.6,2.29,8.12,0.7128,1,0,0,1,0
2836,F03-FEI,F03,239.8,-18.09729,-48.45714,2024/2025,2024-10-13,287,10,vegetativo,0.215,0.1936,29.23,35.98,0.0,26.85,67.38,21.15,51366.3,1,saudavel,0.92,10,85,0.1176,1,0.1867,0.0114,84.28,29.19,-8.04,2.38,8.76,0.5878,1,0,0,1,0
2837,F03-FEI,F03,239.8,-18.09729,-48.45714,2024/2025,2024-10-14,288,11,vegetativo,0.2354,0.2002,31.59,30.95,0.0,30.8,68.44,14.68,47592.5,1,saudavel,0.92,10,85,0.1294,1,0.1957,0.0634,57.2,21.15,-6.47,0.79,9.72,0.4743,1,0,0,1,0
2838,F03-FEI,F03,239.8,-18.09729,-48.45714,2024/2025,2024-10-15,289,12,vegetativo,0.2006,0.1657,31.64,29.64,6.12,28.28,72.67,13.23,43998.7,0,saudavel,0.92,10,85,0.1412,1,0.1977,0.014,63.32,14.68,-1.45,3.36,7.73,0.4464,1,0,0,1,0
2839,F03-FEI,F03,239.8,-18.09729,-48.45714,2024/2025,2024-10-16,290,13,vegetativo,0.2389,0.1809,33.77,25.18,0.0,30.41,61.69,9.98,43159.2,1,saudavel,0.92,10,85,0.1529,1,0.2092,0.08,63.32,13.23,-3.25,3.36,11.65,0.3963,1,0,0,1,0
2840,F03-FEI,F03,239.8,-18.09729,-48.45714,2024/2025,2024-10-17,291,14,vegetativo,0.2296,0.1694,31.61,24.66,7.0,29.61,64.36,10.86,43227.2,0,saudavel,0.92,10,85,0.1647,1,0.2163,0.05,29.03,9.98,0.88,2.0,10.55,0.4404,1,0,0,1,0
2841,F03-FEI,F03,239.8,-18.09729,-48.45714,2024/2025,2024-10-18,292,15,vegetativo,0.208,0.1735,26.8,21.18,0.0,25.15,75.44,6.86,50513.0,1,atencao,0.92,10,85,0.1765,1,0.2184,0.0149,13.12,10.86,-4.0,1.65,6.18,0.3239,1,0,0,1,0
2842,F03-FEI,F03,239.8,-18.09729,-48.45714,2024/2025,2024-10-19,293,16,vegetativo,0.243,0.1788,32.33,17.45,0.0,29.96,66.78,5.0,48282.6,1,saudavel,0.92,10,85,0.1882,1,0.2244,0.0414,13.12,6.86,-1.86,2.37,9.95,0.2865,1,0,0,1,0
2843,F03-FEI,F03,239.8,-18.09729,-48.45714,2024/2025,2024-10-20,294,17,vegetativo,0.2624,0.256,31.04,14.21,0.0,28.67,65.09,5.0,44822.9,1,saudavel,0.92,10,85,0.2,1,0.2311,0.0474,13.12,5.0,0.0,2.37,10.01,0.3519,1,0,0,1,0
2844,F03-FEI,F03,239.8,-18.09729,-48.45714,2024/2025,2024-10-21,295,18,vegetativo,0.2599,0.2229,30.79,11.27,0.0,28.25,66.1,5.0,54508.2,1,saudavel,0.92,10,85,0.2118,1,0.2346,0.0245,13.12,5.0,0.0,2.54,9.58,0.4437,1,0,0,1,0
2845,F03-FEI,F03,239.8,-18.09729,-48.45714,2024/2025,2024-10-22,296,19,vegetativo,0.275,0.2756,30.44,8.59,0.0,28.25,63.32,5.0,51286.8,1,saudavel,0.92,10,85,0.2235,1,0.2453,0.0744,7.0,5.0,0.0,2.19,10.36,0.5821,1,0,0,1,0
2846,F03-FEI,F03,239.8,-18.09729,-48.45714,2024/2025,2024-10-23,297,20,vegetativo,0.2963,0.2431,32.3,9.5,7.09,30.01,58.76,5.0,49581.9,0,saudavel,0.92,10,85,0.2353,1,0.2535,0.0574,14.09,5.0,0.0,2.29,12.38,0.5263,1,0,0,1,0
2847,F03-FEI,F03,239.8,-18.09729,-48.45714,2024/2025,2024-10-24,298,21,vegetativo,0.3316,0.2701,27.7,8.0,0.0,27.38,61.83,5.0,52902.9,1,saudavel,0.92,10,85,0.2471,1,0.268,0.102,7.09,5.0,0.0,0.32,10.45,0.625,1,0,0,1,0
2848,F03-FEI,F03,239.8,-18.09729,-48.45714,2024/2025,2024-10-25,299,22,vegetativo,0.3525,0.3115,32.11,8.0,0.0,30.37,68.92,5.0,55080.4,1,saudavel,0.92,10,85,0.2588,1,0.2887,0.1445,7.09,5.0,0.0,1.74,9.44,0.625,1,0,0,1,0
2849,F03-FEI,F03,239.8,-18.09729,-48.45714,2024/2025,2024-10-26,300,23,vegetativo,0.4241,0.3553,26.08,8.0,7.87,26.35,74.63,5.0,48038.1,0,saudavel,0.92,10,85,0.2706,1,0.3145,0.1811,14.96,5.0,0.0,-0.27,6.68,0.625,1,0,0,1,0
2850,F03-FEI,F03,239.8,-18.09729,-48.45714,2024/2025,2024-10-27,301,24,vegetativo,0.3818,0.344,27.06,8.0,0.0,29.01,82.44,5.0,49523.5,1,atencao,0.92,10,85,0.2824,1,0.3316,0.1194,14.96,5.0,0.0,-1.95,5.09,0.625,1,0,0,1,0
2851,F03-FEI,F03,239.8,-18.09729,-48.45714,2024/2025,2024-10-28,302,25,vegetativo,0.4656,0.4245,29.0,25.71,46.22,29.66,69.42,20.91,24397.9,0,saudavel,0.92,10,85,0.2941,1,0.361,0.2057,61.18,5.0,15.91,-0.66,9.07,0.8133,1,0,0,1,0
2852,F03-FEI,F03,239.8,-18.09729,-48.45714,2024/2025,2024-10-29,303,26,vegetativo,0.5069,0.4528,28.44,29.76,15.37,29.55,63.46,25.39,37491.9,0,saudavel,0.92,10,85,0.3059,1,0.3941,0.2319,76.55,20.91,4.48,-1.11,10.8,0.8532,1,0,0,1,0
2853,F03-FEI,F03,239.8,-18.09729,-48.45714,2024/2025,2024-10-30,304,27,vegetativo,0.5096,0.4605,28.29,25.9,0.0,28.64,70.44,20.13,49514.7,1,saudavel,0.92,10,85,0.3176,1,0.4246,0.2133,69.46,25.39,-5.26,-0.35,8.47,0.7772,1,0,0,1,0
2854,F03-FEI,F03,239.8,-18.09729,-48.45714,2024/2025,2024-10-31,305,28,vegetativo,0.5556,0.4886,27.82,32.28,19.55,27.98,74.65,27.53,40816.8,0,saudavel,0.92,10,85,0.3294,1,0.4566,0.224,89.01,20.13,7.4,-0.16,7.09,0.8529,1,0,0,1,0
2855,F03-FEI,F03,239.8,-18.09729,-48.45714,2024/2025,2024-11-01,306,29,vegetativo,0.583,0.4846,26.34,28.49,0.0,27.39,76.8,22.72,53088.8,1,saudavel,0.92,11,85,0.3412,1,0.4895,0.2305,89.01,27.53,-4.81,-1.05,6.35,0.7975,1,0,0,1,0
2856,F03-FEI,F03,239.8,-18.09729,-48.45714,2024/2025,2024-11-02,307,30,floracao,0.6155,0.546,26.78,37.93,25.52,26.31,77.13,33.05,31972.0,0,saudavel,0.92,11,85,0.3529,2,0.5169,0.1914,106.66,22.72,10.33,0.47,6.02,0.8713,1,0,0,1,0
2857,F03-FEI,F03,239.8,-18.09729,-48.45714,2024/2025,2024-11-03,308,31,floracao,0.655,0.5707,24.62,33.84,0.0,27.04,75.05,25.66,49500.6,1,saudavel,0.92,11,85,0.3647,2,0.5559,0.2732,106.66,33.05,-7.39,-2.42,6.75,0.7583,1,0,0,1,0
2858,F03-FEI,F03,239.8,-18.09729,-48.45714,2024/2025,2024-11-04,309,32,floracao,0.6751,0.5614,22.48,30.16,0.0,26.55,73.11,20.14,56208.8,0,saudavel,0.92,11,85,0.3765,2,0.5858,0.2095,60.44,25.66,-5.52,-4.07,7.14,0.6678,1,0,0,1,0
2859,F03-FEI,F03,239.8,-18.09729,-48.45714,2024/2025,2024-11-05,310,33,floracao,0.6706,0.5602,24.47,26.8,0.0,26.22,76.67,16.28,52779.8,1,saudavel,0.92,11,85,0.3882,2,0.6092,0.1637,45.07,20.14,-3.86,-1.75,6.12,0.6075,1,0,0,1,0
2860,F03-FEI,F03,239.8,-18.09729,-48.45714,2024/2025,2024-11-06,311,34,floracao,0.6689,0.5667,27.97,27.75,9.11,30.54,64.62,17.99,49803.9,0,saudavel,0.92,11,85,0.4,2,0.632,0.1593,54.18,16.28,1.71,-2.57,10.81,0.6483,1,0,0,1,0
2861,F03-FEI,F03,239.8,-18.09729,-48.45714,2024/2025,2024-11-07,312,35,floracao,0.7162,0.631,21.64,24.79,0.0,25.17,63.88,14.5,52448.6,1,saudavel,0.92,11,85,0.4118,2,0.6549,0.1606,34.63,17.99,-3.49,-3.53,9.09,0.5849,1,0,0,1,0
2862,F03-FEI,F03,239.8,-18.09729,-48.45714,2024/2025,2024-11-08,313,36,floracao,0.7114,0.607,26.66,21.55,0.0,29.36,82.02,10.66,58742.0,1,saudavel,0.92,11,85,0.4235,2,0.6732,0.1284,34.63,14.5,-3.84,-2.7,5.28,0.4947,1,0,0,1,0
2863,F03-FEI,F03,239.8,-18.09729,-48.45714,2024/2025,2024-11-09,314,37,floracao,0.7235,0.6149,22.44,31.27,24.51,25.73,73.64,23.34,35346.3,0,saudavel,0.92,11,85,0.4353,2,0.6887,0.108,33.62,10.66,12.68,-3.29,6.78,0.7464,1,0,0,1,0
2864,F03-FEI,F03,239.8,-18.09729,-48.45714,2024/2025,2024-11-10,315,38,floracao,0.7463,0.6312,22.57,44.09,32.24,25.97,76.55,40.41,26210.6,0,saudavel,0.92,11,85,0.4471,2,0.7017,0.0913,65.86,23.34,17.07,-3.4,6.09,0.9165,1,0,0,1,0
2865,F03-FEI,F03,239.8,-18.09729,-48.45714,2024/2025,2024-11-11,316,39,floracao,0.7394,0.6215,24.73,50.24,20.93,25.86,60.08,43.2,40354.7,0,saudavel,0.92,11,85,0.4588,2,0.7109,0.0643,86.79,40.41,2.79,-1.13,10.32,0.8599,1,0,0,1,0
2866,F03-FEI,F03,239.8,-18.09729,-48.45714,2024/2025,2024-11-12,317,40,floracao,0.7592,0.622,22.96,45.48,0.0,25.67,82.07,33.51,59111.4,1,saudavel,0.92,11,85,0.4706,2,0.7236,0.0886,86.79,43.2,-9.69,-2.71,4.6,0.7368,1,0,0,1,0
2867,F03-FEI,F03,239.8,-18.09729,-48.45714,2024/2025,2024-11-13,318,41,floracao,0.8071,0.7019,25.11,48.96,16.29,28.63,78.48,39.12,42177.9,0,saudavel,0.92,11,85,0.4824,2,0.7433,0.1382,93.97,33.51,5.61,-3.52,6.16,0.799,1,0,0,1,0
2868,F03-FEI,F03,239.8,-18.09729,-48.45714,2024/2025,2024-11-14,319,42,floracao,0.7732,0.6369,26.68,51.15,14.23,28.05,65.36,39.12,39812.8,0,saudavel,0.92,11,85,0.4941,2,0.7514,0.057,108.2,39.12,0.0,-1.37,9.72,0.7648,1,0,0,1,0
2869,F03-FEI,F03,239.8,-18.09729,-48.45714,2024/2025,2024-11-15,320,43,floracao,0.7882,0.6713,23.34,46.23,0.0,26.73,72.53,30.8,58702.7,1,saudavel,0.92,11,85,0.5059,2,0.7624,0.0768,108.2,39.12,-8.32,-3.39,7.34,0.6662,1,0,0,1,0
2870,F03-FEI,F03,239.8,-18.09729,-48.45714,2024/2025,2024-11-16,321,44,floracao,0.7725,0.6484,26.86,43.53,4.71,31.05,72.98,28.63,52263.0,0,saudavel,0.92,11,85,0.5176,2,0.7694,0.049,88.4,30.8,-2.17,-4.19,8.39,0.6577,1,0,0,1,0
2871,F03-FEI,F03,239.8,-18.09729,-48.45714,2024/2025,2024-11-17,322,45,floracao,0.7639,0.6646,22.67,41.85,5.37,26.87,67.97,25.64,51771.4,0,saudavel,0.92,11,85,0.5294,2,0.7719,0.0176,61.53,28.63,-2.99,-4.2,8.61,0.6127,1,0,0,1,0
2872,F03-FEI,F03,239.8,-18.09729,-48.45714,2024/2025,2024-11-18,323,46,floracao,0.7721,0.6495,23.86,37.63,0.0,26.89,76.84,18.64,57115.1,1,saudavel,0.92,11,85,0.5412,2,0.7766,0.0327,40.6,25.64,-7.0,-3.03,6.23,0.4953,1,0,0,1,0
2873,F03-FEI,F03,239.8,-18.09729,-48.45714,2024/2025,2024-11-19,324,47,frutificacao,0.7696,0.634,21.12,37.42,7.05,25.68,80.47,20.72,50287.3,0,saudavel,0.92,11,85,0.5529,3,0.7781,0.0104,47.65,18.64,2.08,-4.56,5.02,0.5537,1,0,0,1,0
2874,F03-FEI,F03,239.8,-18.09729,-48.45714,2024/2025,2024-11-20,325,48,frutificacao,0.7748,0.6784,21.27,39.21,10.95,25.41,77.15,22.78,44214.2,0,saudavel,0.92,11,85,0.5647,3,0.7735,-0.0323,42.31,20.72,2.06,-4.14,5.81,0.581,1,0,0,1,0
2875,F03-FEI,F03,239.8,-18.09729,-48.45714,2024/2025,2024-11-21,326,49,frutificacao,0.7553,0.6255,22.55,36.84,3.04,25.73,67.63,19.34,49981.6,0,saudavel,0.92,11,85,0.5765,3,0.7709,-0.0179,31.12,22.78,-3.44,-3.18,8.33,0.525,1,0,0,1,0
2876,F03-FEI,F03,239.8,-18.09729,-48.45714,2024/2025,2024-11-22,327,50,frutificacao,0.7233,0.6179,26.33,32.85,0.0,27.71,69.2,11.54,52442.4,1,saudavel,0.92,11,85,0.5882,3,0.7616,-0.0649,31.12,19.34,-7.8,-1.38,8.53,0.3513,1,0,0,1,0
2877,F03-FEI,F03,239.8,-18.09729,-48.45714,2024/2025,2024-11-23,328,51,frutificacao,0.7142,0.6326,26.06,29.23,0.0,27.19,74.18,7.98,58670.3,0,saudavel,0.92,11,85,0.6,3,0.7533,-0.0583,26.41,11.54,-3.56,-1.13,7.02,0.273,1,0,0,1,0
2878,F03-FEI,F03,239.8,-18.09729,-48.45714,2024/2025,2024-11-24,329,52,frutificacao,0.7454,0.619,26.13,37.28,22.89,28.18,73.07,21.06,28560.3,0,saudavel,0.92,11,85,0.6118,3,0.7507,-0.0185,43.93,7.98,13.08,-2.05,7.59,0.5649,1,0,0,1,0
2879,F03-FEI,F03,239.8,-18.09729,-48.45714,2024/2025,2024-11-25,330,53,frutificacao,0.7045,0.5968,22.73,33.54,0.0,25.07,75.15,15.65,60263.8,1,saudavel,0.92,11,85,0.6235,3,0.741,-0.0676,43.93,21.06,-5.41,-2.34,6.23,0.4666,1,0,0,1,0
2880,F03-FEI,F03,239.8,-18.09729,-48.45714,2024/2025,2024-11-26,331,54,frutificacao,0.7297,0.6116,23.8,29.92,0.0,26.93,73.96,9.69,59751.6,1,saudavel,0.92,11,85,0.6353,3,0.7353,-0.0399,36.88,15.65,-5.96,-3.13,7.01,0.3239,1,0,0,1,0
2881,F03-FEI,F03,239.8,-18.09729,-48.45714,2024/2025,2024-11-27,332,55,frutificacao,0.7295,0.6227,24.23,30.64,7.98,26.41,66.68,11.28,49701.3,0,saudavel,0.92,11,85,0.6471,3,0.7288,-0.0453,33.91,9.69,1.59,-2.18,8.8,0.3681,1,0,0,1,0
2882,F03-FEI,F03,239.8,-18.09729,-48.45714,2024/2025,2024-11-28,333,56,frutificacao,0.6826,0.5788,26.14,27.24,0.0,26.51,79.76,7.08,61591.6,1,saudavel,0.92,11,85,0.6588,3,0.7185,-0.0727,30.87,11.28,-4.2,-0.37,5.37,0.2599,1,0,0,1,0
2883,F03-FEI,F03,239.8,-18.09729,-48.45714,2024/2025,2024-11-29,334,57,frutificacao,0.6928,0.6073,22.37,24.36,0.0,24.46,80.2,5.0,57862.5,1,saudavel,0.92,11,85,0.6706,3,0.7141,-0.0305,30.87,7.08,-2.08,-2.09,4.84,0.2053,1,0,0,1,0
2884,F03-FEI,F03,239.8,-18.09729,-48.45714,2024/2025,2024-11-30,335,58,frutificacao,0.6526,0.5423,21.76,39.98,36.56,24.1,79.98,25.76,30639.5,0,saudavel,0.92,11,85,0.6824,3,0.7053,-0.0616,67.43,5.0,20.76,-2.34,4.82,0.6443,1,0,0,1,0
2885,F03-FEI,F03,239.8,-18.09729,-48.45714,2024/2025,2024-12-01,336,59,frutificacao,0.624,0.5559,24.59,35.75,0.0,26.37,78.25,22.29,53012.2,1,saudavel,0.92,12,85,0.6941,3,0.688,-0.1214,44.54,25.76,-3.47,-1.78,5.74,0.6235,1,0,0,0,1
2886,F03-FEI,F03,239.8,-18.09729,-48.45714,2024/2025,2024-12-02,337,60,frutificacao,0.5983,0.5407,25.11,31.78,0.0,26.77,74.52,17.28,52274.5,1,saudavel,0.92,12,85,0.7059,3,0.6728,-0.1062,44.54,22.29,-5.01,-1.66,6.82,0.5437,1,0,0,0,1
2887,F03-FEI,F03,239.8,-18.09729,-48.45714,2024/2025,2024-12-03,338,61,frutificacao,0.5512,0.4737,24.02,28.33,0.0,24.43,74.39,10.38,58401.2,1,saudavel,0.92,12,85,0.7176,3,0.6473,-0.1785,44.54,17.28,-6.9,-0.41,6.26,0.3664,1,0,0,0,1
2888,F03-FEI,F03,239.8,-18.09729,-48.45714,2024/2025,2024-12-04,339,62,frutificacao,0.5177,0.4242,24.75,24.9,0.0,26.17,71.38,7.11,60477.1,1,saudavel,0.92,12,85,0.7294,3,0.617,-0.2118,36.56,10.38,-3.27,-1.42,7.49,0.2855,1,0,0,0,1
2889,F03-FEI,F03,239.8,-18.09729,-48.45714,2024/2025,2024-12-05,340,63,frutificacao,0.4717,0.4001,27.12,24.2,5.23,26.95,71.38,7.44,60477.1,0,saudavel,0.92,12,85,0.7412,3,0.5869,-0.2109,41.79,7.11,0.33,0.17,7.71,0.3074,1,0,0,0,1
2890,F03-FEI,F03,239.8,-18.09729,-48.45714,2024/2025,2024-12-06,341,64,frutificacao,0.457,0.3859,24.97,21.2,0.0,24.51,77.51,6.52,58861.3,1,saudavel,0.92,12,85,0.7529,3,0.5532,-0.2358,41.79,7.44,-0.92,0.46,5.51,0.3075,1,0,0,0,1
2891,F03-FEI,F03,239.8,-18.09729,-48.45714,2024/2025,2024-12-07,342,65,frutificacao,0.4817,0.4449,22.8,22.27,7.15,22.79,70.41,8.71,53126.5,0,saudavel,0.92,12,85,0.7647,3,0.5288,-0.1709,12.38,6.52,2.19,0.01,6.74,0.3911,1,0,0,0,1
2892,F03-FEI,F03,239.8,-18.09729,-48.45714,2024/2025,2024-12-08,343,66,frutificacao,0.3773,0.3186,22.4,19.51,0.0,22.88,78.59,5.59,61912.3,1,saudavel,0.92,12,85,0.7765,3,0.4936,-0.2467,12.38,8.71,-3.12,-0.48,4.9,0.2865,1,0,0,0,1
2893,F03-FEI,F03,239.8,-18.09729,-48.45714,2024/2025,2024-12-09,344,67,frutificacao,0.3535,0.3281,24.4,16.83,0.0,23.73,67.86,5.93,59241.4,1,saudavel,0.92,12,85,0.7882,3,0.4586,-0.2448,12.38,5.59,0.34,0.67,7.63,0.3523,1,0,0,0,1
2894,F03-FEI,F03,239.8,-18.09729,-48.45714,2024/2025,2024-12-10,345,68,frutificacao,0.333,0.2853,24.45,19.04,9.46,23.98,79.44,7.88,52037.6,0,saudavel,0.92,12,85,0.8,3,0.4274,-0.2182,21.84,5.93,1.95,0.47,4.93,0.4139,1,0,0,0,1
2895,F03-FEI,F03,239.8,-18.09729,-48.45714,2024/2025,2024-12-11,346,69,frutificacao,0.3085,0.2632,25.64,16.24,0.0,24.49,78.67,6.0,56362.0,0,saudavel,0.92,12,85,0.8118,3,0.3975,-0.2092,21.84,7.88,-1.88,1.15,5.22,0.3695,1,0,0,0,1
2896,F03-FEI,F03,239.8,-18.09729,-48.45714,2024/2025,2024-12-12,347,70,frutificacao,0.3064,0.2534,24.99,13.67,0.0,24.41,75.34,5.0,54831.9,1,saudavel,0.92,12,85,0.8235,3,0.3739,-0.1653,16.61,6.0,-1.0,0.58,6.02,0.3658,1,0,0,0,1
2897,F03-FEI,F03,239.8,-18.09729,-48.45714,2024/2025,2024-12-13,348,71,frutificacao,0.2689,0.2234,26.75,11.31,0.0,23.93,73.7,5.0,58246.1,1,saudavel,0.92,12,85,0.8353,3,0.347,-0.1881,16.61,5.0,0.0,2.82,6.29,0.4421,1,0,0,0,1
2898,F03-FEI,F03,239.8,-18.09729,-48.45714,2024/2025,2024-12-14,349,72,frutificacao,0.26,0.2388,27.1,23.28,28.64,25.25,80.46,16.06,33630.5,0,saudavel,0.92,12,85,0.8471,3,0.3154,-0.2217,38.1,5.0,11.06,1.85,4.93,0.6899,1,0,0,0,1
2899,F03-FEI,F03,239.8,-18.09729,-48.45714,2024/2025,2024-12-15,350,73,maturacao,0.2323,0.1829,23.28,20.21,0.0,22.99,78.64,13.63,57789.1,0,saudavel,0.92,12,85,0.8588,4,0.2947,-0.145,38.1,16.06,-2.43,0.29,4.91,0.6744,1,0,0,0,1
2900,F03-FEI,F03,239.8,-18.09729,-48.45714,2024/2025,2024-12-16,351,74,maturacao,0.2274,0.2125,26.55,25.01,15.98,25.92,67.63,20.22,45937.9,0,saudavel,0.92,12,85,0.8706,4,0.2766,-0.1261,54.08,13.63,6.59,0.63,8.39,0.8085,1,0,0,0,1
2901,F03-FEI,F03,239.8,-18.09729,-48.45714,2024/2025,2024-12-17,352,75,maturacao,0.2254,0.2204,28.51,24.49,5.96,25.33,83.75,19.4,50938.4,0,saudavel,0.92,12,85,0.8824,4,0.2613,-0.1076,50.58,20.22,-0.82,3.18,4.12,0.7922,1,0,0,0,1
2902,F03-FEI,F03,239.8,-18.09729,-48.45714,2024/2025,2024-12-18,353,76,maturacao,0.2153,0.1711,27.0,31.98,21.89,25.12,73.19,29.54,36351.6,0,saudavel,0.92,12,85,0.8941,4,0.248,-0.0932,72.47,19.4,10.14,1.88,6.73,0.9237,1,0,0,0,1
2903,F03-FEI,F03,239.8,-18.09729,-48.45714,2024/2025,2024-12-19,354,77,maturacao,0.2505,0.237,24.08,30.83,5.12,22.73,72.77,26.57,55600.5,0,saudavel,0.92,12,85,0.9059,4,0.24,-0.0559,77.59,29.54,-2.97,1.35,6.19,0.8618,1,0,0,0,1
2904,F03-FEI,F03,239.8,-18.09729,-48.45714,2024/2025,2024-12-20,355,78,maturacao,0.2044,0.1947,26.73,27.06,0.0,23.44,85.76,18.5,57997.7,0,saudavel,0.92,12,85,0.9176,4,0.2308,-0.0645,77.59,26.57,-8.07,3.29,3.34,0.6837,1,0,0,0,1
2905,F03-FEI,F03,239.8,-18.09729,-48.45714,2024/2025,2024-12-21,356,79,maturacao,0.196,0.184,26.68,33.39,19.9,24.59,83.6,23.85,38608.4,0,saudavel,0.92,12,85,0.9294,4,0.2216,-0.064,68.85,18.5,5.35,2.09,4.03,0.7143,1,0,0,0,1
2906,F03-FEI,F03,239.8,-18.09729,-48.45714,2024/2025,2024-12-22,357,80,maturacao,0.1464,0.1117,24.59,39.48,20.22,23.11,77.11,33.25,31942.1,0,critico,0.92,12,85,0.9412,4,0.2093,-0.0859,89.07,23.85,9.4,1.48,5.29,0.8422,1,0,0,0,1
2907,F03-FEI,F03,239.8,-18.09729,-48.45714,2024/2025,2024-12-23,358,81,maturacao,0.198,0.1659,23.35,45.07,19.85,22.26,73.48,38.95,42649.5,0,saudavel,0.92,12,85,0.9529,4,0.2051,-0.0294,92.94,33.25,5.7,1.09,5.9,0.8642,1,0,0,0,1
2908,F03-FEI,F03,239.8,-18.09729,-48.45714,2024/2025,2024-12-24,359,82,maturacao,0.1511,0.126,25.36,40.24,0.0,22.09,75.31,30.47,59594.4,0,atencao,0.92,12,85,0.9647,4,0.1945,-0.0743,86.98,38.95,-8.48,3.27,5.45,0.7572,1,0,0,0,1
2909,F03-FEI,F03,239.8,-18.09729,-48.45714,2024/2025,2024-12-25,360,83,colheita,0.1996,0.2115,26.3,45.09,18.43,22.06,77.7,38.18,38680.9,0,saudavel,0.92,12,85,0.9765,5,0.1923,-0.0157,83.52,30.47,7.71,4.24,4.92,0.8468,1,0,0,0,1
2910,F03-FEI,F03,239.8,-18.09729,-48.45714,2024/2025,2024-12-26,361,84,colheita,0.1897,0.1611,24.39,41.58,2.34,21.26,86.46,29.84,63054.3,0,saudavel,0.92,12,85,0.9882,5,0.1836,-0.0608,80.74,38.18,-8.34,3.13,2.88,0.7177,1,0,0,0,1
2161,F03-MIL,F03,85.5,-18.12723,-48.4539,2023/2024,2023-10-24,297,0,germinacao,0.2097,0.1669,28.95,45.0,0.0,28.57,69.81,47.17,55009.7,0,saudavel,4.33,10,140,0.0,0,0.2097,0.0,0.0,47.17,0.0,0.38,8.63,1.0482,0,1,0,1,0
2162,F03-MIL,F03,85.5,-18.12723,-48.4539,2023/2024,2023-10-25,298,1,germinacao,0.2084,0.1799,30.81,39.57,0.0,27.86,63.23,38.73,50393.0,0,saudavel,4.33,10,140,0.0071,0,0.209,0.0,0.0,47.17,-8.44,2.95,10.24,0.9788,0,1,0,1,0
2163,F03-MIL,F03,85.5,-18.12723,-48.4539,2023/2024,2023-10-26,299,2,germinacao,0.1745,0.1545,30.05,34.5,0.0,28.09,67.92,27.1,51780.4,1,saudavel,4.33,10,140,0.0143,0,0.1975,0.0,0.0,38.73,-11.63,1.96,9.01,0.7855,0,1,0,1,0
2164,F03-MIL,F03,85.5,-18.12723,-48.4539,2023/2024,2023-10-27,300,3,germinacao,0.1804,0.1713,31.57,34.51,9.67,29.46,62.12,25.47,43836.8,0,saudavel,4.33,10,140,0.0214,0,0.1932,0.0,9.67,27.1,-1.63,2.11,11.16,0.738,0,1,0,1,0
2165,F03-MIL,F03,85.5,-18.12723,-48.4539,2023/2024,2023-10-28,301,4,germinacao,0.1978,0.1953,27.65,30.07,0.0,26.44,69.91,20.44,44622.3,1,saudavel,4.33,10,140,0.0286,0,0.1942,0.0,9.67,25.47,-5.03,1.21,7.96,0.6797,0,1,0,1,0
2166,F03-MIL,F03,85.5,-18.12723,-48.4539,2023/2024,2023-10-29,302,5,germinacao,0.2084,0.179,29.66,33.01,14.54,28.62,73.66,23.82,41954.8,1,saudavel,4.33,10,140,0.0357,0,0.1965,0.0,24.21,20.44,3.38,1.04,7.54,0.7216,0,1,0,1,0
2167,F03-MIL,F03,85.5,-18.12723,-48.4539,2023/2024,2023-10-30,303,6,germinacao,0.1669,0.12,33.0,28.24,0.0,29.86,71.94,16.03,55853.3,1,atencao,4.33,10,140,0.0429,0,0.1923,0.0,24.21,23.82,-7.79,3.14,8.38,0.5676,0,1,0,1,0
2168,F03-MIL,F03,85.5,-18.12723,-48.4539,2023/2024,2023-10-31,304,7,germinacao,0.1628,0.1242,30.75,24.03,0.0,28.23,78.77,10.9,57924.1,1,atencao,4.33,10,140,0.05,0,0.1856,-0.0469,24.21,16.03,-5.13,2.52,5.99,0.4536,0,1,0,1,0
2169,F03-MIL,F03,85.5,-18.12723,-48.4539,2023/2024,2023-11-01,305,8,germinacao,0.1898,0.1642,31.1,20.01,0.0,29.87,71.48,6.76,51377.0,1,saudavel,4.33,11,140,0.0571,0,0.1829,-0.0186,24.21,10.9,-4.14,1.23,8.52,0.3378,0,1,0,1,0
2170,F03-MIL,F03,85.5,-18.12723,-48.4539,2023/2024,2023-11-02,306,9,germinacao,0.1626,0.1607,33.55,16.23,0.0,30.23,57.56,5.0,49556.6,1,atencao,4.33,11,140,0.0643,0,0.1812,-0.0119,24.21,6.76,-1.76,3.32,12.83,0.3081,0,1,0,1,0
2171,F03-MIL,F03,85.5,-18.12723,-48.4539,2023/2024,2023-11-03,307,10,germinacao,0.147,0.096,33.35,12.81,0.0,29.5,80.3,5.0,57305.6,1,atencao,4.33,11,140,0.0714,0,0.1765,-0.0334,14.54,5.0,0.0,3.85,5.81,0.3903,0,1,0,1,0
2172,F03-MIL,F03,85.5,-18.12723,-48.4539,2023/2024,2023-11-04,308,11,germinacao,0.1704,0.1214,29.62,13.58,7.22,27.26,67.85,5.0,48555.9,0,atencao,4.33,11,140,0.0786,0,0.1726,-0.0274,21.76,5.0,0.0,2.36,8.76,0.3682,0,1,0,1,0
2173,F03-MIL,F03,85.5,-18.12723,-48.4539,2023/2024,2023-11-05,309,12,germinacao,0.1963,0.182,31.17,10.63,0.0,27.94,72.61,5.0,56377.1,1,saudavel,4.33,11,140,0.0857,0,0.1708,-0.0121,7.22,5.0,0.0,3.23,7.65,0.4704,0,1,0,1,0
2174,F03-MIL,F03,85.5,-18.12723,-48.4539,2023/2024,2023-11-06,310,13,germinacao,0.2202,0.1613,29.45,8.0,0.0,28.43,72.17,5.0,52066.9,1,saudavel,4.33,11,140,0.0929,0,0.1784,0.0533,7.22,5.0,0.0,1.02,7.91,0.625,0,1,0,1,0
2175,F03-MIL,F03,85.5,-18.12723,-48.4539,2023/2024,2023-11-07,311,14,vegetativo,0.1765,0.1275,30.12,8.0,0.0,27.13,73.8,5.0,55073.4,1,saudavel,4.33,11,140,0.1,1,0.1804,0.0137,7.22,5.0,0.0,2.99,7.11,0.625,0,1,0,1,0
2176,F03-MIL,F03,85.5,-18.12723,-48.4539,2023/2024,2023-11-08,312,15,vegetativo,0.1898,0.1841,29.45,11.86,17.16,27.0,73.06,5.0,35757.9,0,saudavel,4.33,11,140,0.1071,1,0.1804,0.0,24.38,5.0,0.0,2.45,7.27,0.4216,0,1,0,1,0
2177,F03-MIL,F03,85.5,-18.12723,-48.4539,2023/2024,2023-11-09,313,16,vegetativo,0.1974,0.1634,28.26,11.41,4.43,26.83,73.4,5.0,50689.1,0,saudavel,4.33,11,140,0.1143,1,0.1854,0.0348,28.81,5.0,0.0,1.43,7.14,0.4382,0,1,0,1,0
2178,F03-MIL,F03,85.5,-18.12723,-48.4539,2023/2024,2023-11-10,314,17,vegetativo,0.1836,0.1501,35.81,8.2,0.0,31.4,63.87,5.0,53939.5,1,saudavel,4.33,11,140,0.1214,1,0.1906,0.0366,28.81,5.0,0.0,4.41,11.34,0.6098,0,1,0,1,0
2179,F03-MIL,F03,85.5,-18.12723,-48.4539,2023/2024,2023-11-11,315,18,vegetativo,0.1846,0.1843,29.67,8.0,0.0,27.1,86.14,5.0,62246.0,1,saudavel,4.33,11,140,0.1286,1,0.1926,0.0142,21.59,5.0,0.0,2.57,3.76,0.625,0,1,0,1,0
2180,F03-MIL,F03,85.5,-18.12723,-48.4539,2023/2024,2023-11-12,316,19,vegetativo,0.2089,0.1563,30.55,8.0,0.0,29.02,75.45,5.0,57088.5,1,saudavel,4.33,11,140,0.1357,1,0.1944,0.0126,21.59,5.0,0.0,1.53,7.12,0.625,0,1,0,1,0
2181,F03-MIL,F03,85.5,-18.12723,-48.4539,2023/2024,2023-11-13,317,20,vegetativo,0.1817,0.1291,28.42,8.0,0.0,26.03,74.38,5.0,49209.0,1,atencao,4.33,11,140,0.1429,1,0.1889,-0.0385,21.59,5.0,0.0,2.39,6.67,0.625,0,1,0,1,0
2182,F03-MIL,F03,85.5,-18.12723,-48.4539,2023/2024,2023-11-14,318,21,vegetativo,0.1942,0.1977,31.18,8.0,0.0,29.8,81.21,5.0,55877.8,1,saudavel,4.33,11,140,0.15,1,0.1915,0.0177,21.59,5.0,0.0,1.38,5.6,0.625,0,1,0,1,0
2183,F03-MIL,F03,85.5,-18.12723,-48.4539,2023/2024,2023-11-15,319,22,vegetativo,0.2101,0.1832,27.55,8.0,0.0,26.59,68.7,5.0,57199.5,1,saudavel,4.33,11,140,0.1571,1,0.1944,0.0203,4.43,5.0,0.0,0.96,8.32,0.625,0,1,0,1,0
2184,F03-MIL,F03,85.5,-18.12723,-48.4539,2023/2024,2023-11-16,320,23,vegetativo,0.2258,0.2055,28.67,8.0,0.0,27.15,78.2,5.0,54880.5,1,saudavel,4.33,11,140,0.1643,1,0.1984,0.0284,0.0,5.0,0.0,1.52,5.92,0.625,0,1,0,1,0
2185,F03-MIL,F03,85.5,-18.12723,-48.4539,2023/2024,2023-11-17,321,24,vegetativo,0.195,0.1596,26.1,8.0,0.0,24.24,72.96,5.0,53196.4,0,atencao,4.33,11,140,0.1714,1,0.2,0.0114,0.0,5.0,0.0,1.86,6.55,0.625,0,1,0,1,0
2186,F03-MIL,F03,85.5,-18.12723,-48.4539,2023/2024,2023-11-18,322,25,vegetativo,0.2295,0.193,29.7,8.0,3.85,28.57,75.28,5.0,55044.8,0,saudavel,4.33,11,140,0.1786,1,0.2065,0.0449,3.85,5.0,0.0,1.13,7.06,0.625,0,1,0,1,0
2187,F03-MIL,F03,85.5,-18.12723,-48.4539,2023/2024,2023-11-19,323,26,vegetativo,0.2141,0.1679,32.13,8.0,0.0,28.8,75.37,5.0,54009.5,1,atencao,4.33,11,140,0.1857,1,0.2072,0.0052,3.85,5.0,0.0,3.33,7.09,0.625,0,1,0,1,0
2188,F03-MIL,F03,85.5,-18.12723,-48.4539,2023/2024,2023-11-20,324,27,vegetativo,0.235,0.2061,26.05,8.0,0.0,24.93,64.01,5.0,58806.5,1,saudavel,4.33,11,140,0.1929,1,0.2148,0.0533,3.85,5.0,0.0,1.12,8.97,0.625,0,1,0,1,0
2189,F03-MIL,F03,85.5,-18.12723,-48.4539,2023/2024,2023-11-21,325,28,vegetativo,0.2743,0.2498,28.98,8.0,5.98,28.38,66.59,5.0,48420.6,0,saudavel,4.33,11,140,0.2,1,0.2263,0.0801,9.83,5.0,0.0,0.6,9.48,0.625,0,1,0,1,0
2190,F03-MIL,F03,85.5,-18.12723,-48.4539,2023/2024,2023-11-22,326,29,vegetativo,0.2682,0.2319,24.92,8.0,0.0,24.52,84.11,5.0,55835.5,1,saudavel,4.33,11,140,0.2071,1,0.2346,0.0581,9.83,5.0,0.0,0.4,3.9,0.625,0,1,0,1,0
2191,F03-MIL,F03,85.5,-18.12723,-48.4539,2023/2024,2023-11-23,327,30,vegetativo,0.3155,0.2894,27.26,8.0,0.0,27.38,73.32,5.0,60475.9,1,saudavel,4.33,11,140,0.2143,1,0.2474,0.0897,9.83,5.0,0.0,-0.12,7.3,0.625,0,1,0,1,0
2192,F03-MIL,F03,85.5,-18.12723,-48.4539,2023/2024,2023-11-24,328,31,vegetativo,0.2946,0.2636,28.28,8.0,12.26,27.38,85.58,5.0,47435.6,0,saudavel,4.33,11,140,0.2214,1,0.2616,0.0996,22.09,5.0,0.0,0.9,3.95,0.625,0,1,0,1,0
2193,F03-MIL,F03,85.5,-18.12723,-48.4539,2023/2024,2023-11-25,329,32,vegetativo,0.3307,0.2601,29.53,8.0,8.44,28.25,80.83,5.0,49872.7,0,saudavel,4.33,11,140,0.2286,1,0.2761,0.1012,26.68,5.0,0.0,1.28,5.42,0.625,0,1,0,1,0
2194,F03-MIL,F03,85.5,-18.12723,-48.4539,2023/2024,2023-11-26,330,33,vegetativo,0.3441,0.2896,28.11,8.0,0.0,26.52,74.32,5.0,57995.5,1,saudavel,4.33,11,140,0.2357,1,0.2946,0.13,26.68,5.0,0.0,1.59,6.81,0.625,0,1,0,1,0
2195,F03-MIL,F03,85.5,-18.12723,-48.4539,2023/2024,2023-11-27,331,34,vegetativo,0.3464,0.2855,29.35,8.0,0.0,27.45,73.43,5.0,58504.8,1,saudavel,4.33,11,140,0.2429,1,0.3105,0.1114,26.68,5.0,0.0,1.9,7.29,0.625,0,1,0,1,0
2196,F03-MIL,F03,85.5,-18.12723,-48.4539,2023/2024,2023-11-28,332,35,vegetativo,0.3403,0.3043,28.41,14.47,36.66,27.81,83.1,22.67,26813.1,0,saudavel,4.33,11,140,0.25,1,0.32,0.066,57.36,5.0,17.67,0.6,4.7,1.5667,0,1,0,1,0
2197,F03-MIL,F03,85.5,-18.12723,-48.4539,2023/2024,2023-11-29,333,36,vegetativo,0.386,0.3373,27.42,12.05,0.0,25.42,86.9,17.57,53961.9,1,saudavel,4.33,11,140,0.2571,1,0.3368,0.1178,57.36,22.67,-5.1,2.0,3.33,1.4581,0,1,0,1,0
2198,F03-MIL,F03,85.5,-18.12723,-48.4539,2023/2024,2023-11-30,334,37,vegetativo,0.4003,0.3428,25.48,9.8,0.0,25.71,74.87,13.35,60350.2,1,saudavel,4.33,11,140,0.2643,1,0.3489,0.0848,57.36,17.57,-4.22,-0.23,6.46,1.3622,0,1,0,1,0
2199,F03-MIL,F03,85.5,-18.12723,-48.4539,2023/2024,2023-12-01,335,38,vegetativo,0.4237,0.3804,23.08,10.2,4.46,23.99,85.12,10.98,58989.8,0,saudavel,4.33,12,140,0.2714,1,0.3674,0.1291,49.56,13.35,-2.37,-0.91,3.57,1.0765,0,1,0,0,1
2200,F03-MIL,F03,85.5,-18.12723,-48.4539,2023/2024,2023-12-02,336,39,vegetativo,0.4634,0.3566,25.31,15.26,13.98,25.11,82.0,16.63,46975.0,0,saudavel,4.33,12,140,0.2786,1,0.3863,0.1327,55.1,10.98,5.65,0.2,4.52,1.0898,0,1,0,0,1
2201,F03-MIL,F03,85.5,-18.12723,-48.4539,2023/2024,2023-12-03,337,40,vegetativo,0.4574,0.3767,28.38,17.36,9.68,28.35,81.01,21.38,50241.8,0,saudavel,4.33,12,140,0.2857,1,0.4025,0.1133,64.78,16.63,4.75,0.03,5.38,1.2316,0,1,0,0,1
2202,F03-MIL,F03,85.5,-18.12723,-48.4539,2023/2024,2023-12-04,338,41,vegetativo,0.4956,0.4109,26.17,14.74,0.0,26.49,76.7,18.31,55481.6,1,saudavel,4.33,12,140,0.2929,1,0.4238,0.1492,64.78,21.38,-3.07,-0.32,6.17,1.2422,0,1,0,0,1
2203,F03-MIL,F03,85.5,-18.12723,-48.4539,2023/2024,2023-12-05,339,42,vegetativo,0.5197,0.4468,24.03,14.75,4.12,23.69,74.59,16.8,57779.1,0,saudavel,4.33,12,140,0.3,1,0.4494,0.1794,32.24,18.31,-1.51,0.34,6.02,1.139,0,1,0,0,1
2204,F03-MIL,F03,85.5,-18.12723,-48.4539,2023/2024,2023-12-06,340,43,vegetativo,0.5618,0.4886,26.65,12.3,0.0,27.6,70.41,11.58,60748.0,1,saudavel,4.33,12,140,0.3071,1,0.4746,0.1758,32.24,16.8,-5.22,-0.95,8.17,0.9415,0,1,0,0,1
2205,F03-MIL,F03,85.5,-18.12723,-48.4539,2023/2024,2023-12-07,341,44,vegetativo,0.5782,0.4915,24.75,10.31,0.0,25.64,70.42,5.0,61673.5,1,saudavel,4.33,12,140,0.3143,1,0.5,0.1779,32.24,11.58,-6.58,-0.89,7.58,0.485,0,1,0,0,1
2206,F03-MIL,F03,85.5,-18.12723,-48.4539,2023/2024,2023-12-08,342,45,vegetativo,0.6056,0.4884,26.11,8.45,0.0,26.2,86.23,5.0,62578.0,1,saudavel,4.33,12,140,0.3214,1,0.526,0.1819,27.78,5.0,0.0,-0.09,3.61,0.5917,0,1,0,0,1
2207,F03-MIL,F03,85.5,-18.12723,-48.4539,2023/2024,2023-12-09,343,46,vegetativo,0.6475,0.5585,24.02,8.0,0.0,25.59,77.16,5.0,64311.6,1,saudavel,4.33,12,140,0.3286,1,0.5523,0.1841,13.8,5.0,0.0,-1.57,5.84,0.625,0,1,0,0,1
2208,F03-MIL,F03,85.5,-18.12723,-48.4539,2023/2024,2023-12-10,344,47,vegetativo,0.6601,0.5636,23.93,8.0,0.0,25.38,71.57,5.0,56280.5,1,saudavel,4.33,12,140,0.3357,1,0.5812,0.2027,4.12,5.0,0.0,-1.45,7.22,0.625,0,1,0,0,1
2209,F03-MIL,F03,85.5,-18.12723,-48.4539,2023/2024,2023-12-11,345,48,vegetativo,0.6919,0.5588,18.0,8.0,0.0,21.65,84.61,5.0,55822.7,1,saudavel,4.33,12,140,0.3429,1,0.6093,0.1963,4.12,5.0,0.0,-3.65,3.33,0.625,0,1,0,0,1
2210,F03-MIL,F03,85.5,-18.12723,-48.4539,2023/2024,2023-12-12,346,49,floracao,0.691,0.5814,27.7,8.0,4.07,26.2,74.53,5.0,56136.0,0,saudavel,4.33,12,140,0.35,2,0.6337,0.1713,4.07,5.0,0.0,1.5,6.67,0.625,0,1,0,0,1
2211,F03-MIL,F03,85.5,-18.12723,-48.4539,2023/2024,2023-12-13,347,50,floracao,0.7167,0.6167,17.02,8.0,5.91,21.06,76.81,5.0,51146.5,1,saudavel,4.33,12,140,0.3571,2,0.6559,0.1549,9.98,5.0,0.0,-4.04,4.88,0.625,0,1,0,0,1
2212,F03-MIL,F03,85.5,-18.12723,-48.4539,2023/2024,2023-12-14,348,51,floracao,0.7925,0.7067,22.19,8.49,4.25,25.86,76.81,5.0,52321.8,0,saudavel,4.33,12,140,0.3643,2,0.6865,0.2143,14.23,5.0,0.0,-3.67,6.0,0.5889,0,1,0,0,1
2213,F03-MIL,F03,85.5,-18.12723,-48.4539,2023/2024,2023-12-15,349,52,floracao,0.7546,0.6196,21.02,13.86,13.29,24.38,71.52,11.33,50283.8,0,saudavel,4.33,12,140,0.3714,2,0.7078,0.149,27.52,5.0,6.33,-3.36,6.94,0.8175,0,1,0,0,1
2214,F03-MIL,F03,85.5,-18.12723,-48.4539,2023/2024,2023-12-16,350,53,floracao,0.7418,0.6463,24.81,26.34,28.64,25.38,78.79,25.63,28289.7,0,saudavel,4.33,12,140,0.3786,2,0.7212,0.0943,56.16,11.33,14.3,-0.57,5.38,0.973,0,1,0,0,1
2215,F03-MIL,F03,85.5,-18.12723,-48.4539,2023/2024,2023-12-17,351,54,floracao,0.8046,0.6624,20.42,32.11,16.76,24.26,75.38,33.76,43172.5,0,saudavel,4.33,12,140,0.3857,2,0.7419,0.1445,72.92,25.63,8.13,-3.84,5.97,1.0514,0,1,0,0,1
2216,F03-MIL,F03,85.5,-18.12723,-48.4539,2023/2024,2023-12-18,352,55,floracao,0.796,0.6512,22.77,35.84,13.92,25.49,73.88,37.0,41159.8,0,saudavel,4.33,12,140,0.3929,2,0.7567,0.1041,86.84,33.76,3.24,-2.72,6.66,1.0324,0,1,0,0,1
2217,F03-MIL,F03,85.5,-18.12723,-48.4539,2023/2024,2023-12-19,353,56,floracao,0.8262,0.678,19.85,32.55,0.0,23.84,71.34,28.61,60176.7,1,saudavel,4.33,12,140,0.4,2,0.7761,0.1352,82.77,37.0,-8.39,-3.99,6.83,0.879,0,1,0,0,1
2218,F03-MIL,F03,85.5,-18.12723,-48.4539,2023/2024,2023-12-20,354,57,floracao,0.8294,0.7171,19.63,29.49,0.0,24.14,78.81,23.65,63545.3,1,saudavel,4.33,12,140,0.4071,2,0.7922,0.1127,76.86,28.61,-4.96,-4.51,5.12,0.802,0,1,0,0,1
2219,F03-MIL,F03,85.5,-18.12723,-48.4539,2023/2024,2023-12-21,355,58,floracao,0.8509,0.7259,21.13,32.16,10.92,24.22,74.13,23.84,52722.2,0,saudavel,4.33,12,140,0.4143,2,0.8005,0.0584,83.53,23.65,0.19,-3.09,6.27,0.7413,0,1,0,0,1
2220,F03-MIL,F03,85.5,-18.12723,-48.4539,2023/2024,2023-12-22,356,59,floracao,0.8456,0.7125,22.0,30.51,3.23,26.33,80.21,19.76,59899.4,0,saudavel,4.33,12,140,0.4214,2,0.8135,0.091,73.47,23.84,-4.08,-4.33,5.21,0.6477,0,1,0,0,1
2221,F03-MIL,F03,85.5,-18.12723,-48.4539,2023/2024,2023-12-23,357,60,floracao,0.8498,0.7315,20.87,27.63,0.0,24.31,78.26,17.62,59752.4,1,saudavel,4.33,12,140,0.4286,2,0.8289,0.108,44.83,19.76,-2.14,-3.44,5.28,0.6377,0,1,0,0,1
2222,F03-MIL,F03,85.5,-18.12723,-48.4539,2023/2024,2023-12-24,358,61,floracao,0.8832,0.7516,18.01,27.72,4.99,21.33,78.74,17.96,58314.0,0,saudavel,4.33,12,140,0.4357,2,0.8402,0.0786,33.06,17.62,0.34,-3.32,4.53,0.6479,0,1,0,0,1
2223,F03-MIL,F03,85.5,-18.12723,-48.4539,2023/2024,2023-12-25,359,62,floracao,0.8211,0.7001,20.87,25.25,0.0,22.36,75.36,14.81,61240.5,1,saudavel,4.33,12,140,0.4429,2,0.8437,0.0251,19.14,17.96,-3.15,-1.49,5.51,0.5865,0,1,0,0,1
2224,F03-MIL,F03,85.5,-18.12723,-48.4539,2023/2024,2023-12-26,360,63,floracao,0.8434,0.7109,19.14,30.92,16.2,24.0,85.88,23.62,42425.5,0,saudavel,4.33,12,140,0.45,2,0.8462,0.0172,35.34,14.81,8.81,-4.86,3.39,0.7639,0,1,0,0,1
2225,F03-MIL,F03,85.5,-18.12723,-48.4539,2023/2024,2023-12-27,361,64,floracao,0.8573,0.7082,21.02,28.8,1.72,24.89,81.88,20.75,59316.8,1,saudavel,4.33,12,140,0.4571,2,0.8502,0.0279,37.06,23.62,-2.87,-3.87,4.51,0.7205,0,1,0,0,1
2226,F03-MIL,F03,85.5,-18.12723,-48.4539,2023/2024,2023-12-28,362,65,floracao,0.8434,0.7507,18.11,26.3,0.0,21.81,76.65,16.35,62504.7,1,saudavel,4.33,12,140,0.4643,2,0.8491,-0.0075,26.14,20.75,-4.4,-3.7,5.09,0.6217,0,1,0,0,1
2227,F03-MIL,F03,85.5,-18.12723,-48.4539,2023/2024,2023-12-29,363,66,floracao,0.8705,0.768,22.32,30.91,14.7,26.15,70.66,23.55,41166.9,0,saudavel,4.33,12,140,0.4714,2,0.8527,0.0249,37.61,16.35,7.2,-3.83,7.67,0.7619,0,1,0,0,1
2228,F03-MIL,F03,85.5,-18.12723,-48.4539,2023/2024,2023-12-30,364,67,floracao,0.8711,0.7722,21.69,28.19,0.0,22.96,69.93,16.45,56567.2,1,saudavel,4.33,12,140,0.4786,2,0.8557,0.0213,37.61,23.55,-7.1,-1.27,6.9,0.5835,0,1,0,0,1
2229,F03-MIL,F03,85.5,-18.12723,-48.4539,2023/2024,2023-12-31,365,68,floracao,0.9042,0.7578,18.91,34.13,16.85,23.22,84.89,23.14,42496.5,0,saudavel,4.33,12,140,0.4857,2,0.8587,0.021,49.47,16.45,6.69,-4.31,3.51,0.678,0,1,0,0,1
2230,F03-MIL,F03,85.5,-18.12723,-48.4539,2023/2024,2024-01-01,1,69,floracao,0.8848,0.7384,14.13,33.11,3.83,20.61,85.31,21.06,52156.2,0,saudavel,4.33,1,140,0.4929,2,0.8678,0.0637,53.3,23.14,-2.08,-6.48,3.03,0.6361,0,1,0,0,1
2231,F03-MIL,F03,85.5,-18.12723,-48.4539,2023/2024,2024-01-02,2,70,floracao,0.8838,0.7429,19.91,42.11,24.02,24.07,83.92,33.23,32009.0,0,saudavel,4.33,1,140,0.5,2,0.8736,0.0404,61.12,21.06,12.17,-4.16,3.87,0.7891,0,1,0,0,1
2232,F03-MIL,F03,85.5,-18.12723,-48.4539,2023/2024,2024-01-03,3,71,floracao,0.8817,0.7709,17.57,38.54,0.0,21.63,79.53,26.5,58214.6,1,saudavel,4.33,1,140,0.5071,2,0.8771,0.0244,59.4,33.23,-6.73,-4.06,4.43,0.6876,0,1,0,0,1
2233,F03-MIL,F03,85.5,-18.12723,-48.4539,2023/2024,2024-01-04,4,72,floracao,0.8693,0.7389,17.01,40.03,9.55,21.08,84.48,25.0,52918.0,1,saudavel,4.33,1,140,0.5143,2,0.8808,0.0259,68.95,26.5,-1.5,-4.07,3.27,0.6245,0,1,0,0,1
2234,F03-MIL,F03,85.5,-18.12723,-48.4539,2023/2024,2024-01-05,5,73,floracao,0.9089,0.7617,16.72,38.68,4.1,21.62,85.24,20.02,58170.1,0,saudavel,4.33,1,140,0.5214,2,0.8863,0.0384,58.35,25.0,-4.98,-4.9,3.19,0.5176,0,1,0,0,1
2235,F03-MIL,F03,85.5,-18.12723,-48.4539,2023/2024,2024-01-06,6,74,floracao,0.9159,0.7858,18.51,35.27,0.0,24.07,78.26,15.9,60171.7,1,saudavel,4.33,1,140,0.5286,2,0.8927,0.0448,58.35,20.02,-4.12,-5.56,5.23,0.4508,0,1,0,0,1
2236,F03-MIL,F03,85.5,-18.12723,-48.4539,2023/2024,2024-01-07,7,75,floracao,0.8679,0.723,20.95,32.24,0.0,22.6,77.67,12.05,59648.0,1,saudavel,4.33,1,140,0.5357,2,0.8875,-0.0363,41.5,15.9,-3.85,-1.65,5.05,0.3738,0,1,0,0,1
2237,F03-MIL,F03,85.5,-18.12723,-48.4539,2023/2024,2024-01-08,8,76,floracao,0.9248,0.759,16.47,33.67,8.42,20.47,75.83,13.73,56982.2,0,saudavel,4.33,1,140,0.5429,2,0.8932,0.04,46.09,12.05,1.68,-4.0,4.95,0.4078,0,1,0,0,1
2238,F03-MIL,F03,85.5,-18.12723,-48.4539,2023/2024,2024-01-09,9,77,frutificacao,0.8791,0.7498,16.81,30.78,0.0,20.91,82.54,9.38,57268.7,1,saudavel,4.33,1,140,0.55,3,0.8925,-0.0047,22.07,13.73,-4.35,-4.1,3.65,0.3047,0,1,0,0,1
2239,F03-MIL,F03,85.5,-18.12723,-48.4539,2023/2024,2024-01-10,10,78,frutificacao,0.8773,0.7354,21.96,27.98,0.0,23.73,81.48,7.46,59490.9,1,saudavel,4.33,1,140,0.5571,3,0.8919,-0.0044,22.07,9.38,-1.92,-1.77,4.39,0.2666,0,1,0,0,1
2240,F03-MIL,F03,85.5,-18.12723,-48.4539,2023/2024,2024-01-11,11,79,frutificacao,0.9016,0.7661,16.18,25.54,0.0,21.17,78.15,7.81,56875.8,1,saudavel,4.33,1,140,0.5643,3,0.8965,0.0323,12.52,7.46,0.35,-4.99,4.63,0.3058,0,1,0,0,1
2241,F03-MIL,F03,85.5,-18.12723,-48.4539,2023/2024,2024-01-12,12,80,frutificacao,0.903,0.7138,18.74,36.27,25.94,22.27,78.04,23.21,29350.1,0,saudavel,4.33,1,140,0.5714,3,0.8957,-0.0059,34.36,7.81,15.4,-3.53,4.89,0.6399,0,1,0,0,1
2242,F03-MIL,F03,85.5,-18.12723,-48.4539,2023/2024,2024-01-13,13,81,frutificacao,0.8897,0.7384,17.29,33.17,0.0,22.54,78.18,20.75,61930.1,1,saudavel,4.33,1,140,0.5786,3,0.8919,-0.0262,34.36,23.21,-2.46,-5.25,4.92,0.6256,0,1,0,0,1
2243,F03-MIL,F03,85.5,-18.12723,-48.4539,2023/2024,2024-01-14,14,82,frutificacao,0.8834,0.75,12.91,31.48,2.34,16.11,87.03,17.71,55048.4,1,saudavel,4.33,1,140,0.5857,3,0.8941,0.0155,36.7,20.75,-3.04,-3.2,2.09,0.5626,0,1,0,0,1
2244,F03-MIL,F03,85.5,-18.12723,-48.4539,2023/2024,2024-01-15,15,83,frutificacao,0.9127,0.7455,17.7,39.29,21.04,23.05,71.99,28.6,39801.5,0,saudavel,4.33,1,140,0.5929,3,0.8924,-0.0121,49.32,17.71,10.89,-5.35,6.46,0.7279,0,1,0,0,1
2245,F03-MIL,F03,85.5,-18.12723,-48.4539,2023/2024,2024-01-16,16,84,frutificacao,0.8756,0.7146,16.37,40.24,8.6,19.78,75.24,30.82,48886.6,0,saudavel,4.33,1,140,0.6,3,0.8919,-0.0035,57.92,28.6,2.22,-3.41,4.9,0.7659,0,1,0,0,1
2246,F03-MIL,F03,85.5,-18.12723,-48.4539,2023/2024,2024-01-17,17,85,frutificacao,0.8852,0.7532,18.42,39.94,6.22,20.43,74.89,28.82,55518.8,0,saudavel,4.33,1,140,0.6071,3,0.893,0.0079,64.14,30.82,-2.0,-2.01,5.13,0.7216,0,1,0,0,1
2247,F03-MIL,F03,85.5,-18.12723,-48.4539,2023/2024,2024-01-18,18,86,frutificacao,0.9186,0.7949,19.02,36.54,0.0,23.19,77.86,23.4,54615.8,1,saudavel,4.33,1,140,0.6143,3,0.8955,0.017,64.14,28.82,-5.42,-4.17,5.13,0.6404,0,1,0,0,1
2248,F03-MIL,F03,85.5,-18.12723,-48.4539,2023/2024,2024-01-19,19,87,frutificacao,0.8559,0.7097,17.07,33.34,0.0,22.96,80.24,18.28,60928.9,1,saudavel,4.33,1,140,0.6214,3,0.8887,-0.0471,38.2,23.4,-5.12,-5.89,4.54,0.5483,0,1,0,0,1
2249,F03-MIL,F03,85.5,-18.12723,-48.4539,2023/2024,2024-01-20,20,88,frutificacao,0.871,0.7351,17.64,35.58,10.2,21.45,74.17,22.25,50204.9,0,saudavel,4.33,1,140,0.6286,3,0.8861,-0.0187,48.4,18.28,3.97,-3.81,5.54,0.6254,0,1,0,0,1
2250,F03-MIL,F03,85.5,-18.12723,-48.4539,2023/2024,2024-01-21,21,89,frutificacao,0.8977,0.7583,18.11,36.66,8.25,21.71,83.82,24.7,43848.5,0,saudavel,4.33,1,140,0.6357,3,0.8881,0.0143,54.31,22.25,2.45,-3.6,3.51,0.6738,0,1,0,0,1
2251,F03-MIL,F03,85.5,-18.12723,-48.4539,2023/2024,2024-01-22,22,90,frutificacao,0.8844,0.7205,18.94,44.54,22.03,21.71,86.34,34.84,34456.2,0,saudavel,4.33,1,140,0.6429,3,0.8841,-0.0283,55.3,24.7,10.14,-2.77,2.97,0.7822,0,1,0,0,1
2252,F03-MIL,F03,85.5,-18.12723,-48.4539,2023/2024,2024-01-23,23,91,frutificacao,0.8878,0.7783,20.08,40.77,0.0,22.6,80.66,27.96,59764.3,1,saudavel,4.33,1,140,0.65,3,0.8858,0.0122,46.7,34.84,-6.88,-2.52,4.37,0.6858,0,1,0,0,1
2253,F03-MIL,F03,85.5,-18.12723,-48.4539,2023/2024,2024-01-24,24,92,frutificacao,0.839,0.7095,20.68,46.44,18.39,22.71,84.06,32.28,44101.5,0,saudavel,4.33,1,140,0.6571,3,0.8792,-0.0462,58.87,27.96,4.32,-2.03,3.62,0.6951,0,1,0,0,1
2254,F03-MIL,F03,85.5,-18.12723,-48.4539,2023/2024,2024-01-25,25,93,frutificacao,0.8667,0.7333,16.52,42.52,0.0,20.45,75.14,26.14,58448.9,0,saudavel,4.33,1,140,0.6643,3,0.8718,-0.0519,58.87,32.28,-6.14,-3.93,5.08,0.6148,0,1,0,0,1
2255,F03-MIL,F03,85.5,-18.12723,-48.4539,2023/2024,2024-01-26,26,94,frutificacao,0.8487,0.7288,14.8,52.18,26.52,19.1,75.98,38.12,30113.7,0,saudavel,4.33,1,140,0.6714,3,0.8708,-0.0072,85.39,26.14,11.98,-4.3,4.59,0.7305,0,1,0,0,1
2256,F03-MIL,F03,85.5,-18.12723,-48.4539,2023/2024,2024-01-27,27,95,frutificacao,0.893,0.7279,14.59,47.81,0.0,19.75,82.54,31.36,52977.5,1,saudavel,4.33,1,140,0.6786,3,0.8739,0.022,75.19,38.12,-6.76,-5.16,3.45,0.6559,0,1,0,0,1
2257,F03-MIL,F03,85.5,-18.12723,-48.4539,2023/2024,2024-01-28,28,96,frutificacao,0.8561,0.7461,16.0,43.78,0.0,20.24,79.38,25.63,57365.0,1,saudavel,4.33,1,140,0.6857,3,0.868,-0.0416,66.94,31.36,-5.73,-4.24,4.17,0.5854,0,1,0,0,1
2258,F03-MIL,F03,85.5,-18.12723,-48.4539,2023/2024,2024-01-29,29,97,frutificacao,0.8307,0.7271,16.89,47.36,14.57,19.89,75.22,32.58,40705.4,0,saudavel,4.33,1,140,0.6929,3,0.8603,-0.0537,59.48,25.63,6.95,-3.0,4.93,0.6879,0,1,0,0,1
2259,F03-MIL,F03,85.5,-18.12723,-48.4539,2023/2024,2024-01-30,30,98,frutificacao,0.827,0.7058,13.59,43.37,0.0,18.38,87.62,25.41,54064.6,1,saudavel,4.33,1,140,0.7,3,0.8516,-0.0608,59.48,32.58,-7.17,-4.79,2.28,0.5859,0,1,0,0,1
2260,F03-MIL,F03,85.5,-18.12723,-48.4539,2023/2024,2024-01-31,31,99,frutificacao,0.8113,0.6988,16.25,39.7,0.0,20.48,80.63,18.21,54310.7,1,saudavel,4.33,1,140,0.7071,3,0.8476,-0.0277,41.09,25.41,-7.2,-4.23,3.97,0.4587,0,1,0,0,1
2261,F03-MIL,F03,85.5,-18.12723,-48.4539,2023/2024,2024-02-01,32,100,frutificacao,0.8117,0.6834,14.65,54.23,35.82,17.4,84.39,36.24,30018.4,0,saudavel,4.33,2,140,0.7143,3,0.8398,-0.055,76.91,18.21,18.03,-2.75,2.72,0.6683,0,1,0,0,1
2262,F03-MIL,F03,85.5,-18.12723,-48.4539,2023/2024,2024-02-02,33,101,frutificacao,0.7668,0.669,16.26,61.75,24.12,19.8,75.96,44.18,38017.2,0,saudavel,4.33,2,140,0.7214,3,0.8281,-0.0819,74.51,36.24,7.94,-3.54,4.76,0.7155,0,1,0,0,1
2263,F03-MIL,F03,85.5,-18.12723,-48.4539,2023/2024,2024-02-03,34,102,frutificacao,0.7959,0.66,17.04,56.61,0.0,19.83,87.6,37.59,57339.4,1,saudavel,4.33,2,140,0.7286,3,0.8142,-0.0971,74.51,44.18,-6.59,-2.79,2.46,0.664,0,1,0,0,1
2264,F03-MIL,F03,85.5,-18.12723,-48.4539,2023/2024,2024-02-04,35,103,frutificacao,0.7252,0.6158,16.37,70.46,37.15,19.71,78.38,52.77,27032.7,0,saudavel,4.33,2,140,0.7357,3,0.7955,-0.1309,111.66,37.59,15.18,-3.34,4.26,0.7489,0,1,0,0,1
2265,F03-MIL,F03,85.5,-18.12723,-48.4539,2023/2024,2024-02-05,36,104,frutificacao,0.7374,0.6273,18.4,64.62,0.0,20.74,83.52,41.26,51055.5,0,saudavel,4.33,2,140,0.7429,3,0.7822,-0.0933,97.09,52.77,-11.51,-2.34,3.42,0.6385,0,1,0,0,1
2266,F03-MIL,F03,85.5,-18.12723,-48.4539,2023/2024,2024-02-06,37,105,frutificacao,0.6968,0.5915,17.43,59.24,0.0,20.48,75.55,34.18,55496.5,1,saudavel,4.33,2,140,0.75,3,0.7636,-0.1302,97.09,41.26,-7.08,-3.05,5.01,0.577,0,1,0,0,1
2267,F03-MIL,F03,85.5,-18.12723,-48.4539,2023/2024,2024-02-07,38,106,frutificacao,0.6927,0.6102,18.53,54.02,0.0,22.67,77.88,28.68,58226.2,0,saudavel,4.33,2,140,0.7571,3,0.7466,-0.1186,97.09,34.18,-5.5,-4.14,5.01,0.5309,0,1,0,0,1
2268,F03-MIL,F03,85.5,-18.12723,-48.4539,2023/2024,2024-02-08,39,107,frutificacao,0.6887,0.6292,17.25,49.5,0.0,18.49,82.2,20.93,55972.6,1,saudavel,4.33,2,140,0.7643,3,0.7291,-0.123,61.27,28.68,-7.75,-1.24,3.29,0.4228,0,1,0,0,1
2269,F03-MIL,F03,85.5,-18.12723,-48.4539,2023/2024,2024-02-09,40,108,frutificacao,0.6106,0.5168,17.44,57.48,24.46,19.63,88.59,30.03,31835.4,0,saudavel,4.33,2,140,0.7714,3,0.7068,-0.1562,61.61,20.93,9.1,-2.19,2.24,0.5224,0,1,0,0,1
2270,F03-MIL,F03,85.5,-18.12723,-48.4539,2023/2024,2024-02-10,41,109,frutificacao,0.6162,0.5332,17.67,63.77,22.31,19.47,76.38,37.59,31453.3,0,saudavel,4.33,2,140,0.7786,3,0.6811,-0.1797,83.92,30.03,7.56,-1.8,4.6,0.5895,0,1,0,0,1
2271,F03-MIL,F03,85.5,-18.12723,-48.4539,2023/2024,2024-02-11,42,110,frutificacao,0.5648,0.464,17.56,58.31,0.0,19.34,79.54,31.35,53169.1,0,saudavel,4.33,2,140,0.7857,3,0.6582,-0.1604,46.77,37.59,-6.24,-1.78,3.96,0.5376,0,1,0,0,1
2272,F03-MIL,F03,85.5,-18.12723,-48.4539,2023/2024,2024-02-12,43,111,frutificacao,0.5613,0.4978,16.62,70.1,33.63,17.13,82.67,47.32,29388.5,0,saudavel,4.33,2,140,0.7929,3,0.633,-0.1761,80.4,31.35,15.97,-0.51,2.97,0.675,0,1,0,0,1
2273,F03-MIL,F03,85.5,-18.12723,-48.4539,2023/2024,2024-02-13,44,112,frutificacao,0.5111,0.4241,16.93,77.82,27.53,17.2,72.47,55.0,28602.9,0,saudavel,4.33,2,140,0.8,3,0.6065,-0.1857,107.93,47.32,7.68,-0.27,4.74,0.7068,0,1,0,0,1
2274,F03-MIL,F03,85.5,-18.12723,-48.4539,2023/2024,2024-02-14,45,113,frutificacao,0.5163,0.5017,18.82,71.17,0.0,18.92,67.49,45.66,50960.0,0,saudavel,4.33,2,140,0.8071,3,0.5813,-0.1764,107.93,55.0,-9.34,-0.1,6.15,0.6416,0,1,0,0,1
2275,F03-MIL,F03,85.5,-18.12723,-48.4539,2023/2024,2024-02-15,46,114,frutificacao,0.4779,0.3728,15.65,70.71,11.43,16.5,74.7,44.43,39202.5,0,saudavel,4.33,2,140,0.8143,3,0.5512,-0.2108,119.36,45.66,-1.23,-0.85,4.17,0.6283,0,1,0,0,1
2276,F03-MIL,F03,85.5,-18.12723,-48.4539,2023/2024,2024-02-16,47,115,frutificacao,0.4753,0.4469,17.98,64.57,0.0,18.31,83.29,35.64,58444.6,1,saudavel,4.33,2,140,0.8214,3,0.5318,-0.1353,94.9,44.43,-8.79,-0.33,3.06,0.552,0,1,0,0,1
2277,F03-MIL,F03,85.5,-18.12723,-48.4539,2023/2024,2024-02-17,48,116,frutificacao,0.4597,0.4106,18.07,60.33,2.89,17.79,87.2,28.01,45277.0,1,saudavel,4.33,2,140,0.8286,3,0.5095,-0.1565,75.48,35.64,-7.63,0.28,2.28,0.4643,0,1,0,0,1
2278,F03-MIL,F03,85.5,-18.12723,-48.4539,2023/2024,2024-02-18,49,117,frutificacao,0.4112,0.3271,20.11,54.92,0.0,18.26,73.57,21.06,47118.6,1,saudavel,4.33,2,140,0.8357,3,0.4875,-0.1536,75.48,28.01,-6.95,1.85,4.83,0.3835,0,1,0,0,1
2279,F03-MIL,F03,85.5,-18.12723,-48.4539,2023/2024,2024-02-19,50,118,frutificacao,0.406,0.3915,21.01,49.9,0.0,18.26,70.7,19.38,50252.1,1,saudavel,4.33,2,140,0.8429,3,0.4654,-0.1553,41.85,21.06,-1.68,2.75,5.35,0.3884,0,1,0,0,1
2280,F03-MIL,F03,85.5,-18.12723,-48.4539,2023/2024,2024-02-20,51,119,maturacao,0.3943,0.3166,16.44,59.98,29.36,17.0,86.32,33.68,24641.9,0,saudavel,4.33,2,140,0.85,4,0.4487,-0.1168,43.68,19.38,14.3,-0.56,2.33,0.5615,0,1,0,0,1
2281,F03-MIL,F03,85.5,-18.12723,-48.4539,2023/2024,2024-02-21,52,120,maturacao,0.3282,0.2727,21.19,67.97,26.99,19.87,73.94,42.81,30098.7,0,saudavel,4.33,2,140,0.8571,4,0.4218,-0.1881,70.67,33.68,9.13,1.32,5.18,0.6298,0,1,0,0,1
2282,F03-MIL,F03,85.5,-18.12723,-48.4539,2023/2024,2024-02-22,53,121,maturacao,0.3569,0.2775,18.29,64.24,4.74,17.67,76.07,36.75,48127.0,0,saudavel,4.33,2,140,0.8643,4,0.4045,-0.121,63.98,42.81,-6.06,0.62,4.23,0.5721,0,1,0,0,1
2283,F03-MIL,F03,85.5,-18.12723,-48.4539,2023/2024,2024-02-23,54,122,maturacao,0.3106,0.2611,17.02,58.37,0.0,17.81,84.98,29.36,44850.6,0,saudavel,4.33,2,140,0.8714,4,0.381,-0.1647,63.98,36.75,-7.39,-0.79,2.68,0.503,0,1,0,0,1
2284,F03-MIL,F03,85.5,-18.12723,-48.4539,2023/2024,2024-02-24,55,123,maturacao,0.2764,0.2339,18.81,60.34,14.85,19.14,83.21,34.03,33979.5,0,saudavel,4.33,2,140,0.8786,4,0.3548,-0.1833,75.94,29.36,4.67,-0.33,3.21,0.564,0,1,0,0,1
2285,F03-MIL,F03,85.5,-18.12723,-48.4539,2023/2024,2024-02-25,56,124,maturacao,0.2881,0.2615,19.34,55.94,2.4,18.0,81.93,29.4,43301.8,0,saudavel,4.33,2,140,0.8857,4,0.3372,-0.1231,78.34,34.03,-4.63,1.34,3.25,0.5256,0,1,0,0,1
2286,F03-MIL,F03,85.5,-18.12723,-48.4539,2023/2024,2024-02-26,57,125,maturacao,0.2682,0.2768,18.63,50.67,0.0,17.03,69.12,22.06,49867.5,1,saudavel,4.33,2,140,0.8929,4,0.3175,-0.1378,78.34,29.4,-7.34,1.6,5.26,0.4354,0,1,0,0,1
2287,F03-MIL,F03,85.5,-18.12723,-48.4539,2023/2024,2024-02-27,58,126,maturacao,0.2304,0.1856,19.41,45.76,0.0,17.78,70.77,18.88,48467.3,0,atencao,4.33,2,140,0.9,4,0.2941,-0.1639,48.98,22.06,-3.18,1.63,5.2,0.4126,0,1,0,0,1
2288,F03-MIL,F03,85.5,-18.12723,-48.4539,2023/2024,2024-02-28,59,127,maturacao,0.2266,0.1376,18.48,42.44,2.39,15.64,83.78,17.14,43867.0,0,atencao,4.33,2,140,0.9071,4,0.2796,-0.1016,24.38,18.88,-1.74,2.84,2.54,0.4039,0,1,0,0,1
2289,F03-MIL,F03,85.5,-18.12723,-48.4539,2023/2024,2024-02-29,60,128,maturacao,0.2726,0.2447,19.45,38.25,0.0,18.84,77.68,12.36,47160.9,0,saudavel,4.33,2,140,0.9143,4,0.2676,-0.0843,19.64,17.14,-4.78,0.61,4.21,0.3231,0,1,0,0,1
2290,F03-MIL,F03,85.5,-18.12723,-48.4539,2023/2024,2024-03-01,61,129,maturacao,0.2377,0.1911,14.06,34.35,0.0,13.59,75.18,8.85,42794.2,0,saudavel,4.33,3,140,0.9214,4,0.2571,-0.0729,19.64,12.36,-3.51,0.47,3.37,0.2576,0,1,0,0,0
2291,F03-MIL,F03,85.5,-18.12723,-48.4539,2023/2024,2024-03-02,62,130,maturacao,0.255,0.2531,20.42,30.78,0.0,19.54,73.61,7.09,43604.5,0,saudavel,4.33,3,140,0.9286,4,0.2541,-0.0214,4.79,8.85,-1.76,0.88,5.16,0.2303,0,1,0,0,0
2292,F03-MIL,F03,85.5,-18.12723,-48.4539,2023/2024,2024-03-03,63,131,maturacao,0.211,0.1787,20.6,27.44,0.0,19.11,80.97,6.28,41589.3,0,saudavel,4.33,3,140,0.9357,4,0.2431,-0.0771,2.39,7.09,-0.81,1.49,3.64,0.2289,0,1,0,0,0
2293,F03-MIL,F03,85.5,-18.12723,-48.4539,2023/2024,2024-03-04,64,132,maturacao,0.1981,0.1532,22.72,24.27,0.0,20.56,82.01,5.0,45581.1,0,saudavel,4.33,3,140,0.9429,4,0.2331,-0.0701,2.39,6.28,-1.28,2.16,3.7,0.206,0,1,0,0,0
2294,F03-MIL,F03,85.5,-18.12723,-48.4539,2023/2024,2024-03-05,65,133,maturacao,0.1759,0.1293,23.03,21.22,0.0,21.41,73.66,5.0,45223.1,0,atencao,4.33,3,140,0.95,4,0.2253,-0.0545,2.39,5.0,0.0,1.62,5.64,0.2356,0,1,0,0,0
2295,F03-MIL,F03,85.5,-18.12723,-48.4539,2023/2024,2024-03-06,66,134,maturacao,0.225,0.2037,19.35,18.66,0.0,19.52,71.21,5.0,41496.6,0,saudavel,4.33,3,140,0.9571,4,0.225,-0.0016,0.0,5.0,0.0,-0.17,5.62,0.268,0,1,0,0,0
2296,F03-MIL,F03,85.5,-18.12723,-48.4539,2023/2024,2024-03-07,67,135,maturacao,0.2104,0.1733,16.69,24.84,17.1,17.16,74.5,8.15,32793.3,0,saudavel,4.33,3,140,0.9643,4,0.2162,-0.0622,17.1,5.0,3.15,-0.47,4.38,0.3281,0,1,0,0,0
2297,F03-MIL,F03,85.5,-18.12723,-48.4539,2023/2024,2024-03-08,68,136,colheita,0.191,0.1917,23.74,21.78,0.0,21.34,79.91,5.0,46919.8,0,saudavel,4.33,3,140,0.9714,5,0.2095,-0.0467,17.1,8.15,-3.15,2.4,4.29,0.2296,0,1,0,0,0
2298,F03-MIL,F03,85.5,-18.12723,-48.4539,2023/2024,2024-03-09,69,137,colheita,0.1807,0.1494,17.52,19.1,0.0,16.27,82.67,5.0,40304.2,0,atencao,4.33,3,140,0.9786,5,0.1989,-0.0743,17.1,5.0,0.0,1.25,2.82,0.2618,0,1,0,0,0
2299,F03-MIL,F03,85.5,-18.12723,-48.4539,2023/2024,2024-03-10,70,138,colheita,0.2168,0.2126,15.24,18.37,3.34,15.2,77.49,5.12,40304.2,0,saudavel,4.33,3,140,0.9857,5,0.1997,0.0058,20.44,5.0,0.12,0.04,3.42,0.2787,0,1,0,0,0
2300,F03-MIL,F03,85.5,-18.12723,-48.4539,2023/2024,2024-03-11,71,139,colheita,0.1888,0.1329,23.74,15.89,0.0,20.82,70.31,6.04,44227.0,0,saudavel,4.33,3,140,0.9929,5,0.1984,-0.0093,20.44,5.12,0.92,2.92,6.18,0.3801,0,1,0,0,0
2301,F03-MIL,F03,85.5,-18.12723,-48.4539,2024/2025,2024-10-24,298,0,germinacao,0.1479,0.1127,30.12,45.0,0.0,28.88,68.47,44.62,51049.4,0,atencao,4.62,10,140,0.0,0,0.1479,0.0,0.0,44.62,0.0,1.24,9.11,0.9916,0,1,0,1,0
2302,F03-MIL,F03,85.5,-18.12723,-48.4539,2024/2025,2024-10-25,299,1,germinacao,0.1861,0.1668,28.8,39.77,0.0,25.95,68.5,35.49,51049.4,1,saudavel,4.62,10,140,0.0071,0,0.167,0.0,0.0,44.62,-9.13,2.85,8.17,0.8924,0,1,0,1,0
2303,F03-MIL,F03,85.5,-18.12723,-48.4539,2024/2025,2024-10-26,300,2,germinacao,0.2086,0.1913,30.64,38.93,8.72,29.42,60.59,30.33,44535.7,0,saudavel,4.62,10,140,0.0143,0,0.1809,0.0,8.72,35.49,-5.16,1.22,11.59,0.7791,0,1,0,1,0
2304,F03-MIL,F03,85.5,-18.12723,-48.4539,2024/2025,2024-10-27,301,3,germinacao,0.1954,0.1657,30.57,33.68,0.0,30.19,69.05,21.82,54248.7,1,saudavel,4.62,10,140,0.0214,0,0.1845,0.0,8.72,30.33,-8.51,0.38,9.34,0.6479,0,1,0,1,0
2305,F03-MIL,F03,85.5,-18.12723,-48.4539,2024/2025,2024-10-28,302,4,germinacao,0.1699,0.1268,29.98,29.09,0.0,27.92,66.42,17.17,44878.1,1,saudavel,4.62,10,140,0.0286,0,0.1816,0.0,8.72,21.82,-4.65,2.06,9.38,0.5902,0,1,0,1,0
2306,F03-MIL,F03,85.5,-18.12723,-48.4539,2024/2025,2024-10-29,303,5,germinacao,0.1883,0.1471,27.49,25.09,0.0,26.3,77.9,15.11,51756.0,1,saudavel,4.62,10,140,0.0357,0,0.1827,0.0,8.72,17.17,-2.06,1.19,5.81,0.6022,0,1,0,1,0
2307,F03-MIL,F03,85.5,-18.12723,-48.4539,2024/2025,2024-10-30,304,6,germinacao,0.1582,0.1212,34.51,23.46,5.19,30.48,68.47,10.84,47352.0,0,atencao,4.62,10,140,0.0429,0,0.1792,0.0,13.91,15.11,-4.27,4.03,9.61,0.4621,0,1,0,1,0
2308,F03-MIL,F03,85.5,-18.12723,-48.4539,2024/2025,2024-10-31,305,7,germinacao,0.1865,0.1158,31.07,19.63,0.0,28.62,74.49,6.85,52497.0,1,saudavel,4.62,10,140,0.05,0,0.1847,0.0386,13.91,10.84,-3.99,2.45,7.3,0.349,0,1,0,1,0
2309,F03-MIL,F03,85.5,-18.12723,-48.4539,2024/2025,2024-11-01,306,8,germinacao,0.1778,0.1526,30.21,16.01,0.0,29.28,68.11,5.0,53058.8,1,saudavel,4.62,11,140,0.0571,0,0.1835,-0.0083,13.91,6.85,-1.85,0.93,9.34,0.3123,0,1,0,1,0
2310,F03-MIL,F03,85.5,-18.12723,-48.4539,2024/2025,2024-11-02,307,9,germinacao,0.1643,0.1063,29.25,13.04,0.0,26.16,69.17,5.0,50739.6,1,atencao,4.62,11,140,0.0643,0,0.1772,-0.0443,5.19,5.0,0.0,3.09,8.07,0.3834,0,1,0,1,0
2311,F03-MIL,F03,85.5,-18.12723,-48.4539,2024/2025,2024-11-03,308,10,germinacao,0.1984,0.1701,28.39,18.43,16.13,26.09,75.78,7.05,34469.7,0,saudavel,4.62,11,140,0.0714,0,0.1776,0.003,21.32,5.0,2.05,2.3,6.32,0.3825,0,1,0,1,0
2312,F03-MIL,F03,85.5,-18.12723,-48.4539,2024/2025,2024-11-04,309,11,germinacao,0.1473,0.096,31.05,17.96,6.04,28.61,72.79,8.22,48995.5,0,atencao,4.62,11,140,0.0786,0,0.1744,-0.0226,27.36,7.05,1.17,2.44,7.78,0.4577,0,1,0,1,0
2313,F03-MIL,F03,85.5,-18.12723,-48.4539,2024/2025,2024-11-05,310,12,germinacao,0.1642,0.1154,33.55,14.44,0.0,29.45,72.66,5.08,51025.4,1,atencao,4.62,11,140,0.0857,0,0.171,-0.0241,27.36,8.22,-3.14,4.1,8.05,0.3518,0,1,0,1,0
2314,F03-MIL,F03,85.5,-18.12723,-48.4539,2024/2025,2024-11-06,311,13,germinacao,0.1679,0.1561,27.65,11.6,0.0,26.14,72.72,5.76,55467.0,1,atencao,4.62,11,140,0.0929,0,0.1723,0.0097,22.17,5.08,0.68,1.51,7.13,0.4966,0,1,0,1,0
2315,F03-MIL,F03,85.5,-18.12723,-48.4539,2024/2025,2024-11-07,312,14,vegetativo,0.1805,0.154,31.01,8.83,0.0,27.6,76.41,5.0,51693.2,1,saudavel,4.62,11,140,0.1,1,0.1715,-0.006,22.17,5.76,-0.76,3.41,6.51,0.5663,0,1,0,1,0
2316,F03-MIL,F03,85.5,-18.12723,-48.4539,2024/2025,2024-11-08,313,15,vegetativo,0.2183,0.1479,26.92,8.0,0.0,25.29,77.22,5.0,56824.5,1,saudavel,4.62,11,140,0.1071,1,0.1773,0.0405,22.17,5.0,0.0,1.63,5.76,0.625,0,1,0,1,0
2317,F03-MIL,F03,85.5,-18.12723,-48.4539,2024/2025,2024-11-09,314,16,vegetativo,0.2094,0.1668,28.63,8.0,0.0,26.54,62.51,5.0,54819.8,1,saudavel,4.62,11,140,0.1143,1,0.1837,0.0451,22.17,5.0,0.0,2.09,9.95,0.625,0,1,0,1,0
2318,F03-MIL,F03,85.5,-18.12723,-48.4539,2024/2025,2024-11-10,315,17,vegetativo,0.1986,0.1741,28.58,8.0,7.93,27.12,71.9,5.0,47966.4,0,saudavel,4.62,11,140,0.1214,1,0.1837,0.0002,13.97,5.0,0.0,1.46,7.62,0.625,0,1,0,1,0
2319,F03-MIL,F03,85.5,-18.12723,-48.4539,2024/2025,2024-11-11,316,18,vegetativo,0.2003,0.1579,29.67,8.0,0.0,28.15,77.78,5.0,54703.5,1,saudavel,4.62,11,140,0.1286,1,0.1913,0.053,7.93,5.0,0.0,1.52,6.25,0.625,0,1,0,1,0
2320,F03-MIL,F03,85.5,-18.12723,-48.4539,2024/2025,2024-11-12,317,19,vegetativo,0.2019,0.1648,25.92,8.26,12.16,24.18,77.78,5.0,43167.9,0,saudavel,4.62,11,140,0.1357,1,0.1967,0.0377,20.09,5.0,0.0,1.74,5.37,0.6053,0,1,0,1,0
2321,F03-MIL,F03,85.5,-18.12723,-48.4539,2024/2025,2024-11-13,318,20,vegetativo,0.233,0.203,29.23,8.0,0.0,24.18,63.88,5.0,55183.5,1,saudavel,4.62,11,140,0.1429,1,0.206,0.0651,20.09,5.0,0.0,5.05,8.73,0.625,0,1,0,1,0
2322,F03-MIL,F03,85.5,-18.12723,-48.4539,2024/2025,2024-11-14,319,21,vegetativo,0.1733,0.1482,29.69,8.0,0.0,26.91,73.18,5.0,59639.9,1,atencao,4.62,11,140,0.15,1,0.205,-0.0072,20.09,5.0,0.0,2.78,7.22,0.625,0,1,0,1,0
2323,F03-MIL,F03,85.5,-18.12723,-48.4539,2024/2025,2024-11-15,320,22,vegetativo,0.2296,0.1753,31.06,11.33,20.24,29.02,75.34,8.31,32702.5,0,saudavel,4.62,11,140,0.1571,1,0.2066,0.0113,40.33,5.0,3.31,2.04,7.16,0.7335,0,1,0,1,0
2324,F03-MIL,F03,85.5,-18.12723,-48.4539,2024/2025,2024-11-16,321,23,vegetativo,0.2092,0.1783,28.65,10.13,3.11,28.03,71.16,8.04,51633.6,0,saudavel,4.62,11,140,0.1643,1,0.2066,-0.0002,43.44,8.31,-0.27,0.62,8.08,0.7937,0,1,0,1,0
2325,F03-MIL,F03,85.5,-18.12723,-48.4539,2024/2025,2024-11-17,322,24,vegetativo,0.2354,0.1943,30.71,8.0,0.0,28.17,79.97,5.51,59871.8,1,saudavel,4.62,11,140,0.1714,1,0.2118,0.0368,35.51,8.04,-2.53,2.54,5.64,0.6888,0,1,0,1,0
2326,F03-MIL,F03,85.5,-18.12723,-48.4539,2024/2025,2024-11-18,323,25,vegetativo,0.2423,0.2404,33.11,8.0,0.0,29.83,81.85,5.0,59352.9,1,saudavel,4.62,11,140,0.1786,1,0.2178,0.042,35.51,5.51,-0.51,3.28,5.41,0.625,0,1,0,1,0
2327,F03-MIL,F03,85.5,-18.12723,-48.4539,2024/2025,2024-11-19,324,26,vegetativo,0.2545,0.2143,26.58,8.0,9.27,25.54,65.71,7.09,52295.0,0,saudavel,4.62,11,140,0.1857,1,0.2253,0.0526,32.62,5.0,2.09,1.04,8.76,0.8862,0,1,0,1,0
2328,F03-MIL,F03,85.5,-18.12723,-48.4539,2024/2025,2024-11-20,325,27,vegetativo,0.2803,0.241,27.52,14.54,18.23,26.82,72.76,17.99,39685.7,0,saudavel,4.62,11,140,0.1929,1,0.2321,0.0473,50.85,7.09,10.9,0.7,7.31,1.2373,0,1,0,1,0
2329,F03-MIL,F03,85.5,-18.12723,-48.4539,2024/2025,2024-11-21,326,28,vegetativo,0.2311,0.2017,28.07,11.92,0.0,25.04,64.46,13.72,53482.3,1,atencao,4.62,11,140,0.2,1,0.2403,0.0578,50.85,17.99,-4.27,3.03,8.9,1.151,0,1,0,1,0
2330,F03-MIL,F03,85.5,-18.12723,-48.4539,2024/2025,2024-11-22,327,29,vegetativo,0.2898,0.2399,28.07,10.99,3.09,26.28,78.55,10.48,51321.4,0,saudavel,4.62,11,140,0.2071,1,0.2489,0.0602,33.7,13.72,-3.24,1.79,5.64,0.9536,0,1,0,1,0
2331,F03-MIL,F03,85.5,-18.12723,-48.4539,2024/2025,2024-11-23,328,30,vegetativo,0.2809,0.2243,28.75,12.16,7.44,27.42,71.27,10.05,49714.9,0,saudavel,4.62,11,140,0.2143,1,0.2592,0.0717,38.03,10.48,-0.43,1.33,7.88,0.8265,0,1,0,1,0
2332,F03-MIL,F03,85.5,-18.12723,-48.4539,2024/2025,2024-11-24,329,31,vegetativo,0.2868,0.253,30.17,9.46,0.0,27.93,72.09,5.0,60213.6,1,saudavel,4.62,11,140,0.2214,1,0.2665,0.0514,38.03,10.05,-5.05,2.24,7.8,0.5285,0,1,0,1,0
2333,F03-MIL,F03,85.5,-18.12723,-48.4539,2024/2025,2024-11-25,330,32,vegetativo,0.352,0.3086,26.68,11.62,8.51,25.57,81.73,8.73,49086.4,0,saudavel,4.62,11,140,0.2286,1,0.2822,0.1097,46.54,5.0,3.73,1.11,4.67,0.7513,0,1,0,1,0
2334,F03-MIL,F03,85.5,-18.12723,-48.4539,2024/2025,2024-11-26,331,33,vegetativo,0.3423,0.3326,26.59,18.82,18.65,24.24,70.25,15.73,39137.5,0,saudavel,4.62,11,140,0.2357,1,0.2947,0.0878,55.92,8.73,7.0,2.35,7.21,0.8358,0,1,0,1,0
2335,F03-MIL,F03,85.5,-18.12723,-48.4539,2024/2025,2024-11-27,332,34,vegetativo,0.3383,0.3024,27.0,20.11,8.42,26.06,68.01,15.73,51370.5,0,saudavel,4.62,11,140,0.2429,1,0.303,0.058,46.11,15.73,0.0,0.94,8.34,0.7822,0,1,0,1,0
2336,F03-MIL,F03,85.5,-18.12723,-48.4539,2024/2025,2024-11-28,333,35,vegetativo,0.3858,0.3431,25.53,17.33,0.0,24.58,65.51,10.97,58595.1,1,saudavel,4.62,11,140,0.25,1,0.3251,0.1547,46.11,15.73,-4.76,0.95,8.48,0.633,0,1,0,1,0
2337,F03-MIL,F03,85.5,-18.12723,-48.4539,2024/2025,2024-11-29,334,36,vegetativo,0.3872,0.3435,26.5,14.73,0.0,24.89,83.15,5.55,57321.0,1,saudavel,4.62,11,140,0.2571,1,0.339,0.0974,43.02,10.97,-5.42,1.61,4.19,0.3768,0,1,0,1,0
2338,F03-MIL,F03,85.5,-18.12723,-48.4539,2024/2025,2024-11-30,335,37,vegetativo,0.4023,0.3282,24.6,22.09,19.87,26.66,81.02,14.01,36302.5,0,saudavel,4.62,11,140,0.2643,1,0.3564,0.1214,55.45,5.55,8.46,-2.06,5.06,0.6342,0,1,0,1,0
2339,F03-MIL,F03,85.5,-18.12723,-48.4539,2024/2025,2024-12-01,336,38,vegetativo,0.423,0.3344,27.61,32.71,27.4,26.29,74.68,27.55,34836.4,0,saudavel,4.62,12,140,0.2714,1,0.3758,0.1362,82.85,14.01,13.54,1.32,6.66,0.8423,0,1,0,0,1
2340,F03-MIL,F03,85.5,-18.12723,-48.4539,2024/2025,2024-12-02,337,39,vegetativo,0.4664,0.3764,26.01,34.87,12.18,26.71,69.6,29.95,50169.4,0,saudavel,4.62,12,140,0.2786,1,0.3922,0.1144,86.52,27.55,2.4,-0.7,8.12,0.8589,0,1,0,0,1
2341,F03-MIL,F03,85.5,-18.12723,-48.4539,2024/2025,2024-12-03,338,40,vegetativo,0.4741,0.4168,25.08,40.32,18.61,24.85,81.35,34.25,37601.2,0,saudavel,4.62,12,140,0.2857,1,0.411,0.1318,86.48,29.95,4.3,0.23,4.63,0.8495,0,1,0,0,1
2342,F03-MIL,F03,85.5,-18.12723,-48.4539,2024/2025,2024-12-04,339,41,vegetativo,0.5161,0.4672,27.79,42.77,13.83,26.77,89.88,32.35,44356.0,0,saudavel,4.62,12,140,0.2929,1,0.4364,0.1778,91.89,34.25,-1.9,1.02,2.71,0.7564,0,1,0,0,1
2343,F03-MIL,F03,85.5,-18.12723,-48.4539,2024/2025,2024-12-05,340,42,vegetativo,0.5577,0.4887,23.85,45.77,14.82,25.18,75.96,39.61,46660.5,0,saudavel,4.62,12,140,0.3,1,0.461,0.1719,106.71,32.35,7.26,-1.33,6.05,0.8654,0,1,0,0,1
2344,F03-MIL,F03,85.5,-18.12723,-48.4539,2024/2025,2024-12-06,341,43,vegetativo,0.5691,0.4804,23.05,41.21,0.0,24.63,71.53,32.99,55980.1,1,saudavel,4.62,12,140,0.3071,1,0.487,0.1819,106.71,39.61,-6.62,-1.58,7.01,0.8005,0,1,0,0,1
2345,F03-MIL,F03,85.5,-18.12723,-48.4539,2024/2025,2024-12-07,342,44,vegetativo,0.6331,0.5717,21.55,40.62,6.72,23.3,84.62,31.97,53911.2,0,saudavel,4.62,12,140,0.3143,1,0.5199,0.2308,93.56,32.99,-1.02,-1.75,3.58,0.7871,0,1,0,0,1
2346,F03-MIL,F03,85.5,-18.12723,-48.4539,2024/2025,2024-12-08,343,45,vegetativo,0.6199,0.518,18.68,36.9,0.0,21.71,73.77,28.04,58574.1,0,saudavel,4.62,12,140,0.3214,1,0.5481,0.1969,66.16,31.97,-3.93,-3.03,5.69,0.7599,0,1,0,0,1
2347,F03-MIL,F03,85.5,-18.12723,-48.4539,2024/2025,2024-12-09,344,46,vegetativo,0.6718,0.5481,22.55,33.47,0.0,22.4,77.25,22.51,55974.4,1,saudavel,4.62,12,140,0.3286,1,0.5774,0.2054,53.98,28.04,-5.53,0.15,5.1,0.6725,0,1,0,0,1
2348,F03-MIL,F03,85.5,-18.12723,-48.4539,2024/2025,2024-12-10,345,47,vegetativo,0.6885,0.5903,22.73,42.38,24.7,24.97,64.41,33.32,40447.8,0,saudavel,4.62,12,140,0.3357,1,0.608,0.2144,60.07,22.51,10.81,-2.24,8.89,0.7862,0,1,0,0,1
2349,F03-MIL,F03,85.5,-18.12723,-48.4539,2024/2025,2024-12-11,346,48,vegetativo,0.7223,0.6398,22.32,38.49,0.0,23.18,77.22,33.32,58724.2,1,saudavel,4.62,12,140,0.3429,1,0.6375,0.2062,46.24,33.32,0.0,-0.86,5.28,0.8657,0,1,0,0,1
2350,F03-MIL,F03,85.5,-18.12723,-48.4539,2024/2025,2024-12-12,347,49,floracao,0.7527,0.623,18.86,35.1,0.0,21.97,73.13,25.16,61374.1,1,saudavel,4.62,12,140,0.35,2,0.6653,0.195,31.42,33.32,-8.16,-3.11,5.9,0.7168,0,1,0,0,1
2351,F03-MIL,F03,85.5,-18.12723,-48.4539,2024/2025,2024-12-13,348,50,floracao,0.698,0.5592,21.46,40.68,17.97,23.71,84.82,32.46,38561.3,0,saudavel,4.62,12,140,0.3571,2,0.6838,0.1289,49.39,25.16,7.3,-2.25,3.6,0.7979,0,1,0,0,1
2352,F03-MIL,F03,85.5,-18.12723,-48.4539,2024/2025,2024-12-14,349,51,floracao,0.757,0.6442,22.78,43.57,13.54,24.65,73.13,35.93,51034.9,0,saudavel,4.62,12,140,0.3643,2,0.7015,0.1239,56.21,32.46,3.47,-1.87,6.62,0.8246,0,1,0,0,1
2353,F03-MIL,F03,85.5,-18.12723,-48.4539,2024/2025,2024-12-15,350,52,floracao,0.7663,0.6668,20.75,39.46,0.0,24.75,81.9,26.8,65764.4,1,saudavel,4.62,12,140,0.3714,2,0.7224,0.1464,56.21,35.93,-9.13,-4.0,4.48,0.6792,0,1,0,0,1
2354,F03-MIL,F03,85.5,-18.12723,-48.4539,2024/2025,2024-12-16,351,53,floracao,0.7861,0.6089,20.8,74.27,76.93,23.98,77.98,70.94,25468.6,0,saudavel,4.62,12,140,0.3786,2,0.7387,0.1143,133.14,26.8,44.14,-3.18,5.28,0.9552,0,1,0,0,1
2355,F03-MIL,F03,85.5,-18.12723,-48.4539,2024/2025,2024-12-17,352,54,floracao,0.7898,0.6909,21.63,67.85,0.0,23.83,79.26,60.11,59478.3,0,saudavel,4.62,12,140,0.3857,2,0.7532,0.1013,108.44,70.94,-10.83,-2.2,4.94,0.8859,0,1,0,0,1
2356,F03-MIL,F03,85.5,-18.12723,-48.4539,2024/2025,2024-12-18,353,55,floracao,0.7993,0.6521,19.6,62.06,0.0,23.01,81.77,60.11,63971.2,1,saudavel,4.62,12,140,0.3929,2,0.7642,0.077,108.44,60.11,0.0,-3.41,4.19,0.9686,0,1,0,0,1
2357,F03-MIL,F03,85.5,-18.12723,-48.4539,2024/2025,2024-12-19,354,56,floracao,0.7993,0.6939,20.99,64.53,15.99,24.67,77.93,48.49,42603.0,0,saudavel,4.62,12,140,0.4,2,0.7708,0.0466,124.43,60.11,-11.62,-3.68,5.44,0.7514,0,1,0,0,1
2358,F03-MIL,F03,85.5,-18.12723,-48.4539,2024/2025,2024-12-20,355,57,floracao,0.8331,0.6682,20.96,59.02,0.0,23.35,75.78,38.51,61227.9,0,saudavel,4.62,12,140,0.4071,2,0.7901,0.1351,106.46,48.49,-9.98,-2.39,5.66,0.6525,0,1,0,0,1
2359,F03-MIL,F03,85.5,-18.12723,-48.4539,2024/2025,2024-12-21,356,58,floracao,0.8586,0.7003,21.07,53.98,0.0,23.4,74.96,33.47,54955.9,1,saudavel,4.62,12,140,0.4143,2,0.8046,0.1016,92.92,38.51,-5.04,-2.33,5.86,0.62,0,1,0,0,1
2360,F03-MIL,F03,85.5,-18.12723,-48.4539,2024/2025,2024-12-22,357,59,floracao,0.8377,0.7244,22.98,52.45,6.66,24.96,80.64,31.76,50965.6,0,saudavel,4.62,12,140,0.4214,2,0.8148,0.0714,99.58,33.47,-1.71,-1.98,4.83,0.6055,0,1,0,0,1
2361,F03-MIL,F03,85.5,-18.12723,-48.4539,2024/2025,2024-12-23,358,60,floracao,0.8478,0.7449,20.19,58.56,21.55,24.49,68.89,39.71,39348.6,0,saudavel,4.62,12,140,0.4286,2,0.8237,0.0617,44.2,31.76,7.95,-4.3,7.62,0.6781,0,1,0,0,1
2362,F03-MIL,F03,85.5,-18.12723,-48.4539,2024/2025,2024-12-24,359,61,floracao,0.8463,0.7192,18.73,56.93,6.68,22.92,87.75,36.86,51508.7,0,saudavel,4.62,12,140,0.4357,2,0.8317,0.0565,50.88,39.71,-2.85,-4.19,2.81,0.6475,0,1,0,0,1
2363,F03-MIL,F03,85.5,-18.12723,-48.4539,2024/2025,2024-12-25,360,62,floracao,0.8456,0.7666,18.53,52.13,0.0,22.61,80.22,29.78,58840.7,1,saudavel,4.62,12,140,0.4429,2,0.8383,0.0463,50.88,36.86,-7.08,-4.08,4.47,0.5713,0,1,0,0,1
2364,F03-MIL,F03,85.5,-18.12723,-48.4539,2024/2025,2024-12-26,361,63,floracao,0.8652,0.715,19.43,47.76,0.0,22.5,77.95,23.37,55341.4,1,saudavel,4.62,12,140,0.45,2,0.8478,0.0659,34.89,29.78,-6.41,-3.07,4.96,0.4893,0,1,0,0,1
2365,F03-MIL,F03,85.5,-18.12723,-48.4539,2024/2025,2024-12-27,362,64,floracao,0.8807,0.7279,14.74,52.92,18.35,19.86,82.55,29.58,43504.0,0,saudavel,4.62,12,140,0.4571,2,0.8546,0.0476,53.24,23.37,6.21,-5.12,3.47,0.559,0,1,0,0,1
2366,F03-MIL,F03,85.5,-18.12723,-48.4539,2024/2025,2024-12-28,363,65,floracao,0.9024,0.761,19.18,48.3,0.0,24.44,75.51,25.28,55782.4,1,saudavel,4.62,12,140,0.4643,2,0.8608,0.0438,53.24,29.58,-4.3,-5.26,5.99,0.5234,0,1,0,0,1
2367,F03-MIL,F03,85.5,-18.12723,-48.4539,2024/2025,2024-12-29,364,66,floracao,0.8563,0.7208,17.25,44.24,0.0,21.67,79.25,20.83,64370.6,1,saudavel,4.62,12,140,0.4714,2,0.8635,0.0186,46.58,25.28,-4.45,-4.42,4.5,0.4708,0,1,0,0,1
2368,F03-MIL,F03,85.5,-18.12723,-48.4539,2024/2025,2024-12-30,365,67,floracao,0.882,0.7554,19.0,50.46,20.19,23.87,73.16,30.82,37551.7,0,saudavel,4.62,12,140,0.4786,2,0.8684,0.0342,45.22,20.83,9.99,-4.87,6.41,0.6108,0,1,0,0,1
2369,F03-MIL,F03,85.5,-18.12723,-48.4539,2024/2025,2024-12-31,366,68,floracao,0.9083,0.7572,19.26,46.22,0.0,22.56,81.48,25.83,62026.7,1,saudavel,4.62,12,140,0.4857,2,0.8772,0.062,38.54,30.82,-4.99,-3.3,4.18,0.5588,0,1,0,0,1
2370,F03-MIL,F03,85.5,-18.12723,-48.4539,2024/2025,2025-01-01,1,69,floracao,0.863,0.7449,21.63,56.5,28.86,24.58,77.99,41.46,33053.1,0,saudavel,4.62,1,140,0.4929,2,0.8797,0.0174,67.4,25.83,15.63,-2.95,5.41,0.7338,0,1,0,0,1
2371,F03-MIL,F03,85.5,-18.12723,-48.4539,2024/2025,2025-01-02,2,70,floracao,0.9134,0.7872,18.49,55.4,7.27,23.19,80.15,39.13,49378.2,0,saudavel,4.62,1,140,0.5,2,0.8866,0.0482,74.67,41.46,-2.33,-4.7,4.6,0.7063,0,1,0,0,1
2372,F03-MIL,F03,85.5,-18.12723,-48.4539,2024/2025,2025-01-03,3,71,floracao,0.8805,0.7807,19.54,51.67,2.03,23.66,86.33,34.23,55732.0,1,saudavel,4.62,1,140,0.5071,2,0.8866,-0.0002,58.35,39.13,-4.9,-4.12,3.23,0.6625,0,1,0,0,1
2373,F03-MIL,F03,85.5,-18.12723,-48.4539,2024/2025,2025-01-04,4,72,floracao,0.9045,0.759,14.63,58.04,21.4,21.31,76.29,41.97,36833.9,0,saudavel,4.62,1,140,0.5143,2,0.8869,0.0021,79.75,34.23,7.74,-6.68,5.05,0.7231,0,1,0,0,1
2374,F03-MIL,F03,85.5,-18.12723,-48.4539,2024/2025,2025-01-05,5,73,floracao,0.8868,0.7605,15.73,53.19,0.0,20.17,80.33,32.74,58134.8,1,saudavel,4.62,1,140,0.5214,2,0.8912,0.0305,79.75,41.97,-9.23,-4.44,3.97,0.6155,0,1,0,0,1
2375,F03-MIL,F03,85.5,-18.12723,-48.4539,2024/2025,2025-01-06,6,74,floracao,0.9009,0.7779,19.36,58.67,19.87,22.22,71.46,39.16,35705.0,0,saudavel,4.62,1,140,0.5286,2,0.8939,0.0189,79.43,32.74,6.42,-2.86,6.34,0.6675,0,1,0,0,1
2376,F03-MIL,F03,85.5,-18.12723,-48.4539,2024/2025,2025-01-07,7,75,floracao,0.9243,0.7855,14.2,53.78,0.0,19.03,84.36,32.74,60708.8,1,saudavel,4.62,1,140,0.5357,2,0.8962,0.016,79.43,39.16,-6.42,-4.83,2.98,0.6088,0,1,0,0,1
2377,F03-MIL,F03,85.5,-18.12723,-48.4539,2024/2025,2025-01-08,8,76,floracao,0.89,0.7522,16.0,49.56,0.57,21.1,80.24,27.97,56377.0,1,saudavel,4.62,1,140,0.5429,2,0.9001,0.027,51.14,32.74,-4.77,-5.1,4.17,0.5644,0,1,0,0,1
2378,F03-MIL,F03,85.5,-18.12723,-48.4539,2024/2025,2025-01-09,9,77,frutificacao,0.9124,0.7343,17.09,46.4,2.0,19.93,81.09,26.15,56579.6,1,saudavel,4.62,1,140,0.55,3,0.8999,-0.001,45.87,27.97,-1.82,-2.84,3.77,0.5636,0,1,0,0,1
2379,F03-MIL,F03,85.5,-18.12723,-48.4539,2024/2025,2025-01-10,10,78,frutificacao,0.8837,0.7528,15.29,42.48,0.0,20.36,79.92,20.5,61786.7,1,saudavel,4.62,1,140,0.5571,3,0.9004,0.0032,43.84,26.15,-5.65,-5.07,4.09,0.4826,0,1,0,0,1
2380,F03-MIL,F03,85.5,-18.12723,-48.4539,2024/2025,2025-01-11,11,79,frutificacao,0.848,0.7327,20.33,38.87,0.0,22.41,76.54,16.86,60358.1,1,saudavel,4.62,1,140,0.5643,3,0.8923,-0.0565,22.44,20.5,-3.64,-2.08,5.26,0.4338,0,1,0,0,1
2381,F03-MIL,F03,85.5,-18.12723,-48.4539,2024/2025,2025-01-12,12,80,frutificacao,0.8463,0.7182,21.49,35.56,0.0,22.22,91.99,13.37,56648.1,0,saudavel,4.62,1,140,0.5714,3,0.8865,-0.0405,22.44,16.86,-3.49,-0.73,1.78,0.376,0,1,0,0,1
2382,F03-MIL,F03,85.5,-18.12723,-48.4539,2024/2025,2025-01-13,13,81,frutificacao,0.8302,0.6901,17.51,32.51,0.0,21.09,80.33,13.14,61498.2,1,saudavel,4.62,1,140,0.5786,3,0.8764,-0.0707,2.57,13.37,-0.23,-3.58,4.15,0.4042,0,1,0,0,1
2383,F03-MIL,F03,85.5,-18.12723,-48.4539,2024/2025,2025-01-14,14,82,frutificacao,0.7913,0.639,19.84,39.86,20.34,21.72,81.19,24.28,40491.1,0,atencao,4.62,1,140,0.5857,3,0.8574,-0.133,22.91,13.14,11.14,-1.88,4.09,0.6091,0,1,0,0,1
2384,F03-MIL,F03,85.5,-18.12723,-48.4539,2024/2025,2025-01-15,15,83,frutificacao,0.8136,0.7006,15.35,36.47,0.0,20.34,74.79,20.24,55967.6,1,atencao,4.62,1,140,0.5929,3,0.8465,-0.0764,22.34,24.28,-4.04,-4.99,5.13,0.555,0,1,0,0,1
2385,F03-MIL,F03,85.5,-18.12723,-48.4539,2024/2025,2025-01-16,16,84,frutificacao,0.8023,0.6826,19.77,35.71,5.43,24.7,82.24,19.34,51150.7,0,atencao,4.62,1,140,0.6,3,0.8308,-0.1101,25.77,20.24,-0.9,-4.93,4.39,0.5416,0,1,0,0,1
2386,F03-MIL,F03,85.5,-18.12723,-48.4539,2024/2025,2025-01-17,17,85,frutificacao,0.79,0.6993,17.52,32.65,0.0,21.42,79.1,15.26,60773.8,1,atencao,4.62,1,140,0.6071,3,0.8174,-0.0937,25.77,19.34,-4.08,-3.9,4.48,0.4674,0,1,0,0,1
2387,F03-MIL,F03,85.5,-18.12723,-48.4539,2024/2025,2025-01-18,18,86,frutificacao,0.7867,0.6397,17.74,29.84,0.0,20.0,82.74,10.08,59943.5,1,atencao,4.62,1,140,0.6143,3,0.8086,-0.0613,25.77,15.26,-5.18,-2.26,3.45,0.3378,0,1,0,0,1
2388,F03-MIL,F03,85.5,-18.12723,-48.4539,2024/2025,2025-01-19,19,87,frutificacao,0.7613,0.6377,19.26,27.14,0.0,22.11,82.74,5.97,52929.5,1,atencao,4.62,1,140,0.6214,3,0.7965,-0.085,25.77,10.08,-4.11,-2.85,3.82,0.22,0,1,0,0,1
2389,F03-MIL,F03,85.5,-18.12723,-48.4539,2024/2025,2025-01-20,20,88,frutificacao,0.714,0.5805,19.95,24.53,0.0,22.57,78.32,5.0,54244.6,1,atencao,4.62,1,140,0.6286,3,0.7799,-0.1162,25.77,5.97,-0.97,-2.62,4.89,0.2038,0,1,0,0,1
2390,F03-MIL,F03,85.5,-18.12723,-48.4539,2024/2025,2025-01-21,21,89,frutificacao,0.7019,0.6172,15.85,22.37,0.0,19.46,77.25,5.0,59166.3,1,atencao,4.62,1,140,0.6357,3,0.7671,-0.0894,5.43,5.0,0.0,-3.61,4.43,0.2235,0,1,0,0,1
2391,F03-MIL,F03,85.5,-18.12723,-48.4539,2024/2025,2025-01-22,22,90,frutificacao,0.7099,0.6282,15.89,20.38,0.0,18.41,69.55,5.0,53370.5,1,atencao,4.62,1,140,0.6429,3,0.7523,-0.1037,5.43,5.0,0.0,-2.52,5.61,0.2453,0,1,0,0,1
2392,F03-MIL,F03,85.5,-18.12723,-48.4539,2024/2025,2025-01-23,23,91,frutificacao,0.684,0.6198,15.82,18.55,0.0,18.62,79.04,5.0,59116.6,1,atencao,4.62,1,140,0.65,3,0.7354,-0.1183,0.0,5.0,0.0,-2.8,3.9,0.2695,0,1,0,0,1
2393,F03-MIL,F03,85.5,-18.12723,-48.4539,2024/2025,2025-01-24,24,92,frutificacao,0.6586,0.5702,16.52,16.85,0.0,19.36,77.04,5.0,62312.0,1,atencao,4.62,1,140,0.6571,3,0.7166,-0.1314,0.0,5.0,0.0,-2.84,4.45,0.2967,0,1,0,0,1
2394,F03-MIL,F03,85.5,-18.12723,-48.4539,2024/2025,2025-01-25,25,93,frutificacao,0.6238,0.546,17.58,15.22,0.0,20.21,74.15,5.0,57422.3,1,critico,4.62,1,140,0.6643,3,0.6934,-0.1629,0.0,5.0,0.0,-2.63,5.22,0.3285,0,1,0,0,1
2395,F03-MIL,F03,85.5,-18.12723,-48.4539,2024/2025,2025-01-26,26,94,frutificacao,0.6127,0.5295,16.44,13.72,0.0,17.76,88.51,5.0,53326.0,1,critico,4.62,1,140,0.6714,3,0.6721,-0.1486,0.0,5.0,0.0,-1.32,2.04,0.3644,0,1,0,0,1
2396,F03-MIL,F03,85.5,-18.12723,-48.4539,2024/2025,2025-01-27,27,95,frutificacao,0.6165,0.5355,17.23,12.35,0.0,19.5,85.02,5.0,56412.0,1,critico,4.62,1,140,0.6786,3,0.6582,-0.0975,0.0,5.0,0.0,-2.27,2.92,0.4049,0,1,0,0,1
2397,F03-MIL,F03,85.5,-18.12723,-48.4539,2024/2025,2025-01-28,28,96,frutificacao,0.547,0.4659,18.81,10.98,0.0,19.74,70.73,5.0,58768.8,1,critico,4.62,1,140,0.6857,3,0.6361,-0.1549,0.0,5.0,0.0,-0.93,5.78,0.4554,0,1,0,0,1
2398,F03-MIL,F03,85.5,-18.12723,-48.4539,2024/2025,2025-01-29,29,97,frutificacao,0.5199,0.4543,18.01,9.62,0.0,20.46,80.11,5.0,55739.3,1,critico,4.62,1,140,0.6929,3,0.6089,-0.19,0.0,5.0,0.0,-2.45,4.07,0.5198,0,1,0,0,1
2399,F03-MIL,F03,85.5,-18.12723,-48.4539,2024/2025,2025-01-30,30,98,frutificacao,0.5608,0.5195,20.27,8.4,0.0,20.81,74.95,5.0,56666.8,1,critico,4.62,1,140,0.7,3,0.5913,-0.1232,0.0,5.0,0.0,-0.54,5.21,0.5952,0,1,0,0,1
2400,F03-MIL,F03,85.5,-18.12723,-48.4539,2024/2025,2025-01-31,31,99,frutificacao,0.5159,0.4429,20.02,8.0,0.0,20.42,81.0,5.0,52585.0,1,critico,4.62,1,140,0.7071,3,0.5709,-0.1427,0.0,5.0,0.0,-0.4,3.88,0.625,0,1,0,0,1
2401,F03-MIL,F03,85.5,-18.12723,-48.4539,2024/2025,2025-02-01,32,100,frutificacao,0.5465,0.465,21.29,8.0,0.0,22.44,73.86,5.0,52575.3,1,critico,4.62,2,140,0.7143,3,0.5599,-0.0773,0.0,5.0,0.0,-1.15,5.87,0.625,0,1,0,0,1
2402,F03-MIL,F03,85.5,-18.12723,-48.4539,2024/2025,2025-02-02,33,101,frutificacao,0.5776,0.495,20.28,8.0,0.0,21.32,75.73,5.0,57223.0,1,critico,4.62,2,140,0.7214,3,0.5549,-0.0351,0.0,5.0,0.0,-1.04,5.17,0.625,0,1,0,0,1
2403,F03-MIL,F03,85.5,-18.12723,-48.4539,2024/2025,2025-02-03,34,102,frutificacao,0.5331,0.4502,20.07,8.0,0.0,19.94,83.95,5.0,52122.6,1,critico,4.62,2,140,0.7286,3,0.543,-0.0834,0.0,5.0,0.0,0.13,3.2,0.625,0,1,0,0,1
2404,F03-MIL,F03,85.5,-18.12723,-48.4539,2024/2025,2025-02-04,35,103,frutificacao,0.5254,0.4515,15.9,8.0,0.0,18.08,84.24,5.0,46249.5,1,critico,4.62,2,140,0.7357,3,0.5399,-0.0216,0.0,5.0,0.0,-2.18,2.85,0.625,0,1,0,0,1
2405,F03-MIL,F03,85.5,-18.12723,-48.4539,2024/2025,2025-02-05,36,104,frutificacao,0.5566,0.4695,17.51,8.0,0.0,18.45,87.35,5.0,52834.1,1,atencao,4.62,2,140,0.7429,3,0.5451,0.0367,0.0,5.0,0.0,-0.94,2.33,0.625,0,1,0,0,1
2406,F03-MIL,F03,85.5,-18.12723,-48.4539,2024/2025,2025-02-06,37,105,frutificacao,0.5498,0.4902,15.0,8.0,0.0,17.26,79.31,5.0,54436.2,1,atencao,4.62,2,140,0.75,3,0.5436,-0.011,0.0,5.0,0.0,-2.26,3.57,0.625,0,1,0,0,1
2407,F03-MIL,F03,85.5,-18.12723,-48.4539,2024/2025,2025-02-07,38,106,frutificacao,0.5622,0.4987,18.59,8.0,0.0,19.56,71.62,5.0,56405.4,1,atencao,4.62,2,140,0.7571,3,0.5502,0.0463,0.0,5.0,0.0,-0.97,5.55,0.625,0,1,0,0,1
2408,F03-MIL,F03,85.5,-18.12723,-48.4539,2024/2025,2025-02-08,39,107,frutificacao,0.5705,0.5282,18.37,8.0,0.0,19.77,83.26,5.0,57899.3,1,atencao,4.62,2,140,0.7643,3,0.5536,0.024,0.0,5.0,0.0,-1.4,3.31,0.625,0,1,0,0,1
2409,F03-MIL,F03,85.5,-18.12723,-48.4539,2024/2025,2025-02-09,40,108,frutificacao,0.5611,0.4765,19.47,8.0,0.0,20.55,82.69,5.0,52944.0,1,atencao,4.62,2,140,0.7714,3,0.5512,-0.0165,0.0,5.0,0.0,-1.08,3.56,0.625,0,1,0,0,1
2410,F03-MIL,F03,85.5,-18.12723,-48.4539,2024/2025,2025-02-10,41,109,frutificacao,0.5483,0.4718,19.46,8.0,0.0,19.55,81.67,5.0,54389.6,1,atencao,4.62,2,140,0.7786,3,0.5534,0.0152,0.0,5.0,0.0,-0.09,3.58,0.625,0,1,0,0,1
2411,F03-MIL,F03,85.5,-18.12723,-48.4539,2024/2025,2025-02-11,42,110,frutificacao,0.5593,0.4804,20.45,8.0,0.0,20.67,74.01,5.0,52495.5,1,saudavel,4.62,2,140,0.7857,3,0.5583,0.0339,0.0,5.0,0.0,-0.22,5.37,0.625,0,1,0,0,1
2412,F03-MIL,F03,85.5,-18.12723,-48.4539,2024/2025,2025-02-12,43,111,frutificacao,0.5407,0.4635,20.86,8.0,0.0,20.64,72.25,5.0,52911.8,1,saudavel,4.62,2,140,0.7929,3,0.556,-0.0159,0.0,5.0,0.0,0.22,5.73,0.625,0,1,0,0,1
2413,F03-MIL,F03,85.5,-18.12723,-48.4539,2024/2025,2025-02-13,44,112,frutificacao,0.5112,0.4571,16.43,8.0,0.0,17.43,82.08,5.0,51001.2,1,saudavel,4.62,2,140,0.8,3,0.5505,-0.0386,0.0,5.0,0.0,-1.0,3.12,0.625,0,1,0,0,1
2414,F03-MIL,F03,85.5,-18.12723,-48.4539,2024/2025,2025-02-14,45,113,frutificacao,0.5138,0.4042,18.22,8.0,0.0,18.14,74.41,5.0,52429.6,1,saudavel,4.62,2,140,0.8071,3,0.5436,-0.0484,0.0,5.0,0.0,0.08,4.64,0.625,0,1,0,0,1
2415,F03-MIL,F03,85.5,-18.12723,-48.4539,2024/2025,2025-02-15,46,114,frutificacao,0.4555,0.3964,19.25,16.43,36.43,18.84,76.73,20.34,23297.8,0,saudavel,4.62,2,140,0.8143,3,0.5271,-0.115,36.43,5.0,15.34,0.41,4.38,1.238,0,1,0,0,1
2416,F03-MIL,F03,85.5,-18.12723,-48.4539,2024/2025,2025-02-16,47,115,frutificacao,0.4816,0.4493,17.04,21.11,12.95,17.75,93.32,21.6,45679.4,0,saudavel,4.62,2,140,0.8214,3,0.5158,-0.0795,49.38,20.34,1.26,-0.71,1.19,1.0232,0,1,0,0,1
2417,F03-MIL,F03,85.5,-18.12723,-48.4539,2024/2025,2025-02-17,48,116,frutificacao,0.4356,0.3975,18.59,18.88,0.0,18.39,88.9,16.07,43200.5,1,saudavel,4.62,2,140,0.8286,3,0.4997,-0.1127,49.38,21.6,-5.53,0.2,2.04,0.8512,0,1,0,0,1
2418,F03-MIL,F03,85.5,-18.12723,-48.4539,2024/2025,2025-02-18,49,117,frutificacao,0.387,0.3539,19.54,16.75,0.0,19.16,81.61,10.75,51781.3,1,saudavel,4.62,2,140,0.8357,3,0.4751,-0.1723,49.38,16.07,-5.32,0.38,3.52,0.6418,0,1,0,0,1
2419,F03-MIL,F03,85.5,-18.12723,-48.4539,2024/2025,2025-02-19,50,118,frutificacao,0.3798,0.3397,20.45,19.39,9.22,18.48,74.6,14.49,43071.5,0,saudavel,4.62,2,140,0.8429,3,0.4521,-0.1609,58.6,10.75,3.74,1.97,4.69,0.7473,0,1,0,0,1
2420,F03-MIL,F03,85.5,-18.12723,-48.4539,2024/2025,2025-02-20,51,119,maturacao,0.3874,0.3174,19.94,17.22,0.0,18.61,74.06,8.63,50561.6,0,saudavel,4.62,2,140,0.85,4,0.4344,-0.1238,58.6,14.49,-5.86,1.33,4.83,0.5012,0,1,0,0,1
2421,F03-MIL,F03,85.5,-18.12723,-48.4539,2024/2025,2025-02-21,52,120,maturacao,0.3313,0.2666,17.84,17.51,4.75,17.15,81.98,7.78,41694.3,0,saudavel,4.62,2,140,0.8571,4,0.4083,-0.1825,63.35,8.63,-0.85,0.69,3.09,0.4443,0,1,0,0,1
2422,F03-MIL,F03,85.5,-18.12723,-48.4539,2024/2025,2025-02-22,53,121,maturacao,0.3364,0.2711,19.85,15.42,0.0,19.29,84.45,5.0,43780.1,0,saudavel,4.62,2,140,0.8643,4,0.3913,-0.1191,26.92,7.78,-2.78,0.56,3.0,0.3243,0,1,0,0,1
2423,F03-MIL,F03,85.5,-18.12723,-48.4539,2024/2025,2025-02-23,54,122,maturacao,0.3289,0.2568,21.13,13.48,0.0,19.13,74.34,5.0,50310.8,0,saudavel,4.62,2,140,0.8714,4,0.3695,-0.1527,13.97,5.0,0.0,2.0,4.91,0.3709,0,1,0,0,1
2424,F03-MIL,F03,85.5,-18.12723,-48.4539,2024/2025,2025-02-24,55,123,maturacao,0.2965,0.2709,19.97,11.64,0.0,17.3,75.55,6.54,52192.7,0,saudavel,4.62,2,140,0.8786,4,0.3496,-0.1391,13.97,5.0,1.54,2.67,4.23,0.5619,0,1,0,0,1
2425,F03-MIL,F03,85.5,-18.12723,-48.4539,2024/2025,2025-02-25,56,124,maturacao,0.2648,0.2545,18.4,9.91,0.0,16.47,78.62,5.0,48503.8,0,saudavel,4.62,2,140,0.8857,4,0.3322,-0.1222,13.97,6.54,-1.54,1.93,3.52,0.5045,0,1,0,0,1
2426,F03-MIL,F03,85.5,-18.12723,-48.4539,2024/2025,2025-02-26,57,125,maturacao,0.2684,0.2368,22.46,8.29,0.0,20.22,68.82,5.0,49929.7,0,saudavel,4.62,2,140,0.8929,4,0.3162,-0.1114,4.75,5.0,0.0,2.24,6.3,0.6031,0,1,0,0,1
2427,F03-MIL,F03,85.5,-18.12723,-48.4539,2024/2025,2025-02-27,58,126,maturacao,0.2304,0.2119,24.19,19.93,26.54,20.96,68.36,16.03,24941.1,0,atencao,4.62,2,140,0.9,4,0.2938,-0.157,31.29,5.0,11.03,3.23,6.63,0.8043,0,1,0,0,1
2428,F03-MIL,F03,85.5,-18.12723,-48.4539,2024/2025,2025-02-28,59,127,maturacao,0.2389,0.2089,20.33,17.49,0.0,18.65,70.49,13.04,47842.8,0,saudavel,4.62,2,140,0.9071,4,0.2806,-0.0924,26.54,16.03,-2.99,1.68,5.5,0.7456,0,1,0,0,1
2429,F03-MIL,F03,85.5,-18.12723,-48.4539,2024/2025,2025-03-01,60,128,maturacao,0.2177,0.1965,19.85,22.59,14.75,17.73,79.49,17.12,38757.2,0,atencao,4.62,3,140,0.9143,4,0.2637,-0.1187,41.29,13.04,4.08,2.12,3.64,0.7579,0,1,0,0,0
2430,F03-MIL,F03,85.5,-18.12723,-48.4539,2024/2025,2025-03-02,61,129,maturacao,0.2312,0.1542,22.22,25.84,11.81,19.81,76.7,22.25,36144.0,0,saudavel,4.62,3,140,0.9214,4,0.2497,-0.0977,53.1,17.12,5.13,2.41,4.62,0.8611,0,1,0,0,0
2431,F03-MIL,F03,85.5,-18.12723,-48.4539,2024/2025,2025-03-03,62,130,maturacao,0.2,0.1763,20.69,26.94,8.14,18.92,81.39,22.78,43170.5,1,atencao,4.62,3,140,0.9286,4,0.2359,-0.0965,61.24,22.25,0.53,1.77,3.52,0.8456,0,1,0,0,0
2432,F03-MIL,F03,85.5,-18.12723,-48.4539,2024/2025,2025-03-04,63,131,maturacao,0.221,0.1794,21.58,23.92,0.0,17.87,67.47,17.36,40585.6,0,saudavel,4.62,3,140,0.9357,4,0.2297,-0.0438,61.24,22.78,-5.42,3.71,5.81,0.7258,0,1,0,0,0
2433,F03-MIL,F03,85.5,-18.12723,-48.4539,2024/2025,2025-03-05,64,132,maturacao,0.2368,0.2005,21.04,21.16,0.0,19.61,67.35,10.61,43305.6,0,saudavel,4.62,3,140,0.9429,4,0.2251,-0.0316,61.24,17.36,-6.75,1.43,6.4,0.5014,0,1,0,0,0
2434,F03-MIL,F03,85.5,-18.12723,-48.4539,2024/2025,2025-03-06,65,133,maturacao,0.2335,0.203,18.88,18.62,0.0,16.92,78.66,8.98,46435.8,0,saudavel,4.62,3,140,0.95,4,0.2256,0.0031,34.7,10.61,-1.63,1.96,3.61,0.4823,0,1,0,0,0
2435,F03-MIL,F03,85.5,-18.12723,-48.4539,2024/2025,2025-03-07,66,134,maturacao,0.1807,0.1393,21.37,16.2,0.0,17.08,71.75,5.01,50158.2,0,atencao,4.62,3,140,0.9571,4,0.2173,-0.0582,34.7,8.98,-3.97,4.29,4.83,0.3093,0,1,0,0,0
2436,F03-MIL,F03,85.5,-18.12723,-48.4539,2024/2025,2025-03-08,67,135,maturacao,0.1888,0.139,19.08,13.99,0.0,18.64,70.99,5.0,44142.7,0,saudavel,4.62,3,140,0.9643,4,0.2131,-0.0289,19.95,5.01,-0.01,0.44,5.41,0.3574,0,1,0,0,0
2437,F03-MIL,F03,85.5,-18.12723,-48.4539,2024/2025,2025-03-09,68,136,colheita,0.2162,0.1689,20.52,11.99,0.0,18.25,80.11,5.0,40646.7,0,saudavel,4.62,3,140,0.9714,5,0.211,-0.015,8.14,5.0,0.0,2.27,3.63,0.417,0,1,0,0,0
2438,F03-MIL,F03,85.5,-18.12723,-48.4539,2024/2025,2025-03-10,69,137,colheita,0.2106,0.1501,20.46,10.15,0.0,19.02,71.64,5.0,49035.8,0,saudavel,4.62,3,140,0.9786,5,0.2125,0.0106,0.0,5.0,0.0,1.44,5.39,0.4926,0,1,0,0,0
2439,F03-MIL,F03,85.5,-18.12723,-48.4539,2024/2025,2025-03-11,70,138,colheita,0.182,0.1316,22.2,17.14,17.47,19.84,71.55,7.73,30130.7,0,saudavel,4.62,3,140,0.9857,5,0.2069,-0.039,17.47,5.0,2.73,2.36,5.64,0.451,0,1,0,0,0
2440,F03-MIL,F03,85.5,-18.12723,-48.4539,2024/2025,2025-03-12,71,139,colheita,0.1826,0.1349,16.86,14.85,0.0,15.71,74.77,5.0,44680.5,0,saudavel,4.62,3,140,0.9929,5,0.1992,-0.0542,17.47,7.73,-2.73,1.15,3.96,0.3367,0,1,0,0,0
1941,F03-SOJ,F03,118.2,-18.0898,-48.4041,2023/2024,2023-10-13,286,0,germinacao,0.1675,0.0967,29.9,45.0,0.0,27.45,66.5,44.12,47992.0,0,atencao,2.84,10,110,0.0,0,0.1675,0.0,0.0,44.12,0.0,2.45,9.2,0.9804,0,0,1,1,0
1942,F03-SOJ,F03,118.2,-18.0898,-48.4041,2023/2024,2023-10-14,287,1,germinacao,0.1739,0.1273,30.89,39.5,0.0,28.0,62.87,33.36,44839.8,1,saudavel,2.84,10,110,0.0091,0,0.1707,0.0,0.0,44.12,-10.76,2.89,10.4,0.8446,0,0,1,1,0
1943,F03-SOJ,F03,118.2,-18.0898,-48.4041,2023/2024,2023-10-15,288,2,germinacao,0.1733,0.1207,29.39,34.43,0.0,28.06,70.08,23.01,44479.7,1,saudavel,2.84,10,110,0.0182,0,0.1716,0.0,0.0,33.36,-10.35,1.33,8.4,0.6683,0,0,1,1,0
1944,F03-SOJ,F03,118.2,-18.0898,-48.4041,2023/2024,2023-10-16,289,3,germinacao,0.1482,0.133,31.42,29.67,0.0,28.58,62.57,23.01,47700.9,1,atencao,2.84,10,110,0.0273,0,0.1657,0.0,0.0,23.01,0.0,2.84,10.7,0.7755,0,0,1,1,0
1945,F03-SOJ,F03,118.2,-18.0898,-48.4041,2023/2024,2023-10-17,290,4,germinacao,0.1883,0.1572,30.58,25.41,0.0,28.1,73.31,9.56,44130.6,1,saudavel,2.84,10,110,0.0364,0,0.1702,0.0,0.0,23.01,-13.45,2.48,7.5,0.3762,0,0,1,1,0
1946,F03-SOJ,F03,118.2,-18.0898,-48.4041,2023/2024,2023-10-18,291,5,germinacao,0.191,0.1627,33.98,21.18,0.0,30.71,68.12,5.8,46347.4,0,saudavel,2.84,10,110,0.0455,0,0.1737,0.0,0.0,9.56,-3.76,3.27,9.79,0.2738,0,0,1,1,0
1947,F03-SOJ,F03,118.2,-18.0898,-48.4041,2023/2024,2023-10-19,292,6,germinacao,0.1843,0.1376,30.73,17.52,0.0,30.71,68.12,5.0,48082.0,1,saudavel,2.84,10,110,0.0545,0,0.1752,0.0,0.0,5.8,-0.8,0.02,9.79,0.2854,0,0,1,1,0
1948,F03-SOJ,F03,118.2,-18.0898,-48.4041,2023/2024,2023-10-20,293,7,germinacao,0.1945,0.1683,33.64,13.89,0.0,30.95,55.16,5.0,47867.0,1,saudavel,2.84,10,110,0.0636,0,0.1791,0.027,0.0,5.0,0.0,2.69,13.88,0.36,0,0,1,1,0
1949,F03-SOJ,F03,118.2,-18.0898,-48.4041,2023/2024,2023-10-21,294,8,germinacao,0.1965,0.1386,29.83,11.0,0.0,27.31,60.85,5.0,51628.5,1,saudavel,2.84,10,110,0.0727,0,0.1823,0.0226,0.0,5.0,0.0,2.52,10.69,0.4545,0,0,1,1,0
1950,F03-SOJ,F03,118.2,-18.0898,-48.4041,2023/2024,2023-10-22,295,9,germinacao,0.1672,0.1404,31.78,22.77,29.22,28.41,75.62,13.49,23314.8,0,atencao,2.84,10,110,0.0818,0,0.1814,-0.0061,29.22,5.0,8.49,3.37,6.93,0.5924,0,0,1,1,0
1951,F03-SOJ,F03,118.2,-18.0898,-48.4041,2023/2024,2023-10-23,296,10,germinacao,0.202,0.1883,30.4,18.97,0.0,29.04,65.36,9.1,42658.7,1,saudavel,2.84,10,110,0.0909,0,0.1891,0.0538,29.22,13.49,-4.39,1.36,10.06,0.4797,0,0,1,1,0
1952,F03-SOJ,F03,118.2,-18.0898,-48.4041,2023/2024,2023-10-24,297,11,vegetativo,0.2105,0.1716,29.07,15.36,0.0,30.04,61.21,6.26,45316.9,1,saudavel,2.84,10,110,0.1,1,0.1923,0.0222,29.22,9.1,-2.84,-0.97,11.65,0.4076,0,0,1,1,0
1953,F03-SOJ,F03,118.2,-18.0898,-48.4041,2023/2024,2023-10-25,298,12,vegetativo,0.171,0.1542,32.7,13.41,2.96,30.48,67.44,5.0,48122.9,1,atencao,2.84,10,110,0.1091,1,0.1894,-0.02,32.18,6.26,-1.26,2.22,9.92,0.3729,0,0,1,1,0
1954,F03-SOJ,F03,118.2,-18.0898,-48.4041,2023/2024,2023-10-26,299,13,vegetativo,0.2366,0.1615,29.53,10.55,0.0,27.89,71.39,5.0,49214.7,1,saudavel,2.84,10,110,0.1182,1,0.1969,0.0523,32.18,5.0,0.0,1.64,7.98,0.4739,0,0,1,1,0
1955,F03-SOJ,F03,118.2,-18.0898,-48.4041,2023/2024,2023-10-27,300,14,vegetativo,0.1877,0.1184,31.28,8.0,0.84,30.12,68.22,5.0,46845.0,1,atencao,2.84,10,110,0.1273,1,0.1959,-0.0068,33.02,5.0,0.0,1.16,9.57,0.625,0,0,1,1,0
1956,F03-SOJ,F03,118.2,-18.0898,-48.4041,2023/2024,2023-10-28,301,15,vegetativo,0.1957,0.1729,26.77,29.39,47.35,26.04,73.97,30.19,31656.3,0,atencao,2.84,10,110,0.1364,1,0.1958,-0.0008,80.37,5.0,25.19,0.73,6.78,1.0272,0,0,1,1,0
1957,F03-SOJ,F03,118.2,-18.0898,-48.4041,2023/2024,2023-10-29,302,16,vegetativo,0.2296,0.2161,31.16,25.01,0.0,29.81,71.2,22.95,54335.9,1,saudavel,2.84,10,110,0.1455,1,0.2047,0.0624,51.15,30.19,-7.24,1.35,8.59,0.9176,0,0,1,1,0
1958,F03-SOJ,F03,118.2,-18.0898,-48.4041,2023/2024,2023-10-30,303,17,vegetativo,0.2446,0.2031,28.1,27.82,12.83,26.42,73.14,24.46,40811.0,0,saudavel,2.84,10,110,0.1545,1,0.2108,0.0426,63.98,22.95,1.51,1.68,7.1,0.8792,0,0,1,1,0
1959,F03-SOJ,F03,118.2,-18.0898,-48.4041,2023/2024,2023-10-31,304,18,vegetativo,0.2591,0.2631,30.79,23.7,0.0,29.03,77.08,17.15,53113.6,1,saudavel,2.84,10,110,0.1636,1,0.2178,0.0486,63.98,24.46,-7.31,1.76,6.65,0.7236,0,0,1,1,0
1960,F03-SOJ,F03,118.2,-18.0898,-48.4041,2023/2024,2023-11-01,305,19,vegetativo,0.266,0.1972,29.3,34.87,30.14,29.98,69.86,34.09,25549.5,0,saudavel,2.84,11,110,0.1727,1,0.2313,0.095,91.16,17.15,16.94,-0.68,9.04,0.9776,0,0,1,1,0
1961,F03-SOJ,F03,118.2,-18.0898,-48.4041,2023/2024,2023-11-02,306,20,vegetativo,0.2572,0.2051,29.48,31.68,3.12,29.55,70.14,26.9,46449.4,0,saudavel,2.84,11,110,0.1818,1,0.2343,0.0206,94.28,34.09,-7.19,-0.07,8.82,0.8491,0,0,1,1,0
1962,F03-SOJ,F03,118.2,-18.0898,-48.4041,2023/2024,2023-11-03,307,21,vegetativo,0.2846,0.2447,28.25,27.69,0.0,25.68,76.85,21.05,56322.1,1,saudavel,2.84,11,110,0.1909,1,0.2481,0.0969,93.44,26.9,-5.85,2.57,5.94,0.7602,0,0,1,1,0
1963,F03-SOJ,F03,118.2,-18.0898,-48.4041,2023/2024,2023-11-04,308,22,vegetativo,0.2928,0.2582,28.57,23.83,0.0,27.39,74.73,14.76,56047.6,1,saudavel,2.84,11,110,0.2,1,0.262,0.0971,46.09,21.05,-6.29,1.18,6.92,0.6194,0,0,1,1,0
1964,F03-SOJ,F03,118.2,-18.0898,-48.4041,2023/2024,2023-11-05,309,23,vegetativo,0.3215,0.2616,30.17,20.12,0.0,29.06,66.61,11.38,47821.1,1,saudavel,2.84,11,110,0.2091,1,0.2751,0.0919,46.09,14.76,-3.38,1.11,9.7,0.5656,0,0,1,1,0
1965,F03-SOJ,F03,118.2,-18.0898,-48.4041,2023/2024,2023-11-06,310,24,vegetativo,0.3404,0.2682,28.55,25.07,16.65,28.94,70.89,19.56,39698.8,0,saudavel,2.84,11,110,0.2182,1,0.2888,0.0958,49.91,11.38,8.18,-0.39,8.42,0.7802,0,0,1,1,0
1966,F03-SOJ,F03,118.2,-18.0898,-48.4041,2023/2024,2023-11-07,311,25,vegetativo,0.3522,0.3117,29.07,21.4,0.0,28.25,74.11,13.84,55269.3,1,saudavel,2.84,11,110,0.2273,1,0.3021,0.0931,49.91,19.56,-5.72,0.82,7.31,0.6467,0,0,1,1,0
1967,F03-SOJ,F03,118.2,-18.0898,-48.4041,2023/2024,2023-11-08,312,26,vegetativo,0.3806,0.3262,24.65,18.53,0.0,24.45,71.42,9.23,53539.7,1,saudavel,2.84,11,110,0.2364,1,0.3185,0.1146,19.77,13.84,-4.61,0.2,6.99,0.4981,0,0,1,1,0
1968,F03-SOJ,F03,118.2,-18.0898,-48.4041,2023/2024,2023-11-09,313,27,vegetativo,0.3777,0.3141,29.45,21.72,12.88,29.47,68.79,12.99,49286.6,0,atencao,2.84,11,110,0.2455,1,0.3357,0.1205,29.53,9.23,3.76,-0.02,9.2,0.5981,0,0,1,1,0
1969,F03-SOJ,F03,118.2,-18.0898,-48.4041,2023/2024,2023-11-10,314,28,vegetativo,0.4602,0.4011,28.05,18.31,0.0,29.65,64.57,5.89,60949.4,1,saudavel,2.84,11,110,0.2545,1,0.3608,0.1756,29.53,12.99,-7.1,-1.6,10.5,0.3217,0,0,1,1,0
1970,F03-SOJ,F03,118.2,-18.0898,-48.4041,2023/2024,2023-11-11,315,29,vegetativo,0.4797,0.405,26.57,15.44,0.0,27.75,58.4,5.0,54082.8,1,saudavel,2.84,11,110,0.2636,1,0.3875,0.1869,29.53,5.89,-0.89,-1.18,11.54,0.3238,0,0,1,1,0
1971,F03-SOJ,F03,118.2,-18.0898,-48.4041,2023/2024,2023-11-12,316,30,vegetativo,0.4587,0.3871,29.61,12.76,0.0,27.76,71.07,5.0,54774.1,1,atencao,2.84,11,110,0.2727,1,0.4071,0.1372,29.53,5.0,0.0,1.85,8.03,0.3918,0,0,1,1,0
1972,F03-SOJ,F03,118.2,-18.0898,-48.4041,2023/2024,2023-11-13,317,31,vegetativo,0.5521,0.4658,26.77,10.39,0.0,28.09,73.53,5.0,54644.2,1,saudavel,2.84,11,110,0.2818,1,0.4373,0.2117,12.88,5.0,0.0,-1.32,7.44,0.4812,0,0,1,1,0
1973,F03-SOJ,F03,118.2,-18.0898,-48.4041,2023/2024,2023-11-14,318,32,vegetativo,0.5665,0.4651,29.13,8.08,0.0,29.44,66.74,5.0,54048.5,1,saudavel,2.84,11,110,0.2909,1,0.4679,0.2143,12.88,5.0,0.0,-0.31,9.79,0.6188,0,0,1,1,0
1974,F03-SOJ,F03,118.2,-18.0898,-48.4041,2023/2024,2023-11-15,319,33,vegetativo,0.5796,0.4742,26.13,8.0,1.26,27.54,66.74,5.0,52157.4,1,saudavel,2.84,11,110,0.3,1,0.4964,0.199,14.14,5.0,0.0,-1.41,9.16,0.625,0,0,1,1,0
1975,F03-SOJ,F03,118.2,-18.0898,-48.4041,2023/2024,2023-11-16,320,34,vegetativo,0.6075,0.5059,25.01,8.0,0.0,26.79,68.84,5.0,57823.0,1,saudavel,2.84,11,110,0.3091,1,0.5292,0.2298,1.26,5.0,0.0,-1.78,8.35,0.625,0,0,1,1,0
1976,F03-SOJ,F03,118.2,-18.0898,-48.4041,2023/2024,2023-11-17,321,35,vegetativo,0.6425,0.5468,25.14,8.0,0.0,27.56,78.31,5.0,62389.0,1,saudavel,2.84,11,110,0.3182,1,0.5552,0.1823,1.26,5.0,0.0,-2.42,5.98,0.625,0,0,1,1,0
1977,F03-SOJ,F03,118.2,-18.0898,-48.4041,2023/2024,2023-11-18,322,36,vegetativo,0.6641,0.527,26.25,8.0,0.0,26.88,76.37,5.0,61352.0,1,saudavel,2.84,11,110,0.3273,1,0.5816,0.1844,1.26,5.0,0.0,-0.63,6.35,0.625,0,0,1,1,0
1978,F03-SOJ,F03,118.2,-18.0898,-48.4041,2023/2024,2023-11-19,323,37,vegetativo,0.6912,0.6064,24.96,8.0,0.0,26.8,85.33,5.0,59261.2,1,saudavel,2.84,11,110,0.3364,1,0.6148,0.2325,1.26,5.0,0.0,-1.84,3.93,0.625,0,0,1,1,0
1979,F03-SOJ,F03,118.2,-18.0898,-48.4041,2023/2024,2023-11-20,324,38,vegetativo,0.7635,0.6493,20.4,8.0,5.92,24.06,78.92,5.0,44229.8,0,saudavel,2.84,11,110,0.3455,1,0.645,0.2114,7.18,5.0,0.0,-3.66,5.07,0.625,0,0,1,1,0
1980,F03-SOJ,F03,118.2,-18.0898,-48.4041,2023/2024,2023-11-21,325,39,floracao,0.757,0.6222,24.2,8.0,0.0,27.4,67.1,5.0,51667.7,1,saudavel,2.84,11,110,0.3545,2,0.6722,0.1905,7.18,5.0,0.0,-3.2,9.01,0.625,0,0,1,1,0
1981,F03-SOJ,F03,118.2,-18.0898,-48.4041,2023/2024,2023-11-22,326,40,floracao,0.8083,0.7194,26.08,8.0,0.0,28.28,79.19,5.0,60629.7,0,saudavel,2.84,11,110,0.3636,2,0.7049,0.2287,5.92,5.0,0.0,-2.2,5.89,0.625,0,0,1,1,0
1982,F03-SOJ,F03,118.2,-18.0898,-48.4041,2023/2024,2023-11-23,327,41,floracao,0.788,0.6707,22.03,8.0,6.99,27.96,82.72,5.0,55750.3,0,saudavel,2.84,11,110,0.3727,2,0.7307,0.1805,12.91,5.0,0.0,-5.93,4.83,0.625,0,0,1,1,0
1983,F03-SOJ,F03,118.2,-18.0898,-48.4041,2023/2024,2023-11-24,328,42,floracao,0.809,0.661,24.79,8.0,0.0,27.76,65.6,5.0,59433.5,1,saudavel,2.84,11,110,0.3818,2,0.7544,0.1665,12.91,5.0,0.0,-2.97,9.55,0.625,0,0,1,1,0
1984,F03-SOJ,F03,118.2,-18.0898,-48.4041,2023/2024,2023-11-25,329,43,floracao,0.792,0.7046,23.57,8.0,0.0,26.16,78.73,5.0,57014.8,1,saudavel,2.84,11,110,0.3909,2,0.7727,0.1279,12.91,5.0,0.0,-2.59,5.56,0.625,0,0,1,1,0
1985,F03-SOJ,F03,118.2,-18.0898,-48.4041,2023/2024,2023-11-26,330,44,floracao,0.8167,0.7213,22.26,8.0,0.0,26.36,79.82,5.0,62142.1,1,saudavel,2.84,11,110,0.4,2,0.7906,0.1255,12.91,5.0,0.0,-4.1,5.32,0.625,0,0,1,1,0
1986,F03-SOJ,F03,118.2,-18.0898,-48.4041,2023/2024,2023-11-27,331,45,floracao,0.8275,0.6852,24.54,8.0,0.0,27.84,73.67,5.0,60493.9,1,saudavel,2.84,11,110,0.4091,2,0.7998,0.064,6.99,5.0,0.0,-3.3,7.33,0.625,0,0,1,1,0
1987,F03-SOJ,F03,118.2,-18.0898,-48.4041,2023/2024,2023-11-28,332,46,floracao,0.8492,0.7154,24.11,8.0,5.54,27.25,63.08,5.0,56398.2,0,saudavel,2.84,11,110,0.4182,2,0.813,0.0922,12.53,5.0,0.0,-3.14,10.06,0.625,0,0,1,1,0
1988,F03-SOJ,F03,118.2,-18.0898,-48.4041,2023/2024,2023-11-29,333,47,floracao,0.8424,0.7069,23.27,8.0,7.59,28.08,73.31,5.0,45537.6,0,saudavel,2.84,11,110,0.4273,2,0.8178,0.0341,20.12,5.0,0.0,-4.81,7.49,0.625,0,0,1,1,0
1989,F03-SOJ,F03,118.2,-18.0898,-48.4041,2023/2024,2023-11-30,334,48,floracao,0.856,0.6898,21.88,10.2,13.36,24.75,73.98,11.71,46613.9,0,saudavel,2.84,11,110,0.4364,2,0.8275,0.068,26.49,5.0,6.71,-2.87,6.44,1.148,0,0,1,1,0
1990,F03-SOJ,F03,118.2,-18.0898,-48.4041,2023/2024,2023-12-01,335,49,floracao,0.8599,0.7374,21.2,8.92,0.0,24.64,84.69,12.03,64091.4,1,saudavel,2.84,12,110,0.4455,2,0.8348,0.0509,26.49,11.71,0.32,-3.44,3.77,1.3487,0,0,1,0,1
1991,F03-SOJ,F03,118.2,-18.0898,-48.4041,2023/2024,2023-12-02,336,50,floracao,0.8514,0.7406,21.24,10.83,6.32,25.06,76.44,11.49,64091.4,0,saudavel,2.84,12,110,0.4545,2,0.8433,0.0594,32.81,12.03,-0.54,-3.82,5.9,1.0609,0,0,1,0,1
1992,F03-SOJ,F03,118.2,-18.0898,-48.4041,2023/2024,2023-12-03,337,51,floracao,0.8526,0.7378,20.47,9.56,0.0,24.04,75.52,11.35,61844.7,1,saudavel,2.84,12,110,0.4636,2,0.8484,0.0359,32.81,11.49,-0.14,-3.57,5.88,1.1872,0,0,1,0,1
1993,F03-SOJ,F03,118.2,-18.0898,-48.4041,2023/2024,2023-12-04,338,52,floracao,0.8499,0.7231,20.43,8.46,0.0,23.37,75.13,11.35,59216.3,1,saudavel,2.84,12,110,0.4727,2,0.8516,0.0224,32.81,11.35,0.0,-2.94,5.81,1.3416,0,0,1,0,1
1994,F03-SOJ,F03,118.2,-18.0898,-48.4041,2023/2024,2023-12-05,339,53,floracao,0.8871,0.7729,24.29,8.0,0.0,25.96,78.22,6.23,59526.7,0,saudavel,2.84,12,110,0.4818,2,0.857,0.0379,27.27,11.35,-5.12,-1.67,5.65,0.7788,0,0,1,0,1
1995,F03-SOJ,F03,118.2,-18.0898,-48.4041,2023/2024,2023-12-06,340,54,floracao,0.8611,0.7092,22.62,12.55,13.05,25.76,77.08,14.64,50608.8,0,saudavel,2.84,12,110,0.4909,2,0.8597,0.0187,32.73,6.23,8.41,-3.14,5.9,1.1665,0,0,1,0,1
1996,F03-SOJ,F03,118.2,-18.0898,-48.4041,2023/2024,2023-12-07,341,55,floracao,0.875,0.7801,22.36,23.42,24.81,25.42,73.12,30.47,32823.2,0,saudavel,2.84,12,110,0.5,2,0.8624,0.019,44.18,14.64,15.83,-3.06,6.83,1.301,0,0,1,0,1
1997,F03-SOJ,F03,118.2,-18.0898,-48.4041,2023/2024,2023-12-08,342,56,floracao,0.8662,0.7208,21.88,20.99,0.0,25.48,78.42,24.89,57173.4,1,saudavel,2.84,12,110,0.5091,2,0.8633,0.0063,44.18,30.47,-5.58,-3.6,5.5,1.1858,0,0,1,0,1
1998,F03-SOJ,F03,118.2,-18.0898,-48.4041,2023/2024,2023-12-09,343,57,floracao,0.8911,0.7442,20.54,19.11,0.0,22.65,76.08,21.9,58118.9,1,saudavel,2.84,12,110,0.5182,2,0.869,0.0397,37.86,24.89,-2.99,-2.11,5.42,1.146,0,0,1,0,1
1999,F03-SOJ,F03,118.2,-18.0898,-48.4041,2023/2024,2023-12-10,344,58,floracao,0.8304,0.6943,19.09,19.78,5.27,24.03,65.15,19.43,54456.8,0,saudavel,2.84,12,110,0.5273,2,0.8658,-0.0222,43.13,21.9,-2.47,-4.94,8.37,0.9823,0,0,1,0,1
2000,F03-SOJ,F03,118.2,-18.0898,-48.4041,2023/2024,2023-12-11,345,59,floracao,0.8761,0.7318,18.58,26.55,17.5,24.2,81.4,26.01,37452.4,0,saudavel,2.84,12,110,0.5364,2,0.8696,0.0262,60.63,19.43,6.58,-5.62,4.5,0.9797,0,0,1,0,1
2001,F03-SOJ,F03,118.2,-18.0898,-48.4041,2023/2024,2023-12-12,346,60,floracao,0.8446,0.7141,21.17,23.94,0.0,24.61,80.74,18.66,61941.7,1,saudavel,2.84,12,110,0.5455,2,0.8635,-0.0425,60.63,26.01,-7.35,-3.44,4.74,0.7794,0,0,1,0,1
2002,F03-SOJ,F03,118.2,-18.0898,-48.4041,2023/2024,2023-12-13,347,61,frutificacao,0.8768,0.7407,19.02,21.83,0.0,22.25,80.35,14.27,59308.4,1,saudavel,2.84,12,110,0.5545,3,0.8657,0.0157,47.58,18.66,-4.39,-3.23,4.37,0.6537,0,0,1,0,1
2003,F03-SOJ,F03,118.2,-18.0898,-48.4041,2023/2024,2023-12-14,348,62,frutificacao,0.865,0.7379,16.58,19.82,0.0,22.94,76.77,12.22,62408.8,1,saudavel,2.84,12,110,0.5636,3,0.8643,-0.01,22.77,14.27,-2.05,-6.36,5.33,0.6165,0,0,1,0,1
2004,F03-SOJ,F03,118.2,-18.0898,-48.4041,2023/2024,2023-12-15,349,63,frutificacao,0.8369,0.695,20.04,30.86,25.98,23.58,78.29,26.74,27598.1,0,saudavel,2.84,12,110,0.5727,3,0.8601,-0.0293,48.75,12.22,14.52,-3.54,5.12,0.8665,0,0,1,0,1
2005,F03-SOJ,F03,118.2,-18.0898,-48.4041,2023/2024,2023-12-16,350,64,frutificacao,0.8714,0.744,21.69,27.81,0.0,25.72,81.51,23.76,62494.8,1,saudavel,2.84,12,110,0.5818,3,0.8573,-0.0197,48.75,26.74,-2.98,-4.03,4.76,0.8544,0,0,1,0,1
2006,F03-SOJ,F03,118.2,-18.0898,-48.4041,2023/2024,2023-12-17,351,65,frutificacao,0.8668,0.715,21.36,34.3,18.29,24.42,75.08,33.9,45685.6,0,saudavel,2.84,12,110,0.5909,3,0.8625,0.0364,61.77,23.76,10.14,-3.06,6.09,0.9883,0,0,1,0,1
2007,F03-SOJ,F03,118.2,-18.0898,-48.4041,2023/2024,2023-12-18,352,66,frutificacao,0.8549,0.7413,22.19,30.98,0.0,25.45,81.95,26.85,61287.6,1,saudavel,2.84,12,110,0.6,3,0.8595,-0.0212,44.27,33.9,-7.05,-3.26,4.59,0.8667,0,0,1,0,1
2008,F03-SOJ,F03,118.2,-18.0898,-48.4041,2023/2024,2023-12-19,353,67,frutificacao,0.8539,0.7402,18.14,39.83,23.36,23.64,71.41,35.72,36725.8,0,saudavel,2.84,12,110,0.6091,3,0.8608,0.0093,67.63,26.85,8.87,-5.5,6.76,0.8968,0,0,1,0,1
2009,F03-SOJ,F03,118.2,-18.0898,-48.4041,2023/2024,2023-12-20,354,68,frutificacao,0.8551,0.7267,18.94,52.26,31.96,23.72,79.61,51.33,32594.1,0,saudavel,2.84,12,110,0.6182,3,0.8577,-0.0217,99.59,35.72,15.61,-4.78,4.84,0.9822,0,0,1,0,1
2010,F03-SOJ,F03,118.2,-18.0898,-48.4041,2023/2024,2023-12-21,355,69,frutificacao,0.8704,0.7268,19.72,55.62,15.91,24.36,78.54,53.79,47901.0,0,saudavel,2.84,12,110,0.6273,3,0.8585,0.0054,115.5,51.33,2.46,-4.64,5.23,0.9671,0,0,1,0,1
2011,F03-SOJ,F03,118.2,-18.0898,-48.4041,2023/2024,2023-12-22,356,70,frutificacao,0.8346,0.7156,20.47,64.02,26.38,23.24,84.12,61.48,35184.3,0,saudavel,2.84,12,110,0.6364,3,0.8582,-0.0023,115.9,53.79,7.69,-2.77,3.69,0.9603,0,0,1,0,1
2012,F03-SOJ,F03,118.2,-18.0898,-48.4041,2023/2024,2023-12-23,357,71,frutificacao,0.8542,0.7083,19.16,63.47,9.58,22.47,75.0,57.41,52205.3,0,saudavel,2.84,12,110,0.6455,3,0.8557,-0.0172,125.48,61.48,-4.07,-3.31,5.62,0.9045,0,0,1,0,1
2013,F03-SOJ,F03,118.2,-18.0898,-48.4041,2023/2024,2023-12-24,358,72,frutificacao,0.8249,0.7019,17.02,58.19,0.0,21.07,76.41,47.64,64942.8,1,saudavel,2.84,12,110,0.6545,3,0.8497,-0.0419,107.19,57.41,-9.77,-4.05,4.97,0.8187,0,0,1,0,1
2014,F03-SOJ,F03,118.2,-18.0898,-48.4041,2023/2024,2023-12-25,359,73,frutificacao,0.842,0.7127,18.87,86.75,66.85,22.31,72.76,80.76,32258.6,0,saudavel,2.84,12,110,0.6636,3,0.8479,-0.0129,174.04,47.64,33.12,-3.44,6.08,0.931,0,0,1,0,1
2015,F03-SOJ,F03,118.2,-18.0898,-48.4041,2023/2024,2023-12-26,360,74,frutificacao,0.8003,0.7328,20.09,79.29,0.0,24.35,75.68,63.71,57521.5,0,saudavel,2.84,12,110,0.6727,3,0.8402,-0.0536,150.68,80.76,-17.05,-4.26,5.92,0.8035,0,0,1,0,1
2016,F03-SOJ,F03,118.2,-18.0898,-48.4041,2023/2024,2023-12-27,361,75,frutificacao,0.7788,0.6374,23.93,80.68,16.7,24.89,79.48,62.22,47016.8,0,saudavel,2.84,12,110,0.6818,3,0.8293,-0.0763,135.42,63.71,-1.49,-0.96,5.11,0.7712,0,0,1,0,1
2017,F03-SOJ,F03,118.2,-18.0898,-48.4041,2023/2024,2023-12-28,362,76,frutificacao,0.7554,0.5888,19.51,84.57,21.25,21.74,71.11,64.17,38283.6,0,saudavel,2.84,12,110,0.6909,3,0.8129,-0.115,140.76,62.22,1.95,-2.23,6.28,0.7588,0,0,1,0,1
2018,F03-SOJ,F03,118.2,-18.0898,-48.4041,2023/2024,2023-12-29,363,77,frutificacao,0.76,0.6332,18.14,83.88,12.55,20.19,78.81,60.94,47391.0,0,saudavel,2.84,12,110,0.7,3,0.8022,-0.0746,126.93,64.17,-3.23,-2.05,4.28,0.7265,0,0,1,0,1
2019,F03-SOJ,F03,118.2,-18.0898,-48.4041,2023/2024,2023-12-30,364,78,frutificacao,0.726,0.5828,22.93,76.57,0.0,24.08,81.75,48.99,60069.1,0,saudavel,2.84,12,110,0.7091,3,0.7839,-0.1282,117.35,60.94,-11.95,-1.15,4.39,0.6398,0,0,1,0,1
2020,F03-SOJ,F03,118.2,-18.0898,-48.4041,2023/2024,2023-12-31,365,79,frutificacao,0.7489,0.622,20.97,77.22,14.36,22.7,79.01,46.43,48313.1,0,saudavel,2.84,12,110,0.7182,3,0.7731,-0.076,131.71,48.99,-2.56,-1.73,4.76,0.6013,0,0,1,0,1
2021,F03-SOJ,F03,118.2,-18.0898,-48.4041,2023/2024,2024-01-01,1,80,frutificacao,0.6802,0.5522,18.38,70.81,0.0,20.47,81.23,34.6,64871.2,1,saudavel,2.84,1,110,0.7273,3,0.7499,-0.1618,64.86,46.43,-11.83,-2.09,3.84,0.4886,0,0,1,0,1
2022,F03-SOJ,F03,118.2,-18.0898,-48.4041,2023/2024,2024-01-02,2,81,frutificacao,0.6586,0.5417,15.61,66.56,3.26,17.73,74.96,31.32,56393.7,0,saudavel,2.84,1,110,0.7364,3,0.7297,-0.1417,68.12,34.6,-3.28,-2.12,4.44,0.4706,0,0,1,0,1
2023,F03-SOJ,F03,118.2,-18.0898,-48.4041,2023/2024,2024-01-03,3,82,frutificacao,0.6568,0.537,20.23,64.17,6.5,20.85,80.1,28.5,58231.5,0,saudavel,2.84,1,110,0.7455,3,0.7123,-0.122,57.92,31.32,-2.82,-0.62,4.15,0.4441,0,0,1,0,1
2024,F03-SOJ,F03,118.2,-18.0898,-48.4041,2023/2024,2024-01-04,4,83,frutificacao,0.64,0.5633,19.77,64.74,12.26,21.5,80.34,30.44,47749.3,0,saudavel,2.84,1,110,0.7545,3,0.6958,-0.1154,48.93,28.5,1.94,-1.73,4.23,0.4702,0,0,1,0,1
2025,F03-SOJ,F03,118.2,-18.0898,-48.4041,2023/2024,2024-01-05,5,84,frutificacao,0.6008,0.5097,18.21,59.22,0.0,20.37,80.03,23.68,63510.3,1,saudavel,2.84,1,110,0.7636,3,0.673,-0.1592,36.38,30.44,-6.76,-2.16,4.07,0.3999,0,0,1,0,1
2026,F03-SOJ,F03,118.2,-18.0898,-48.4041,2023/2024,2024-01-06,6,85,frutificacao,0.5763,0.5114,23.82,60.92,14.27,23.04,79.99,26.41,45723.3,0,saudavel,2.84,1,110,0.7727,3,0.6517,-0.1497,50.65,23.68,2.73,0.78,4.61,0.4335,0,0,1,0,1
2027,F03-SOJ,F03,118.2,-18.0898,-48.4041,2023/2024,2024-01-07,7,86,frutificacao,0.5221,0.4446,19.05,59.66,8.24,20.68,79.07,26.41,49517.0,0,saudavel,2.84,1,110,0.7818,3,0.6193,-0.2268,44.53,26.41,0.0,-1.63,4.33,0.4427,0,0,1,0,1
2028,F03-SOJ,F03,118.2,-18.0898,-48.4041,2023/2024,2024-01-08,8,87,frutificacao,0.491,0.4359,19.67,73.0,37.58,21.82,77.62,45.53,35266.3,0,saudavel,2.84,1,110,0.7909,3,0.5922,-0.1892,82.11,26.41,19.12,-2.15,4.88,0.6237,0,0,1,0,1
2029,F03-SOJ,F03,118.2,-18.0898,-48.4041,2023/2024,2024-01-09,9,88,frutificacao,0.5018,0.4205,25.75,74.25,16.35,25.27,72.6,46.2,41074.3,0,saudavel,2.84,1,110,0.8,3,0.5698,-0.1568,95.2,45.53,0.67,0.48,6.92,0.6222,0,0,1,0,1
2030,F03-SOJ,F03,118.2,-18.0898,-48.4041,2023/2024,2024-01-10,10,89,frutificacao,0.4657,0.4277,20.87,72.61,10.03,21.79,84.72,44.42,46979.9,0,saudavel,2.84,1,110,0.8091,3,0.5425,-0.1911,98.73,46.2,-1.78,-0.92,3.33,0.6118,0,0,1,0,1
2031,F03-SOJ,F03,118.2,-18.0898,-48.4041,2023/2024,2024-01-11,11,90,frutificacao,0.4179,0.3647,22.02,66.07,0.0,21.35,73.94,36.63,54874.6,0,saudavel,2.84,1,110,0.8182,3,0.5108,-0.2221,86.47,44.42,-7.79,0.67,5.56,0.5544,0,0,1,0,1
2032,F03-SOJ,F03,118.2,-18.0898,-48.4041,2023/2024,2024-01-12,12,91,frutificacao,0.3993,0.3238,23.51,60.03,0.0,21.29,80.86,29.53,62313.8,1,saudavel,2.84,1,110,0.8273,3,0.482,-0.2015,86.47,36.63,-7.1,2.22,4.07,0.4919,0,0,1,0,1
2033,F03-SOJ,F03,118.2,-18.0898,-48.4041,2023/2024,2024-01-13,13,92,frutificacao,0.3699,0.3268,21.63,62.64,16.68,22.34,88.46,35.05,46659.4,0,saudavel,2.84,1,110,0.8364,3,0.4525,-0.2064,88.88,29.53,5.52,-0.71,2.58,0.5595,0,0,1,0,1
2034,F03-SOJ,F03,118.2,-18.0898,-48.4041,2023/2024,2024-01-14,14,93,frutificacao,0.3063,0.2609,23.26,60.55,7.82,22.06,85.01,32.56,51762.3,0,saudavel,2.84,1,110,0.8455,3,0.4217,-0.2158,88.46,35.05,-2.49,1.2,3.31,0.5377,0,0,1,0,1
2035,F03-SOJ,F03,118.2,-18.0898,-48.4041,2023/2024,2024-01-15,15,94,maturacao,0.3094,0.259,22.34,68.24,26.54,19.64,83.45,45.04,29444.4,0,saudavel,2.84,1,110,0.8545,4,0.3958,-0.1816,77.42,32.56,12.48,2.7,3.25,0.66,0,0,1,0,1
2036,F03-SOJ,F03,118.2,-18.0898,-48.4041,2023/2024,2024-01-16,16,95,maturacao,0.3221,0.2757,22.23,62.01,0.0,20.44,81.62,37.17,57911.2,0,saudavel,2.84,1,110,0.8636,4,0.3701,-0.1797,61.07,45.04,-7.87,1.79,3.76,0.5994,0,0,1,0,1
2037,F03-SOJ,F03,118.2,-18.0898,-48.4041,2023/2024,2024-01-17,17,96,maturacao,0.2907,0.2621,21.17,56.28,0.0,19.97,79.95,30.92,56864.4,0,saudavel,2.84,1,110,0.8727,4,0.3451,-0.175,51.04,37.17,-6.25,1.2,4.0,0.5494,0,0,1,0,1
2038,F03-SOJ,F03,118.2,-18.0898,-48.4041,2023/2024,2024-01-18,18,97,maturacao,0.261,0.1795,24.5,52.8,3.77,20.46,75.73,25.27,50894.3,0,saudavel,2.84,1,110,0.8818,4,0.3227,-0.1569,54.81,30.92,-5.65,4.04,4.97,0.4786,0,0,1,0,1
2039,F03-SOJ,F03,118.2,-18.0898,-48.4041,2023/2024,2024-01-19,19,98,maturacao,0.2802,0.2312,24.92,47.38,0.0,23.53,77.06,19.56,55970.5,0,saudavel,2.84,1,110,0.8909,4,0.3057,-0.1191,54.81,25.27,-5.71,1.39,5.4,0.4128,0,0,1,0,1
2040,F03-SOJ,F03,118.2,-18.0898,-48.4041,2023/2024,2024-01-20,20,99,maturacao,0.2469,0.2235,23.81,53.0,20.89,21.63,82.27,25.53,38843.8,1,saudavel,2.84,1,110,0.9,4,0.2881,-0.123,59.02,19.56,5.97,2.18,3.83,0.4817,0,0,1,0,1
2041,F03-SOJ,F03,118.2,-18.0898,-48.4041,2023/2024,2024-01-21,21,100,maturacao,0.2455,0.2137,23.94,50.79,5.83,20.5,81.95,25.67,49714.5,0,saudavel,2.84,1,110,0.9091,4,0.2794,-0.0608,57.03,25.53,0.14,3.44,3.7,0.5054,0,0,1,0,1
2042,F03-SOJ,F03,118.2,-18.0898,-48.4041,2023/2024,2024-01-22,22,101,maturacao,0.2301,0.1731,25.31,45.58,0.0,22.4,82.73,18.63,57768.8,0,saudavel,2.84,1,110,0.9182,4,0.2681,-0.0793,30.49,25.67,-7.04,2.91,3.87,0.4087,0,0,1,0,1
2043,F03-SOJ,F03,118.2,-18.0898,-48.4041,2023/2024,2024-01-23,23,102,maturacao,0.2268,0.1454,24.02,40.99,0.0,20.74,85.81,13.31,51372.8,0,saudavel,2.84,1,110,0.9273,4,0.2545,-0.0953,30.49,18.63,-5.32,3.28,2.94,0.3247,0,0,1,0,1
2044,F03-SOJ,F03,118.2,-18.0898,-48.4041,2023/2024,2024-01-24,24,103,maturacao,0.2225,0.2232,19.01,36.84,0.0,17.91,80.53,7.74,61542.2,0,saudavel,2.84,1,110,0.9364,4,0.2447,-0.0682,30.49,13.31,-5.57,1.1,3.49,0.2101,0,0,1,0,1
2045,F03-SOJ,F03,118.2,-18.0898,-48.4041,2023/2024,2024-01-25,25,104,maturacao,0.2315,0.193,25.93,32.71,0.0,22.78,79.28,5.0,55128.1,0,saudavel,2.84,1,110,0.9455,4,0.2405,-0.0295,26.72,7.74,-2.74,3.15,4.72,0.1529,0,0,1,0,1
2046,F03-SOJ,F03,118.2,-18.0898,-48.4041,2023/2024,2024-01-26,26,105,maturacao,0.23,0.2258,22.07,29.24,0.0,19.97,70.42,5.0,58705.7,1,saudavel,2.84,1,110,0.9545,4,0.2333,-0.0502,26.72,5.0,0.0,2.1,5.91,0.171,0,0,1,0,1
2047,F03-SOJ,F03,118.2,-18.0898,-48.4041,2023/2024,2024-01-27,27,106,maturacao,0.189,0.1765,18.3,28.82,5.68,16.74,93.05,7.18,51162.1,0,saudavel,2.84,1,110,0.9636,4,0.2251,-0.0579,11.51,5.0,2.18,1.56,1.16,0.2491,0,0,1,0,1
2048,F03-SOJ,F03,118.2,-18.0898,-48.4041,2023/2024,2024-01-28,28,107,colheita,0.2022,0.156,20.05,36.3,21.37,17.65,79.06,19.91,37045.6,0,saudavel,2.84,1,110,0.9727,5,0.2189,-0.0433,27.05,7.18,12.73,2.4,3.7,0.5485,0,0,1,0,1
2049,F03-SOJ,F03,118.2,-18.0898,-48.4041,2023/2024,2024-01-29,29,108,colheita,0.2181,0.1353,23.89,36.38,8.1,21.66,81.88,19.42,44559.7,0,saudavel,2.84,1,110,0.9818,5,0.2172,-0.012,35.15,19.91,-0.49,2.23,3.92,0.5338,0,0,1,0,1
2050,F03-SOJ,F03,118.2,-18.0898,-48.4041,2023/2024,2024-01-30,30,109,colheita,0.188,0.1505,21.7,32.55,0.0,17.52,78.94,12.23,52933.6,0,saudavel,2.84,1,110,0.9909,5,0.2116,-0.0388,35.15,19.42,-7.19,4.18,3.69,0.3757,0,0,1,0,1
2051,F03-SOJ,F03,118.2,-18.0898,-48.4041,2024/2025,2024-10-17,291,0,germinacao,0.1719,0.1471,34.59,45.0,0.0,32.05,60.49,44.16,48809.2,0,saudavel,2.64,10,110,0.0,0,0.1719,0.0,0.0,44.16,0.0,2.54,12.66,0.9813,0,0,1,1,0
2052,F03-SOJ,F03,118.2,-18.0898,-48.4041,2024/2025,2024-10-18,292,1,germinacao,0.1717,0.1267,33.29,39.08,0.0,31.51,67.94,32.19,44666.7,1,saudavel,2.64,10,110,0.0091,0,0.1718,0.0,0.0,44.16,-11.97,1.78,10.1,0.8237,0,0,1,1,0
2053,F03-SOJ,F03,118.2,-18.0898,-48.4041,2024/2025,2024-10-19,293,2,germinacao,0.151,0.1312,32.1,33.92,0.0,28.79,67.3,24.55,49656.3,1,atencao,2.64,10,110,0.0182,0,0.1649,0.0,0.0,32.19,-7.64,3.31,9.41,0.7238,0,0,1,1,0
2054,F03-SOJ,F03,118.2,-18.0898,-48.4041,2024/2025,2024-10-20,294,3,germinacao,0.1999,0.1069,31.88,31.0,3.79,30.05,65.9,19.37,49906.5,0,saudavel,2.64,10,110,0.0273,0,0.1736,0.0,3.79,24.55,-5.18,1.83,10.25,0.6248,0,0,1,1,0
2055,F03-SOJ,F03,118.2,-18.0898,-48.4041,2024/2025,2024-10-21,295,4,germinacao,0.2016,0.1753,34.24,26.18,0.0,32.02,63.54,14.16,44083.4,1,saudavel,2.64,10,110,0.0364,0,0.1792,0.0,3.79,19.37,-5.21,2.22,11.67,0.5409,0,0,1,1,0
2056,F03-SOJ,F03,118.2,-18.0898,-48.4041,2024/2025,2024-10-22,296,5,germinacao,0.18,0.1673,33.3,32.54,21.36,30.74,64.81,22.28,38261.3,0,saudavel,2.64,10,110,0.0455,0,0.1794,0.0,25.15,14.16,8.12,2.56,10.82,0.6847,0,0,1,1,0
2057,F03-SOJ,F03,118.2,-18.0898,-48.4041,2024/2025,2024-10-23,297,6,germinacao,0.1874,0.1571,31.53,28.02,0.0,30.74,75.82,14.1,48542.6,1,saudavel,2.64,10,110,0.0545,0,0.1805,0.0,25.15,22.28,-8.18,0.79,7.43,0.5032,0,0,1,1,0
2058,F03-SOJ,F03,118.2,-18.0898,-48.4041,2024/2025,2024-10-24,298,7,germinacao,0.1918,0.1397,32.83,23.83,0.0,28.63,67.74,11.16,45729.0,1,saudavel,2.64,10,110,0.0636,0,0.1833,0.0199,25.15,14.1,-2.94,4.2,9.24,0.4683,0,0,1,1,0
2059,F03-SOJ,F03,118.2,-18.0898,-48.4041,2024/2025,2024-10-25,299,8,germinacao,0.1963,0.2059,27.62,29.58,18.61,26.12,76.96,20.97,35583.6,0,saudavel,2.64,10,110,0.0727,0,0.1869,0.0246,43.76,11.16,9.81,1.5,6.02,0.7089,0,0,1,1,0
2060,F03-SOJ,F03,118.2,-18.0898,-48.4041,2024/2025,2024-10-26,300,9,germinacao,0.1666,0.1647,32.35,25.09,0.0,29.8,69.86,13.0,53763.5,0,atencao,2.64,10,110,0.0818,0,0.1891,0.0156,43.76,20.97,-7.97,2.55,8.98,0.5181,0,0,1,1,0
2061,F03-SOJ,F03,118.2,-18.0898,-48.4041,2024/2025,2024-10-27,301,10,germinacao,0.2059,0.1644,31.09,20.94,0.0,30.43,63.33,8.46,50720.5,1,saudavel,2.64,10,110,0.0909,0,0.1899,0.006,39.97,13.0,-4.54,0.66,11.16,0.404,0,0,1,1,0
2062,F03-SOJ,F03,118.2,-18.0898,-48.4041,2024/2025,2024-10-28,302,11,vegetativo,0.1758,0.1442,34.27,33.99,33.81,30.37,70.16,25.59,26859.6,0,atencao,2.64,10,110,0.1,1,0.1863,-0.0258,73.78,8.46,17.13,3.9,9.06,0.7529,0,0,1,1,0
2063,F03-SOJ,F03,118.2,-18.0898,-48.4041,2024/2025,2024-10-29,303,12,vegetativo,0.2166,0.1445,31.58,29.26,0.0,29.48,63.97,19.3,58492.8,1,saudavel,2.64,10,110,0.1091,1,0.1915,0.0366,52.42,25.59,-6.29,2.1,10.62,0.6596,0,0,1,1,0
2064,F03-SOJ,F03,118.2,-18.0898,-48.4041,2024/2025,2024-10-30,304,13,vegetativo,0.186,0.1676,30.91,24.93,0.0,28.89,73.46,11.92,53030.7,1,atencao,2.64,10,110,0.1182,1,0.1913,-0.0014,52.42,19.3,-7.38,2.02,7.67,0.4781,0,0,1,1,0
2065,F03-SOJ,F03,118.2,-18.0898,-48.4041,2024/2025,2024-10-31,305,14,vegetativo,0.1864,0.1311,29.17,32.36,22.32,26.79,70.81,23.34,42032.9,0,atencao,2.64,10,110,0.1273,1,0.1905,-0.0054,74.74,11.92,11.42,2.38,7.82,0.7213,0,0,1,1,0
2066,F03-SOJ,F03,118.2,-18.0898,-48.4041,2024/2025,2024-11-01,306,15,vegetativo,0.2179,0.1986,30.84,27.86,0.0,28.69,75.15,18.44,56755.9,1,saudavel,2.64,11,110,0.1364,1,0.1936,0.0216,56.13,23.34,-4.9,2.15,7.13,0.6619,0,0,1,1,0
2067,F03-SOJ,F03,118.2,-18.0898,-48.4041,2024/2025,2024-11-02,307,16,vegetativo,0.2246,0.2114,28.44,39.99,32.17,27.19,79.1,32.37,26769.6,0,saudavel,2.64,11,110,0.1455,1,0.2019,0.058,88.3,18.44,13.93,1.25,5.68,0.8095,0,0,1,1,0
2068,F03-SOJ,F03,118.2,-18.0898,-48.4041,2024/2025,2024-11-03,308,17,vegetativo,0.236,0.1992,31.92,36.44,3.13,28.85,62.42,26.2,51579.4,0,saudavel,2.64,11,110,0.1545,1,0.2062,0.0301,91.43,32.37,-6.17,3.07,10.84,0.719,0,0,1,1,0
2069,F03-SOJ,F03,118.2,-18.0898,-48.4041,2024/2025,2024-11-04,309,18,vegetativo,0.2257,0.1706,29.46,31.85,0.0,26.84,70.15,21.12,52794.8,1,saudavel,2.64,11,110,0.1636,1,0.2133,0.0499,57.62,26.2,-5.08,2.62,8.01,0.6631,0,0,1,1,0
2070,F03-SOJ,F03,118.2,-18.0898,-48.4041,2024/2025,2024-11-05,310,19,vegetativo,0.2588,0.245,31.14,45.63,36.36,28.69,65.46,37.04,27752.8,0,saudavel,2.64,11,110,0.1727,1,0.2193,0.0422,93.98,21.12,15.92,2.45,9.91,0.8117,0,0,1,1,0
2071,F03-SOJ,F03,118.2,-18.0898,-48.4041,2024/2025,2024-11-06,311,20,vegetativo,0.2736,0.2326,30.67,40.01,0.0,29.82,81.77,26.81,55943.4,1,saudavel,2.64,11,110,0.1818,1,0.2319,0.0876,93.98,37.04,-10.23,0.85,5.44,0.6701,0,0,1,1,0
2072,F03-SOJ,F03,118.2,-18.0898,-48.4041,2024/2025,2024-11-07,312,21,vegetativo,0.3057,0.2617,28.83,51.37,32.62,28.32,69.83,41.92,26040.0,0,saudavel,2.64,11,110,0.1909,1,0.2489,0.1193,104.28,26.81,15.11,0.51,8.54,0.816,0,0,1,1,0
2073,F03-SOJ,F03,118.2,-18.0898,-48.4041,2024/2025,2024-11-08,313,22,vegetativo,0.3029,0.2388,29.32,62.74,34.4,28.16,65.7,54.25,23233.3,0,saudavel,2.64,11,110,0.2,1,0.261,0.085,138.68,41.92,12.33,1.16,9.66,0.8647,0,0,1,1,0
2074,F03-SOJ,F03,118.2,-18.0898,-48.4041,2024/2025,2024-11-09,314,23,vegetativo,0.306,0.264,31.0,55.9,0.0,28.96,83.14,39.76,58947.0,0,saudavel,2.64,11,110,0.2091,1,0.2727,0.0814,106.51,54.25,-14.49,2.04,4.88,0.7113,0,0,1,1,0
2075,F03-SOJ,F03,118.2,-18.0898,-48.4041,2024/2025,2024-11-10,315,24,vegetativo,0.3121,0.2612,31.85,56.93,14.9,30.16,67.73,39.27,44425.8,0,saudavel,2.64,11,110,0.2182,1,0.2835,0.0761,118.28,39.76,-0.49,1.69,9.73,0.6898,0,0,1,1,0
2076,F03-SOJ,F03,118.2,-18.0898,-48.4041,2024/2025,2024-11-11,316,25,vegetativo,0.3316,0.2553,27.5,50.8,0.0,27.26,65.14,32.77,51191.3,1,atencao,2.64,11,110,0.2273,1,0.2987,0.1059,118.28,39.27,-6.5,0.24,9.5,0.6451,0,0,1,1,0
2077,F03-SOJ,F03,118.2,-18.0898,-48.4041,2024/2025,2024-11-12,317,26,vegetativo,0.394,0.3617,29.24,49.25,8.2,28.12,67.08,33.24,48571.5,0,saudavel,2.64,11,110,0.2364,1,0.318,0.1352,90.12,32.77,0.47,1.12,9.26,0.6749,0,0,1,1,0
2078,F03-SOJ,F03,118.2,-18.0898,-48.4041,2024/2025,2024-11-13,318,27,vegetativo,0.4306,0.4012,28.67,43.62,0.0,29.52,72.89,24.1,58963.7,1,saudavel,2.64,11,110,0.2455,1,0.3404,0.157,90.12,33.24,-9.14,-0.85,8.0,0.5525,0,0,1,1,0
2079,F03-SOJ,F03,118.2,-18.0898,-48.4041,2024/2025,2024-11-14,319,28,vegetativo,0.4258,0.3823,27.67,50.77,24.37,28.17,73.35,32.23,36079.8,0,saudavel,2.64,11,110,0.2545,1,0.3576,0.1201,81.87,24.1,8.13,-0.5,7.51,0.6348,0,0,1,1,0
2080,F03-SOJ,F03,118.2,-18.0898,-48.4041,2024/2025,2024-11-15,320,29,vegetativo,0.4789,0.4244,23.92,54.53,17.58,24.07,71.53,35.91,37721.5,0,saudavel,2.64,11,110,0.2636,1,0.3827,0.176,65.05,32.23,3.68,-0.15,6.85,0.6585,0,0,1,1,0
2081,F03-SOJ,F03,118.2,-18.0898,-48.4041,2024/2025,2024-11-16,321,30,vegetativo,0.5013,0.4614,24.23,49.01,0.0,25.91,72.31,30.64,59451.0,1,saudavel,2.64,11,110,0.2727,1,0.4106,0.1953,65.05,35.91,-5.27,-1.68,7.17,0.6252,0,0,1,1,0
2082,F03-SOJ,F03,118.2,-18.0898,-48.4041,2024/2025,2024-11-17,322,31,vegetativo,0.5506,0.4471,26.1,53.48,19.44,28.02,73.86,37.29,38374.0,0,saudavel,2.64,11,110,0.2818,1,0.4447,0.2385,69.59,30.64,6.65,-1.92,7.32,0.6973,0,0,1,1,0
2083,F03-SOJ,F03,118.2,-18.0898,-48.4041,2024/2025,2024-11-18,323,32,vegetativo,0.5849,0.476,26.49,48.13,0.0,26.2,81.43,31.39,58059.7,1,saudavel,2.64,11,110,0.2909,1,0.4809,0.2533,69.59,37.29,-5.9,0.29,4.87,0.6522,0,0,1,1,0
2084,F03-SOJ,F03,118.2,-18.0898,-48.4041,2024/2025,2024-11-19,324,33,vegetativo,0.553,0.4618,29.26,42.84,0.0,28.87,75.0,25.37,54321.7,1,saudavel,2.64,11,110,0.3,1,0.5036,0.159,61.39,31.39,-6.02,0.39,7.22,0.5922,0,0,1,1,0
2085,F03-SOJ,F03,118.2,-18.0898,-48.4041,2024/2025,2024-11-20,325,34,vegetativo,0.6487,0.5573,29.86,38.06,0.0,29.41,70.32,17.06,44490.3,1,saudavel,2.64,11,110,0.3091,1,0.5347,0.2181,61.39,25.37,-8.31,0.45,8.73,0.4482,0,0,1,1,0
2086,F03-SOJ,F03,118.2,-18.0898,-48.4041,2024/2025,2024-11-21,326,35,vegetativo,0.6613,0.5563,24.14,39.53,10.8,25.64,74.37,18.43,44770.8,0,saudavel,2.64,11,110,0.3182,1,0.5684,0.2355,47.82,17.06,1.37,-1.5,6.57,0.4662,0,0,1,1,0
2087,F03-SOJ,F03,118.2,-18.0898,-48.4041,2024/2025,2024-11-22,327,36,vegetativo,0.6721,0.5509,23.48,35.59,0.0,24.88,79.93,13.06,59217.2,1,saudavel,2.64,11,110,0.3273,1,0.596,0.1932,30.24,18.43,-5.37,-1.4,4.99,0.367,0,0,1,1,0
2088,F03-SOJ,F03,118.2,-18.0898,-48.4041,2024/2025,2024-11-23,328,37,vegetativo,0.6971,0.5926,23.37,38.29,12.79,25.8,84.04,17.14,44840.0,0,saudavel,2.64,11,110,0.3364,1,0.624,0.1958,43.03,13.06,4.08,-2.43,4.12,0.4476,0,0,1,1,0
2089,F03-SOJ,F03,118.2,-18.0898,-48.4041,2024/2025,2024-11-24,329,38,vegetativo,0.7301,0.6187,22.69,41.6,14.31,25.61,70.34,21.32,46069.0,0,saudavel,2.64,11,110,0.3455,1,0.6496,0.1795,37.9,17.14,4.18,-2.92,7.6,0.5125,0,0,1,1,0
2090,F03-SOJ,F03,118.2,-18.0898,-48.4041,2024/2025,2024-11-25,330,39,floracao,0.7395,0.6454,26.67,37.17,0.0,28.45,79.84,15.2,61403.6,1,saudavel,2.64,11,110,0.3545,2,0.6717,0.1546,37.9,21.32,-6.12,-1.78,5.74,0.4089,0,0,1,1,0
2091,F03-SOJ,F03,118.2,-18.0898,-48.4041,2024/2025,2024-11-26,331,40,floracao,0.7489,0.6374,23.12,36.8,6.45,24.5,75.18,16.82,50985.7,0,saudavel,2.64,11,110,0.3636,2,0.6997,0.1959,44.35,15.2,1.62,-1.38,6.08,0.4571,0,0,1,1,0
2092,F03-SOJ,F03,118.2,-18.0898,-48.4041,2024/2025,2024-11-27,332,41,floracao,0.7694,0.6159,24.93,40.13,14.34,27.07,67.18,22.15,43137.7,0,saudavel,2.64,11,110,0.3727,2,0.7169,0.1207,58.69,16.82,5.33,-2.14,8.88,0.552,0,0,1,1,0
2093,F03-SOJ,F03,118.2,-18.0898,-48.4041,2024/2025,2024-11-28,333,42,floracao,0.7767,0.6679,24.11,35.93,0.0,27.94,65.77,18.71,51951.4,1,saudavel,2.64,11,110,0.3818,2,0.7334,0.1154,47.89,22.15,-3.44,-3.83,9.56,0.5207,0,0,1,1,0
2094,F03-SOJ,F03,118.2,-18.0898,-48.4041,2024/2025,2024-11-29,334,43,floracao,0.8365,0.7427,23.85,38.95,13.35,26.98,82.22,23.38,40952.6,0,saudavel,2.64,11,110,0.3909,2,0.7569,0.1644,61.24,18.71,4.67,-3.13,4.8,0.6003,0,0,1,1,0
2095,F03-SOJ,F03,118.2,-18.0898,-48.4041,2024/2025,2024-11-30,335,44,floracao,0.8212,0.6986,22.15,42.61,15.01,26.31,83.31,26.97,40043.9,0,saudavel,2.64,11,110,0.4,2,0.7746,0.1241,63.46,23.38,3.59,-4.16,4.39,0.633,0,0,1,1,0
2096,F03-SOJ,F03,118.2,-18.0898,-48.4041,2024/2025,2024-12-01,336,45,floracao,0.8742,0.7628,21.12,38.68,0.0,25.31,73.88,21.71,60556.7,1,saudavel,2.64,12,110,0.4091,2,0.7952,0.1441,49.15,26.97,-5.26,-4.19,6.61,0.5613,0,0,1,0,1
2097,F03-SOJ,F03,118.2,-18.0898,-48.4041,2024/2025,2024-12-02,337,46,floracao,0.8443,0.7075,26.27,38.37,7.42,28.23,74.0,19.16,50742.9,0,saudavel,2.64,12,110,0.4182,2,0.8102,0.1048,56.57,21.71,-2.55,-1.96,7.34,0.4993,0,0,1,0,1
2098,F03-SOJ,F03,118.2,-18.0898,-48.4041,2024/2025,2024-12-03,338,47,floracao,0.8552,0.7382,20.09,34.79,0.0,24.99,68.18,11.58,57504.5,1,saudavel,2.64,12,110,0.4273,2,0.8254,0.1063,50.12,19.16,-7.58,-4.9,7.95,0.3329,0,0,1,0,1
2099,F03-SOJ,F03,118.2,-18.0898,-48.4041,2024/2025,2024-12-04,339,48,floracao,0.8277,0.6887,25.4,31.24,0.0,26.68,79.97,9.47,57262.3,1,saudavel,2.64,12,110,0.4364,2,0.8337,0.0583,35.78,11.58,-2.11,-1.28,5.34,0.3031,0,0,1,0,1
2100,F03-SOJ,F03,118.2,-18.0898,-48.4041,2024/2025,2024-12-05,340,49,floracao,0.8492,0.7169,21.82,34.02,11.59,24.92,77.15,16.15,45512.9,0,saudavel,2.64,12,110,0.4455,2,0.844,0.0725,47.37,9.47,6.68,-3.1,5.69,0.4747,0,0,1,0,1
2101,F03-SOJ,F03,118.2,-18.0898,-48.4041,2024/2025,2024-12-06,341,50,floracao,0.8589,0.7253,18.09,40.1,18.0,22.29,71.18,24.79,44346.6,0,saudavel,2.64,12,110,0.4545,2,0.8472,0.0224,52.02,16.15,8.64,-4.2,6.42,0.6182,0,0,1,0,1
2102,F03-SOJ,F03,118.2,-18.0898,-48.4041,2024/2025,2024-12-07,342,51,floracao,0.8479,0.7303,20.98,38.08,3.32,24.55,78.69,21.29,56462.8,0,saudavel,2.64,12,110,0.4636,2,0.8511,0.0267,40.33,24.79,-3.5,-3.57,5.23,0.5591,0,0,1,0,1
2103,F03-SOJ,F03,118.2,-18.0898,-48.4041,2024/2025,2024-12-08,343,52,floracao,0.854,0.7094,20.24,48.42,27.72,24.55,70.74,32.85,35011.9,0,saudavel,2.64,12,110,0.4727,2,0.8482,-0.0202,68.05,21.29,11.56,-4.31,7.18,0.6784,0,0,1,0,1
2104,F03-SOJ,F03,118.2,-18.0898,-48.4041,2024/2025,2024-12-09,344,53,floracao,0.8739,0.7135,20.12,72.73,57.24,24.53,80.59,65.33,23232.2,1,saudavel,2.64,12,110,0.4818,2,0.8524,0.0296,117.87,32.85,32.48,-4.41,4.76,0.8983,0,0,1,0,1
2105,F03-SOJ,F03,118.2,-18.0898,-48.4041,2024/2025,2024-12-10,345,54,floracao,0.8759,0.7539,19.84,66.59,0.0,23.65,72.98,53.88,61287.8,0,saudavel,2.64,12,110,0.4909,2,0.8554,0.0207,117.87,65.33,-11.45,-3.81,6.39,0.8091,0,0,1,0,1
2106,F03-SOJ,F03,118.2,-18.0898,-48.4041,2024/2025,2024-12-11,346,55,floracao,0.8417,0.7241,21.58,64.19,7.05,25.48,79.04,48.43,51272.8,0,saudavel,2.64,12,110,0.5,2,0.8574,0.014,124.92,53.88,-5.45,-3.9,5.34,0.7545,0,0,1,0,1
2107,F03-SOJ,F03,118.2,-18.0898,-48.4041,2024/2025,2024-12-12,347,56,floracao,0.875,0.746,20.74,58.51,0.0,25.54,74.11,38.99,58956.8,0,saudavel,2.64,12,110,0.5091,2,0.861,0.0258,113.33,48.43,-9.44,-4.8,6.61,0.6664,0,0,1,0,1
2108,F03-SOJ,F03,118.2,-18.0898,-48.4041,2024/2025,2024-12-13,348,57,floracao,0.8809,0.7675,19.73,60.32,13.68,23.88,66.6,39.71,50257.0,0,saudavel,2.64,12,110,0.5182,2,0.8642,0.022,109.01,38.99,0.72,-4.15,7.98,0.6583,0,0,1,0,1
2109,F03-SOJ,F03,118.2,-18.0898,-48.4041,2024/2025,2024-12-14,349,58,floracao,0.8583,0.7255,18.72,69.49,28.71,23.76,83.53,49.08,30066.8,0,saudavel,2.64,12,110,0.5273,2,0.8657,0.0104,134.4,39.71,9.37,-5.04,3.91,0.7063,0,0,1,0,1
2110,F03-SOJ,F03,118.2,-18.0898,-48.4041,2024/2025,2024-12-15,350,59,floracao,0.8562,0.7334,17.58,72.99,18.57,22.55,84.57,52.41,42856.1,0,saudavel,2.64,12,110,0.5364,2,0.866,0.0022,125.25,49.08,3.33,-4.97,3.48,0.718,0,0,1,0,1
2111,F03-SOJ,F03,118.2,-18.0898,-48.4041,2024/2025,2024-12-16,351,60,floracao,0.8785,0.7398,19.22,70.88,8.28,24.41,75.64,47.01,48624.9,0,saudavel,2.64,12,110,0.5455,2,0.8666,0.0046,76.29,52.41,-5.4,-5.19,5.95,0.6632,0,0,1,0,1
2112,F03-SOJ,F03,118.2,-18.0898,-48.4041,2024/2025,2024-12-17,352,61,frutificacao,0.8175,0.6897,24.3,64.52,0.0,25.99,78.71,37.01,60080.3,0,saudavel,2.64,12,110,0.5545,3,0.8583,-0.0584,76.29,47.01,-10.0,-1.69,5.53,0.5736,0,0,1,0,1
2113,F03-SOJ,F03,118.2,-18.0898,-48.4041,2024/2025,2024-12-18,353,62,frutificacao,0.868,0.7446,22.48,58.75,0.0,25.89,79.62,32.14,55213.8,1,saudavel,2.64,12,110,0.5636,3,0.8621,0.0263,69.24,37.01,-4.87,-3.41,5.28,0.5471,0,0,1,0,1
2114,F03-SOJ,F03,118.2,-18.0898,-48.4041,2024/2025,2024-12-19,354,63,frutificacao,0.8992,0.8097,19.32,53.85,0.0,22.82,81.66,26.02,59825.0,1,saudavel,2.64,12,110,0.5727,3,0.8655,0.0242,69.24,32.14,-6.12,-3.5,4.19,0.4832,0,0,1,0,1
2115,F03-SOJ,F03,118.2,-18.0898,-48.4041,2024/2025,2024-12-20,355,64,frutificacao,0.8127,0.7057,23.3,53.57,9.61,26.6,85.7,22.9,51546.8,0,saudavel,2.64,12,110,0.5818,3,0.8558,-0.0682,65.17,26.02,-3.12,-3.3,3.8,0.4275,0,0,1,0,1
2116,F03-SOJ,F03,118.2,-18.0898,-48.4041,2024/2025,2024-12-21,356,65,frutificacao,0.8788,0.7579,19.56,52.39,6.68,22.97,81.36,22.01,56633.8,0,saudavel,2.64,12,110,0.5909,3,0.8587,0.0205,43.14,22.9,-0.89,-3.41,4.28,0.4201,0,0,1,0,1
2117,F03-SOJ,F03,118.2,-18.0898,-48.4041,2024/2025,2024-12-22,357,66,frutificacao,0.8704,0.7553,19.23,48.0,0.0,21.88,78.16,16.29,56633.8,1,saudavel,2.64,12,110,0.6,3,0.8607,0.0142,24.57,22.01,-5.72,-2.65,4.78,0.3394,0,0,1,0,1
2118,F03-SOJ,F03,118.2,-18.0898,-48.4041,2024/2025,2024-12-23,358,67,frutificacao,0.8272,0.6562,18.22,43.96,0.0,21.26,82.48,12.89,58385.1,1,saudavel,2.64,12,110,0.6091,3,0.8534,-0.0513,16.29,16.29,-3.4,-3.04,3.72,0.2932,0,0,1,0,1
2119,F03-SOJ,F03,118.2,-18.0898,-48.4041,2024/2025,2024-12-24,359,68,frutificacao,0.8622,0.7393,19.47,43.83,7.17,21.59,78.01,12.83,50852.9,0,saudavel,2.64,12,110,0.6182,3,0.8598,0.0447,23.46,12.89,-0.06,-2.12,4.75,0.2927,0,0,1,0,1
2120,F03-SOJ,F03,118.2,-18.0898,-48.4041,2024/2025,2024-12-25,360,69,frutificacao,0.8669,0.755,19.76,43.87,7.76,23.6,73.64,15.79,51408.8,0,saudavel,2.64,12,110,0.6273,3,0.8596,-0.0011,31.22,12.83,2.96,-3.84,6.22,0.3599,0,0,1,0,1
2121,F03-SOJ,F03,118.2,-18.0898,-48.4041,2024/2025,2024-12-26,361,70,frutificacao,0.8174,0.6965,19.85,43.46,6.77,22.61,85.67,16.53,50240.3,0,saudavel,2.64,12,110,0.6364,3,0.8479,-0.0818,37.99,15.79,0.74,-2.76,3.24,0.3803,0,0,1,0,1
2122,F03-SOJ,F03,118.2,-18.0898,-48.4041,2024/2025,2024-12-27,362,71,frutificacao,0.8198,0.6959,19.27,47.73,15.91,21.95,82.64,22.92,37504.6,0,saudavel,2.64,12,110,0.6455,3,0.849,0.0071,44.29,16.53,6.39,-2.68,3.81,0.4802,0,0,1,0,1
2123,F03-SOJ,F03,118.2,-18.0898,-48.4041,2024/2025,2024-12-28,363,72,frutificacao,0.8262,0.6835,17.16,43.71,0.0,21.52,70.92,18.75,56673.0,1,saudavel,2.64,12,110,0.6545,3,0.8414,-0.0526,37.61,22.92,-4.17,-4.36,6.26,0.429,0,0,1,0,1
2124,F03-SOJ,F03,118.2,-18.0898,-48.4041,2024/2025,2024-12-29,364,73,frutificacao,0.8356,0.7016,17.59,44.06,8.09,21.06,77.09,20.26,51544.2,0,saudavel,2.64,12,110,0.6636,3,0.8365,-0.0348,45.7,18.75,1.51,-3.47,4.82,0.4598,0,0,1,0,1
2125,F03-SOJ,F03,118.2,-18.0898,-48.4041,2024/2025,2024-12-30,365,74,frutificacao,0.7941,0.6583,16.27,40.34,0.0,21.26,84.17,16.15,59245.3,1,saudavel,2.64,12,110,0.6727,3,0.8317,-0.0331,45.7,20.26,-4.11,-4.99,3.37,0.4003,0,0,1,0,1
2126,F03-SOJ,F03,118.2,-18.0898,-48.4041,2024/2025,2024-12-31,366,75,frutificacao,0.7913,0.6926,20.76,40.88,8.53,24.02,70.91,17.81,52799.9,0,saudavel,2.64,12,110,0.6818,3,0.8216,-0.0709,47.06,16.15,1.66,-3.26,6.99,0.4357,0,0,1,0,1
2127,F03-SOJ,F03,118.2,-18.0898,-48.4041,2024/2025,2025-01-01,1,76,frutificacao,0.7641,0.6795,22.04,36.94,0.0,25.2,74.25,13.7,62151.2,1,saudavel,2.64,1,110,0.6909,3,0.8069,-0.1028,39.3,17.81,-4.11,-3.16,6.49,0.3709,0,0,1,0,1
2128,F03-SOJ,F03,118.2,-18.0898,-48.4041,2024/2025,2025-01-02,2,77,frutificacao,0.7612,0.6857,22.0,41.79,16.97,25.19,91.32,21.89,41358.9,0,saudavel,2.64,1,110,0.7,3,0.7989,-0.0562,49.5,13.7,8.19,-3.19,2.19,0.5238,0,0,1,0,1
2129,F03-SOJ,F03,118.2,-18.0898,-48.4041,2024/2025,2025-01-03,3,78,frutificacao,0.7628,0.6313,20.05,37.99,0.0,23.32,77.46,17.69,54719.1,1,saudavel,2.64,1,110,0.7091,3,0.7908,-0.057,33.59,21.89,-4.2,-3.27,5.26,0.4656,0,0,1,0,1
2130,F03-SOJ,F03,118.2,-18.0898,-48.4041,2024/2025,2025-01-04,4,79,frutificacao,0.7229,0.6011,19.46,34.66,0.0,21.46,85.63,15.82,60602.8,1,saudavel,2.64,1,110,0.7182,3,0.776,-0.1033,33.59,17.69,-1.87,-2.0,3.08,0.4564,0,0,1,0,1
2131,F03-SOJ,F03,118.2,-18.0898,-48.4041,2024/2025,2025-01-05,5,80,frutificacao,0.6905,0.5719,17.99,38.59,14.0,21.1,87.92,20.86,45441.1,0,saudavel,2.64,1,110,0.7273,3,0.7553,-0.1451,39.5,15.82,5.04,-3.11,2.55,0.5406,0,0,1,0,1
2132,F03-SOJ,F03,118.2,-18.0898,-48.4041,2024/2025,2025-01-06,6,81,frutificacao,0.6717,0.5506,22.95,38.05,6.24,23.13,74.63,20.78,52275.3,0,saudavel,2.64,1,110,0.7364,3,0.7378,-0.1224,45.74,20.86,-0.08,-0.18,5.87,0.5461,0,0,1,0,1
2133,F03-SOJ,F03,118.2,-18.0898,-48.4041,2024/2025,2025-01-07,7,82,frutificacao,0.6292,0.5147,20.44,37.32,5.51,21.53,81.44,23.72,57339.0,0,saudavel,2.64,1,110,0.7455,3,0.7146,-0.1621,42.72,20.78,2.94,-1.09,4.0,0.6356,0,0,1,0,1
2134,F03-SOJ,F03,118.2,-18.0898,-48.4041,2024/2025,2025-01-08,8,83,frutificacao,0.5964,0.4967,20.25,44.58,21.67,22.42,89.83,32.7,39038.8,0,saudavel,2.64,1,110,0.7545,3,0.6907,-0.1677,64.39,23.72,8.98,-2.17,2.28,0.7335,0,0,1,0,1
2135,F03-SOJ,F03,118.2,-18.0898,-48.4041,2024/2025,2025-01-09,9,84,frutificacao,0.6102,0.5362,23.76,40.18,0.0,24.61,80.49,25.72,59255.4,1,saudavel,2.64,1,110,0.7636,3,0.6691,-0.151,47.42,32.7,-6.98,-0.85,4.8,0.6401,0,0,1,0,1
2136,F03-SOJ,F03,118.2,-18.0898,-48.4041,2024/2025,2025-01-10,10,85,frutificacao,0.5879,0.4853,21.64,36.41,0.0,21.94,91.59,18.48,59259.3,1,saudavel,2.64,1,110,0.7727,3,0.6441,-0.1749,47.42,25.72,-7.24,-0.3,1.85,0.5076,0,0,1,0,1
2137,F03-SOJ,F03,118.2,-18.0898,-48.4041,2024/2025,2025-01-11,11,86,frutificacao,0.4878,0.4357,24.92,32.44,0.0,24.94,74.74,12.71,61191.8,1,saudavel,2.64,1,110,0.7818,3,0.6105,-0.2351,47.42,18.48,-5.77,-0.02,6.3,0.3918,0,0,1,0,1
2138,F03-SOJ,F03,118.2,-18.0898,-48.4041,2024/2025,2025-01-12,12,87,frutificacao,0.504,0.4557,18.19,32.6,6.41,19.74,89.98,13.85,50197.1,0,saudavel,2.64,1,110,0.7909,3,0.5839,-0.1865,39.83,12.71,1.14,-1.55,1.98,0.4248,0,0,1,0,1
2139,F03-SOJ,F03,118.2,-18.0898,-48.4041,2024/2025,2025-01-13,13,88,frutificacao,0.4787,0.4126,23.93,29.27,0.0,22.0,79.67,11.21,55734.8,1,saudavel,2.64,1,110,0.8,3,0.5563,-0.193,33.59,13.85,-2.64,1.93,4.47,0.383,0,0,1,0,1
2140,F03-SOJ,F03,118.2,-18.0898,-48.4041,2024/2025,2025-01-14,14,89,frutificacao,0.4076,0.3711,22.68,26.13,0.0,21.71,78.08,9.14,57530.7,1,saudavel,2.64,1,110,0.8091,3,0.5247,-0.2216,28.08,11.21,-2.07,0.97,4.76,0.3498,0,0,1,0,1
2141,F03-SOJ,F03,118.2,-18.0898,-48.4041,2024/2025,2025-01-15,15,90,frutificacao,0.3942,0.3079,18.88,36.57,26.27,19.67,84.09,24.26,29122.4,0,saudavel,2.64,1,110,0.8182,3,0.4958,-0.2022,32.68,9.14,15.12,-0.79,3.13,0.6634,0,0,1,0,1
2142,F03-SOJ,F03,118.2,-18.0898,-48.4041,2024/2025,2025-01-16,16,91,frutificacao,0.3656,0.2996,23.18,32.72,0.0,22.26,78.72,19.9,57795.3,1,saudavel,2.64,1,110,0.8273,3,0.4608,-0.2446,32.68,24.26,-4.36,0.92,4.74,0.6082,0,0,1,0,1
2143,F03-SOJ,F03,118.2,-18.0898,-48.4041,2024/2025,2025-01-17,17,92,frutificacao,0.3907,0.3359,23.53,35.6,13.0,23.27,78.19,21.97,45542.4,0,saudavel,2.64,1,110,0.8364,3,0.4327,-0.1972,45.68,19.9,2.07,0.26,5.08,0.6171,0,0,1,0,1
2144,F03-SOJ,F03,118.2,-18.0898,-48.4041,2024/2025,2025-01-18,18,93,frutificacao,0.3634,0.3134,24.92,36.54,9.88,24.19,80.43,23.67,47911.1,0,saudavel,2.64,1,110,0.8455,3,0.4149,-0.1244,55.56,21.97,1.7,0.73,4.73,0.6478,0,0,1,0,1
2145,F03-SOJ,F03,118.2,-18.0898,-48.4041,2024/2025,2025-01-19,19,94,maturacao,0.2918,0.2766,21.59,32.68,0.0,21.41,70.56,18.22,56352.9,0,saudavel,2.64,1,110,0.8545,4,0.3846,-0.2122,49.15,23.67,-5.45,0.18,6.3,0.5575,0,0,1,0,1
2146,F03-SOJ,F03,118.2,-18.0898,-48.4041,2024/2025,2025-01-20,20,95,maturacao,0.263,0.2036,19.54,31.87,5.21,17.86,77.67,17.47,57244.3,0,atencao,2.64,1,110,0.8636,4,0.3538,-0.2157,54.36,18.22,-0.75,1.68,3.99,0.5482,0,0,1,0,1
2147,F03-SOJ,F03,118.2,-18.0898,-48.4041,2024/2025,2025-01-21,21,96,maturacao,0.2917,0.2372,21.88,33.81,10.84,21.34,83.12,19.62,49592.0,0,saudavel,2.64,1,110,0.8727,4,0.3372,-0.1159,65.2,17.47,2.15,0.54,3.6,0.5803,0,0,1,0,1
2148,F03-SOJ,F03,118.2,-18.0898,-48.4041,2024/2025,2025-01-22,22,97,maturacao,0.2731,0.2305,22.84,41.29,22.34,21.65,84.2,27.9,35418.1,0,saudavel,2.64,1,110,0.8818,4,0.3199,-0.1211,61.27,19.62,8.28,1.19,3.42,0.6757,0,0,1,0,1
2149,F03-SOJ,F03,118.2,-18.0898,-48.4041,2024/2025,2025-01-23,23,98,maturacao,0.275,0.2233,22.01,37.19,0.0,20.1,81.88,20.01,56980.9,0,saudavel,2.64,1,110,0.8909,4,0.307,-0.0906,61.27,27.9,-7.89,1.91,3.64,0.538,0,0,1,0,1
2150,F03-SOJ,F03,118.2,-18.0898,-48.4041,2024/2025,2025-01-24,24,99,maturacao,0.2183,0.1647,22.25,37.61,8.71,20.69,81.04,21.31,52427.5,0,atencao,2.64,1,110,0.9,4,0.2823,-0.1724,56.98,20.01,1.3,1.56,3.92,0.5666,0,0,1,0,1
2151,F03-SOJ,F03,118.2,-18.0898,-48.4041,2024/2025,2025-01-25,25,100,maturacao,0.2449,0.1986,21.07,36.83,6.11,19.56,82.26,21.11,48815.7,0,saudavel,2.64,1,110,0.9091,4,0.2654,-0.1185,53.21,21.31,-0.2,1.51,3.47,0.5732,0,0,1,0,1
2152,F03-SOJ,F03,118.2,-18.0898,-48.4041,2024/2025,2025-01-26,26,101,maturacao,0.208,0.1719,22.96,48.3,30.62,20.01,84.69,35.86,25150.7,0,saudavel,2.64,1,110,0.9182,4,0.2534,-0.0838,83.83,21.11,14.75,2.95,3.06,0.7424,0,0,1,0,1
2153,F03-SOJ,F03,118.2,-18.0898,-48.4041,2024/2025,2025-01-27,27,102,maturacao,0.2284,0.2231,22.71,45.24,3.73,21.65,71.69,30.44,53092.5,0,saudavel,2.64,1,110,0.9273,4,0.2485,-0.0346,82.35,35.86,-5.42,1.06,6.13,0.6729,0,0,1,0,1
2154,F03-SOJ,F03,118.2,-18.0898,-48.4041,2024/2025,2025-01-28,28,103,maturacao,0.2095,0.1577,23.6,57.23,33.49,22.13,71.69,44.16,29074.2,0,saudavel,2.64,1,110,0.9364,4,0.2367,-0.0822,105.0,30.44,13.72,1.47,6.27,0.7716,0,0,1,0,1
2155,F03-SOJ,F03,118.2,-18.0898,-48.4041,2024/2025,2025-01-29,29,104,maturacao,0.2435,0.2233,18.62,51.82,0.0,18.07,80.41,35.88,56908.1,0,saudavel,2.64,1,110,0.9455,4,0.2325,-0.0296,82.66,44.16,-8.28,0.55,3.54,0.6924,0,0,1,0,1
2156,F03-SOJ,F03,118.2,-18.0898,-48.4041,2024/2025,2025-01-30,30,105,maturacao,0.2104,0.2042,20.41,46.79,0.0,19.13,81.02,28.36,57698.6,0,saudavel,2.64,1,110,0.9545,4,0.2233,-0.0646,82.66,35.88,-7.52,1.28,3.63,0.6061,0,0,1,0,1
2157,F03-SOJ,F03,118.2,-18.0898,-48.4041,2024/2025,2025-01-31,31,106,maturacao,0.1917,0.1527,19.84,42.13,0.0,17.44,70.41,21.52,52785.5,1,saudavel,2.64,1,110,0.9636,4,0.2195,-0.0266,73.95,28.36,-6.84,2.4,5.16,0.5108,0,0,1,0,1
2158,F03-SOJ,F03,118.2,-18.0898,-48.4041,2024/2025,2025-02-01,32,107,colheita,0.1978,0.1734,25.36,37.56,0.0,22.51,71.53,17.38,50521.0,0,saudavel,2.64,2,110,0.9727,5,0.2128,-0.0471,67.84,21.52,-4.14,2.85,6.41,0.4627,0,0,1,0,1
2159,F03-SOJ,F03,118.2,-18.0898,-48.4041,2024/2025,2025-02-02,33,108,colheita,0.1906,0.1736,22.46,40.34,13.64,22.51,78.54,22.75,40356.3,0,saudavel,2.64,2,110,0.9818,5,0.2103,-0.0174,50.86,17.38,5.37,-0.05,4.83,0.564,0,0,1,0,1
2160,F03-SOJ,F03,118.2,-18.0898,-48.4041,2024/2025,2025-02-03,34,109,colheita,0.1675,0.1506,19.71,44.98,17.62,16.6,86.2,26.57,40069.8,0,atencao,2.64,2,110,0.9909,5,0.2016,-0.0609,64.75,22.75,3.82,3.11,2.29,0.5907,0,0,1,0,1
3411,F04-ALG,F04,228.9,-16.77935,-49.61216,2023/2024,2023-11-02,306,0,germinacao,0.1907,0.1567,29.74,45.0,0.0,27.78,75.35,45.1,54248.9,0,saudavel,2.89,11,150,0.0,0,0.1907,0.0,0.0,45.1,0.0,1.96,6.85,1.0022,0,0,0,1,0
3412,F04-ALG,F04,228.9,-16.77935,-49.61216,2023/2024,2023-11-03,307,1,germinacao,0.1735,0.1486,30.37,39.43,0.0,27.78,73.62,33.51,54248.9,0,saudavel,2.89,11,150,0.0067,0,0.1821,0.0,0.0,45.1,-11.59,2.59,7.33,0.8499,0,0,0,1,0
3413,F04-ALG,F04,228.9,-16.77935,-49.61216,2023/2024,2023-11-04,308,2,germinacao,0.1579,0.138,33.21,38.24,8.16,29.63,75.07,29.17,54365.9,0,atencao,2.89,11,150,0.0133,0,0.174,0.0,8.16,33.51,-4.34,3.58,7.39,0.7628,0,0,0,1,0
3414,F04-ALG,F04,228.9,-16.77935,-49.61216,2023/2024,2023-11-05,309,3,germinacao,0.194,0.1711,31.89,33.15,0.0,29.33,72.79,20.44,57580.3,1,saudavel,2.89,11,150,0.02,0,0.179,0.0,8.16,29.17,-8.73,2.56,7.98,0.6166,0,0,0,1,0
3415,F04-ALG,F04,228.9,-16.77935,-49.61216,2023/2024,2023-11-06,310,4,germinacao,0.1915,0.1467,31.24,40.5,23.88,28.57,70.17,29.57,31217.6,0,saudavel,2.89,11,150,0.0267,0,0.1815,0.0,32.04,20.44,9.13,2.67,8.52,0.7301,0,0,0,1,0
3416,F04-ALG,F04,228.9,-16.77935,-49.61216,2023/2024,2023-11-07,311,5,germinacao,0.1955,0.1815,27.96,35.73,0.0,25.14,73.14,21.43,51187.8,1,saudavel,2.89,11,150,0.0333,0,0.1838,0.0,32.04,29.57,-8.14,2.82,6.75,0.5998,0,0,0,1,0
3417,F04-ALG,F04,228.9,-16.77935,-49.61216,2023/2024,2023-11-08,312,6,germinacao,0.2032,0.1778,27.75,31.14,0.0,26.99,60.91,16.0,53232.9,1,saudavel,2.89,11,150,0.04,0,0.1866,0.0,32.04,21.43,-5.43,0.76,10.55,0.5138,0,0,0,1,0
3418,F04-ALG,F04,228.9,-16.77935,-49.61216,2023/2024,2023-11-09,313,7,germinacao,0.1797,0.1298,28.1,38.94,23.6,24.83,82.25,23.84,32908.2,0,saudavel,2.89,11,150,0.0467,0,0.185,-0.011,55.64,16.0,7.84,3.27,4.41,0.6122,0,0,0,1,0
3419,F04-ALG,F04,228.9,-16.77935,-49.61216,2023/2024,2023-11-10,314,8,germinacao,0.1817,0.1451,30.93,33.8,0.0,29.11,70.86,14.67,52708.2,1,saudavel,2.89,11,150,0.0533,0,0.1862,0.0082,55.64,23.84,-9.17,1.82,8.48,0.434,0,0,0,1,0
3420,F04-ALG,F04,228.9,-16.77935,-49.61216,2023/2024,2023-11-11,315,9,germinacao,0.1802,0.1249,29.15,37.63,16.65,27.22,67.91,23.35,36519.3,0,saudavel,2.89,11,150,0.06,0,0.1894,0.0223,64.13,14.67,8.68,1.93,8.73,0.6205,0,0,0,1,0
3421,F04-ALG,F04,228.9,-16.77935,-49.61216,2023/2024,2023-11-12,316,10,germinacao,0.1935,0.1688,28.52,42.42,19.13,27.09,71.52,28.64,38472.1,0,saudavel,2.89,11,150,0.0667,0,0.1893,-0.0005,83.26,23.35,5.29,1.43,7.72,0.6752,0,0,0,1,0
3422,F04-ALG,F04,228.9,-16.77935,-49.61216,2023/2024,2023-11-13,317,11,germinacao,0.1847,0.1668,28.62,39.94,5.16,26.2,82.81,23.15,53545.0,0,saudavel,2.89,11,150,0.0733,0,0.1884,-0.0068,64.54,28.64,-5.49,2.42,4.5,0.5796,0,0,0,1,0
3423,F04-ALG,F04,228.9,-16.77935,-49.61216,2023/2024,2023-11-14,318,12,germinacao,0.1909,0.1665,31.25,34.75,0.0,29.04,72.82,16.35,61455.6,1,saudavel,2.89,11,150,0.08,0,0.1877,-0.0046,64.54,23.15,-6.8,2.21,7.89,0.4705,0,0,0,1,0
3424,F04-ALG,F04,228.9,-16.77935,-49.61216,2023/2024,2023-11-15,319,13,germinacao,0.175,0.1598,28.24,30.16,0.0,29.04,74.98,12.21,56325.1,1,saudavel,2.89,11,150,0.0867,0,0.1837,-0.0282,64.54,16.35,-4.14,-0.8,7.27,0.4048,0,0,0,1,0
3425,F04-ALG,F04,228.9,-16.77935,-49.61216,2023/2024,2023-11-16,320,14,germinacao,0.1701,0.1472,27.48,35.87,19.76,26.8,84.5,21.53,39565.6,0,atencao,2.89,11,150,0.0933,0,0.1823,-0.0096,60.7,12.21,9.32,0.68,4.15,0.6002,0,0,0,1,0
3426,F04-ALG,F04,228.9,-16.77935,-49.61216,2023/2024,2023-11-17,321,15,vegetativo,0.1738,0.163,29.3,31.21,0.0,26.8,78.22,14.21,50951.1,1,atencao,2.89,11,150,0.1,1,0.1812,-0.0079,60.7,21.53,-7.32,2.5,5.84,0.4553,0,0,0,1,0
3427,F04-ALG,F04,228.9,-16.77935,-49.61216,2023/2024,2023-11-18,322,16,vegetativo,0.2018,0.169,30.09,35.88,17.82,27.09,72.71,20.2,42434.0,0,saudavel,2.89,11,150,0.1067,1,0.1843,0.0216,61.87,14.21,5.99,3.0,7.39,0.563,0,0,0,1,0
3428,F04-ALG,F04,228.9,-16.77935,-49.61216,2023/2024,2023-11-19,323,17,vegetativo,0.1943,0.1792,29.46,36.43,10.22,26.5,66.14,20.51,44175.7,0,saudavel,2.89,11,150,0.1133,1,0.1844,0.0008,52.96,20.2,0.31,2.96,8.97,0.563,0,0,0,1,0
3429,F04-ALG,F04,228.9,-16.77935,-49.61216,2023/2024,2023-11-20,324,18,vegetativo,0.1871,0.1334,31.82,31.58,0.0,28.5,76.75,14.76,44175.7,1,saudavel,2.89,11,150,0.12,1,0.1847,0.0024,47.8,20.51,-5.75,3.32,6.63,0.4674,0,0,0,1,0
3430,F04-ALG,F04,228.9,-16.77935,-49.61216,2023/2024,2023-11-21,325,19,vegetativo,0.2124,0.1526,30.28,27.16,0.0,28.39,70.35,9.72,57132.0,1,saudavel,2.89,11,150,0.1267,1,0.1878,0.0215,47.8,14.76,-5.04,1.89,8.42,0.3579,0,0,0,1,0
3431,F04-ALG,F04,228.9,-16.77935,-49.61216,2023/2024,2023-11-22,326,20,vegetativo,0.2306,0.1978,28.13,23.35,0.0,26.56,78.26,5.0,56711.6,1,saudavel,2.89,11,150,0.1333,1,0.1957,0.0556,47.8,9.72,-4.72,1.57,5.77,0.2141,0,0,0,1,0
3432,F04-ALG,F04,228.9,-16.77935,-49.61216,2023/2024,2023-11-23,327,21,vegetativo,0.1942,0.1788,27.3,31.25,22.6,25.16,75.67,15.6,31460.5,0,saudavel,2.89,11,150,0.14,1,0.1992,0.0241,50.64,5.0,10.6,2.14,6.12,0.4992,0,0,0,1,0
3433,F04-ALG,F04,228.9,-16.77935,-49.61216,2023/2024,2023-11-24,328,22,vegetativo,0.1854,0.152,29.86,38.49,22.93,26.72,77.13,25.05,33419.7,1,atencao,2.89,11,150,0.1467,1,0.2008,0.0116,73.57,15.6,9.45,3.14,6.11,0.6508,0,0,0,1,0
3434,F04-ALG,F04,228.9,-16.77935,-49.61216,2023/2024,2023-11-25,329,23,vegetativo,0.2293,0.2076,28.79,33.93,0.0,25.24,80.56,25.05,55067.9,1,saudavel,2.89,11,150,0.1533,1,0.2048,0.0275,55.75,25.05,0.0,3.55,4.91,0.7383,0,0,0,1,0
3435,F04-ALG,F04,228.9,-16.77935,-49.61216,2023/2024,2023-11-26,330,24,vegetativo,0.2143,0.1884,29.79,37.48,16.26,28.18,65.78,24.97,40562.9,0,saudavel,2.89,11,150,0.16,1,0.2076,0.02,61.79,25.05,-0.08,1.61,9.64,0.6662,0,0,0,1,0
3436,F04-ALG,F04,228.9,-16.77935,-49.61216,2023/2024,2023-11-27,331,25,vegetativo,0.2144,0.1413,30.1,32.61,0.0,28.3,75.1,23.0,61780.5,1,saudavel,2.89,11,150,0.1667,1,0.2115,0.0273,61.79,24.97,-1.97,1.8,7.05,0.7053,0,0,0,1,0
3437,F04-ALG,F04,228.9,-16.77935,-49.61216,2023/2024,2023-11-28,332,26,vegetativo,0.243,0.253,28.77,39.48,22.29,26.93,75.29,30.78,35634.0,0,saudavel,2.89,11,150,0.1733,1,0.2159,0.0306,84.08,23.0,7.78,1.84,6.65,0.7796,0,0,0,1,0
3438,F04-ALG,F04,228.9,-16.77935,-49.61216,2023/2024,2023-11-29,333,27,vegetativo,0.2224,0.1639,25.74,42.46,14.99,24.01,78.67,30.7,41877.1,0,saudavel,2.89,11,150,0.18,1,0.2147,-0.0082,99.07,30.78,-0.08,1.73,5.12,0.723,0,0,0,1,0
3439,F04-ALG,F04,228.9,-16.77935,-49.61216,2023/2024,2023-11-30,334,28,vegetativo,0.2412,0.1861,26.2,37.63,0.0,24.95,79.29,23.84,60591.4,1,saudavel,2.89,11,150,0.1867,1,0.2214,0.047,76.47,30.7,-6.86,1.25,5.17,0.6335,0,0,0,1,0
3440,F04-ALG,F04,228.9,-16.77935,-49.61216,2023/2024,2023-12-01,335,29,vegetativo,0.2426,0.2292,26.94,39.25,12.19,25.25,77.44,27.14,47808.0,0,saudavel,2.89,12,150,0.1933,1,0.2296,0.0572,65.73,23.84,3.3,1.69,5.7,0.6915,0,0,0,0,1
3441,F04-ALG,F04,228.9,-16.77935,-49.61216,2023/2024,2023-12-02,336,30,vegetativo,0.3111,0.2648,24.6,46.94,24.12,24.19,74.16,37.04,41307.0,0,saudavel,2.89,12,150,0.2,1,0.2413,0.0818,89.85,27.14,9.9,0.41,6.25,0.7891,0,0,0,0,1
3442,F04-ALG,F04,228.9,-16.77935,-49.61216,2023/2024,2023-12-03,337,31,vegetativo,0.2509,0.1979,27.36,41.77,0.0,24.9,71.42,28.83,62033.3,1,saudavel,2.89,12,150,0.2067,1,0.2465,0.0366,73.59,37.04,-8.21,2.46,7.12,0.6902,0,0,0,0,1
3443,F04-ALG,F04,228.9,-16.77935,-49.61216,2023/2024,2023-12-04,338,32,vegetativo,0.2806,0.2291,28.55,53.79,33.62,25.6,68.79,43.04,23586.9,0,saudavel,2.89,12,150,0.2133,1,0.256,0.0662,107.21,28.83,14.21,2.95,7.99,0.8001,0,0,0,0,1
3444,F04-ALG,F04,228.9,-16.77935,-49.61216,2023/2024,2023-12-05,339,33,vegetativo,0.2658,0.2083,27.27,73.19,50.44,25.94,77.2,65.68,32019.8,0,saudavel,2.89,12,150,0.22,1,0.2592,0.0228,135.36,43.04,22.64,1.33,5.91,0.8974,0,0,0,0,1
3445,F04-ALG,F04,228.9,-16.77935,-49.61216,2023/2024,2023-12-06,340,34,vegetativo,0.2895,0.2301,30.04,70.36,9.26,26.98,78.69,54.3,52214.2,0,saudavel,2.89,12,150,0.2267,1,0.2688,0.0671,129.63,65.68,-11.38,3.06,5.75,0.7717,0,0,0,0,1
3446,F04-ALG,F04,228.9,-16.77935,-49.61216,2023/2024,2023-12-07,341,35,vegetativo,0.2872,0.2599,26.22,63.37,0.0,24.92,75.66,54.3,64371.6,1,saudavel,2.89,12,150,0.2333,1,0.2754,0.046,129.63,54.3,0.0,1.3,6.07,0.8569,0,0,0,0,1
3447,F04-ALG,F04,228.9,-16.77935,-49.61216,2023/2024,2023-12-08,342,36,vegetativo,0.3185,0.2607,24.83,57.05,0.0,24.4,81.91,33.93,58880.9,0,saudavel,2.89,12,150,0.24,1,0.2862,0.0759,117.44,54.3,-20.37,0.43,4.41,0.5947,0,0,0,0,1
3448,F04-ALG,F04,228.9,-16.77935,-49.61216,2023/2024,2023-12-09,343,37,vegetativo,0.313,0.2447,24.68,51.42,0.0,22.81,78.2,28.15,62842.7,1,saudavel,2.89,12,150,0.2467,1,0.2865,0.0019,93.32,33.93,-5.78,1.87,4.97,0.5475,0,0,0,0,1
3449,F04-ALG,F04,228.9,-16.77935,-49.61216,2023/2024,2023-12-10,344,38,vegetativo,0.3382,0.2723,25.2,46.0,0.0,25.16,77.0,20.58,58560.8,1,saudavel,2.89,12,150,0.2533,1,0.299,0.0873,93.32,28.15,-7.57,0.04,5.79,0.4474,0,0,0,0,1
3450,F04-ALG,F04,228.9,-16.77935,-49.61216,2023/2024,2023-12-11,345,39,vegetativo,0.3271,0.2749,25.54,41.14,0.0,23.86,71.08,15.27,60560.9,1,saudavel,2.89,12,150,0.26,1,0.3056,0.0465,59.7,20.58,-5.31,1.68,6.9,0.3712,0,0,0,0,1
3451,F04-ALG,F04,228.9,-16.77935,-49.61216,2023/2024,2023-12-12,346,40,vegetativo,0.3412,0.2751,25.31,39.15,4.96,24.13,75.95,16.08,51644.1,0,saudavel,2.89,12,150,0.2667,1,0.3164,0.0754,14.22,15.27,0.81,1.18,5.8,0.4107,0,0,0,0,1
3452,F04-ALG,F04,228.9,-16.77935,-49.61216,2023/2024,2023-12-13,347,41,vegetativo,0.3353,0.2789,24.07,34.9,0.0,23.49,75.95,13.74,55677.8,1,atencao,2.89,12,150,0.2733,1,0.3229,0.0458,4.96,16.08,-2.34,0.58,5.65,0.3937,0,0,0,0,1
3453,F04-ALG,F04,228.9,-16.77935,-49.61216,2023/2024,2023-12-14,348,42,vegetativo,0.3968,0.3443,23.35,31.09,0.0,23.43,85.68,11.21,62456.6,1,saudavel,2.89,12,150,0.28,1,0.3386,0.1096,4.96,13.74,-2.53,-0.08,3.36,0.3606,0,0,0,0,1
3454,F04-ALG,F04,228.9,-16.77935,-49.61216,2023/2024,2023-12-15,349,43,vegetativo,0.3938,0.3251,24.79,29.3,3.86,25.21,76.73,7.29,56049.4,0,saudavel,2.89,12,150,0.2867,1,0.3493,0.0753,8.82,11.21,-3.92,-0.42,5.87,0.2488,0,0,0,0,1
3455,F04-ALG,F04,228.9,-16.77935,-49.61216,2023/2024,2023-12-16,350,44,vegetativo,0.4685,0.381,24.76,25.99,0.0,23.94,82.82,5.0,56080.0,1,saudavel,2.89,12,150,0.2933,1,0.3716,0.1555,8.82,7.29,-2.29,0.82,4.11,0.1924,0,0,0,0,1
3456,F04-ALG,F04,228.9,-16.77935,-49.61216,2023/2024,2023-12-17,351,45,vegetativo,0.4335,0.3545,26.14,26.77,8.34,26.27,84.2,7.07,54065.1,0,saudavel,2.89,12,150,0.3,1,0.3852,0.0953,17.16,5.0,2.07,-0.13,4.15,0.2641,0,0,0,0,1
3457,F04-ALG,F04,228.9,-16.77935,-49.61216,2023/2024,2023-12-18,352,46,vegetativo,0.4866,0.4415,22.08,29.76,11.71,22.14,74.96,11.42,40059.4,0,saudavel,2.89,12,150,0.3067,1,0.408,0.1595,28.87,7.07,4.35,-0.06,5.54,0.3837,0,0,0,0,1
3458,F04-ALG,F04,228.9,-16.77935,-49.61216,2023/2024,2023-12-19,353,47,vegetativo,0.5036,0.4716,25.05,26.26,0.0,25.59,79.2,11.42,57557.9,1,saudavel,2.89,12,150,0.3133,1,0.4312,0.1624,23.91,11.42,0.0,-0.54,5.32,0.4349,0,0,0,0,1
3459,F04-ALG,F04,228.9,-16.77935,-49.61216,2023/2024,2023-12-20,354,48,vegetativo,0.495,0.4217,22.21,42.88,39.04,22.88,80.22,31.22,25016.3,0,saudavel,2.89,12,150,0.32,1,0.454,0.1597,62.95,11.42,19.8,-0.67,4.53,0.7281,0,0,0,0,1
3460,F04-ALG,F04,228.9,-16.77935,-49.61216,2023/2024,2023-12-21,355,49,vegetativo,0.5044,0.4432,23.22,47.19,17.19,23.43,84.35,36.05,46406.0,0,saudavel,2.89,12,150,0.3267,1,0.4693,0.1076,80.14,31.22,4.83,-0.21,3.67,0.7639,0,0,0,0,1
3461,F04-ALG,F04,228.9,-16.77935,-49.61216,2023/2024,2023-12-22,356,50,vegetativo,0.5354,0.4363,23.84,53.02,21.0,24.15,74.39,40.46,37701.1,0,saudavel,2.89,12,150,0.3333,1,0.4896,0.1416,97.28,36.05,4.41,-0.31,6.18,0.7631,0,0,0,0,1
3462,F04-ALG,F04,228.9,-16.77935,-49.61216,2023/2024,2023-12-23,357,51,vegetativo,0.5796,0.4808,23.77,47.86,0.0,24.85,79.75,33.53,60224.3,0,saudavel,2.89,12,150,0.34,1,0.5054,0.1111,97.28,40.46,-6.93,-1.08,5.03,0.7006,0,0,0,0,1
3463,F04-ALG,F04,228.9,-16.77935,-49.61216,2023/2024,2023-12-24,358,52,vegetativo,0.6209,0.5368,23.02,43.19,0.0,24.8,76.92,25.61,60884.6,1,saudavel,2.89,12,150,0.3467,1,0.5322,0.1874,88.94,33.53,-7.92,-1.78,5.72,0.593,0,0,0,0,1
3464,F04-ALG,F04,228.9,-16.77935,-49.61216,2023/2024,2023-12-25,359,53,floracao,0.5684,0.4358,22.47,38.83,0.0,24.67,80.44,20.7,62376.0,1,saudavel,2.89,12,150,0.3533,2,0.5439,0.0818,77.23,25.61,-4.91,-2.2,4.83,0.5331,0,0,0,0,1
3465,F04-ALG,F04,228.9,-16.77935,-49.61216,2023/2024,2023-12-26,360,54,floracao,0.6106,0.5345,20.59,35.11,0.0,22.69,85.62,15.88,62008.2,1,saudavel,2.89,12,150,0.36,2,0.5592,0.107,77.23,20.7,-4.82,-2.1,3.26,0.4523,0,0,0,0,1
3466,F04-ALG,F04,228.9,-16.77935,-49.61216,2023/2024,2023-12-27,361,55,floracao,0.6147,0.5112,23.78,31.35,0.0,25.62,85.15,14.66,62291.8,1,saudavel,2.89,12,150,0.3667,2,0.5763,0.1197,38.19,15.88,-1.22,-1.84,3.8,0.4676,0,0,0,0,1
3467,F04-ALG,F04,228.9,-16.77935,-49.61216,2023/2024,2023-12-28,362,56,floracao,0.6354,0.5185,22.02,34.34,12.39,23.72,85.06,21.35,46695.6,0,saudavel,2.89,12,150,0.3733,2,0.595,0.131,33.39,14.66,6.69,-1.7,3.54,0.6217,0,0,0,0,1
3468,F04-ALG,F04,228.9,-16.77935,-49.61216,2023/2024,2023-12-29,363,57,floracao,0.6917,0.5957,14.32,38.2,13.61,18.28,77.23,29.29,48796.6,0,saudavel,2.89,12,150,0.38,2,0.6173,0.1563,26.0,21.35,7.94,-3.96,4.16,0.7668,0,0,0,0,1
3469,F04-ALG,F04,228.9,-16.77935,-49.61216,2023/2024,2023-12-30,364,58,floracao,0.6562,0.5866,21.4,34.61,0.0,22.68,77.17,25.8,57782.3,1,saudavel,2.89,12,150,0.3867,2,0.6283,0.0766,26.0,29.29,-3.49,-1.28,5.18,0.7454,0,0,0,0,1
3470,F04-ALG,F04,228.9,-16.77935,-49.61216,2023/2024,2023-12-31,365,59,floracao,0.6526,0.5485,20.41,31.38,0.0,21.96,85.0,20.36,58483.6,1,saudavel,2.89,12,150,0.3933,2,0.6328,0.0317,26.0,25.8,-5.44,-1.55,3.29,0.6488,0,0,0,0,1
3471,F04-ALG,F04,228.9,-16.77935,-49.61216,2023/2024,2024-01-01,1,60,floracao,0.7011,0.6018,19.07,28.49,0.0,21.96,82.98,15.39,55014.3,1,saudavel,2.89,1,150,0.4,2,0.6518,0.1327,26.0,20.36,-4.97,-2.89,3.74,0.5402,0,0,0,0,1
3472,F04-ALG,F04,228.9,-16.77935,-49.61216,2023/2024,2024-01-02,2,61,floracao,0.7161,0.6177,19.93,25.69,0.0,23.29,77.84,10.24,64582.7,1,saudavel,2.89,1,150,0.4067,2,0.6668,0.1055,26.0,15.39,-5.15,-3.36,5.16,0.3986,0,0,0,0,1
3473,F04-ALG,F04,228.9,-16.77935,-49.61216,2023/2024,2024-01-03,3,62,floracao,0.7106,0.6088,19.61,32.09,17.83,22.69,74.91,19.8,38818.0,0,saudavel,2.89,1,150,0.4133,2,0.6805,0.0959,43.83,10.24,9.56,-3.08,5.69,0.617,0,0,0,0,1
3474,F04-ALG,F04,228.9,-16.77935,-49.61216,2023/2024,2024-01-04,4,63,floracao,0.7151,0.5879,17.36,29.26,0.0,21.12,60.89,15.93,63625.6,1,saudavel,2.89,1,150,0.42,2,0.6919,0.0797,31.44,19.8,-3.87,-3.76,8.26,0.5444,0,0,0,0,1
3475,F04-ALG,F04,228.9,-16.77935,-49.61216,2023/2024,2024-01-05,5,64,floracao,0.7408,0.6342,21.28,38.35,24.06,24.29,70.53,27.85,37136.0,0,saudavel,2.89,1,150,0.4267,2,0.6989,0.0491,41.89,15.93,11.92,-3.01,7.16,0.7262,0,0,0,0,1
3476,F04-ALG,F04,228.9,-16.77935,-49.61216,2023/2024,2024-01-06,6,65,floracao,0.7188,0.6146,17.36,42.3,14.44,20.01,79.52,30.72,45557.4,0,saudavel,2.89,1,150,0.4333,2,0.7079,0.0626,56.33,27.85,2.87,-2.65,4.1,0.7262,0,0,0,0,1
3477,F04-ALG,F04,228.9,-16.77935,-49.61216,2023/2024,2024-01-07,7,66,floracao,0.7616,0.5927,17.88,38.72,0.0,19.81,79.68,25.47,60208.2,1,saudavel,2.89,1,150,0.44,2,0.7234,0.109,56.33,30.72,-5.25,-1.93,4.03,0.6578,0,0,0,0,1
3478,F04-ALG,F04,228.9,-16.77935,-49.61216,2023/2024,2024-01-08,8,67,floracao,0.7529,0.6571,17.81,35.42,0.0,20.12,82.98,20.05,55804.2,1,saudavel,2.89,1,150,0.4467,2,0.7308,0.0518,56.33,25.47,-5.42,-2.31,3.42,0.5661,0,0,0,0,1
3479,F04-ALG,F04,228.9,-16.77935,-49.61216,2023/2024,2024-01-09,9,68,floracao,0.7936,0.6445,20.42,35.42,6.24,22.32,82.58,19.4,57579.2,0,saudavel,2.89,1,150,0.4533,2,0.7419,0.0775,62.57,20.05,-0.65,-1.9,3.89,0.5477,0,0,0,0,1
3480,F04-ALG,F04,228.9,-16.77935,-49.61216,2023/2024,2024-01-10,10,69,floracao,0.7777,0.6636,19.22,32.3,0.0,22.11,90.95,15.78,57682.6,1,saudavel,2.89,1,150,0.46,2,0.7515,0.0671,44.74,19.4,-3.62,-2.89,2.0,0.4885,0,0,0,0,1
3481,F04-ALG,F04,228.9,-16.77935,-49.61216,2023/2024,2024-01-11,11,70,floracao,0.7732,0.6876,16.37,29.51,0.0,20.24,76.89,12.57,61681.4,0,saudavel,2.89,1,150,0.4667,2,0.7598,0.0581,44.74,15.78,-3.21,-3.87,4.68,0.426,0,0,0,0,1
3482,F04-ALG,F04,228.9,-16.77935,-49.61216,2023/2024,2024-01-12,12,71,floracao,0.7761,0.6548,19.23,42.02,30.13,20.47,70.8,27.49,27626.2,1,saudavel,2.89,1,150,0.4733,2,0.7648,0.0353,50.81,12.57,14.92,-1.24,5.98,0.6542,0,0,0,0,1
3483,F04-ALG,F04,228.9,-16.77935,-49.61216,2023/2024,2024-01-13,13,72,floracao,0.7459,0.6131,18.24,48.07,19.29,21.27,75.39,33.6,35312.7,0,saudavel,2.89,1,150,0.48,2,0.7687,0.0271,55.66,27.49,6.11,-3.03,5.23,0.699,0,0,0,0,1
3484,F04-ALG,F04,228.9,-16.77935,-49.61216,2023/2024,2024-01-14,14,73,floracao,0.7856,0.6789,14.96,52.25,16.44,19.58,89.38,38.78,48224.4,0,saudavel,2.89,1,150,0.4867,2,0.7721,0.024,72.1,33.6,5.18,-4.62,2.08,0.7422,0,0,0,0,1
3485,F04-ALG,F04,228.9,-16.77935,-49.61216,2023/2024,2024-01-15,15,74,floracao,0.7871,0.6971,19.42,49.08,2.61,22.29,79.38,33.04,53748.5,0,saudavel,2.89,1,150,0.4933,2,0.777,0.0342,74.71,38.78,-5.74,-2.87,4.6,0.6732,0,0,0,0,1
3486,F04-ALG,F04,228.9,-16.77935,-49.61216,2023/2024,2024-01-16,16,75,floracao,0.7949,0.6535,18.61,45.37,1.25,23.35,83.69,24.46,58111.1,1,saudavel,2.89,1,150,0.5,2,0.7772,0.0013,69.72,33.04,-8.58,-4.74,3.81,0.5391,0,0,0,0,1
3487,F04-ALG,F04,228.9,-16.77935,-49.61216,2023/2024,2024-01-17,17,76,floracao,0.7924,0.6264,17.43,58.05,33.02,20.64,77.37,42.31,19802.8,0,saudavel,2.89,1,150,0.5067,2,0.7793,0.0147,102.74,24.46,17.85,-3.21,4.67,0.7289,0,0,0,0,1
3488,F04-ALG,F04,228.9,-16.77935,-49.61216,2023/2024,2024-01-18,18,77,floracao,0.8269,0.7265,17.42,58.05,9.69,21.34,77.2,40.66,48089.3,0,saudavel,2.89,1,150,0.5133,2,0.787,0.0537,112.43,42.31,-1.65,-3.92,4.87,0.7004,0,0,0,0,1
3489,F04-ALG,F04,228.9,-16.77935,-49.61216,2023/2024,2024-01-19,19,78,floracao,0.7947,0.6926,18.27,61.87,17.32,20.9,71.34,42.75,42666.3,0,saudavel,2.89,1,150,0.52,2,0.7896,0.0186,99.62,40.66,2.09,-2.63,5.99,0.691,0,0,0,0,1
3490,F04-ALG,F04,228.9,-16.77935,-49.61216,2023/2024,2024-01-20,20,79,floracao,0.7847,0.6747,20.59,65.96,18.79,22.7,77.11,45.81,39760.4,0,saudavel,2.89,1,150,0.5267,2,0.7952,0.0388,99.12,42.75,3.06,-2.11,5.2,0.6945,0,0,0,0,1
3491,F04-ALG,F04,228.9,-16.77935,-49.61216,2023/2024,2024-01-21,21,80,floracao,0.7696,0.6182,20.22,60.22,0.0,23.47,78.28,37.21,56786.1,0,saudavel,2.89,1,150,0.5333,2,0.7929,-0.016,82.68,45.81,-8.6,-3.25,5.1,0.6179,0,0,0,0,1
3492,F04-ALG,F04,228.9,-16.77935,-49.61216,2023/2024,2024-01-22,22,81,floracao,0.795,0.6877,16.39,75.0,39.59,19.94,84.6,52.67,27813.7,0,saudavel,2.89,1,150,0.54,2,0.794,0.0079,119.66,37.21,15.46,-3.55,3.07,0.7023,0,0,0,0,1
3493,F04-ALG,F04,228.9,-16.77935,-49.61216,2023/2024,2024-01-23,23,82,floracao,0.7838,0.6869,18.15,95.0,54.68,20.44,82.69,79.11,30962.6,0,saudavel,2.89,1,150,0.5467,2,0.7924,-0.0111,173.09,52.67,26.44,-2.29,3.54,0.8327,0,0,0,0,1
3494,F04-ALG,F04,228.9,-16.77935,-49.61216,2023/2024,2024-01-24,24,83,frutificacao,0.7794,0.7056,17.82,95.0,21.13,21.6,89.05,79.8,32721.8,0,saudavel,2.89,1,150,0.5533,3,0.7906,-0.013,161.2,79.11,0.69,-3.78,2.37,0.84,0,0,0,0,1
3495,F04-ALG,F04,228.9,-16.77935,-49.61216,2023/2024,2024-01-25,25,84,frutificacao,0.7995,0.6739,17.61,90.69,0.0,20.75,78.77,66.51,55592.2,0,saudavel,2.89,1,150,0.56,3,0.7867,-0.0274,151.51,79.8,-13.29,-3.14,4.41,0.7334,0,0,0,0,1
3496,F04-ALG,F04,228.9,-16.77935,-49.61216,2023/2024,2024-01-26,26,85,frutificacao,0.8287,0.7076,15.86,85.84,5.2,18.78,81.85,59.39,55533.0,0,saudavel,2.89,1,150,0.5667,3,0.7915,0.034,139.39,66.51,-7.12,-2.92,3.41,0.6919,0,0,0,0,1
3497,F04-ALG,F04,228.9,-16.77935,-49.61216,2023/2024,2024-01-27,27,86,frutificacao,0.8246,0.6579,13.14,78.77,0.0,17.35,81.32,47.27,51434.4,0,saudavel,2.89,1,150,0.5733,3,0.7972,0.0399,120.6,59.39,-12.12,-4.21,3.24,0.6001,0,0,0,0,1
3498,F04-ALG,F04,228.9,-16.77935,-49.61216,2023/2024,2024-01-28,28,87,frutificacao,0.7801,0.6824,15.77,84.09,23.63,19.09,76.79,55.41,33422.8,0,saudavel,2.89,1,150,0.58,3,0.7987,0.0105,144.23,47.27,8.14,-3.32,4.43,0.6589,0,0,0,0,1
3499,F04-ALG,F04,228.9,-16.77935,-49.61216,2023/2024,2024-01-29,29,88,frutificacao,0.8061,0.704,17.25,82.63,10.95,20.4,81.43,52.71,42013.0,0,saudavel,2.89,1,150,0.5867,3,0.8003,0.0111,115.59,55.41,-2.7,-3.15,3.79,0.6379,0,0,0,0,1
3500,F04-ALG,F04,228.9,-16.77935,-49.61216,2023/2024,2024-01-30,30,89,frutificacao,0.8132,0.6993,17.26,88.51,25.37,19.25,78.6,58.19,32775.3,0,saudavel,2.89,1,150,0.5933,3,0.8045,0.0294,86.28,52.71,5.48,-1.99,4.12,0.6574,0,0,0,0,1
3501,F04-ALG,F04,228.9,-16.77935,-49.61216,2023/2024,2024-01-31,31,90,frutificacao,0.8156,0.717,13.63,81.23,0.0,18.18,88.83,48.16,55082.3,0,saudavel,2.89,1,150,0.6,3,0.8097,0.0362,65.15,58.19,-10.03,-4.55,2.03,0.5929,0,0,0,0,1
3502,F04-ALG,F04,228.9,-16.77935,-49.61216,2023/2024,2024-02-01,32,91,frutificacao,0.835,0.6941,15.15,74.53,0.0,18.82,76.08,39.88,51914.4,0,saudavel,2.89,2,150,0.6067,3,0.8148,0.0355,65.15,48.16,-8.28,-3.67,4.5,0.5351,0,0,0,0,1
3503,F04-ALG,F04,228.9,-16.77935,-49.61216,2023/2024,2024-02-02,33,92,frutificacao,0.7782,0.6571,20.71,84.06,31.62,22.36,76.09,55.16,27325.2,0,saudavel,2.89,2,150,0.6133,3,0.8075,-0.0505,91.57,39.88,15.28,-1.65,5.35,0.6562,0,0,0,0,1
3504,F04-ALG,F04,228.9,-16.77935,-49.61216,2023/2024,2024-02-03,34,93,frutificacao,0.7824,0.6614,15.78,77.14,0.0,17.85,74.17,46.77,54456.0,0,saudavel,2.89,2,150,0.62,3,0.8015,-0.0422,91.57,55.16,-8.39,-2.07,4.61,0.6063,0,0,0,0,1
3505,F04-ALG,F04,228.9,-16.77935,-49.61216,2023/2024,2024-02-04,35,94,frutificacao,0.7851,0.6893,15.66,80.66,19.8,19.0,81.28,49.92,34361.0,0,saudavel,2.89,2,150,0.6267,3,0.8022,0.005,87.74,46.77,3.15,-3.34,3.56,0.6189,0,0,0,0,1
3506,F04-ALG,F04,228.9,-16.77935,-49.61216,2023/2024,2024-02-05,36,95,frutificacao,0.8036,0.7055,15.33,77.04,6.05,18.63,73.05,45.12,47082.2,0,saudavel,2.89,2,150,0.6333,3,0.8019,-0.0025,82.84,49.92,-4.8,-3.3,5.02,0.5857,0,0,0,0,1
3507,F04-ALG,F04,228.9,-16.77935,-49.61216,2023/2024,2024-02-06,37,96,frutificacao,0.7394,0.6349,20.08,70.51,0.0,22.28,77.35,37.02,51549.5,0,saudavel,2.89,2,150,0.64,3,0.7913,-0.0738,57.47,45.12,-8.1,-2.2,5.05,0.525,0,0,0,0,1
3508,F04-ALG,F04,228.9,-16.77935,-49.61216,2023/2024,2024-02-07,38,97,frutificacao,0.7866,0.6739,14.47,69.4,9.47,17.07,74.55,36.63,37989.1,0,saudavel,2.89,2,150,0.6467,3,0.7872,-0.029,66.94,37.02,-0.39,-2.6,4.34,0.5278,0,0,0,0,1
3509,F04-ALG,F04,228.9,-16.77935,-49.61216,2023/2024,2024-02-08,39,98,frutificacao,0.7524,0.6506,16.64,63.65,0.0,18.03,74.77,29.32,55742.7,1,saudavel,2.89,2,150,0.6533,3,0.7754,-0.0826,66.94,36.63,-7.31,-1.39,4.55,0.4606,0,0,0,0,1
3510,F04-ALG,F04,228.9,-16.77935,-49.61216,2023/2024,2024-02-09,40,99,frutificacao,0.7845,0.6601,17.32,58.36,0.0,19.25,75.01,26.41,56274.4,1,saudavel,2.89,2,150,0.66,3,0.7763,0.0063,35.32,29.32,-2.91,-1.93,4.81,0.4525,0,0,0,0,1
3511,F04-ALG,F04,228.9,-16.77935,-49.61216,2023/2024,2024-02-10,41,100,frutificacao,0.8221,0.726,14.56,59.16,11.34,19.34,82.3,27.83,37257.5,0,saudavel,2.89,2,150,0.6667,3,0.782,0.0397,46.66,26.41,1.42,-4.78,3.42,0.4704,0,0,0,0,1
3512,F04-ALG,F04,228.9,-16.77935,-49.61216,2023/2024,2024-02-11,42,101,frutificacao,0.7943,0.6661,15.97,57.42,6.38,20.71,77.23,29.21,50215.6,0,saudavel,2.89,2,150,0.6733,3,0.7833,0.0092,33.24,27.83,1.38,-4.74,4.72,0.5087,0,0,0,0,1
3513,F04-ALG,F04,228.9,-16.77935,-49.61216,2023/2024,2024-02-12,43,102,frutificacao,0.7468,0.6434,17.23,52.62,0.0,20.5,77.08,21.55,53054.1,1,saudavel,2.89,2,150,0.68,3,0.7752,-0.0568,27.19,29.21,-7.66,-3.27,4.7,0.4095,0,0,0,0,1
3514,F04-ALG,F04,228.9,-16.77935,-49.61216,2023/2024,2024-02-13,44,103,frutificacao,0.7575,0.632,13.19,48.21,0.0,17.86,81.95,16.84,48255.3,1,saudavel,2.89,2,150,0.6867,3,0.7777,0.0181,27.19,21.55,-4.71,-4.67,3.22,0.3493,0,0,0,0,1
3515,F04-ALG,F04,228.9,-16.77935,-49.61216,2023/2024,2024-02-14,45,104,frutificacao,0.742,0.6497,17.96,44.16,0.0,19.33,74.82,14.7,50642.6,1,saudavel,2.89,2,150,0.6933,3,0.7714,-0.0446,17.72,16.84,-2.14,-1.37,4.87,0.3329,0,0,0,0,1
3516,F04-ALG,F04,228.9,-16.77935,-49.61216,2023/2024,2024-02-15,46,105,frutificacao,0.779,0.6602,14.04,40.42,0.0,18.54,68.62,10.21,48858.3,1,saudavel,2.89,2,150,0.7,3,0.7752,0.0266,17.72,14.7,-4.49,-4.5,5.82,0.2526,0,0,0,0,1
3517,F04-ALG,F04,228.9,-16.77935,-49.61216,2023/2024,2024-02-16,47,106,frutificacao,0.7017,0.6378,15.45,36.99,0.0,18.06,73.1,7.01,53446.3,1,saudavel,2.89,2,150,0.7067,3,0.7633,-0.0828,17.72,10.21,-3.2,-2.61,4.86,0.1895,0,0,0,0,1
3518,F04-ALG,F04,228.9,-16.77935,-49.61216,2023/2024,2024-02-17,48,107,frutificacao,0.7288,0.617,16.79,42.42,17.18,20.22,75.73,17.46,33194.5,0,saudavel,2.89,2,150,0.7133,3,0.75,-0.0933,23.56,7.01,10.45,-3.43,4.91,0.4116,0,0,0,0,1
3519,F04-ALG,F04,228.9,-16.77935,-49.61216,2023/2024,2024-02-18,49,108,frutificacao,0.7148,0.6263,15.01,38.83,0.0,19.03,77.48,11.47,56437.4,0,saudavel,2.89,2,150,0.72,3,0.7387,-0.0795,17.18,17.46,-5.99,-4.02,4.29,0.2954,0,0,0,0,1
3520,F04-ALG,F04,228.9,-16.77935,-49.61216,2023/2024,2024-02-19,50,109,frutificacao,0.6956,0.5786,19.92,43.15,15.41,20.99,79.19,20.72,40453.3,0,saudavel,2.89,2,150,0.7267,3,0.7313,-0.0512,32.59,11.47,9.25,-1.07,4.37,0.4802,0,0,0,0,1
3521,F04-ALG,F04,228.9,-16.77935,-49.61216,2023/2024,2024-02-20,51,110,frutificacao,0.7417,0.6243,16.02,53.11,27.22,19.27,76.56,36.64,23341.9,1,saudavel,2.89,2,150,0.7333,3,0.7291,-0.0158,59.81,20.72,15.92,-3.25,4.52,0.6899,0,0,0,0,1
3522,F04-ALG,F04,228.9,-16.77935,-49.61216,2023/2024,2024-02-21,52,111,frutificacao,0.6658,0.5651,19.82,48.66,0.0,19.9,81.83,32.06,54047.9,0,saudavel,2.89,2,150,0.74,3,0.7182,-0.0762,59.81,36.64,-4.58,-0.08,3.62,0.6589,0,0,0,0,1
3523,F04-ALG,F04,228.9,-16.77935,-49.61216,2023/2024,2024-02-22,53,112,frutificacao,0.6609,0.5688,13.85,52.07,15.02,14.4,81.7,36.27,38782.5,0,saudavel,2.89,2,150,0.7467,3,0.7013,-0.1181,74.83,32.06,4.21,-0.55,2.64,0.6966,0,0,0,0,1
3524,F04-ALG,F04,228.9,-16.77935,-49.61216,2023/2024,2024-02-23,54,113,frutificacao,0.7035,0.583,16.23,47.7,0.0,18.56,70.2,28.84,48041.6,1,saudavel,2.89,2,150,0.7533,3,0.7016,0.0018,74.83,36.27,-7.43,-2.33,5.53,0.6046,0,0,0,0,1
3525,F04-ALG,F04,228.9,-16.77935,-49.61216,2023/2024,2024-02-24,55,114,frutificacao,0.6555,0.5458,15.04,43.67,0.0,19.04,64.06,22.83,50196.9,1,saudavel,2.89,2,150,0.76,3,0.6911,-0.0733,57.65,28.84,-6.01,-4.0,6.84,0.5228,0,0,0,0,1
3526,F04-ALG,F04,228.9,-16.77935,-49.61216,2023/2024,2024-02-25,56,115,frutificacao,0.6391,0.545,17.05,39.94,0.0,19.14,71.54,18.83,50617.1,1,saudavel,2.89,2,150,0.7667,3,0.6803,-0.0757,57.65,22.83,-4.0,-2.09,5.45,0.4715,0,0,0,0,1
3527,F04-ALG,F04,228.9,-16.77935,-49.61216,2023/2024,2024-02-26,57,116,frutificacao,0.6143,0.5302,21.39,36.39,0.0,20.64,76.2,15.18,45239.0,1,saudavel,2.89,2,150,0.7733,3,0.6687,-0.0813,42.24,18.83,-3.65,0.75,4.91,0.4171,0,0,0,0,1
3528,F04-ALG,F04,228.9,-16.77935,-49.61216,2023/2024,2024-02-27,58,117,frutificacao,0.6103,0.518,18.15,35.02,3.66,19.21,78.06,13.89,45239.0,0,saudavel,2.89,2,150,0.78,3,0.6499,-0.1314,18.68,15.18,-1.29,-1.06,4.21,0.3966,0,0,0,0,1
3529,F04-ALG,F04,228.9,-16.77935,-49.61216,2023/2024,2024-02-28,59,118,frutificacao,0.5845,0.4932,15.0,31.9,0.0,16.43,77.18,13.34,45549.9,1,saudavel,2.89,2,150,0.7867,3,0.6383,-0.0813,18.68,13.89,-0.55,-1.43,3.75,0.4182,0,0,0,0,1
3530,F04-ALG,F04,228.9,-16.77935,-49.61216,2023/2024,2024-02-29,60,119,frutificacao,0.5605,0.4499,17.37,41.08,24.19,19.03,77.18,25.83,30199.2,0,saudavel,2.89,2,150,0.7933,3,0.624,-0.1004,27.85,13.34,12.49,-1.66,4.34,0.6288,0,0,0,0,1
3531,F04-ALG,F04,228.9,-16.77935,-49.61216,2023/2024,2024-03-01,61,120,frutificacao,0.5288,0.4595,19.57,45.44,16.1,19.45,82.16,33.28,33370.4,0,saudavel,2.89,3,150,0.8,3,0.599,-0.1747,43.95,25.83,7.45,0.12,3.47,0.7324,0,0,0,0,0
3532,F04-ALG,F04,228.9,-16.77935,-49.61216,2023/2024,2024-03-02,62,121,frutificacao,0.5389,0.4749,16.77,41.42,0.0,17.25,76.78,26.93,42810.2,1,saudavel,2.89,3,150,0.8067,3,0.5823,-0.1166,43.95,33.28,-6.35,-0.48,4.01,0.6502,0,0,0,0,0
3533,F04-ALG,F04,228.9,-16.77935,-49.61216,2023/2024,2024-03-03,63,122,frutificacao,0.5071,0.4503,17.24,44.37,13.41,17.52,78.12,30.28,37213.8,0,saudavel,2.89,3,150,0.8133,3,0.5635,-0.132,57.36,26.93,3.35,-0.28,3.83,0.6824,0,0,0,0,0
3534,F04-ALG,F04,228.9,-16.77935,-49.61216,2023/2024,2024-03-04,64,123,frutificacao,0.4905,0.42,20.02,53.35,25.98,19.29,78.12,41.89,24458.3,0,saudavel,2.89,3,150,0.82,3,0.5458,-0.1238,83.34,30.28,11.61,0.73,4.22,0.7852,0,0,0,0,0
3535,F04-ALG,F04,228.9,-16.77935,-49.61216,2023/2024,2024-03-05,65,124,frutificacao,0.4939,0.4078,18.73,51.66,6.09,18.1,66.62,38.47,40713.8,0,saudavel,2.89,3,150,0.8267,3,0.5292,-0.1164,85.77,41.89,-3.42,0.63,6.04,0.7447,0,0,0,0,0
3536,F04-ALG,F04,228.9,-16.77935,-49.61216,2023/2024,2024-03-06,66,125,frutificacao,0.4516,0.3774,20.09,47.01,0.0,19.71,83.08,30.65,45676.3,1,saudavel,2.89,3,150,0.8333,3,0.5102,-0.1329,85.77,38.47,-7.82,0.38,3.33,0.652,0,0,0,0,0
3537,F04-ALG,F04,228.9,-16.77935,-49.61216,2023/2024,2024-03-07,67,126,frutificacao,0.4408,0.3777,16.78,42.71,0.0,19.71,62.38,25.28,48507.6,1,saudavel,2.89,3,150,0.84,3,0.4931,-0.1197,61.58,30.65,-5.37,-2.93,7.41,0.5919,0,0,0,0,0
3538,F04-ALG,F04,228.9,-16.77935,-49.61216,2023/2024,2024-03-08,68,127,frutificacao,0.4581,0.389,13.66,38.78,0.0,14.76,73.01,21.1,42441.1,1,saudavel,2.89,3,150,0.8467,3,0.483,-0.0707,45.48,25.28,-4.18,-1.1,3.98,0.5441,0,0,0,0,0
3539,F04-ALG,F04,228.9,-16.77935,-49.61216,2023/2024,2024-03-09,69,128,maturacao,0.4144,0.3353,17.76,35.1,0.0,18.11,72.15,19.03,40851.3,0,saudavel,2.89,3,150,0.8533,4,0.4652,-0.1245,45.48,21.1,-2.07,-0.35,5.04,0.5422,0,0,0,0,0
3540,F04-ALG,F04,228.9,-16.77935,-49.61216,2023/2024,2024-03-10,70,129,maturacao,0.3787,0.2882,17.97,38.68,14.03,17.41,72.15,24.01,37912.6,0,saudavel,2.89,3,150,0.86,4,0.4469,-0.1284,46.1,19.03,4.98,0.56,4.85,0.6207,0,0,0,0,0
3541,F04-ALG,F04,228.9,-16.77935,-49.61216,2023/2024,2024-03-11,71,130,maturacao,0.351,0.2872,21.26,42.74,15.67,18.92,73.27,27.82,31549.5,0,saudavel,2.89,3,150,0.8667,4,0.4269,-0.1395,35.79,24.01,3.81,2.34,5.06,0.6509,0,0,0,0,0
3542,F04-ALG,F04,228.9,-16.77935,-49.61216,2023/2024,2024-03-12,72,131,maturacao,0.3545,0.2958,21.48,59.2,41.08,18.62,73.27,47.63,19529.4,0,saudavel,2.89,3,150,0.8733,4,0.407,-0.1394,70.78,27.82,19.81,2.86,4.98,0.8046,0,0,0,0,0
3543,F04-ALG,F04,228.9,-16.77935,-49.61216,2023/2024,2024-03-13,73,132,maturacao,0.358,0.3105,17.74,53.8,0.0,16.57,78.84,41.75,43059.3,0,saudavel,2.89,3,150,0.88,4,0.3936,-0.0936,70.78,47.63,-5.88,1.17,3.51,0.776,0,0,0,0,0
3544,F04-ALG,F04,228.9,-16.77935,-49.61216,2023/2024,2024-03-14,74,133,maturacao,0.3163,0.2607,19.97,59.66,21.79,18.27,77.47,44.63,25472.0,0,saudavel,2.89,3,150,0.8867,4,0.3759,-0.1245,92.57,41.75,2.88,1.7,4.12,0.7481,0,0,0,0,0
3545,F04-ALG,F04,228.9,-16.77935,-49.61216,2023/2024,2024-03-15,75,134,maturacao,0.314,0.2619,18.43,54.16,0.0,18.77,74.31,33.87,40451.7,1,saudavel,2.89,3,150,0.8933,4,0.3553,-0.1441,92.57,44.63,-10.76,-0.34,4.82,0.6254,0,0,0,0,0
3546,F04-ALG,F04,228.9,-16.77935,-49.61216,2023/2024,2024-03-16,76,135,maturacao,0.2903,0.249,19.59,59.6,21.07,18.63,78.93,40.51,34258.1,0,saudavel,2.89,3,150,0.9,4,0.3375,-0.1241,113.64,33.87,6.64,0.96,3.93,0.6797,0,0,0,0,0
3547,F04-ALG,F04,228.9,-16.77935,-49.61216,2023/2024,2024-03-17,77,136,maturacao,0.283,0.2719,20.33,55.26,2.42,19.43,75.9,32.86,35939.0,0,saudavel,2.89,3,150,0.9067,4,0.3239,-0.0957,102.03,40.51,-7.65,0.9,4.68,0.5946,0,0,0,0,0
3548,F04-ALG,F04,228.9,-16.77935,-49.61216,2023/2024,2024-03-18,78,137,maturacao,0.255,0.2134,17.5,50.02,0.0,16.43,72.66,27.11,35860.1,0,atencao,2.89,3,150,0.9133,4,0.3102,-0.096,86.36,32.86,-5.75,1.07,4.49,0.542,0,0,0,0,0
3549,F04-ALG,F04,228.9,-16.77935,-49.61216,2023/2024,2024-03-19,79,138,maturacao,0.275,0.2028,19.83,50.94,11.41,16.43,73.91,29.72,35916.5,0,saudavel,2.89,3,150,0.92,4,0.2988,-0.0795,56.69,27.11,2.61,3.4,4.29,0.5834,0,0,0,0,0
3550,F04-ALG,F04,228.9,-16.77935,-49.61216,2023/2024,2024-03-20,80,139,maturacao,0.2635,0.2103,15.8,53.66,15.21,14.63,71.81,32.41,28312.7,0,saudavel,2.89,3,150,0.9267,4,0.2853,-0.0945,71.9,29.72,2.69,1.17,4.12,0.604,0,0,0,0,0
3551,F04-ALG,F04,228.9,-16.77935,-49.61216,2023/2024,2024-03-21,81,140,maturacao,0.2819,0.2758,19.31,48.59,0.0,19.74,65.6,27.82,40047.7,0,saudavel,2.89,3,150,0.9333,4,0.2804,-0.0344,50.11,32.41,-4.59,-0.43,6.79,0.5725,0,0,0,0,0
3552,F04-ALG,F04,228.9,-16.77935,-49.61216,2023/2024,2024-03-22,82,141,maturacao,0.247,0.2387,20.78,47.28,6.81,18.16,74.62,24.51,36248.2,0,saudavel,2.89,3,150,0.94,4,0.2708,-0.067,56.92,27.82,-3.31,2.62,4.61,0.5184,0,0,0,0,0
3553,F04-ALG,F04,228.9,-16.77935,-49.61216,2023/2024,2024-03-23,83,142,maturacao,0.2238,0.209,21.05,42.63,0.0,17.86,64.98,17.87,33118.0,0,saudavel,2.89,3,150,0.9467,4,0.2613,-0.0665,35.85,24.51,-6.64,3.19,6.25,0.4192,0,0,0,0,0
3554,F04-ALG,F04,228.9,-16.77935,-49.61216,2023/2024,2024-03-24,84,143,maturacao,0.261,0.2358,19.79,38.42,0.0,17.85,71.35,15.96,41428.0,0,saudavel,2.89,3,150,0.9533,4,0.2582,-0.022,33.43,17.87,-1.91,1.94,5.11,0.4154,0,0,0,0,0
3555,F04-ALG,F04,228.9,-16.77935,-49.61216,2023/2024,2024-03-25,85,144,maturacao,0.2336,0.2128,20.5,44.37,19.76,18.77,60.05,22.87,23561.4,0,saudavel,2.89,3,150,0.96,4,0.2551,-0.0214,53.19,15.96,6.91,1.73,7.5,0.5154,0,0,0,0,0
3556,F04-ALG,F04,228.9,-16.77935,-49.61216,2023/2024,2024-03-26,86,145,maturacao,0.2251,0.1866,20.7,48.74,17.55,19.63,71.19,29.56,32077.3,0,saudavel,2.89,3,150,0.9667,4,0.248,-0.0499,59.33,22.87,6.69,1.07,5.66,0.6065,0,0,0,0,0
3557,F04-ALG,F04,228.9,-16.77935,-49.61216,2023/2024,2024-03-27,87,146,colheita,0.2165,0.2014,18.86,43.96,0.0,17.64,68.19,25.45,34536.0,0,saudavel,2.89,3,150,0.9733,5,0.2413,-0.047,44.12,29.56,-4.11,1.22,5.61,0.5789,0,0,0,0,0
3558,F04-ALG,F04,228.9,-16.77935,-49.61216,2023/2024,2024-03-28,88,147,colheita,0.2157,0.2015,21.84,39.57,0.0,18.71,73.84,15.83,41262.5,0,saudavel,2.89,3,150,0.98,5,0.2318,-0.0662,44.12,25.45,-9.62,3.13,4.89,0.4001,0,0,0,0,0
3559,F04-ALG,F04,228.9,-16.77935,-49.61216,2023/2024,2024-03-29,89,148,colheita,0.1917,0.1798,20.24,35.49,0.0,18.71,69.69,11.29,41446.9,0,atencao,2.89,3,150,0.9867,5,0.2239,-0.0553,37.31,15.83,-4.54,1.53,5.67,0.3181,0,0,0,0,0
3560,F04-ALG,F04,228.9,-16.77935,-49.61216,2023/2024,2024-03-30,90,149,colheita,0.204,0.1614,19.02,41.45,19.39,14.84,72.29,22.12,22796.4,0,saudavel,2.89,3,150,0.9933,5,0.2211,-0.0198,56.7,11.29,10.83,4.18,4.11,0.5337,0,0,0,0,0
3561,F04-ALG,F04,228.9,-16.77935,-49.61216,2024/2025,2024-11-07,312,0,germinacao,0.2155,0.1921,30.91,45.0,0.0,28.8,75.92,44.45,54714.4,0,saudavel,3.33,11,150,0.0,0,0.2155,0.0,0.0,44.45,0.0,2.11,6.94,0.9878,0,0,0,1,0
3562,F04-ALG,F04,228.9,-16.77935,-49.61216,2024/2025,2024-11-08,313,1,germinacao,0.1896,0.1655,30.37,39.56,0.0,27.7,64.71,34.41,52744.6,0,saudavel,3.33,11,150,0.0067,0,0.2026,0.0,0.0,44.45,-10.04,2.67,9.78,0.8698,0,0,0,1,0
3563,F04-ALG,F04,228.9,-16.77935,-49.61216,2024/2025,2024-11-09,314,2,germinacao,0.1997,0.1399,27.77,34.88,0.0,25.15,73.38,28.55,62321.7,1,saudavel,3.33,11,150,0.0133,0,0.2016,0.0,0.0,34.41,-5.86,2.62,6.69,0.8185,0,0,0,1,0
3564,F04-ALG,F04,228.9,-16.77935,-49.61216,2024/2025,2024-11-10,315,3,germinacao,0.1973,0.1587,30.27,30.13,0.0,28.73,66.01,20.35,55866.2,1,saudavel,3.33,11,150,0.02,0,0.2005,0.0,0.0,28.55,-8.2,1.54,9.77,0.6754,0,0,0,1,0
3565,F04-ALG,F04,228.9,-16.77935,-49.61216,2024/2025,2024-11-11,316,4,germinacao,0.1856,0.1382,28.61,25.85,0.0,27.97,80.12,16.04,59342.3,1,saudavel,3.33,11,150,0.0267,0,0.1975,0.0,0.0,20.35,-4.31,0.64,5.56,0.6205,0,0,0,1,0
3566,F04-ALG,F04,228.9,-16.77935,-49.61216,2024/2025,2024-11-12,317,5,germinacao,0.1855,0.1487,28.1,27.01,10.01,27.1,68.62,18.05,47693.2,0,saudavel,3.33,11,150,0.0333,0,0.1955,0.0,10.01,16.04,2.01,1.0,8.5,0.6683,0,0,0,1,0
3567,F04-ALG,F04,228.9,-16.77935,-49.61216,2024/2025,2024-11-13,318,6,germinacao,0.2018,0.1551,26.61,50.31,54.16,26.04,75.27,50.33,32462.2,0,saudavel,3.33,11,150,0.04,0,0.1964,0.0,64.17,18.05,32.28,0.57,6.44,1.0004,0,0,0,1,0
3568,F04-ALG,F04,228.9,-16.77935,-49.61216,2024/2025,2024-11-14,319,7,germinacao,0.1677,0.1322,31.37,54.0,19.42,28.68,69.32,50.33,35610.1,0,atencao,3.33,11,150,0.0467,0,0.1896,-0.0478,83.59,50.33,0.0,2.69,8.8,0.932,0,0,0,1,0
3569,F04-ALG,F04,228.9,-16.77935,-49.61216,2024/2025,2024-11-15,320,8,germinacao,0.2199,0.1787,25.56,48.29,0.0,24.35,65.64,41.89,56035.6,0,saudavel,3.33,11,150,0.0533,0,0.1939,0.0303,83.59,50.33,-8.44,1.21,8.37,0.8675,0,0,0,1,0
3570,F04-ALG,F04,228.9,-16.77935,-49.61216,2024/2025,2024-11-16,321,9,germinacao,0.1752,0.1411,28.06,47.9,9.94,24.65,69.21,39.05,45798.1,0,saudavel,3.33,11,150,0.06,0,0.1904,-0.0245,93.53,41.89,-2.84,3.41,7.59,0.8152,0,0,0,1,0
3571,F04-ALG,F04,228.9,-16.77935,-49.61216,2024/2025,2024-11-17,322,10,germinacao,0.2071,0.1701,28.17,42.48,0.0,25.79,73.68,29.49,54985.9,1,saudavel,3.33,11,150,0.0667,0,0.1918,0.0098,93.53,39.05,-9.56,2.38,6.79,0.6942,0,0,0,1,0
3572,F04-ALG,F04,228.9,-16.77935,-49.61216,2024/2025,2024-11-18,323,11,germinacao,0.1976,0.1494,27.64,37.31,0.0,27.26,77.02,23.34,57696.2,1,saudavel,3.33,11,150,0.0733,0,0.1935,0.012,93.53,29.49,-6.15,0.38,6.26,0.6256,0,0,0,1,0
3573,F04-ALG,F04,228.9,-16.77935,-49.61216,2024/2025,2024-11-19,324,12,germinacao,0.1775,0.1516,26.66,32.83,0.0,27.26,78.51,16.31,56341.5,1,saudavel,3.33,11,150,0.08,0,0.1924,-0.008,83.52,23.34,-7.03,-0.6,5.86,0.4968,0,0,0,1,0
3574,F04-ALG,F04,228.9,-16.77935,-49.61216,2024/2025,2024-11-20,325,13,germinacao,0.1991,0.1512,25.89,28.61,0.0,25.8,68.64,11.47,52979.9,1,saudavel,3.33,11,150,0.0867,0,0.192,-0.0027,29.36,16.31,-4.84,0.09,8.09,0.4009,0,0,0,1,0
3575,F04-ALG,F04,228.9,-16.77935,-49.61216,2024/2025,2024-11-21,326,14,germinacao,0.1932,0.1522,27.13,24.69,0.0,26.01,76.85,6.99,56529.0,1,saudavel,3.33,11,150,0.0933,0,0.1957,0.0255,9.94,11.47,-4.48,1.12,6.02,0.2831,0,0,0,1,0
3576,F04-ALG,F04,228.9,-16.77935,-49.61216,2024/2025,2024-11-22,327,15,vegetativo,0.1567,0.1322,29.05,27.04,12.26,26.95,79.59,9.35,44680.5,0,atencao,3.33,11,150,0.1,1,0.1866,-0.0632,22.2,6.99,2.36,2.1,5.5,0.3458,0,0,0,1,0
3577,F04-ALG,F04,228.9,-16.77935,-49.61216,2024/2025,2024-11-23,328,16,vegetativo,0.1917,0.1113,27.25,27.73,8.95,25.92,78.13,11.71,51800.2,0,saudavel,3.33,11,150,0.1067,1,0.189,0.0165,21.21,9.35,2.36,1.33,5.67,0.4223,0,0,0,1,0
3578,F04-ALG,F04,228.9,-16.77935,-49.61216,2024/2025,2024-11-24,329,17,vegetativo,0.1702,0.1945,30.19,23.87,0.0,25.83,73.92,5.17,53590.8,1,atencao,3.33,11,150,0.1133,1,0.1837,-0.0369,21.21,11.71,-6.54,4.36,6.74,0.2166,0,0,0,1,0
3579,F04-ALG,F04,228.9,-16.77935,-49.61216,2024/2025,2024-11-25,330,18,vegetativo,0.2072,0.1866,27.97,20.46,0.0,25.09,76.52,5.0,56546.5,1,saudavel,3.33,11,150,0.12,1,0.1851,0.0096,21.21,5.17,-0.17,2.88,5.89,0.2444,0,0,0,1,0
3580,F04-ALG,F04,228.9,-16.77935,-49.61216,2024/2025,2024-11-26,331,19,vegetativo,0.1963,0.1732,29.59,18.8,3.62,27.68,75.59,5.0,52468.7,0,saudavel,3.33,11,150,0.1267,1,0.1878,0.0188,24.83,5.0,0.0,1.91,6.76,0.266,0,0,0,1,0
3581,F04-ALG,F04,228.9,-16.77935,-49.61216,2024/2025,2024-11-27,332,20,vegetativo,0.219,0.1757,30.4,15.59,0.0,26.94,82.36,5.0,60610.3,1,saudavel,3.33,11,150,0.1333,1,0.1906,0.0199,24.83,5.0,0.0,3.46,4.75,0.3207,0,0,0,1,0
3582,F04-ALG,F04,228.9,-16.77935,-49.61216,2024/2025,2024-11-28,333,21,vegetativo,0.1902,0.1635,28.1,12.62,0.0,26.79,84.07,5.0,56875.6,1,saudavel,3.33,11,150,0.14,1,0.1902,-0.003,24.83,5.0,0.0,1.31,4.27,0.3962,0,0,0,1,0
3583,F04-ALG,F04,228.9,-16.77935,-49.61216,2024/2025,2024-11-29,334,22,vegetativo,0.1811,0.1298,26.63,21.44,22.63,24.59,80.21,9.79,39663.7,0,atencao,3.33,11,150,0.1467,1,0.1937,0.0244,35.2,5.0,4.79,2.04,4.87,0.4566,0,0,0,1,0
3584,F04-ALG,F04,228.9,-16.77935,-49.61216,2024/2025,2024-11-30,335,23,vegetativo,0.1888,0.1703,28.04,22.65,8.86,24.89,77.16,13.4,49952.3,0,atencao,3.33,11,150,0.1533,1,0.1933,-0.0029,35.11,9.79,3.61,3.15,5.68,0.5916,0,0,0,1,0
3585,F04-ALG,F04,228.9,-16.77935,-49.61216,2024/2025,2024-12-01,336,24,vegetativo,0.2544,0.1826,26.87,19.27,0.0,26.27,76.0,7.62,60356.1,1,saudavel,3.33,12,150,0.16,1,0.2053,0.0842,35.11,13.4,-5.78,0.6,6.3,0.3954,0,0,0,0,1
3586,F04-ALG,F04,228.9,-16.77935,-49.61216,2024/2025,2024-12-02,337,25,vegetativo,0.2787,0.2115,26.75,16.4,0.0,24.58,77.62,5.57,62317.0,1,saudavel,3.33,12,150,0.1667,1,0.2155,0.0715,35.11,7.62,-2.05,2.17,5.5,0.3396,0,0,0,0,1
3587,F04-ALG,F04,228.9,-16.77935,-49.61216,2024/2025,2024-12-03,338,26,vegetativo,0.2627,0.2091,25.9,17.64,7.68,23.97,78.73,9.85,47932.0,0,saudavel,3.33,12,150,0.1733,1,0.225,0.0664,39.17,5.57,4.28,1.93,5.1,0.5584,0,0,0,0,1
3588,F04-ALG,F04,228.9,-16.77935,-49.61216,2024/2025,2024-12-04,339,27,vegetativo,0.1969,0.1975,28.51,22.51,15.73,25.69,74.17,13.94,42943.5,0,atencao,3.33,12,150,0.18,1,0.2218,-0.0221,54.9,9.85,4.09,2.82,6.64,0.6193,0,0,0,0,1
3589,F04-ALG,F04,228.9,-16.77935,-49.61216,2024/2025,2024-12-05,340,28,vegetativo,0.2057,0.1528,27.14,35.77,32.66,23.19,88.17,30.39,42943.5,0,atencao,3.33,12,150,0.1867,1,0.224,0.0155,87.56,13.94,16.45,3.95,2.74,0.8496,0,0,0,0,1
3590,F04-ALG,F04,228.9,-16.77935,-49.61216,2024/2025,2024-12-06,341,29,vegetativo,0.2181,0.192,27.23,41.31,19.69,24.74,73.52,35.1,40498.8,0,atencao,3.33,12,150,0.1933,1,0.2293,0.037,84.62,30.39,4.71,2.49,6.55,0.8497,0,0,0,0,1
3591,F04-ALG,F04,228.9,-16.77935,-49.61216,2024/2025,2024-12-07,342,30,vegetativo,0.2566,0.1768,28.11,37.8,2.74,26.29,83.09,28.93,52873.8,1,saudavel,3.33,12,150,0.2,1,0.239,0.0678,78.5,35.1,-6.17,1.82,4.45,0.7653,0,0,0,0,1
3592,F04-ALG,F04,228.9,-16.77935,-49.61216,2024/2025,2024-12-08,343,31,vegetativo,0.2853,0.243,25.0,33.4,0.0,25.07,66.43,28.93,61643.1,1,saudavel,3.33,12,150,0.2067,1,0.2434,0.0309,78.5,28.93,0.0,-0.07,8.42,0.8662,0,0,0,0,1
3593,F04-ALG,F04,228.9,-16.77935,-49.61216,2024/2025,2024-12-09,344,32,vegetativo,0.2637,0.2589,25.01,29.54,0.0,23.18,77.24,13.53,59767.8,0,saudavel,3.33,12,150,0.2133,1,0.2413,-0.015,78.5,28.93,-15.4,1.83,5.28,0.458,0,0,0,0,1
3594,F04-ALG,F04,228.9,-16.77935,-49.61216,2024/2025,2024-12-10,345,33,vegetativo,0.2523,0.2244,26.6,25.71,0.0,25.35,75.68,9.11,60074.3,1,saudavel,3.33,12,150,0.22,1,0.2398,-0.0104,70.82,13.53,-4.42,1.25,6.17,0.3543,0,0,0,0,1
3595,F04-ALG,F04,228.9,-16.77935,-49.61216,2024/2025,2024-12-11,346,34,vegetativo,0.2332,0.1567,25.42,22.37,0.0,23.64,79.6,5.0,59084.4,1,atencao,3.33,12,150,0.2267,1,0.245,0.0363,55.09,9.11,-4.11,1.78,4.82,0.2235,0,0,0,0,1
3596,F04-ALG,F04,228.9,-16.77935,-49.61216,2024/2025,2024-12-12,347,35,vegetativo,0.2494,0.2129,26.99,19.07,0.0,25.71,75.45,5.0,50255.8,1,atencao,3.33,12,150,0.2333,1,0.2512,0.0437,22.43,5.0,0.0,1.28,6.31,0.2622,0,0,0,0,1
3597,F04-ALG,F04,228.9,-16.77935,-49.61216,2024/2025,2024-12-13,348,36,vegetativo,0.2607,0.2123,27.24,16.12,0.0,25.1,84.62,5.0,61484.1,1,atencao,3.33,12,150,0.24,1,0.2573,0.0426,2.74,5.0,0.0,2.14,3.86,0.3102,0,0,0,0,1
3598,F04-ALG,F04,228.9,-16.77935,-49.61216,2024/2025,2024-12-14,349,37,vegetativo,0.2807,0.2631,24.19,13.61,0.0,23.71,77.36,5.0,61652.2,1,atencao,3.33,12,150,0.2467,1,0.2608,0.0241,0.0,5.0,0.0,0.48,5.37,0.3674,0,0,0,0,1
3599,F04-ALG,F04,228.9,-16.77935,-49.61216,2024/2025,2024-12-15,350,38,vegetativo,0.2573,0.2167,24.9,11.34,0.0,23.0,73.9,5.0,58658.0,1,atencao,3.33,12,150,0.2533,1,0.2568,-0.028,0.0,5.0,0.0,1.9,6.0,0.4409,0,0,0,0,1
3600,F04-ALG,F04,228.9,-16.77935,-49.61216,2024/2025,2024-12-16,351,39,vegetativo,0.2798,0.209,23.19,9.33,0.0,22.75,74.41,5.0,55496.7,1,atencao,3.33,12,150,0.26,1,0.2591,0.0161,0.0,5.0,0.0,0.44,5.82,0.5359,0,0,0,0,1
3601,F04-ALG,F04,228.9,-16.77935,-49.61216,2024/2025,2024-12-17,352,40,vegetativo,0.2818,0.2368,27.47,8.0,0.0,27.81,73.88,5.0,58365.8,1,atencao,3.33,12,150,0.2667,1,0.2633,0.0295,0.0,5.0,0.0,-0.34,7.26,0.625,0,0,0,0,1
3602,F04-ALG,F04,228.9,-16.77935,-49.61216,2024/2025,2024-12-18,353,41,vegetativo,0.2828,0.2265,21.5,8.0,0.0,20.38,84.36,5.0,62972.5,1,atencao,3.33,12,150,0.2733,1,0.2704,0.0496,0.0,5.0,0.0,1.12,3.19,0.625,0,0,0,0,1
3603,F04-ALG,F04,228.9,-16.77935,-49.61216,2024/2025,2024-12-19,354,42,vegetativo,0.2773,0.1925,23.04,8.0,0.0,21.08,84.88,5.0,58773.3,1,critico,3.33,12,150,0.28,1,0.2743,0.0279,0.0,5.0,0.0,1.96,3.19,0.625,0,0,0,0,1
3604,F04-ALG,F04,228.9,-16.77935,-49.61216,2024/2025,2024-12-20,355,43,vegetativo,0.2919,0.2446,25.86,8.0,0.0,25.27,71.86,5.0,60067.6,1,critico,3.33,12,150,0.2867,1,0.2788,0.0312,0.0,5.0,0.0,0.59,7.11,0.625,0,0,0,0,1
3605,F04-ALG,F04,228.9,-16.77935,-49.61216,2024/2025,2024-12-21,356,44,vegetativo,0.2916,0.2479,26.35,8.0,0.0,24.84,74.15,5.0,58996.2,1,critico,3.33,12,150,0.2933,1,0.2804,0.0109,0.0,5.0,0.0,1.51,6.42,0.625,0,0,0,0,1
3606,F04-ALG,F04,228.9,-16.77935,-49.61216,2024/2025,2024-12-22,357,45,vegetativo,0.2814,0.2468,25.05,8.0,0.0,23.95,73.38,5.0,60933.7,1,critico,3.33,12,150,0.3,1,0.2838,0.0241,0.0,5.0,0.0,1.1,6.38,0.625,0,0,0,0,1
3607,F04-ALG,F04,228.9,-16.77935,-49.61216,2024/2025,2024-12-23,358,46,vegetativo,0.3178,0.2905,20.42,8.0,0.0,20.32,79.48,5.0,56021.5,1,critico,3.33,12,150,0.3067,1,0.2892,0.038,0.0,5.0,0.0,0.1,4.17,0.625,0,0,0,0,1
3608,F04-ALG,F04,228.9,-16.77935,-49.61216,2024/2025,2024-12-24,359,47,vegetativo,0.3552,0.2963,25.37,8.0,0.0,24.01,83.52,5.0,59343.5,1,critico,3.33,12,150,0.3133,1,0.2997,0.0734,0.0,5.0,0.0,1.36,3.96,0.625,0,0,0,0,1
3609,F04-ALG,F04,228.9,-16.77935,-49.61216,2024/2025,2024-12-25,360,48,vegetativo,0.3517,0.2689,21.81,8.0,0.0,21.63,81.01,5.0,63211.1,1,critico,3.33,12,150,0.32,1,0.3096,0.0689,0.0,5.0,0.0,0.18,4.11,0.625,0,0,0,0,1
3610,F04-ALG,F04,228.9,-16.77935,-49.61216,2024/2025,2024-12-26,361,49,vegetativo,0.3728,0.3002,23.87,8.0,0.0,21.63,82.18,5.0,57136.9,1,critico,3.33,12,150,0.3267,1,0.3232,0.0955,0.0,5.0,0.0,2.24,3.85,0.625,0,0,0,0,1
3611,F04-ALG,F04,228.9,-16.77935,-49.61216,2024/2025,2024-12-27,362,50,vegetativo,0.4152,0.3525,22.31,14.13,36.99,23.51,82.77,18.26,29099.4,0,atencao,3.33,12,150,0.3333,1,0.3408,0.1233,36.99,5.0,13.26,-1.2,4.05,1.2923,0,0,0,0,1
3612,F04-ALG,F04,228.9,-16.77935,-49.61216,2024/2025,2024-12-28,363,51,vegetativo,0.4306,0.3903,23.82,12.02,0.0,23.55,76.08,11.25,62960.0,1,atencao,3.33,12,150,0.34,1,0.3607,0.139,36.99,18.26,-7.01,0.27,5.63,0.9359,0,0,0,0,1
3613,F04-ALG,F04,228.9,-16.77935,-49.61216,2024/2025,2024-12-29,364,52,vegetativo,0.4772,0.4057,22.05,10.36,0.0,21.72,73.71,8.61,61988.6,1,atencao,3.33,12,150,0.3467,1,0.3886,0.1958,36.99,11.25,-2.64,0.33,5.71,0.8311,0,0,0,0,1
3614,F04-ALG,F04,228.9,-16.77935,-49.61216,2024/2025,2024-12-30,365,53,floracao,0.4845,0.4092,24.51,10.94,4.83,24.52,75.49,9.88,56237.5,0,atencao,3.33,12,150,0.3533,2,0.4125,0.1667,41.82,8.61,1.27,-0.01,6.01,0.9031,0,0,0,0,1
3615,F04-ALG,F04,228.9,-16.77935,-49.61216,2024/2025,2024-12-31,366,54,floracao,0.5223,0.4393,23.9,9.2,0.0,23.71,83.01,8.12,60791.2,1,atencao,3.33,12,150,0.36,2,0.4363,0.1671,41.82,9.88,-1.76,0.19,4.03,0.8826,0,0,0,0,1
3616,F04-ALG,F04,228.9,-16.77935,-49.61216,2024/2025,2025-01-01,1,55,floracao,0.5737,0.4875,20.53,8.0,0.0,21.05,83.52,7.1,60743.7,1,atencao,3.33,1,150,0.3667,2,0.468,0.222,41.82,8.12,-1.02,-0.52,3.47,0.8875,0,0,0,0,1
3617,F04-ALG,F04,228.9,-16.77935,-49.61216,2024/2025,2025-01-02,2,56,floracao,0.593,0.5422,20.64,8.0,0.0,21.67,80.52,5.55,58862.1,1,saudavel,3.33,1,150,0.3733,2,0.4995,0.2202,41.82,7.1,-1.55,-1.03,4.22,0.6938,0,0,0,0,1
3618,F04-ALG,F04,228.9,-16.77935,-49.61216,2024/2025,2025-01-03,3,57,floracao,0.593,0.5024,20.66,14.16,16.62,21.16,85.16,16.5,46306.5,0,atencao,3.33,1,150,0.38,2,0.5249,0.1778,21.45,5.55,10.95,-0.5,3.14,1.1653,0,0,0,0,1
3619,F04-ALG,F04,228.9,-16.77935,-49.61216,2024/2025,2025-01-04,4,58,floracao,0.6462,0.544,19.91,12.55,0.0,22.1,80.56,11.42,57987.5,1,saudavel,3.33,1,150,0.3867,2,0.5557,0.2156,21.45,16.5,-5.08,-2.19,4.3,0.91,0,0,0,0,1
3620,F04-ALG,F04,228.9,-16.77935,-49.61216,2024/2025,2025-01-05,5,59,floracao,0.6315,0.5375,21.88,10.92,0.0,23.04,77.59,7.59,56320.9,1,saudavel,3.33,1,150,0.3933,2,0.5777,0.1543,21.45,11.42,-3.83,-1.16,5.16,0.6951,0,0,0,0,1
3621,F04-ALG,F04,228.9,-16.77935,-49.61216,2024/2025,2025-01-06,6,60,floracao,0.6768,0.5617,17.15,9.85,0.0,19.22,73.67,5.36,55056.8,1,saudavel,3.33,1,150,0.4,2,0.6052,0.1923,16.62,7.59,-2.23,-2.07,5.06,0.5442,0,0,0,0,1
3622,F04-ALG,F04,228.9,-16.77935,-49.61216,2024/2025,2025-01-07,7,61,floracao,0.7252,0.5852,18.25,8.86,0.0,18.93,88.02,6.36,57257.3,1,saudavel,3.33,1,150,0.4067,2,0.6342,0.2029,16.62,5.36,1.0,-0.68,2.27,0.7178,0,0,0,0,1
3623,F04-ALG,F04,228.9,-16.77935,-49.61216,2024/2025,2025-01-08,8,62,floracao,0.7496,0.6024,18.08,12.95,9.99,20.56,80.18,12.15,47286.2,0,saudavel,3.33,1,150,0.4133,2,0.6593,0.1759,26.61,6.36,5.79,-2.48,4.07,0.9382,0,0,0,0,1
3624,F04-ALG,F04,228.9,-16.77935,-49.61216,2024/2025,2025-01-09,9,63,floracao,0.7137,0.5921,20.03,14.04,5.4,23.74,76.46,13.75,51448.1,0,saudavel,3.33,1,150,0.42,2,0.6766,0.1207,32.01,12.15,1.6,-3.71,5.59,0.9793,0,0,0,0,1
3625,F04-ALG,F04,228.9,-16.77935,-49.61216,2024/2025,2025-01-10,10,64,floracao,0.7371,0.6501,19.59,13.39,1.6,21.97,79.23,11.62,53670.9,1,saudavel,3.33,1,150,0.4267,2,0.6972,0.1441,16.99,13.75,-2.13,-2.38,4.56,0.8678,0,0,0,0,1
3626,F04-ALG,F04,228.9,-16.77935,-49.61216,2024/2025,2025-01-11,11,65,floracao,0.7458,0.6573,20.22,11.77,0.0,23.89,86.04,10.04,59764.8,1,saudavel,3.33,1,150,0.4333,2,0.7114,0.0996,16.99,11.62,-1.58,-3.67,3.34,0.853,0,0,0,0,1
3627,F04-ALG,F04,228.9,-16.77935,-49.61216,2024/2025,2025-01-12,12,66,floracao,0.7513,0.6163,19.16,10.61,0.0,21.19,85.09,5.62,55672.5,1,saudavel,3.33,1,150,0.44,2,0.7285,0.1198,16.99,10.04,-4.42,-2.03,3.16,0.5297,0,0,0,0,1
3628,F04-ALG,F04,228.9,-16.77935,-49.61216,2024/2025,2025-01-13,13,67,floracao,0.7355,0.622,18.2,9.56,0.0,20.07,78.95,5.0,60020.8,1,saudavel,3.33,1,150,0.4467,2,0.7369,0.0587,16.99,5.62,-0.62,-1.87,4.22,0.523,0,0,0,0,1
3629,F04-ALG,F04,228.9,-16.77935,-49.61216,2024/2025,2025-01-14,14,68,floracao,0.7759,0.6622,15.13,8.6,0.0,18.73,83.86,5.0,60396.2,1,saudavel,3.33,1,150,0.4533,2,0.7441,0.0507,16.99,5.0,0.0,-3.6,3.02,0.5814,0,0,0,0,1
3630,F04-ALG,F04,228.9,-16.77935,-49.61216,2024/2025,2025-01-15,15,69,floracao,0.7458,0.6195,16.16,8.0,0.0,19.91,86.88,5.0,65804.2,1,saudavel,3.33,1,150,0.46,2,0.7436,-0.0038,7.0,5.0,0.0,-3.75,2.61,0.625,0,0,0,0,1
3631,F04-ALG,F04,228.9,-16.77935,-49.61216,2024/2025,2025-01-16,16,70,floracao,0.799,0.7053,17.07,8.0,0.0,20.13,82.29,5.0,56567.7,1,saudavel,3.33,1,150,0.4667,2,0.7558,0.0853,1.6,5.0,0.0,-3.06,3.57,0.625,0,0,0,0,1
3632,F04-ALG,F04,228.9,-16.77935,-49.61216,2024/2025,2025-01-17,17,71,floracao,0.8077,0.7017,13.16,8.0,0.0,17.33,82.78,5.0,57293.3,1,saudavel,3.33,1,150,0.4733,2,0.7659,0.0706,0.0,5.0,0.0,-4.17,2.98,0.625,0,0,0,0,1
3633,F04-ALG,F04,228.9,-16.77935,-49.61216,2024/2025,2025-01-18,18,72,floracao,0.7718,0.6633,15.84,8.11,5.32,19.62,70.29,5.0,50256.1,0,saudavel,3.33,1,150,0.48,2,0.7696,0.026,5.32,5.0,0.0,-3.78,5.83,0.6165,0,0,0,0,1
3634,F04-ALG,F04,228.9,-16.77935,-49.61216,2024/2025,2025-01-19,19,73,floracao,0.7627,0.6497,16.15,16.88,19.23,19.52,86.96,17.4,35510.9,0,saudavel,3.33,1,150,0.4867,2,0.7712,0.0114,24.55,5.0,12.4,-3.37,2.55,1.0308,0,0,0,0,1
3635,F04-ALG,F04,228.9,-16.77935,-49.61216,2024/2025,2025-01-20,20,74,floracao,0.7905,0.6407,18.25,15.33,0.0,20.74,74.79,10.88,56000.6,1,saudavel,3.33,1,150,0.4933,2,0.7791,0.055,24.55,17.4,-6.52,-2.49,5.23,0.7097,0,0,0,0,1
3636,F04-ALG,F04,228.9,-16.77935,-49.61216,2024/2025,2025-01-21,21,75,floracao,0.7835,0.6931,16.02,13.9,0.0,20.56,70.62,10.89,54752.2,1,saudavel,3.33,1,150,0.5,2,0.7801,0.0076,24.55,10.88,0.01,-4.54,6.04,0.7835,0,0,0,0,1
3637,F04-ALG,F04,228.9,-16.77935,-49.61216,2024/2025,2025-01-22,22,76,floracao,0.7921,0.6849,17.13,26.65,28.11,21.02,70.6,25.97,26686.6,1,saudavel,3.33,1,150,0.5067,2,0.7868,0.0463,52.66,10.89,15.08,-3.89,6.18,0.9745,0,0,0,0,1
3638,F04-ALG,F04,228.9,-16.77935,-49.61216,2024/2025,2025-01-23,23,77,floracao,0.8002,0.6883,17.22,24.77,0.92,18.02,77.07,23.6,56545.0,1,saudavel,3.33,1,150,0.5133,2,0.7869,0.0012,53.58,25.97,-2.37,-0.8,4.13,0.9528,0,0,0,0,1
3639,F04-ALG,F04,228.9,-16.77935,-49.61216,2024/2025,2025-01-24,24,78,floracao,0.7815,0.6495,17.59,30.07,14.95,18.67,83.3,28.19,39208.0,0,saudavel,3.33,1,150,0.52,2,0.7832,-0.0262,68.53,23.6,4.59,-1.08,3.12,0.9375,0,0,0,0,1
3640,F04-ALG,F04,228.9,-16.77935,-49.61216,2024/2025,2025-01-25,25,79,floracao,0.8348,0.6966,19.37,31.39,7.85,21.68,84.79,28.51,50635.0,0,saudavel,3.33,1,150,0.5267,2,0.7922,0.063,71.06,28.19,0.32,-2.31,3.3,0.9083,0,0,0,0,1
3641,F04-ALG,F04,228.9,-16.77935,-49.61216,2024/2025,2025-01-26,26,80,floracao,0.7901,0.6814,16.75,42.78,28.22,19.82,81.72,39.84,32283.3,0,saudavel,3.33,1,150,0.5333,2,0.7961,0.0274,80.05,28.51,11.33,-3.07,3.62,0.9313,0,0,0,0,1
3642,F04-ALG,F04,228.9,-16.77935,-49.61216,2024/2025,2025-01-27,27,81,floracao,0.8226,0.7213,18.75,58.78,39.25,21.4,87.65,56.1,25347.1,0,saudavel,3.33,1,150,0.54,2,0.8007,0.0321,119.3,39.84,16.26,-2.65,2.64,0.9544,0,0,0,0,1
3643,F04-ALG,F04,228.9,-16.77935,-49.61216,2024/2025,2025-01-28,28,82,floracao,0.7869,0.7034,16.37,59.49,11.21,19.84,77.8,53.9,49464.4,0,saudavel,3.33,1,150,0.5467,2,0.8012,0.0034,130.51,56.1,-2.2,-3.47,4.4,0.906,0,0,0,0,1
3644,F04-ALG,F04,228.9,-16.77935,-49.61216,2024/2025,2025-01-29,29,83,frutificacao,0.8065,0.6709,14.29,65.26,21.46,20.25,78.31,53.89,36818.1,0,saudavel,3.33,1,150,0.5533,3,0.8032,0.0144,123.86,53.9,-0.01,-5.96,4.39,0.8258,0,0,0,0,1
3645,F04-ALG,F04,228.9,-16.77935,-49.61216,2024/2025,2025-01-30,30,84,frutificacao,0.8147,0.6893,16.79,61.74,3.8,20.69,69.78,44.58,51495.1,0,saudavel,3.33,1,150,0.56,3,0.8053,0.0145,126.74,53.89,-9.31,-3.9,6.25,0.7221,0,0,0,0,1
3646,F04-ALG,F04,228.9,-16.77935,-49.61216,2024/2025,2025-01-31,31,85,frutificacao,0.8086,0.6454,15.24,56.6,0.0,18.99,77.15,37.44,49647.3,0,saudavel,3.33,1,150,0.5667,3,0.8092,0.0271,111.79,44.58,-7.14,-3.75,4.34,0.6615,0,0,0,0,1
3647,F04-ALG,F04,228.9,-16.77935,-49.61216,2024/2025,2025-02-01,32,86,frutificacao,0.8008,0.6315,15.57,51.87,0.0,18.75,69.86,29.82,49606.8,1,saudavel,3.33,2,150,0.5733,3,0.8043,-0.034,103.94,37.44,-7.62,-3.18,5.65,0.5749,0,0,0,0,1
3648,F04-ALG,F04,228.9,-16.77935,-49.61216,2024/2025,2025-02-02,33,87,frutificacao,0.7959,0.687,15.98,50.93,6.82,18.66,73.31,27.3,53030.4,0,saudavel,3.33,2,150,0.58,3,0.8051,0.0058,82.54,29.82,-2.52,-2.68,4.98,0.536,0,0,0,0,1
3649,F04-ALG,F04,228.9,-16.77935,-49.61216,2024/2025,2025-02-03,34,88,frutificacao,0.7972,0.6605,17.96,46.65,0.0,19.49,82.56,24.41,58217.7,1,saudavel,3.33,2,150,0.5867,3,0.8015,-0.0254,43.29,27.3,-2.89,-1.53,3.4,0.5233,0,0,0,0,1
3650,F04-ALG,F04,228.9,-16.77935,-49.61216,2024/2025,2025-02-04,35,89,frutificacao,0.7912,0.6331,17.31,46.17,6.89,20.4,70.31,27.05,52601.8,0,saudavel,3.33,2,150,0.5933,3,0.8021,0.0043,38.97,24.41,2.64,-3.09,6.06,0.5859,0,0,0,0,1
3651,F04-ALG,F04,228.9,-16.77935,-49.61216,2024/2025,2025-02-05,36,90,frutificacao,0.8106,0.6657,14.56,42.28,0.0,18.86,71.62,21.92,59324.9,1,saudavel,3.33,2,150,0.6,3,0.8027,0.0041,17.51,27.05,-5.13,-4.3,5.35,0.5184,0,0,0,0,1
3652,F04-ALG,F04,228.9,-16.77935,-49.61216,2024/2025,2025-02-06,37,91,frutificacao,0.8395,0.7204,17.38,38.69,0.0,21.13,69.29,19.63,57617.8,1,saudavel,3.33,2,150,0.6067,3,0.8063,0.0248,13.71,21.92,-2.29,-3.75,6.49,0.5074,0,0,0,0,1
3653,F04-ALG,F04,228.9,-16.77935,-49.61216,2024/2025,2025-02-07,38,92,frutificacao,0.8088,0.6952,19.32,39.53,8.31,21.96,81.34,23.48,46570.4,0,saudavel,3.33,2,150,0.6133,3,0.8063,0.0002,22.02,19.63,3.85,-2.64,4.1,0.594,0,0,0,0,1
3654,F04-ALG,F04,228.9,-16.77935,-49.61216,2024/2025,2025-02-08,39,93,frutificacao,0.812,0.6575,14.53,40.06,7.78,17.95,87.93,24.03,47773.4,0,saudavel,3.33,2,150,0.62,3,0.8079,0.0112,29.8,23.48,0.55,-3.42,2.17,0.5999,0,0,0,0,1
3655,F04-ALG,F04,228.9,-16.77935,-49.61216,2024/2025,2025-02-09,40,94,frutificacao,0.82,0.7217,16.81,36.66,0.0,20.99,77.42,18.68,50636.9,1,saudavel,3.33,2,150,0.6267,3,0.8113,0.0241,22.98,24.03,-5.35,-4.18,4.74,0.5095,0,0,0,0,1
3656,F04-ALG,F04,228.9,-16.77935,-49.61216,2024/2025,2025-02-10,41,95,frutificacao,0.7872,0.6552,16.56,45.13,23.21,19.12,83.5,30.27,32855.5,1,saudavel,3.33,2,150,0.6333,3,0.8099,-0.01,46.19,18.68,11.59,-2.56,3.15,0.6707,0,0,0,0,1
3657,F04-ALG,F04,228.9,-16.77935,-49.61216,2024/2025,2025-02-11,42,96,frutificacao,0.7578,0.6496,15.69,41.32,0.0,19.66,72.51,22.38,54370.4,1,saudavel,3.33,2,150,0.64,3,0.8051,-0.0334,39.3,30.27,-7.89,-3.97,5.4,0.5416,0,0,0,0,1
3658,F04-ALG,F04,228.9,-16.77935,-49.61216,2024/2025,2025-02-12,43,97,frutificacao,0.7912,0.6733,14.83,37.81,0.0,18.83,84.85,18.95,54144.1,1,saudavel,3.33,2,150,0.6467,3,0.8024,-0.0194,39.3,22.38,-3.43,-4.0,2.85,0.5012,0,0,0,0,1
3659,F04-ALG,F04,228.9,-16.77935,-49.61216,2024/2025,2025-02-13,44,98,frutificacao,0.8052,0.6842,17.97,37.35,5.52,20.8,73.8,18.37,46444.6,0,saudavel,3.33,2,150,0.6533,3,0.7975,-0.0343,44.82,18.95,-0.58,-2.83,5.45,0.4918,0,0,0,0,1
3660,F04-ALG,F04,228.9,-16.77935,-49.61216,2024/2025,2025-02-14,45,99,frutificacao,0.8248,0.6823,15.23,34.16,0.0,19.44,81.4,14.89,45181.4,1,saudavel,3.33,2,150,0.66,3,0.7997,0.016,36.51,18.37,-3.48,-4.21,3.62,0.4359,0,0,0,0,1
3661,F04-ALG,F04,228.9,-16.77935,-49.61216,2024/2025,2025-02-15,46,100,frutificacao,0.7611,0.6464,15.14,31.22,0.0,18.34,78.44,12.01,46435.4,1,saudavel,3.33,2,150,0.6667,3,0.7925,-0.0509,28.73,14.89,-2.88,-3.2,3.95,0.3847,0,0,0,0,1
3662,F04-ALG,F04,228.9,-16.77935,-49.61216,2024/2025,2025-02-16,47,101,frutificacao,0.7983,0.6839,15.01,28.53,0.0,18.18,68.94,8.32,52104.4,1,saudavel,3.33,2,150,0.6733,3,0.7894,-0.0217,28.73,12.01,-3.69,-3.17,5.65,0.2916,0,0,0,0,1
3663,F04-ALG,F04,228.9,-16.77935,-49.61216,2024/2025,2025-02-17,48,102,frutificacao,0.7766,0.6561,13.92,26.57,1.06,16.96,74.69,7.19,47969.3,1,saudavel,3.33,2,150,0.68,3,0.7879,-0.0106,6.58,8.32,-1.13,-3.04,4.29,0.2706,0,0,0,0,1
3664,F04-ALG,F04,228.9,-16.77935,-49.61216,2024/2025,2025-02-18,49,103,frutificacao,0.7581,0.6464,14.06,29.98,11.45,17.85,79.29,11.04,42506.5,0,saudavel,3.33,2,150,0.6867,3,0.7879,0.0003,18.03,7.19,3.85,-3.79,3.7,0.3682,0,0,0,0,1
3665,F04-ALG,F04,228.9,-16.77935,-49.61216,2024/2025,2025-02-19,50,104,frutificacao,0.7389,0.6501,18.17,31.07,7.39,20.49,67.45,12.88,39979.9,0,saudavel,3.33,2,150,0.6933,3,0.7804,-0.0523,25.42,11.04,1.84,-2.32,6.67,0.4145,0,0,0,0,1
3666,F04-ALG,F04,228.9,-16.77935,-49.61216,2024/2025,2025-02-20,51,105,frutificacao,0.7415,0.6208,16.65,28.39,0.0,20.24,78.18,8.63,53532.5,1,saudavel,3.33,2,150,0.7,3,0.7713,-0.0637,19.9,12.88,-4.25,-3.59,4.42,0.304,0,0,0,0,1
3667,F04-ALG,F04,228.9,-16.77935,-49.61216,2024/2025,2025-02-21,52,106,frutificacao,0.7572,0.6567,16.44,29.29,6.76,17.61,71.04,9.89,40785.0,0,saudavel,3.33,2,150,0.7067,3,0.7617,-0.0676,26.66,8.63,1.26,-1.17,5.1,0.3377,0,0,0,0,1
3668,F04-ALG,F04,228.9,-16.77935,-49.61216,2024/2025,2025-02-22,53,107,frutificacao,0.7621,0.6436,13.62,31.55,9.59,16.88,81.11,10.7,45440.3,0,saudavel,3.33,2,150,0.7133,3,0.7618,0.001,36.25,9.89,0.81,-3.26,3.19,0.3391,0,0,0,0,1
3669,F04-ALG,F04,228.9,-16.77935,-49.61216,2024/2025,2025-02-23,54,108,frutificacao,0.6743,0.6016,18.45,35.73,13.82,19.91,69.63,16.85,32669.8,0,saudavel,3.33,2,150,0.72,3,0.7441,-0.124,50.07,10.7,6.15,-1.46,6.05,0.4716,0,0,0,0,1
3670,F04-ALG,F04,228.9,-16.77935,-49.61216,2024/2025,2025-02-24,55,109,frutificacao,0.7293,0.5918,17.26,43.29,21.24,19.09,78.98,28.09,32929.1,0,saudavel,3.33,2,150,0.7267,3,0.7373,-0.0473,70.25,16.85,11.24,-1.83,4.01,0.6489,0,0,0,0,1
3671,F04-ALG,F04,228.9,-16.77935,-49.61216,2024/2025,2025-02-25,56,110,frutificacao,0.697,0.6185,12.81,54.69,30.12,15.44,82.88,28.09,21127.1,0,saudavel,3.33,2,150,0.7333,3,0.7286,-0.0611,88.92,28.09,0.0,-2.63,2.64,0.5136,0,0,0,0,1
3672,F04-ALG,F04,228.9,-16.77935,-49.61216,2024/2025,2025-02-26,57,111,frutificacao,0.6875,0.5737,19.53,55.34,11.04,22.69,73.44,43.11,38744.4,0,saudavel,3.33,2,150,0.74,3,0.7213,-0.0514,92.57,28.09,15.02,-3.16,6.03,0.779,0,0,0,0,1
3673,F04-ALG,F04,228.9,-16.77935,-49.61216,2024/2025,2025-02-27,58,112,frutificacao,0.6931,0.6314,16.84,54.35,7.27,18.35,76.32,38.39,44692.2,0,saudavel,3.33,2,150,0.7467,3,0.7144,-0.0484,99.84,43.11,-4.72,-1.51,4.35,0.7063,0,0,0,0,1
3674,F04-ALG,F04,228.9,-16.77935,-49.61216,2024/2025,2025-02-28,59,113,frutificacao,0.71,0.6122,17.04,49.77,0.0,20.85,82.48,30.45,49553.4,1,saudavel,3.33,2,150,0.7533,3,0.7076,-0.0472,93.08,38.39,-7.94,-3.81,3.65,0.6118,0,0,0,0,1
3675,F04-ALG,F04,228.9,-16.77935,-49.61216,2024/2025,2025-03-01,60,114,frutificacao,0.6432,0.5637,15.47,69.83,48.55,18.53,72.36,57.6,20786.5,0,saudavel,3.33,3,150,0.76,3,0.6906,-0.1189,132.04,30.45,27.15,-3.06,5.12,0.8249,0,0,0,0,0
3676,F04-ALG,F04,228.9,-16.77935,-49.61216,2024/2025,2025-03-02,61,115,frutificacao,0.6407,0.5414,15.52,75.44,22.87,16.68,74.55,61.66,26732.0,0,saudavel,3.33,3,150,0.7667,3,0.6858,-0.0336,141.09,57.6,4.06,-1.16,4.25,0.8173,0,0,0,0,0
3677,F04-ALG,F04,228.9,-16.77935,-49.61216,2024/2025,2025-03-03,62,116,frutificacao,0.5953,0.5196,16.94,76.79,15.39,18.5,79.16,60.44,29360.5,0,saudavel,3.33,3,150,0.7733,3,0.6667,-0.134,135.24,61.66,-1.22,-1.56,3.86,0.7871,0,0,0,0,0
3678,F04-ALG,F04,228.9,-16.77935,-49.61216,2024/2025,2025-03-04,63,117,frutificacao,0.6191,0.5398,13.71,72.41,4.07,15.98,79.4,55.03,37026.2,0,saudavel,3.33,3,150,0.78,3,0.6556,-0.0779,109.19,60.44,-5.41,-2.27,3.29,0.76,0,0,0,0,0
3679,F04-ALG,F04,228.9,-16.77935,-49.61216,2024/2025,2025-03-05,64,118,frutificacao,0.5793,0.4895,16.26,66.94,1.31,17.97,74.71,45.16,41659.0,0,saudavel,3.33,3,150,0.7867,3,0.6401,-0.1082,99.46,55.03,-9.87,-1.71,4.54,0.6746,0,0,0,0,0
3680,F04-ALG,F04,228.9,-16.77935,-49.61216,2024/2025,2025-03-06,65,119,frutificacao,0.6068,0.531,14.25,61.3,0.0,16.51,70.55,35.93,42233.9,0,saudavel,3.33,3,150,0.7933,3,0.6278,-0.0863,92.19,45.16,-9.23,-2.26,4.86,0.5861,0,0,0,0,0
3681,F04-ALG,F04,228.9,-16.77935,-49.61216,2024/2025,2025-03-07,66,120,frutificacao,0.5641,0.4122,18.91,56.04,0.0,17.81,80.54,27.51,39930.9,1,saudavel,3.33,3,150,0.8,3,0.6069,-0.1459,92.19,35.93,-8.42,1.1,3.47,0.4909,0,0,0,0,0
3682,F04-ALG,F04,228.9,-16.77935,-49.61216,2024/2025,2025-03-08,67,121,frutificacao,0.5325,0.4397,18.7,54.94,7.58,18.47,68.9,26.53,37916.2,0,saudavel,3.33,3,150,0.8067,3,0.5911,-0.1107,51.22,27.51,-0.98,0.23,5.74,0.4829,0,0,0,0,0
3683,F04-ALG,F04,228.9,-16.77935,-49.61216,2024/2025,2025-03-09,68,122,frutificacao,0.5136,0.437,17.08,50.12,0.0,18.52,86.27,22.73,43651.2,1,saudavel,3.33,3,150,0.8133,3,0.573,-0.1271,28.35,26.53,-3.8,-1.44,2.54,0.4535,0,0,0,0,0
3684,F04-ALG,F04,228.9,-16.77935,-49.61216,2024/2025,2025-03-10,69,123,frutificacao,0.5072,0.4412,15.0,45.67,0.0,15.87,70.31,18.93,43355.8,1,saudavel,3.33,3,150,0.82,3,0.5604,-0.0881,12.96,22.73,-3.8,-0.87,4.71,0.4145,0,0,0,0,0
3685,F04-ALG,F04,228.9,-16.77935,-49.61216,2024/2025,2025-03-11,70,124,frutificacao,0.4946,0.4398,17.23,41.56,0.0,17.08,69.86,17.07,40644.6,1,saudavel,3.33,3,150,0.8267,3,0.5426,-0.1245,8.89,18.93,-1.86,0.15,5.15,0.4107,0,0,0,0,0
3686,F04-ALG,F04,228.9,-16.77935,-49.61216,2024/2025,2025-03-12,71,125,frutificacao,0.4383,0.3675,14.15,37.69,0.0,15.07,78.11,13.84,40949.0,1,saudavel,3.33,3,150,0.8333,3,0.5224,-0.141,7.58,17.07,-3.23,-0.92,3.3,0.3672,0,0,0,0,0
3687,F04-ALG,F04,228.9,-16.77935,-49.61216,2024/2025,2025-03-13,72,126,frutificacao,0.44,0.3662,18.44,34.13,0.0,18.96,76.64,7.28,41379.3,1,saudavel,3.33,3,150,0.84,3,0.4986,-0.1668,7.58,13.84,-6.56,-0.52,4.43,0.2133,0,0,0,0,0
3688,F04-ALG,F04,228.9,-16.77935,-49.61216,2024/2025,2025-03-14,73,127,frutificacao,0.4245,0.3783,18.2,30.84,0.0,18.32,69.22,6.18,44423.5,1,saudavel,3.33,3,150,0.8467,3,0.4787,-0.1396,7.58,7.28,-1.1,-0.12,5.64,0.2004,0,0,0,0,0
3689,F04-ALG,F04,228.9,-16.77935,-49.61216,2024/2025,2025-03-15,74,128,maturacao,0.411,0.3724,15.67,27.79,0.0,16.25,83.61,5.0,39583.7,0,saudavel,3.33,3,150,0.8533,4,0.4613,-0.1215,0.0,6.18,-1.18,-0.58,2.66,0.1799,0,0,0,0,0
3690,F04-ALG,F04,228.9,-16.77935,-49.61216,2024/2025,2025-03-16,75,129,maturacao,0.4156,0.3681,21.47,24.98,0.0,20.11,74.29,5.0,36218.9,0,saudavel,3.33,3,150,0.86,4,0.4473,-0.098,0.0,5.0,0.0,1.36,5.17,0.2002,0,0,0,0,0
3691,F04-ALG,F04,228.9,-16.77935,-49.61216,2024/2025,2025-03-17,76,130,maturacao,0.3444,0.2897,18.89,22.29,0.0,18.7,72.06,5.0,39931.8,0,saudavel,3.33,3,150,0.8667,4,0.4241,-0.1628,0.0,5.0,0.0,0.19,5.22,0.2243,0,0,0,0,0
3692,F04-ALG,F04,228.9,-16.77935,-49.61216,2024/2025,2025-03-18,77,131,maturacao,0.3763,0.3708,18.34,23.48,7.2,17.84,75.56,6.16,34359.8,0,saudavel,3.33,3,150,0.8733,4,0.4072,-0.1183,7.2,5.0,1.16,0.5,4.36,0.2624,0,0,0,0,0
3693,F04-ALG,F04,228.9,-16.77935,-49.61216,2024/2025,2025-03-19,78,132,maturacao,0.3495,0.2987,18.26,20.92,0.0,17.29,79.82,5.05,35329.1,0,saudavel,3.33,3,150,0.88,4,0.3945,-0.0888,7.2,6.16,-1.11,0.97,3.49,0.2414,0,0,0,0,0
3694,F04-ALG,F04,228.9,-16.77935,-49.61216,2024/2025,2025-03-20,79,133,maturacao,0.3182,0.2748,19.77,25.18,13.3,17.05,81.77,10.23,29790.3,1,saudavel,3.33,3,150,0.8867,4,0.3771,-0.1218,20.5,5.05,5.18,2.72,3.11,0.4063,0,0,0,0,0
3695,F04-ALG,F04,228.9,-16.77935,-49.61216,2024/2025,2025-03-21,80,134,maturacao,0.331,0.314,17.76,22.46,0.0,16.82,74.63,5.19,36797.1,0,saudavel,3.33,3,150,0.8933,4,0.3637,-0.0935,20.5,10.23,-5.04,0.94,4.27,0.2311,0,0,0,0,0
3696,F04-ALG,F04,228.9,-16.77935,-49.61216,2024/2025,2025-03-22,81,135,maturacao,0.2949,0.2812,23.25,31.48,23.15,19.77,65.34,5.19,23772.8,0,saudavel,3.33,3,150,0.9,4,0.3471,-0.1161,43.65,5.19,0.0,3.48,6.85,0.1649,0,0,0,0,0
3697,F04-ALG,F04,228.9,-16.77935,-49.61216,2024/2025,2025-03-23,82,136,maturacao,0.2549,0.2308,19.77,28.14,0.0,18.43,66.03,12.76,39988.3,0,atencao,3.33,3,150,0.9067,4,0.3242,-0.1607,43.65,5.19,7.57,1.34,6.26,0.4534,0,0,0,0,0
3698,F04-ALG,F04,228.9,-16.77935,-49.61216,2024/2025,2025-03-24,83,137,maturacao,0.2119,0.162,18.33,25.01,0.0,16.45,66.24,10.13,36757.8,0,atencao,3.33,3,150,0.9133,4,0.3052,-0.1325,43.65,12.76,-2.63,1.88,5.55,0.405,0,0,0,0,0
3699,F04-ALG,F04,228.9,-16.77935,-49.61216,2024/2025,2025-03-25,84,138,maturacao,0.2464,0.2117,22.7,22.18,0.0,19.98,67.79,5.58,39539.4,0,atencao,3.33,3,150,0.92,4,0.2867,-0.1299,36.45,10.13,-4.55,2.72,6.44,0.2516,0,0,0,0,0
3700,F04-ALG,F04,228.9,-16.77935,-49.61216,2024/2025,2025-03-26,85,139,maturacao,0.2509,0.2236,21.58,22.47,5.78,17.91,72.24,9.53,33101.5,0,saudavel,3.33,3,150,0.9267,4,0.2726,-0.0986,42.23,5.58,3.95,3.67,4.97,0.4241,0,0,0,0,0
3701,F04-ALG,F04,228.9,-16.77935,-49.61216,2024/2025,2025-03-27,86,140,maturacao,0.2571,0.2575,18.11,21.61,3.49,16.69,73.67,7.57,34320.5,0,saudavel,3.33,3,150,0.9333,4,0.2639,-0.0611,32.42,9.53,-1.96,1.42,4.39,0.3503,0,0,0,0,0
3702,F04-ALG,F04,228.9,-16.77935,-49.61216,2024/2025,2025-03-28,87,141,maturacao,0.2581,0.2784,23.96,29.27,20.66,21.04,75.42,18.29,23279.8,0,saudavel,3.33,3,150,0.94,4,0.2535,-0.0729,53.08,7.57,10.72,2.92,5.17,0.6249,0,0,0,0,0
3703,F04-ALG,F04,228.9,-16.77935,-49.61216,2024/2025,2025-03-29,88,142,maturacao,0.2342,0.1871,19.19,26.08,0.0,16.46,61.98,13.91,35983.6,0,saudavel,3.33,3,150,0.9467,4,0.2448,-0.0607,29.93,18.29,-4.38,2.73,6.26,0.5334,0,0,0,0,0
3704,F04-ALG,F04,228.9,-16.77935,-49.61216,2024/2025,2025-03-30,89,143,maturacao,0.205,0.1913,18.27,23.1,0.0,16.88,71.85,10.7,32077.2,0,atencao,3.33,3,150,0.9533,4,0.2377,-0.0499,29.93,13.91,-3.21,1.39,4.75,0.4632,0,0,0,0,0
3705,F04-ALG,F04,228.9,-16.77935,-49.61216,2024/2025,2025-03-31,90,144,maturacao,0.22,0.1707,20.14,23.82,6.87,18.14,73.26,12.78,26259.3,0,saudavel,3.33,3,150,0.96,4,0.2388,0.0081,36.8,10.7,2.08,2.0,4.85,0.5365,0,0,0,0,0
3706,F04-ALG,F04,228.9,-16.77935,-49.61216,2024/2025,2025-04-01,91,145,maturacao,0.2183,0.183,20.64,28.57,15.07,18.64,56.41,22.53,29931.6,0,saudavel,3.33,4,150,0.9667,4,0.2348,-0.0281,51.87,12.78,9.75,2.0,8.13,0.7886,0,0,0,0,0
3707,F04-ALG,F04,228.9,-16.77935,-49.61216,2024/2025,2025-04-02,92,146,colheita,0.2528,0.1976,17.75,25.47,0.0,17.06,73.48,16.51,35770.7,0,saudavel,3.33,4,150,0.9733,5,0.2351,0.0019,46.09,22.53,-6.02,0.69,4.52,0.6482,0,0,0,0,0
3708,F04-ALG,F04,228.9,-16.77935,-49.61216,2024/2025,2025-04-03,93,147,colheita,0.2251,0.2248,17.03,30.21,15.29,14.9,85.97,22.82,24291.6,1,saudavel,3.33,4,150,0.98,5,0.2305,-0.032,57.89,16.51,6.31,2.13,2.09,0.7554,0,0,0,0,0
3709,F04-ALG,F04,228.9,-16.77935,-49.61216,2024/2025,2025-04-04,94,148,colheita,0.1772,0.1554,20.77,26.86,0.0,18.29,73.95,17.37,37617.6,0,atencao,3.33,4,150,0.9867,5,0.2189,-0.0809,37.23,22.82,-5.45,2.48,4.76,0.6467,0,0,0,0,0
3710,F04-ALG,F04,228.9,-16.77935,-49.61216,2024/2025,2025-04-05,95,149,colheita,0.2008,0.1765,19.27,23.81,0.0,16.7,72.39,14.55,42668.9,0,saudavel,3.33,4,150,0.9933,5,0.2142,-0.0334,37.23,17.37,-2.82,2.57,4.61,0.6111,0,0,0,0,0
3711,F04-FEI,F04,227.4,-16.73285,-49.54238,2023/2024,2023-10-06,279,0,germinacao,0.2033,0.1676,33.12,45.0,0.0,30.33,64.51,45.19,45801.4,0,saudavel,0.8,10,85,0.0,0,0.2033,0.0,0.0,45.19,0.0,2.79,10.76,1.0042,1,0,0,1,0
3712,F04-FEI,F04,227.4,-16.73285,-49.54238,2023/2024,2023-10-07,280,1,germinacao,0.1756,0.1428,31.19,39.31,0.0,29.63,69.17,33.58,39698.4,1,saudavel,0.8,10,85,0.0118,0,0.1894,0.0,0.0,45.19,-11.61,1.56,9.13,0.8542,1,0,0,1,0
3713,F04-FEI,F04,227.4,-16.73285,-49.54238,2023/2024,2023-10-08,281,2,germinacao,0.1636,0.1395,35.43,33.72,0.0,32.44,63.46,25.53,44264.4,1,atencao,0.8,10,85,0.0235,0,0.1808,0.0,0.0,33.58,-8.05,2.99,11.85,0.7571,1,0,0,1,0
3714,F04-FEI,F04,227.4,-16.73285,-49.54238,2023/2024,2023-10-09,282,3,germinacao,0.1757,0.1323,32.65,28.88,0.0,29.98,63.46,17.21,45960.1,1,saudavel,0.8,10,85,0.0353,0,0.1795,0.0,0.0,25.53,-8.32,2.67,10.95,0.5959,1,0,0,1,0
3715,F04-FEI,F04,227.4,-16.73285,-49.54238,2023/2024,2023-10-10,283,4,germinacao,0.1878,0.1654,31.4,24.58,0.0,28.96,73.3,10.44,46340.1,1,saudavel,0.8,10,85,0.0471,0,0.1812,0.0,0.0,17.21,-6.77,2.44,7.73,0.4247,1,0,0,1,0
3716,F04-FEI,F04,227.4,-16.73285,-49.54238,2023/2024,2023-10-11,284,5,germinacao,0.185,0.1408,33.08,20.47,0.0,30.16,70.98,5.0,48270.1,1,saudavel,0.8,10,85,0.0588,0,0.1818,0.0,0.0,10.44,-5.44,2.92,8.75,0.2443,1,0,0,1,0
3717,F04-FEI,F04,227.4,-16.73285,-49.54238,2023/2024,2023-10-12,285,6,germinacao,0.1675,0.1524,33.17,16.54,0.0,31.18,58.77,5.0,45778.3,1,atencao,0.8,10,85,0.0706,0,0.1798,0.0,0.0,5.0,0.0,1.99,12.86,0.3023,1,0,0,1,0
3718,F04-FEI,F04,227.4,-16.73285,-49.54238,2023/2024,2023-10-13,286,7,germinacao,0.2158,0.1626,32.54,17.91,9.78,31.18,66.8,5.0,40552.3,0,saudavel,0.8,10,85,0.0824,0,0.1816,0.0125,9.78,5.0,0.0,1.36,10.35,0.2792,1,0,0,1,0
3719,F04-FEI,F04,227.4,-16.73285,-49.54238,2023/2024,2023-10-14,287,8,germinacao,0.2187,0.1741,30.7,14.67,0.0,27.73,74.6,5.0,46973.9,1,saudavel,0.8,10,85,0.0941,0,0.1877,0.0431,9.78,5.0,0.0,2.97,7.04,0.3408,1,0,0,1,0
3720,F04-FEI,F04,227.4,-16.73285,-49.54238,2023/2024,2023-10-15,288,9,vegetativo,0.2332,0.1781,32.84,11.34,0.0,30.94,64.85,5.0,49713.8,1,saudavel,0.8,10,85,0.1059,1,0.1977,0.0696,9.78,5.0,0.0,1.9,10.88,0.4409,1,0,0,1,0
3721,F04-FEI,F04,227.4,-16.73285,-49.54238,2023/2024,2023-10-16,289,10,vegetativo,0.166,0.1304,32.24,8.24,0.0,30.3,70.79,5.0,43229.9,1,atencao,0.8,10,85,0.1176,1,0.1963,-0.0097,9.78,5.0,0.0,1.94,8.85,0.6068,1,0,0,1,0
3722,F04-FEI,F04,227.4,-16.73285,-49.54238,2023/2024,2023-10-17,290,11,vegetativo,0.1875,0.1237,30.83,22.89,34.53,28.7,73.63,5.0,16271.9,0,saudavel,0.8,10,85,0.1294,1,0.1962,-0.0003,44.31,5.0,0.0,2.13,7.57,0.2184,1,0,0,1,0
3723,F04-FEI,F04,227.4,-16.73285,-49.54238,2023/2024,2023-10-18,291,12,vegetativo,0.2143,0.1332,29.74,19.23,0.0,27.93,70.07,6.69,52254.5,1,saudavel,0.8,10,85,0.1412,1,0.2004,0.0293,44.31,5.0,1.69,1.81,8.36,0.3479,1,0,0,1,0
3724,F04-FEI,F04,227.4,-16.73285,-49.54238,2023/2024,2023-10-19,292,13,vegetativo,0.2161,0.1773,32.97,17.72,4.52,31.26,77.63,5.0,43434.6,0,saudavel,0.8,10,85,0.1529,1,0.2074,0.0486,48.83,6.69,-1.69,1.71,6.99,0.2822,1,0,0,1,0
3725,F04-FEI,F04,227.4,-16.73285,-49.54238,2023/2024,2023-10-20,293,14,vegetativo,0.2153,0.1523,33.86,14.06,0.0,31.35,70.29,5.0,44022.5,1,saudavel,0.8,10,85,0.1647,1,0.2073,-0.0005,39.05,5.0,0.0,2.51,9.31,0.3556,1,0,0,1,0
3726,F04-FEI,F04,227.4,-16.73285,-49.54238,2023/2024,2023-10-21,294,15,vegetativo,0.217,0.2192,32.53,10.7,0.0,31.36,67.73,5.0,48965.5,1,saudavel,0.8,10,85,0.1765,1,0.2071,-0.0017,39.05,5.0,0.0,1.17,10.12,0.4673,1,0,0,1,0
3727,F04-FEI,F04,227.4,-16.73285,-49.54238,2023/2024,2023-10-22,295,16,vegetativo,0.2261,0.185,30.47,9.32,2.34,26.98,69.18,5.0,46264.0,1,atencao,0.8,10,85,0.1882,1,0.206,-0.0071,41.39,5.0,0.0,3.49,8.32,0.5365,1,0,0,1,0
3728,F04-FEI,F04,227.4,-16.73285,-49.54238,2023/2024,2023-10-23,296,17,vegetativo,0.3006,0.2697,30.09,8.51,3.44,28.57,69.01,5.0,48303.7,0,saudavel,0.8,10,85,0.2,1,0.2253,0.1346,44.83,5.0,0.0,1.52,8.85,0.5875,1,0,0,1,0
3729,F04-FEI,F04,227.4,-16.73285,-49.54238,2023/2024,2023-10-24,297,18,vegetativo,0.2481,0.2171,28.84,24.6,37.33,28.91,66.4,19.2,26663.8,0,atencao,0.8,10,85,0.2118,1,0.2339,0.0606,47.63,5.0,14.2,-0.07,9.71,0.7805,1,0,0,1,0
3730,F04-FEI,F04,227.4,-16.73285,-49.54238,2023/2024,2023-10-25,298,19,vegetativo,0.2647,0.2037,32.91,32.15,23.28,31.02,62.56,27.29,29758.5,0,atencao,0.8,10,85,0.2235,1,0.2411,0.0504,70.91,19.2,8.09,1.89,11.61,0.8488,1,0,0,1,0
3731,F04-FEI,F04,227.4,-16.73285,-49.54238,2023/2024,2023-10-26,299,20,vegetativo,0.294,0.2415,30.33,34.19,13.12,29.91,64.47,26.78,42612.5,0,saudavel,0.8,10,85,0.2353,1,0.2523,0.0779,79.51,27.29,-0.51,0.42,10.63,0.7833,1,0,0,1,0
3732,F04-FEI,F04,227.4,-16.73285,-49.54238,2023/2024,2023-10-27,300,21,vegetativo,0.3463,0.3092,29.15,29.78,0.0,28.3,69.39,21.36,47637.5,1,saudavel,0.8,10,85,0.2471,1,0.271,0.131,79.51,26.78,-5.42,0.85,8.66,0.7173,1,0,0,1,0
3733,F04-FEI,F04,227.4,-16.73285,-49.54238,2023/2024,2023-10-28,301,22,vegetativo,0.3644,0.3232,29.38,35.51,19.64,28.81,73.99,27.93,27632.9,0,saudavel,0.8,10,85,0.2588,1,0.292,0.1474,99.15,21.36,6.57,0.57,7.49,0.7865,1,0,0,1,0
3734,F04-FEI,F04,227.4,-16.73285,-49.54238,2023/2024,2023-10-29,302,23,vegetativo,0.4077,0.3639,30.58,30.93,0.0,29.57,71.32,20.38,52292.5,1,saudavel,0.8,10,85,0.2706,1,0.318,0.1816,96.81,27.93,-7.55,1.01,8.48,0.6589,1,0,0,1,0
3735,F04-FEI,F04,227.4,-16.73285,-49.54238,2023/2024,2023-10-30,303,24,vegetativo,0.4167,0.3411,30.47,28.13,2.79,29.55,70.71,17.07,48931.5,1,saudavel,0.8,10,85,0.2824,1,0.3346,0.1161,96.16,20.38,-3.31,0.92,8.66,0.6068,1,0,0,1,0
3736,F04-FEI,F04,227.4,-16.73285,-49.54238,2023/2024,2023-10-31,304,25,vegetativo,0.4652,0.4071,30.92,24.07,0.0,30.88,79.83,11.52,46730.1,1,saudavel,0.8,10,85,0.2941,1,0.3656,0.2171,58.83,17.07,-5.55,0.04,6.23,0.4786,1,0,0,1,0
3737,F04-FEI,F04,227.4,-16.73285,-49.54238,2023/2024,2023-11-01,305,26,vegetativo,0.498,0.4112,31.9,20.44,0.0,30.47,78.05,7.33,54517.9,1,saudavel,0.8,11,85,0.3059,1,0.3989,0.2333,35.55,11.52,-4.19,1.43,6.69,0.3586,1,0,0,1,0
3738,F04-FEI,F04,227.4,-16.73285,-49.54238,2023/2024,2023-11-02,306,27,vegetativo,0.5604,0.4965,28.32,24.88,15.29,30.09,65.47,11.55,34370.3,0,saudavel,0.8,11,85,0.3176,1,0.437,0.2664,37.72,7.33,4.22,-1.77,10.39,0.4642,1,0,0,1,0
3739,F04-FEI,F04,227.4,-16.73285,-49.54238,2023/2024,2023-11-03,307,28,vegetativo,0.5958,0.5261,27.0,21.74,0.0,26.99,75.57,6.72,52892.5,1,saudavel,0.8,11,85,0.3294,1,0.4726,0.2495,37.72,11.55,-4.83,0.01,6.59,0.3091,1,0,0,1,0
3740,F04-FEI,F04,227.4,-16.73285,-49.54238,2023/2024,2023-11-04,308,29,vegetativo,0.5868,0.4713,27.12,18.84,0.0,27.01,66.26,6.8,55794.5,1,saudavel,0.8,11,85,0.3412,1,0.5044,0.2224,18.08,6.72,0.08,0.11,9.11,0.3609,1,0,0,1,0
3741,F04-FEI,F04,227.4,-16.73285,-49.54238,2023/2024,2023-11-05,309,30,floracao,0.6342,0.5446,25.13,18.44,4.27,26.5,74.0,5.45,50698.0,0,saudavel,0.8,11,85,0.3529,2,0.5367,0.2265,22.35,6.8,-1.35,-1.37,6.89,0.2956,1,0,0,1,0
3742,F04-FEI,F04,227.4,-16.73285,-49.54238,2023/2024,2023-11-06,310,31,floracao,0.645,0.5263,27.2,37.2,42.99,28.55,64.72,30.88,27605.5,0,saudavel,0.8,11,85,0.3647,2,0.5693,0.2283,62.55,5.45,25.43,-1.35,10.07,0.8301,1,0,0,1,0
3743,F04-FEI,F04,227.4,-16.73285,-49.54238,2023/2024,2023-11-07,311,32,floracao,0.679,0.5937,25.97,33.19,0.0,27.13,69.56,26.58,52836.1,1,saudavel,0.8,11,85,0.3765,2,0.5999,0.2138,62.55,30.88,-4.3,-1.16,8.26,0.8008,1,0,0,1,0
3744,F04-FEI,F04,227.4,-16.73285,-49.54238,2023/2024,2023-11-08,312,33,floracao,0.6903,0.5642,26.12,35.41,12.16,28.65,74.95,29.17,43961.0,0,saudavel,0.8,11,85,0.3882,2,0.6274,0.1923,74.71,26.58,2.59,-2.53,7.18,0.8238,1,0,0,1,0
3745,F04-FEI,F04,227.4,-16.73285,-49.54238,2023/2024,2023-11-09,313,34,floracao,0.7137,0.6131,25.85,54.33,45.87,28.78,69.63,52.64,28898.8,0,saudavel,0.8,11,85,0.4,2,0.6493,0.1533,105.29,29.17,23.47,-2.93,8.74,0.9689,1,0,0,1,0
3746,F04-FEI,F04,227.4,-16.73285,-49.54238,2023/2024,2023-11-10,314,35,floracao,0.7299,0.6352,24.94,61.91,25.97,27.96,67.15,57.46,29249.1,0,saudavel,0.8,11,85,0.4118,2,0.6684,0.1341,131.26,52.64,4.82,-3.02,9.18,0.9281,1,0,0,1,0
3747,F04-FEI,F04,227.4,-16.73285,-49.54238,2023/2024,2023-11-11,315,36,floracao,0.733,0.6244,26.56,55.79,0.0,28.87,68.7,44.67,51822.7,0,saudavel,0.8,11,85,0.4235,2,0.6893,0.1462,131.26,57.46,-12.79,-2.31,9.04,0.8007,1,0,0,1,0
3748,F04-FEI,F04,227.4,-16.73285,-49.54238,2023/2024,2023-11-12,316,37,floracao,0.7368,0.6435,23.4,50.46,0.0,26.5,68.99,35.03,57807.5,1,saudavel,0.8,11,85,0.4353,2,0.704,0.1026,126.99,44.67,-9.64,-3.1,8.22,0.6942,1,0,0,1,0
3749,F04-FEI,F04,227.4,-16.73285,-49.54238,2023/2024,2023-11-13,317,38,floracao,0.7627,0.6542,21.58,55.27,19.05,25.16,76.71,40.73,43549.5,0,saudavel,0.8,11,85,0.4471,2,0.7208,0.1177,103.05,35.03,5.7,-3.58,5.86,0.7369,1,0,0,1,0
3750,F04-FEI,F04,227.4,-16.73285,-49.54238,2023/2024,2023-11-14,318,39,floracao,0.7454,0.665,22.49,50.02,0.0,26.24,80.15,34.23,60366.6,1,saudavel,0.8,11,85,0.4588,2,0.7303,0.0664,103.05,40.73,-6.5,-3.75,5.21,0.6843,1,0,0,1,0
3751,F04-FEI,F04,227.4,-16.73285,-49.54238,2023/2024,2023-11-15,319,40,floracao,0.7415,0.6083,24.81,54.65,19.49,28.46,71.95,39.48,29998.4,0,saudavel,0.8,11,85,0.4706,2,0.7376,0.0512,110.38,34.23,5.25,-3.65,7.98,0.7224,1,0,0,1,0
3752,F04-FEI,F04,227.4,-16.73285,-49.54238,2023/2024,2023-11-16,320,41,floracao,0.7257,0.6092,26.71,48.98,0.0,29.88,77.37,29.83,60056.6,1,saudavel,0.8,11,85,0.4824,2,0.7393,0.012,64.51,39.48,-9.65,-3.17,6.76,0.609,1,0,0,1,0
3753,F04-FEI,F04,227.4,-16.73285,-49.54238,2023/2024,2023-11-17,321,42,floracao,0.768,0.6144,25.72,43.91,0.0,29.25,69.86,22.81,54601.7,1,saudavel,0.8,11,85,0.4941,2,0.7447,0.0381,38.54,29.83,-7.02,-3.53,8.82,0.5195,1,0,0,1,0
3754,F04-FEI,F04,227.4,-16.73285,-49.54238,2023/2024,2023-11-18,322,43,floracao,0.7752,0.653,23.78,50.54,21.96,26.64,73.91,32.67,41351.7,0,saudavel,0.8,11,85,0.5059,2,0.7508,0.0422,60.5,22.81,9.86,-2.86,6.95,0.6464,1,0,0,1,0
3755,F04-FEI,F04,227.4,-16.73285,-49.54238,2023/2024,2023-11-19,323,44,floracao,0.7278,0.5949,24.97,46.99,3.2,28.3,82.47,27.94,50740.8,0,saudavel,0.8,11,85,0.5176,2,0.7495,-0.009,63.7,32.67,-4.73,-3.33,4.96,0.5946,1,0,0,1,0
3756,F04-FEI,F04,227.4,-16.73285,-49.54238,2023/2024,2023-11-20,324,45,floracao,0.7501,0.6098,22.42,42.6,0.0,24.68,74.96,21.71,53695.4,0,saudavel,0.8,11,85,0.5294,2,0.7477,-0.0126,44.65,27.94,-6.23,-2.26,6.18,0.5096,1,0,0,1,0
3757,F04-FEI,F04,227.4,-16.73285,-49.54238,2023/2024,2023-11-21,325,46,floracao,0.7766,0.629,27.97,38.08,0.0,29.0,78.73,21.71,57111.2,1,saudavel,0.8,11,85,0.5412,2,0.7521,0.0312,44.65,21.71,0.0,-1.03,6.17,0.5701,1,0,0,1,0
3758,F04-FEI,F04,227.4,-16.73285,-49.54238,2023/2024,2023-11-22,326,47,frutificacao,0.7572,0.6341,25.81,34.08,0.0,27.37,70.87,12.42,56232.1,0,saudavel,0.8,11,85,0.5529,3,0.7544,0.0157,25.16,21.71,-9.29,-1.56,7.97,0.3644,1,0,0,1,0
3759,F04-FEI,F04,227.4,-16.73285,-49.54238,2023/2024,2023-11-23,327,48,frutificacao,0.7587,0.65,23.79,42.27,23.8,27.68,74.3,23.98,33703.5,0,saudavel,0.8,11,85,0.5647,3,0.7591,0.033,48.96,12.42,11.56,-3.89,7.11,0.5673,1,0,0,1,0
3760,F04-FEI,F04,227.4,-16.73285,-49.54238,2023/2024,2023-11-24,328,49,frutificacao,0.7724,0.6661,20.28,43.46,10.07,23.53,72.71,25.97,50903.2,0,saudavel,0.8,11,85,0.5765,3,0.7597,0.0044,59.03,23.98,1.99,-3.25,6.42,0.5976,1,0,0,1,0
3761,F04-FEI,F04,227.4,-16.73285,-49.54238,2023/2024,2023-11-25,329,50,frutificacao,0.7473,0.6553,23.0,42.83,7.52,27.0,75.36,23.98,54376.1,0,saudavel,0.8,11,85,0.5882,3,0.7557,-0.0279,44.59,25.97,-1.99,-4.0,6.65,0.5599,1,0,0,1,0
3762,F04-FEI,F04,227.4,-16.73285,-49.54238,2023/2024,2023-11-26,330,51,frutificacao,0.7513,0.6575,26.41,38.25,0.0,28.98,75.15,17.11,55253.6,1,saudavel,0.8,11,85,0.6,3,0.7591,0.0235,41.39,23.98,-6.87,-2.57,7.2,0.4473,1,0,0,1,0
3763,F04-FEI,F04,227.4,-16.73285,-49.54238,2023/2024,2023-11-27,331,52,frutificacao,0.7146,0.5848,24.38,34.27,0.0,26.56,79.29,13.59,63154.1,1,saudavel,0.8,11,85,0.6118,3,0.754,-0.0355,41.39,17.11,-3.52,-2.18,5.5,0.3966,1,0,0,1,0
3764,F04-FEI,F04,227.4,-16.73285,-49.54238,2023/2024,2023-11-28,332,53,frutificacao,0.7341,0.6091,23.45,37.74,14.03,25.89,73.11,17.32,41035.0,0,saudavel,0.8,11,85,0.6235,3,0.7479,-0.0425,55.42,13.59,3.73,-2.44,6.96,0.4589,1,0,0,1,0
3765,F04-FEI,F04,227.4,-16.73285,-49.54238,2023/2024,2023-11-29,333,54,frutificacao,0.6892,0.5897,22.29,33.89,0.0,25.54,75.48,11.37,41035.0,1,saudavel,0.8,11,85,0.6353,3,0.7382,-0.068,55.42,17.32,-5.95,-3.25,6.26,0.3355,1,0,0,1,0
3766,F04-FEI,F04,227.4,-16.73285,-49.54238,2023/2024,2023-11-30,334,55,frutificacao,0.6768,0.5794,22.01,30.42,0.0,24.75,82.83,10.61,66243.0,1,saudavel,0.8,11,85,0.6471,3,0.7265,-0.0819,31.62,11.37,-0.76,-2.74,4.25,0.3488,1,0,0,1,0
3767,F04-FEI,F04,227.4,-16.73285,-49.54238,2023/2024,2023-12-01,335,56,frutificacao,0.6769,0.603,24.73,27.1,0.0,25.86,70.26,8.78,59876.7,1,saudavel,0.8,12,85,0.6588,3,0.7129,-0.0955,21.55,10.61,-1.83,-1.13,7.69,0.324,1,0,0,0,1
3768,F04-FEI,F04,227.4,-16.73285,-49.54238,2023/2024,2023-12-02,336,57,frutificacao,0.6796,0.5719,22.09,24.3,0.0,23.81,65.26,8.78,56915.6,1,saudavel,0.8,12,85,0.6706,3,0.7032,-0.0677,14.03,8.78,0.0,-1.72,8.27,0.3613,1,0,0,0,1
3769,F04-FEI,F04,227.4,-16.73285,-49.54238,2023/2024,2023-12-03,337,58,frutificacao,0.6485,0.5666,23.5,21.38,0.0,26.21,73.01,5.0,59791.7,1,saudavel,0.8,12,85,0.6824,3,0.6885,-0.1028,14.03,8.78,-3.78,-2.71,7.07,0.2339,1,0,0,0,1
3770,F04-FEI,F04,227.4,-16.73285,-49.54238,2023/2024,2023-12-04,338,59,frutificacao,0.6077,0.5137,24.34,18.53,0.0,27.1,78.88,5.0,61223.9,1,saudavel,0.8,12,85,0.6941,3,0.6733,-0.1069,14.03,5.0,0.0,-2.76,5.72,0.2698,1,0,0,0,1
3771,F04-FEI,F04,227.4,-16.73285,-49.54238,2023/2024,2023-12-05,339,60,frutificacao,0.6144,0.5294,23.08,20.12,7.83,24.69,77.77,5.0,52493.5,0,saudavel,0.8,12,85,0.7059,3,0.6562,-0.1197,7.83,5.0,0.0,-1.61,5.49,0.2485,1,0,0,0,1
3772,F04-FEI,F04,227.4,-16.73285,-49.54238,2023/2024,2023-12-06,340,61,frutificacao,0.5742,0.4958,24.51,17.48,0.0,25.81,71.98,5.0,63145.1,1,saudavel,0.8,12,85,0.7176,3,0.6397,-0.115,7.83,5.0,0.0,-1.3,7.23,0.286,1,0,0,0,1
3773,F04-FEI,F04,227.4,-16.73285,-49.54238,2023/2024,2023-12-07,341,62,frutificacao,0.5578,0.4736,22.73,15.11,0.0,25.03,77.66,5.0,56797.5,1,saudavel,0.8,12,85,0.7294,3,0.6227,-0.119,7.83,5.0,0.0,-2.3,5.59,0.3309,1,0,0,0,1
3774,F04-FEI,F04,227.4,-16.73285,-49.54238,2023/2024,2023-12-08,342,63,frutificacao,0.4867,0.3942,24.93,12.76,0.0,25.62,75.19,5.0,57514.9,1,saudavel,0.8,12,85,0.7412,3,0.5956,-0.1902,7.83,5.0,0.0,-0.69,6.36,0.3918,1,0,0,0,1
3775,F04-FEI,F04,227.4,-16.73285,-49.54238,2023/2024,2023-12-09,343,64,frutificacao,0.5003,0.4308,25.3,10.53,0.0,26.29,68.86,5.0,56883.0,0,saudavel,0.8,12,85,0.7529,3,0.5699,-0.1793,7.83,5.0,0.0,-0.99,8.19,0.4748,1,0,0,0,1
3776,F04-FEI,F04,227.4,-16.73285,-49.54238,2023/2024,2023-12-10,344,65,frutificacao,0.4705,0.4128,24.62,13.02,8.95,25.44,75.56,5.0,48239.8,0,saudavel,0.8,12,85,0.7647,3,0.5445,-0.178,16.78,5.0,0.0,-0.82,6.22,0.384,1,0,0,0,1
3777,F04-FEI,F04,227.4,-16.73285,-49.54238,2023/2024,2023-12-11,345,66,frutificacao,0.4254,0.3637,25.75,10.69,0.0,26.01,80.7,5.0,59816.9,1,saudavel,0.8,12,85,0.7765,3,0.5185,-0.1823,16.78,5.0,0.0,-0.26,5.02,0.4677,1,0,0,0,1
3778,F04-FEI,F04,227.4,-16.73285,-49.54238,2023/2024,2023-12-12,346,67,frutificacao,0.3868,0.2735,26.19,9.94,2.73,25.4,76.02,5.0,53836.1,1,saudavel,0.8,12,85,0.7882,3,0.486,-0.2276,11.68,5.0,0.0,0.79,6.09,0.503,1,0,0,0,1
3779,F04-FEI,F04,227.4,-16.73285,-49.54238,2023/2024,2023-12-13,347,68,frutificacao,0.359,0.3016,26.67,8.0,0.0,25.81,69.65,5.0,60673.1,1,saudavel,0.8,12,85,0.8,3,0.4552,-0.2152,11.68,5.0,0.0,0.86,7.83,0.625,1,0,0,0,1
3780,F04-FEI,F04,227.4,-16.73285,-49.54238,2023/2024,2023-12-14,348,69,frutificacao,0.3303,0.2943,27.17,8.0,0.0,24.88,86.45,5.0,61746.0,1,saudavel,0.8,12,85,0.8118,3,0.4227,-0.2275,11.68,5.0,0.0,2.29,3.37,0.625,1,0,0,0,1
3781,F04-FEI,F04,227.4,-16.73285,-49.54238,2023/2024,2023-12-15,349,70,frutificacao,0.2736,0.213,26.54,8.0,0.0,24.8,72.95,5.0,56220.2,0,atencao,0.8,12,85,0.8235,3,0.3923,-0.2131,11.68,5.0,0.0,1.74,6.71,0.625,1,0,0,0,1
3782,F04-FEI,F04,227.4,-16.73285,-49.54238,2023/2024,2023-12-16,350,71,frutificacao,0.2692,0.2501,27.62,11.15,17.72,25.24,79.57,10.14,40330.4,0,saudavel,0.8,12,85,0.8353,3,0.3593,-0.2311,29.4,5.0,5.14,2.38,5.16,0.9094,1,0,0,0,1
3783,F04-FEI,F04,227.4,-16.73285,-49.54238,2023/2024,2023-12-17,351,72,frutificacao,0.2619,0.2104,24.31,15.61,13.28,23.99,82.67,15.36,45151.7,0,saudavel,0.8,12,85,0.8471,3,0.3295,-0.2086,33.73,10.14,5.22,0.32,4.16,0.984,1,0,0,0,1
3784,F04-FEI,F04,227.4,-16.73285,-49.54238,2023/2024,2023-12-18,352,73,maturacao,0.2287,0.188,26.77,12.94,0.0,24.67,80.23,10.99,59314.1,0,atencao,0.8,12,85,0.8588,4,0.3014,-0.1967,33.73,15.36,-4.37,2.1,4.88,0.8493,1,0,0,0,1
3785,F04-FEI,F04,227.4,-16.73285,-49.54238,2023/2024,2023-12-19,353,74,maturacao,0.2656,0.2299,23.79,24.1,26.6,22.56,78.27,25.2,32897.7,1,saudavel,0.8,12,85,0.8706,4,0.284,-0.1212,57.6,10.99,14.21,1.23,4.9,1.0456,1,0,0,0,1
3786,F04-FEI,F04,227.4,-16.73285,-49.54238,2023/2024,2023-12-20,354,75,maturacao,0.2366,0.1827,23.67,21.2,0.0,21.07,71.27,17.1,62712.9,0,saudavel,0.8,12,85,0.8824,4,0.2666,-0.1224,57.6,25.2,-8.1,2.6,6.05,0.8066,1,0,0,0,1
3787,F04-FEI,F04,227.4,-16.73285,-49.54238,2023/2024,2023-12-21,355,76,maturacao,0.2536,0.2338,25.8,24.64,12.84,23.83,84.59,22.08,50100.4,0,saudavel,0.8,12,85,0.8941,4,0.2556,-0.0767,70.44,17.1,4.98,1.97,3.67,0.8961,1,0,0,0,1
3788,F04-FEI,F04,227.4,-16.73285,-49.54238,2023/2024,2023-12-22,356,77,maturacao,0.2266,0.2179,25.92,21.53,0.0,22.39,73.79,17.5,57571.6,0,saudavel,0.8,12,85,0.9059,4,0.2489,-0.047,70.44,22.08,-4.58,3.53,5.87,0.8128,1,0,0,0,1
3789,F04-FEI,F04,227.4,-16.73285,-49.54238,2023/2024,2023-12-23,357,78,maturacao,0.1771,0.1285,27.85,20.5,4.79,26.38,82.11,12.76,57274.0,0,atencao,0.8,12,85,0.9176,4,0.2357,-0.0921,57.51,17.5,-4.74,1.47,4.72,0.6224,1,0,0,0,1
3790,F04-FEI,F04,227.4,-16.73285,-49.54238,2023/2024,2023-12-24,358,79,maturacao,0.2264,0.1887,23.43,17.74,0.0,22.18,85.35,11.33,64096.8,0,saudavel,0.8,12,85,0.9294,4,0.2307,-0.0355,44.23,12.76,-1.43,1.25,3.25,0.6387,1,0,0,0,1
3791,F04-FEI,F04,227.4,-16.73285,-49.54238,2023/2024,2023-12-25,359,80,maturacao,0.1873,0.1971,27.07,18.87,8.0,24.42,72.36,11.96,55589.0,0,saudavel,0.8,12,85,0.9412,4,0.2247,-0.0414,52.23,11.33,0.63,2.65,6.75,0.6338,1,0,0,0,1
3792,F04-FEI,F04,227.4,-16.73285,-49.54238,2023/2024,2023-12-26,360,81,maturacao,0.2205,0.2094,23.99,16.24,0.0,22.1,73.68,8.17,60536.9,0,saudavel,0.8,12,85,0.9529,4,0.2183,-0.0451,25.63,11.96,-3.79,1.89,5.82,0.5031,1,0,0,0,1
3793,F04-FEI,F04,227.4,-16.73285,-49.54238,2023/2024,2023-12-27,361,82,maturacao,0.2208,0.1554,24.1,13.7,0.0,23.03,77.35,5.0,59725.1,0,saudavel,0.8,12,85,0.9647,4,0.216,-0.0158,25.63,8.17,-3.17,1.07,5.22,0.365,1,0,0,0,1
3794,F04-FEI,F04,227.4,-16.73285,-49.54238,2023/2024,2023-12-28,362,83,colheita,0.2156,0.2066,23.72,11.58,0.0,23.03,84.97,5.0,55636.9,0,saudavel,0.8,12,85,0.9765,5,0.2106,-0.038,12.79,5.0,0.0,0.69,3.46,0.4318,1,0,0,0,1
3795,F04-FEI,F04,227.4,-16.73285,-49.54238,2023/2024,2023-12-29,363,84,colheita,0.2084,0.1087,22.68,18.1,16.93,21.05,77.53,15.25,55636.9,0,saudavel,0.8,12,85,0.9882,5,0.208,-0.0182,29.72,5.0,10.25,1.63,4.73,0.8425,1,0,0,0,1
3796,F04-FEI,F04,227.4,-16.73285,-49.54238,2024/2025,2024-10-01,275,0,germinacao,0.1588,0.1582,34.75,45.0,0.0,32.09,63.14,47.17,47672.1,0,atencao,0.87,10,85,0.0,0,0.1588,0.0,0.0,47.17,0.0,2.66,11.83,1.0482,1,0,0,1,0
3797,F04-FEI,F04,227.4,-16.73285,-49.54238,2024/2025,2024-10-02,276,1,germinacao,0.1456,0.1384,33.79,41.3,4.39,30.97,65.2,36.5,41832.4,0,atencao,0.87,10,85,0.0118,0,0.1522,0.0,4.39,47.17,-10.67,2.82,10.78,0.8838,1,0,0,1,0
3798,F04-FEI,F04,227.4,-16.73285,-49.54238,2024/2025,2024-10-03,277,2,germinacao,0.2042,0.158,33.17,35.79,0.0,30.95,75.69,27.0,47162.8,1,saudavel,0.87,10,85,0.0235,0,0.1695,0.0,4.39,36.5,-9.5,2.22,7.52,0.7544,1,0,0,1,0
3799,F04-FEI,F04,227.4,-16.73285,-49.54238,2024/2025,2024-10-04,278,3,germinacao,0.1957,0.1797,31.71,30.93,0.0,29.07,66.01,20.16,46368.9,1,saudavel,0.87,10,85,0.0353,0,0.1761,0.0,4.39,27.0,-6.84,2.64,9.88,0.6518,1,0,0,1,0
3800,F04-FEI,F04,227.4,-16.73285,-49.54238,2024/2025,2024-10-05,279,4,germinacao,0.1582,0.1487,34.28,26.02,0.0,32.26,69.29,15.51,47011.3,1,atencao,0.87,10,85,0.0471,0,0.1725,0.0,4.39,20.16,-4.65,2.02,9.91,0.5961,1,0,0,1,0
3801,F04-FEI,F04,227.4,-16.73285,-49.54238,2024/2025,2024-10-06,280,5,germinacao,0.237,0.2226,31.44,24.78,5.41,28.55,77.72,15.27,37627.4,0,saudavel,0.87,10,85,0.0588,0,0.1832,0.0,9.8,15.51,-0.24,2.89,6.36,0.6162,1,0,0,1,0
3802,F04-FEI,F04,227.4,-16.73285,-49.54238,2024/2025,2024-10-07,281,6,germinacao,0.1656,0.1607,28.34,20.98,0.0,27.2,75.87,12.7,48067.3,1,atencao,0.87,10,85,0.0706,0,0.1807,0.0,9.8,15.27,-2.57,1.14,6.56,0.6053,1,0,0,1,0
3803,F04-FEI,F04,227.4,-16.73285,-49.54238,2024/2025,2024-10-08,282,7,germinacao,0.2044,0.2153,32.92,17.11,0.0,30.78,66.12,8.82,46908.8,1,saudavel,0.87,10,85,0.0824,0,0.1872,0.0456,9.8,12.7,-3.88,2.14,10.43,0.5155,1,0,0,1,0
3804,F04-FEI,F04,227.4,-16.73285,-49.54238,2024/2025,2024-10-09,283,8,germinacao,0.1926,0.1827,30.3,13.79,0.0,28.66,72.53,6.03,44605.5,1,saudavel,0.87,10,85,0.0941,0,0.194,0.047,5.41,8.82,-2.79,1.64,7.87,0.4373,1,0,0,1,0
3805,F04-FEI,F04,227.4,-16.73285,-49.54238,2024/2025,2024-10-10,284,9,vegetativo,0.1702,0.129,31.02,27.67,33.66,27.55,68.29,22.99,25139.9,0,atencao,0.87,10,85,0.1059,1,0.1891,-0.034,39.07,6.03,16.96,3.47,8.74,0.8309,1,0,0,1,0
3806,F04-FEI,F04,227.4,-16.73285,-49.54238,2024/2025,2024-10-11,285,10,vegetativo,0.2062,0.1788,32.12,28.83,11.12,30.77,65.71,21.76,41749.7,0,saudavel,0.87,10,85,0.1176,1,0.1906,0.0105,50.19,22.99,-1.23,1.35,10.55,0.7548,1,0,0,1,0
3807,F04-FEI,F04,227.4,-16.73285,-49.54238,2024/2025,2024-10-12,286,11,vegetativo,0.2,0.149,28.94,24.83,0.0,26.67,72.76,18.16,46553.6,0,saudavel,0.87,10,85,0.1294,1,0.1966,0.0418,50.19,21.76,-3.6,2.27,7.26,0.7314,1,0,0,1,0
3808,F04-FEI,F04,227.4,-16.73285,-49.54238,2024/2025,2024-10-13,287,12,vegetativo,0.1965,0.1912,32.36,20.73,0.0,30.05,71.13,11.46,44933.5,1,saudavel,0.87,10,85,0.1412,1,0.1908,-0.0405,44.78,18.16,-6.7,2.31,8.68,0.5528,1,0,0,1,0
3809,F04-FEI,F04,227.4,-16.73285,-49.54238,2024/2025,2024-10-14,288,13,vegetativo,0.2424,0.1889,30.66,17.2,0.0,28.65,70.28,6.15,45403.7,1,saudavel,0.87,10,85,0.1529,1,0.2018,0.0768,44.78,11.46,-5.31,2.01,8.51,0.3576,1,0,0,1,0
3810,F04-FEI,F04,227.4,-16.73285,-49.54238,2024/2025,2024-10-15,289,14,vegetativo,0.2324,0.2421,32.85,13.57,0.0,31.67,65.27,5.0,43657.4,1,saudavel,0.87,10,85,0.1647,1,0.2058,0.028,44.78,6.15,-1.15,1.18,11.0,0.3685,1,0,0,1,0
3811,F04-FEI,F04,227.4,-16.73285,-49.54238,2024/2025,2024-10-16,290,15,vegetativo,0.2394,0.1977,32.11,10.46,0.0,29.9,64.94,5.0,47663.8,1,saudavel,0.87,10,85,0.1765,1,0.2124,0.0468,44.78,5.0,0.0,2.21,10.48,0.478,1,0,0,1,0
3812,F04-FEI,F04,227.4,-16.73285,-49.54238,2024/2025,2024-10-17,291,16,vegetativo,0.2274,0.1924,32.76,8.0,0.0,30.78,60.98,5.0,50264.2,1,saudavel,0.87,10,85,0.1882,1,0.2206,0.0572,11.12,5.0,0.0,1.98,12.01,0.625,1,0,0,1,0
3813,F04-FEI,F04,227.4,-16.73285,-49.54238,2024/2025,2024-10-18,292,17,vegetativo,0.2469,0.2006,29.61,8.0,0.0,27.49,69.99,5.0,54015.7,1,saudavel,0.87,10,85,0.2,1,0.2264,0.0407,0.0,5.0,0.0,2.12,8.25,0.625,1,0,0,1,0
3814,F04-FEI,F04,227.4,-16.73285,-49.54238,2024/2025,2024-10-19,293,18,vegetativo,0.2492,0.1975,29.85,8.0,0.0,26.52,71.12,5.0,46715.3,1,atencao,0.87,10,85,0.2118,1,0.2335,0.0492,0.0,5.0,0.0,3.33,7.66,0.625,1,0,0,1,0
3815,F04-FEI,F04,227.4,-16.73285,-49.54238,2024/2025,2024-10-20,294,19,vegetativo,0.2713,0.22,30.13,8.0,0.0,28.46,73.11,5.0,50525.5,1,atencao,0.87,10,85,0.2235,1,0.2441,0.0748,0.0,5.0,0.0,1.67,7.65,0.625,1,0,0,1,0
3816,F04-FEI,F04,227.4,-16.73285,-49.54238,2024/2025,2024-10-21,295,20,vegetativo,0.2551,0.2215,30.57,8.0,0.0,29.86,61.0,5.0,49827.7,1,atencao,0.87,10,85,0.2353,1,0.246,0.0127,0.0,5.0,0.0,0.71,11.65,0.625,1,0,0,1,0
3817,F04-FEI,F04,227.4,-16.73285,-49.54238,2024/2025,2024-10-22,296,21,vegetativo,0.2417,0.2058,32.78,8.0,0.0,28.99,69.51,5.0,50042.8,1,critico,0.87,10,85,0.2471,1,0.2473,0.0093,0.0,5.0,0.0,3.79,8.84,0.625,1,0,0,1,0
3818,F04-FEI,F04,227.4,-16.73285,-49.54238,2024/2025,2024-10-23,297,22,vegetativo,0.3322,0.2739,32.54,8.0,0.0,30.55,67.22,5.0,45784.8,1,atencao,0.87,10,85,0.2588,1,0.2605,0.0928,0.0,5.0,0.0,1.99,10.01,0.625,1,0,0,1,0
3819,F04-FEI,F04,227.4,-16.73285,-49.54238,2024/2025,2024-10-24,298,23,vegetativo,0.3215,0.2794,31.34,8.0,0.0,29.58,68.7,5.0,47643.8,1,atencao,0.87,10,85,0.2706,1,0.274,0.0941,0.0,5.0,0.0,1.76,9.26,0.625,1,0,0,1,0
3820,F04-FEI,F04,227.4,-16.73285,-49.54238,2024/2025,2024-10-25,299,24,vegetativo,0.3501,0.2868,27.79,8.0,0.0,27.12,76.86,5.0,56419.0,1,atencao,0.87,10,85,0.2824,1,0.2887,0.1032,0.0,5.0,0.0,0.67,6.28,0.625,1,0,0,1,0
3821,F04-FEI,F04,227.4,-16.73285,-49.54238,2024/2025,2024-10-26,300,25,vegetativo,0.3416,0.2902,31.0,8.0,0.0,29.33,75.9,5.0,54298.1,1,critico,0.87,10,85,0.2941,1,0.3019,0.0924,0.0,5.0,0.0,1.67,7.07,0.625,1,0,0,1,0
3822,F04-FEI,F04,227.4,-16.73285,-49.54238,2024/2025,2024-10-27,301,26,vegetativo,0.3664,0.3468,27.47,8.0,0.0,28.82,75.04,5.0,52410.4,1,critico,0.87,10,85,0.3059,1,0.3155,0.0951,0.0,5.0,0.0,-1.35,7.19,0.625,1,0,0,1,0
3823,F04-FEI,F04,227.4,-16.73285,-49.54238,2024/2025,2024-10-28,302,27,vegetativo,0.4153,0.3415,32.21,8.0,0.0,30.41,69.65,5.0,53235.2,1,atencao,0.87,10,85,0.3176,1,0.3384,0.1602,0.0,5.0,0.0,1.8,9.23,0.625,1,0,0,1,0
3824,F04-FEI,F04,227.4,-16.73285,-49.54238,2024/2025,2024-10-29,303,28,vegetativo,0.4041,0.3374,28.3,8.0,0.0,27.04,70.42,5.0,54363.9,1,critico,0.87,10,85,0.3294,1,0.3616,0.1624,0.0,5.0,0.0,1.26,8.0,0.625,1,0,0,1,0
3825,F04-FEI,F04,227.4,-16.73285,-49.54238,2024/2025,2024-10-30,304,29,vegetativo,0.4504,0.3598,27.13,8.0,0.0,27.36,77.36,5.0,51069.0,1,atencao,0.87,10,85,0.3412,1,0.3785,0.1182,0.0,5.0,0.0,-0.23,6.19,0.625,1,0,0,1,0
3826,F04-FEI,F04,227.4,-16.73285,-49.54238,2024/2025,2024-10-31,305,30,floracao,0.4309,0.3595,29.88,8.0,0.0,28.88,79.15,5.0,51468.6,1,critico,0.87,10,85,0.3529,2,0.3941,0.1094,0.0,5.0,0.0,1.0,6.02,0.625,1,0,0,1,0
3827,F04-FEI,F04,227.4,-16.73285,-49.54238,2024/2025,2024-11-01,306,31,floracao,0.4038,0.3507,31.32,8.0,0.0,30.34,77.88,5.0,51114.4,1,critico,0.87,11,85,0.3647,2,0.4018,0.0537,0.0,5.0,0.0,0.98,6.71,0.625,1,0,0,1,0
3828,F04-FEI,F04,227.4,-16.73285,-49.54238,2024/2025,2024-11-02,307,32,floracao,0.4556,0.3767,26.73,8.0,0.0,27.84,73.99,5.0,53736.6,1,critico,0.87,11,85,0.3765,2,0.4181,0.114,0.0,5.0,0.0,-1.11,7.24,0.625,1,0,0,1,0
3829,F04-FEI,F04,227.4,-16.73285,-49.54238,2024/2025,2024-11-03,308,33,floracao,0.5092,0.4102,28.56,8.0,0.0,28.96,71.23,5.0,50041.8,1,critico,0.87,11,85,0.3882,2,0.4385,0.1428,0.0,5.0,0.0,-0.4,8.33,0.625,1,0,0,1,0
3830,F04-FEI,F04,227.4,-16.73285,-49.54238,2024/2025,2024-11-04,309,34,floracao,0.5077,0.4388,27.85,8.0,0.0,28.04,75.2,5.0,51761.1,1,critico,0.87,11,85,0.4,2,0.4517,0.0924,0.0,5.0,0.0,-0.19,6.95,0.625,1,0,0,1,0
3831,F04-FEI,F04,227.4,-16.73285,-49.54238,2024/2025,2024-11-05,310,35,floracao,0.5428,0.4707,26.83,8.0,0.0,27.85,75.79,5.0,55526.3,1,atencao,0.87,11,85,0.4118,2,0.4715,0.1387,0.0,5.0,0.0,-1.02,6.74,0.625,1,0,0,1,0
3832,F04-FEI,F04,227.4,-16.73285,-49.54238,2024/2025,2024-11-06,311,36,floracao,0.5837,0.5084,28.09,8.0,0.0,29.56,69.13,5.0,53200.0,1,atencao,0.87,11,85,0.4235,2,0.4905,0.1333,0.0,5.0,0.0,-1.47,9.13,0.625,1,0,0,1,0
3833,F04-FEI,F04,227.4,-16.73285,-49.54238,2024/2025,2024-11-07,312,37,floracao,0.533,0.4283,28.02,8.0,0.0,27.92,71.31,5.0,49253.1,1,critico,0.87,11,85,0.4353,2,0.5051,0.1021,0.0,5.0,0.0,0.1,8.01,0.625,1,0,0,1,0
3834,F04-FEI,F04,227.4,-16.73285,-49.54238,2024/2025,2024-11-08,313,38,floracao,0.6174,0.5522,25.63,8.0,0.0,27.01,88.2,5.0,53608.7,1,atencao,0.87,11,85,0.4471,2,0.5356,0.2136,0.0,5.0,0.0,-1.38,3.19,0.625,1,0,0,1,0
3835,F04-FEI,F04,227.4,-16.73285,-49.54238,2024/2025,2024-11-09,314,39,floracao,0.6529,0.5452,26.84,8.0,10.04,26.84,71.21,5.0,47414.6,0,atencao,0.87,11,85,0.4588,2,0.5638,0.1973,10.04,5.0,0.0,0.0,7.73,0.625,1,0,0,1,0
3836,F04-FEI,F04,227.4,-16.73285,-49.54238,2024/2025,2024-11-10,315,40,floracao,0.6323,0.5173,24.7,8.0,0.0,27.05,77.49,5.0,47414.6,1,atencao,0.87,11,85,0.4706,2,0.5814,0.1231,10.04,5.0,0.0,-2.35,6.09,0.625,1,0,0,1,0
3837,F04-FEI,F04,227.4,-16.73285,-49.54238,2024/2025,2024-11-11,316,41,floracao,0.6894,0.6065,24.59,8.0,0.0,26.38,71.2,5.0,50373.3,1,atencao,0.87,11,85,0.4824,2,0.6074,0.1817,10.04,5.0,0.0,-1.79,7.6,0.625,1,0,0,1,0
3838,F04-FEI,F04,227.4,-16.73285,-49.54238,2024/2025,2024-11-12,317,42,floracao,0.6885,0.612,23.86,8.0,0.0,26.98,72.93,5.0,58761.9,1,atencao,0.87,11,85,0.4941,2,0.6282,0.1457,10.04,5.0,0.0,-3.12,7.3,0.625,1,0,0,1,0
3839,F04-FEI,F04,227.4,-16.73285,-49.54238,2024/2025,2024-11-13,318,43,floracao,0.6742,0.5667,25.95,8.0,0.0,27.34,68.87,5.0,55143.0,1,atencao,0.87,11,85,0.5059,2,0.6411,0.0905,10.04,5.0,0.0,-1.39,8.51,0.625,1,0,0,1,0
3840,F04-FEI,F04,227.4,-16.73285,-49.54238,2024/2025,2024-11-14,319,44,floracao,0.7425,0.6145,23.8,8.0,0.0,27.59,68.86,5.0,57112.1,1,saudavel,0.87,11,85,0.5176,2,0.671,0.2095,10.04,5.0,0.0,-3.79,8.59,0.625,1,0,0,1,0
3841,F04-FEI,F04,227.4,-16.73285,-49.54238,2024/2025,2024-11-15,320,45,floracao,0.7444,0.6416,23.19,8.0,0.0,25.6,77.88,5.0,59436.5,1,saudavel,0.87,11,85,0.5294,2,0.6892,0.127,10.04,5.0,0.0,-2.41,5.66,0.625,1,0,0,1,0
3842,F04-FEI,F04,227.4,-16.73285,-49.54238,2024/2025,2024-11-16,321,46,floracao,0.7601,0.6195,24.69,8.0,0.0,26.35,76.96,5.0,56133.3,1,saudavel,0.87,11,85,0.5412,2,0.7045,0.1072,0.0,5.0,0.0,-1.66,6.07,0.625,1,0,0,1,0
3843,F04-FEI,F04,227.4,-16.73285,-49.54238,2024/2025,2024-11-17,322,47,frutificacao,0.773,0.7081,23.43,8.0,0.0,26.34,83.81,5.0,50974.6,1,saudavel,0.87,11,85,0.5529,3,0.7246,0.1407,0.0,5.0,0.0,-2.91,4.26,0.625,1,0,0,1,0
3844,F04-FEI,F04,227.4,-16.73285,-49.54238,2024/2025,2024-11-18,323,48,frutificacao,0.7386,0.6072,22.02,8.0,0.0,25.66,75.27,5.0,62160.2,1,saudavel,0.87,11,85,0.5647,3,0.7316,0.0492,0.0,5.0,0.0,-3.64,6.35,0.625,1,0,0,1,0
3845,F04-FEI,F04,227.4,-16.73285,-49.54238,2024/2025,2024-11-19,324,49,frutificacao,0.7695,0.6612,23.86,8.0,19.71,25.84,75.93,8.49,31706.3,0,saudavel,0.87,11,85,0.5765,3,0.7432,0.081,19.71,5.0,3.49,-1.98,6.22,1.0612,1,0,0,1,0
3846,F04-FEI,F04,227.4,-16.73285,-49.54238,2024/2025,2024-11-20,325,50,frutificacao,0.7312,0.6183,25.75,8.0,0.0,27.97,73.78,8.82,56263.7,1,saudavel,0.87,11,85,0.5882,3,0.7513,0.057,19.71,8.49,0.33,-2.22,7.33,1.1025,1,0,0,1,0
3847,F04-FEI,F04,227.4,-16.73285,-49.54238,2024/2025,2024-11-21,326,51,frutificacao,0.7738,0.6394,25.52,8.0,0.0,28.57,68.89,7.22,61324.2,1,saudavel,0.87,11,85,0.6,3,0.7558,0.0313,19.71,8.82,-1.6,-3.05,8.89,0.9025,1,0,0,1,0
3848,F04-FEI,F04,227.4,-16.73285,-49.54238,2024/2025,2024-11-22,327,52,frutificacao,0.759,0.6264,22.16,8.0,0.0,25.96,78.38,5.0,55515.7,0,saudavel,0.87,11,85,0.6118,3,0.7579,0.0146,19.71,7.22,-2.22,-3.8,5.61,0.625,1,0,0,1,0
3849,F04-FEI,F04,227.4,-16.73285,-49.54238,2024/2025,2024-11-23,328,53,frutificacao,0.7578,0.6667,20.84,8.0,0.0,25.27,75.11,5.0,55857.9,1,saudavel,0.87,11,85,0.6235,3,0.7576,-0.0023,19.71,5.0,0.0,-4.43,6.29,0.625,1,0,0,1,0
3850,F04-FEI,F04,227.4,-16.73285,-49.54238,2024/2025,2024-11-24,329,54,frutificacao,0.7253,0.6238,25.84,8.0,0.0,26.12,68.38,5.0,57281.4,1,saudavel,0.87,11,85,0.6353,3,0.7507,-0.0477,19.71,5.0,0.0,-0.28,8.26,0.625,1,0,0,1,0
3851,F04-FEI,F04,227.4,-16.73285,-49.54238,2024/2025,2024-11-25,330,55,frutificacao,0.6942,0.5762,23.45,8.0,5.37,26.27,81.11,5.0,52346.8,0,saudavel,0.87,11,85,0.6471,3,0.7444,-0.0444,25.08,5.0,0.0,-2.82,4.96,0.625,1,0,0,1,0
3852,F04-FEI,F04,227.4,-16.73285,-49.54238,2024/2025,2024-11-26,331,56,frutificacao,0.6726,0.5605,24.04,8.0,0.0,27.09,72.32,5.0,55652.3,1,saudavel,0.87,11,85,0.6588,3,0.7306,-0.0969,5.37,5.0,0.0,-3.05,7.5,0.625,1,0,0,1,0
3853,F04-FEI,F04,227.4,-16.73285,-49.54238,2024/2025,2024-11-27,332,57,frutificacao,0.653,0.5388,23.8,8.0,0.0,25.36,77.98,5.0,56467.8,1,saudavel,0.87,11,85,0.6706,3,0.7194,-0.0782,5.37,5.0,0.0,-1.56,5.58,0.625,1,0,0,1,0
3854,F04-FEI,F04,227.4,-16.73285,-49.54238,2024/2025,2024-11-28,333,58,frutificacao,0.644,0.565,22.23,8.0,13.19,25.04,78.45,5.0,48873.5,0,saudavel,0.87,11,85,0.6824,3,0.7008,-0.1298,18.56,5.0,0.0,-2.81,5.4,0.625,1,0,0,1,0
3855,F04-FEI,F04,227.4,-16.73285,-49.54238,2024/2025,2024-11-29,334,59,frutificacao,0.6098,0.5368,28.44,8.0,0.0,29.43,75.13,5.0,57049.1,1,saudavel,0.87,11,85,0.6941,3,0.6795,-0.1492,18.56,5.0,0.0,-0.99,7.32,0.625,1,0,0,1,0
3856,F04-FEI,F04,227.4,-16.73285,-49.54238,2024/2025,2024-11-30,335,60,frutificacao,0.6034,0.5234,23.64,8.0,0.0,23.72,72.58,5.0,60275.1,1,saudavel,0.87,11,85,0.7059,3,0.6575,-0.1544,18.56,5.0,0.0,-0.08,6.5,0.625,1,0,0,1,0
3857,F04-FEI,F04,227.4,-16.73285,-49.54238,2024/2025,2024-12-01,336,61,frutificacao,0.5517,0.474,24.89,8.0,0.0,26.91,82.75,5.0,56148.3,1,saudavel,0.87,12,85,0.7176,3,0.6327,-0.1736,18.56,5.0,0.0,-2.02,4.64,0.625,1,0,0,0,1
3858,F04-FEI,F04,227.4,-16.73285,-49.54238,2024/2025,2024-12-02,337,62,frutificacao,0.5244,0.4583,26.67,8.0,0.0,27.69,71.74,5.0,63153.3,1,saudavel,0.87,12,85,0.7294,3,0.6084,-0.1698,13.19,5.0,0.0,-1.02,7.83,0.625,1,0,0,0,1
3859,F04-FEI,F04,227.4,-16.73285,-49.54238,2024/2025,2024-12-03,338,63,frutificacao,0.4969,0.3894,24.93,8.0,0.0,24.98,64.82,5.0,61920.1,1,saudavel,0.87,12,85,0.7412,3,0.5833,-0.1757,13.19,5.0,0.0,-0.05,8.79,0.625,1,0,0,0,1
3860,F04-FEI,F04,227.4,-16.73285,-49.54238,2024/2025,2024-12-04,339,64,frutificacao,0.4561,0.3932,24.59,8.0,0.0,25.92,80.86,5.0,58939.7,1,saudavel,0.87,12,85,0.7529,3,0.5552,-0.1969,13.19,5.0,0.0,-1.33,4.96,0.625,1,0,0,0,1
3861,F04-FEI,F04,227.4,-16.73285,-49.54238,2024/2025,2024-12-05,340,65,frutificacao,0.4321,0.3886,21.84,8.0,25.08,22.64,82.74,10.3,36440.8,0,saudavel,0.87,12,85,0.7647,3,0.5249,-0.2119,25.08,5.0,5.3,-0.8,3.91,1.2875,1,0,0,0,1
3862,F04-FEI,F04,227.4,-16.73285,-49.54238,2024/2025,2024-12-06,341,66,frutificacao,0.4188,0.3606,25.2,8.0,3.53,25.09,71.29,9.13,60466.9,0,saudavel,0.87,12,85,0.7765,3,0.4976,-0.191,28.61,10.3,-1.17,0.11,7.2,1.1413,1,0,0,0,1
3863,F04-FEI,F04,227.4,-16.73285,-49.54238,2024/2025,2024-12-07,342,67,frutificacao,0.3594,0.3065,29.42,8.0,0.0,26.69,76.35,5.0,56470.9,1,saudavel,0.87,12,85,0.7882,3,0.4628,-0.244,28.61,9.13,-4.13,2.73,6.31,0.625,1,0,0,0,1
3864,F04-FEI,F04,227.4,-16.73285,-49.54238,2024/2025,2024-12-08,343,68,frutificacao,0.325,0.2635,25.25,8.0,7.7,25.03,76.35,8.92,48747.2,1,saudavel,0.87,12,85,0.8,3,0.4304,-0.2267,36.31,5.0,3.92,0.22,5.92,1.115,1,0,0,0,1
3865,F04-FEI,F04,227.4,-16.73285,-49.54238,2024/2025,2024-12-09,344,69,frutificacao,0.3201,0.2607,25.64,8.0,0.0,24.8,84.7,8.68,60746.5,1,saudavel,0.87,12,85,0.8118,3,0.4012,-0.2043,36.31,8.92,-0.24,0.84,3.79,1.085,1,0,0,0,1
3866,F04-FEI,F04,227.4,-16.73285,-49.54238,2024/2025,2024-12-10,345,70,frutificacao,0.2783,0.2261,31.22,8.0,0.0,27.25,79.3,6.83,55811.2,1,saudavel,0.87,12,85,0.8235,3,0.37,-0.2186,36.31,8.68,-1.85,3.97,5.64,0.8538,1,0,0,0,1
3867,F04-FEI,F04,227.4,-16.73285,-49.54238,2024/2025,2024-12-11,346,71,frutificacao,0.3079,0.2662,27.79,8.0,9.63,25.77,81.32,7.35,45505.0,0,saudavel,0.87,12,85,0.8353,3,0.3488,-0.1482,45.94,6.83,0.52,2.02,4.81,0.9188,1,0,0,0,1
3868,F04-FEI,F04,227.4,-16.73285,-49.54238,2024/2025,2024-12-12,347,72,frutificacao,0.25,0.2028,25.56,8.0,0.0,25.5,80.98,5.0,54991.5,1,saudavel,0.87,12,85,0.8471,3,0.3228,-0.1821,20.86,7.35,-2.35,0.06,4.85,0.625,1,0,0,0,1
3869,F04-FEI,F04,227.4,-16.73285,-49.54238,2024/2025,2024-12-13,348,73,maturacao,0.2503,0.1763,24.63,8.0,0.0,23.12,78.19,5.0,60293.1,0,saudavel,0.87,12,85,0.8588,4,0.2987,-0.1685,17.33,5.0,0.0,1.51,5.04,0.625,1,0,0,0,1
3870,F04-FEI,F04,227.4,-16.73285,-49.54238,2024/2025,2024-12-14,349,74,maturacao,0.246,0.2251,22.94,10.66,17.23,20.57,75.02,10.58,36587.5,0,saudavel,0.87,12,85,0.8706,4,0.2825,-0.1134,34.56,5.0,5.58,2.37,5.14,0.9925,1,0,0,0,1
3871,F04-FEI,F04,227.4,-16.73285,-49.54238,2024/2025,2024-12-15,350,75,maturacao,0.2013,0.1816,28.32,13.7,10.71,24.69,76.73,12.69,36587.5,0,atencao,0.87,12,85,0.8824,4,0.2648,-0.1237,37.57,10.58,2.11,3.63,5.75,0.9263,1,0,0,0,1
3872,F04-FEI,F04,227.4,-16.73285,-49.54238,2024/2025,2024-12-16,351,76,maturacao,0.2011,0.178,27.62,11.22,0.0,24.03,84.09,6.55,49659.3,0,saudavel,0.87,12,85,0.8941,4,0.2478,-0.119,37.57,12.69,-6.14,3.59,3.82,0.5838,1,0,0,0,1
3873,F04-FEI,F04,227.4,-16.73285,-49.54238,2024/2025,2024-12-17,352,77,maturacao,0.1982,0.1498,27.84,8.81,0.0,25.07,83.46,5.0,61285.6,0,saudavel,0.87,12,85,0.9059,4,0.2364,-0.0801,37.57,6.55,-1.55,2.77,4.15,0.5675,1,0,0,0,1
3874,F04-FEI,F04,227.4,-16.73285,-49.54238,2024/2025,2024-12-18,353,78,maturacao,0.2207,0.1777,26.74,13.52,13.52,24.01,79.58,8.15,47980.3,0,saudavel,0.87,12,85,0.9176,4,0.2239,-0.0872,41.46,5.0,3.15,2.73,4.9,0.6028,1,0,0,0,1
3875,F04-FEI,F04,227.4,-16.73285,-49.54238,2024/2025,2024-12-19,354,79,maturacao,0.2369,0.2117,24.35,15.05,7.82,23.78,77.06,6.49,51541.2,0,saudavel,0.87,12,85,0.9294,4,0.2221,-0.0131,49.28,8.15,-1.66,0.57,5.46,0.4312,1,0,0,0,1
3876,F04-FEI,F04,227.4,-16.73285,-49.54238,2024/2025,2024-12-20,355,80,maturacao,0.2335,0.199,24.87,12.56,0.0,23.66,87.51,5.38,63544.9,0,saudavel,0.87,12,85,0.9412,4,0.2197,-0.0168,49.28,6.49,-1.11,1.21,2.96,0.4283,1,0,0,0,1
3877,F04-FEI,F04,227.4,-16.73285,-49.54238,2024/2025,2024-12-21,356,81,maturacao,0.2187,0.1719,22.58,10.46,0.0,21.85,80.57,5.0,62383.4,0,saudavel,0.87,12,85,0.9529,4,0.2158,-0.0273,32.05,5.38,-0.38,0.73,4.25,0.478,1,0,0,0,1
3878,F04-FEI,F04,227.4,-16.73285,-49.54238,2024/2025,2024-12-22,357,82,maturacao,0.1658,0.1669,24.18,8.59,0.0,20.64,83.88,5.0,57613.4,0,atencao,0.87,12,85,0.9647,4,0.2107,-0.0355,21.34,5.0,0.0,3.54,3.33,0.5821,1,0,0,0,1
3879,F04-FEI,F04,227.4,-16.73285,-49.54238,2024/2025,2024-12-23,358,83,colheita,0.171,0.1284,24.81,8.0,0.0,21.98,73.88,5.0,57339.7,0,atencao,0.87,12,85,0.9765,5,0.2064,-0.0301,21.34,5.0,0.0,2.83,5.74,0.625,1,0,0,0,1
3880,F04-FEI,F04,227.4,-16.73285,-49.54238,2024/2025,2024-12-24,359,84,colheita,0.2146,0.1227,23.72,8.0,0.0,21.55,79.9,5.0,62601.1,0,saudavel,0.87,12,85,0.9882,5,0.2087,0.0164,21.34,5.0,0.0,2.17,4.33,0.625,1,0,0,0,1
2911,F04-SOJ,F04,133.0,-16.71611,-49.53242,2023/2024,2023-10-15,288,0,germinacao,0.1796,0.1523,29.41,45.0,0.0,28.69,67.94,46.57,50597.0,0,saudavel,2.76,10,110,0.0,0,0.1796,0.0,0.0,46.57,0.0,0.72,9.2,1.0349,0,0,1,1,0
2912,F04-SOJ,F04,133.0,-16.71611,-49.53242,2023/2024,2023-10-16,289,1,germinacao,0.1666,0.1261,33.83,39.0,0.0,32.1,66.7,35.91,48809.8,0,atencao,2.76,10,110,0.0091,0,0.1731,0.0,0.0,46.57,-10.66,1.73,10.69,0.9208,0,0,1,1,0
2913,F04-SOJ,F04,133.0,-16.71611,-49.53242,2023/2024,2023-10-17,290,2,germinacao,0.2056,0.1599,32.15,33.75,0.0,30.34,62.07,27.2,55540.5,1,saudavel,2.76,10,110,0.0182,0,0.1839,0.0,0.0,35.91,-8.71,1.81,11.51,0.8059,0,0,1,1,0
2914,F04-SOJ,F04,133.0,-16.71611,-49.53242,2023/2024,2023-10-18,291,3,germinacao,0.1784,0.0884,31.02,29.09,0.0,28.52,69.27,19.79,48499.1,1,saudavel,2.76,10,110,0.0273,0,0.1826,0.0,0.0,27.2,-7.41,2.5,8.76,0.6803,0,0,1,1,0
2915,F04-SOJ,F04,133.0,-16.71611,-49.53242,2023/2024,2023-10-19,292,4,germinacao,0.1698,0.172,34.3,24.62,0.0,30.03,65.68,12.9,52263.5,1,atencao,2.76,10,110,0.0364,0,0.18,0.0,0.0,19.79,-6.89,4.27,10.31,0.524,0,0,1,1,0
2916,F04-SOJ,F04,133.0,-16.71611,-49.53242,2023/2024,2023-10-20,293,5,germinacao,0.2045,0.2067,33.46,20.48,0.0,30.62,74.09,8.4,50458.6,1,saudavel,2.76,10,110,0.0455,0,0.1841,0.0,0.0,12.9,-4.5,2.84,7.93,0.4102,0,0,1,1,0
2917,F04-SOJ,F04,133.0,-16.71611,-49.53242,2023/2024,2023-10-21,294,6,germinacao,0.217,0.1974,30.82,32.64,31.71,29.89,72.09,24.95,26039.9,0,saudavel,2.76,10,110,0.0545,0,0.1888,0.0,31.71,8.4,16.55,0.93,8.34,0.7644,0,0,1,1,0
2918,F04-SOJ,F04,133.0,-16.71611,-49.53242,2023/2024,2023-10-22,295,7,germinacao,0.1932,0.1467,35.38,38.38,20.74,29.25,62.04,34.51,31473.5,0,saudavel,2.76,10,110,0.0636,0,0.1907,0.0136,52.45,24.95,9.56,6.13,11.1,0.8992,0,0,1,1,0
2919,F04-SOJ,F04,133.0,-16.71611,-49.53242,2023/2024,2023-10-23,296,8,germinacao,0.1713,0.1203,26.15,33.92,0.0,23.71,70.75,28.07,31473.5,1,atencao,2.76,10,110,0.0727,0,0.1914,0.0047,52.45,34.51,-6.44,2.44,6.94,0.8275,0,0,1,1,0
2920,F04-SOJ,F04,133.0,-16.71611,-49.53242,2023/2024,2023-10-24,297,9,germinacao,0.2243,0.1593,27.67,29.46,0.0,27.37,72.78,19.73,51864.1,1,saudavel,2.76,10,110,0.0818,0,0.1941,0.0187,52.45,28.07,-8.34,0.3,7.45,0.6697,0,0,1,1,0
2921,F04-SOJ,F04,133.0,-16.71611,-49.53242,2023/2024,2023-10-25,298,10,germinacao,0.2037,0.1859,30.91,25.03,0.0,29.78,63.96,11.74,48071.6,1,saudavel,2.76,10,110,0.0909,0,0.1977,0.0253,52.45,19.73,-7.99,1.13,10.73,0.469,0,0,1,1,0
2922,F04-SOJ,F04,133.0,-16.71611,-49.53242,2023/2024,2023-10-26,299,11,vegetativo,0.2037,0.1984,28.35,21.27,0.0,27.22,65.19,6.74,49248.4,1,saudavel,2.76,10,110,0.1,1,0.2025,0.0339,52.45,11.74,-5.0,1.13,9.48,0.3169,0,0,1,1,0
2923,F04-SOJ,F04,133.0,-16.71611,-49.53242,2023/2024,2023-10-27,300,12,vegetativo,0.1949,0.169,30.3,17.53,0.0,29.4,67.13,5.0,51316.2,1,saudavel,2.76,10,110,0.1091,1,0.2012,-0.0096,52.45,6.74,-1.74,0.9,9.66,0.2852,0,0,1,1,0
2924,F04-SOJ,F04,133.0,-16.71611,-49.53242,2023/2024,2023-10-28,301,13,vegetativo,0.2299,0.2126,32.34,14.09,0.0,29.89,71.04,5.0,55282.9,1,saudavel,2.76,10,110,0.1182,1,0.203,0.0129,20.74,5.0,0.0,2.45,8.66,0.3549,0,0,1,1,0
2925,F04-SOJ,F04,133.0,-16.71611,-49.53242,2023/2024,2023-10-29,302,14,vegetativo,0.1903,0.1706,27.95,11.05,0.0,28.33,75.61,5.0,52091.2,1,atencao,2.76,10,110,0.1273,1,0.2026,-0.0029,0.0,5.0,0.0,-0.38,6.91,0.4525,0,0,1,1,0
2926,F04-SOJ,F04,133.0,-16.71611,-49.53242,2023/2024,2023-10-30,303,15,vegetativo,0.1944,0.1498,29.02,8.56,0.0,25.78,73.28,5.0,52327.7,1,atencao,2.76,10,110,0.1364,1,0.2059,0.0231,0.0,5.0,0.0,3.24,6.89,0.5841,0,0,1,1,0
2927,F04-SOJ,F04,133.0,-16.71611,-49.53242,2023/2024,2023-10-31,304,16,vegetativo,0.2635,0.2441,29.7,8.0,0.0,27.25,83.72,5.0,49237.9,1,saudavel,2.76,10,110,0.1455,1,0.2115,0.0392,0.0,5.0,0.0,2.45,4.44,0.625,0,0,1,1,0
2928,F04-SOJ,F04,133.0,-16.71611,-49.53242,2023/2024,2023-11-01,305,17,vegetativo,0.2166,0.2031,30.91,8.0,0.0,29.32,66.95,5.0,57776.9,1,saudavel,2.76,11,110,0.1545,1,0.2133,0.0129,0.0,5.0,0.0,1.59,9.69,0.625,0,0,1,1,0
2929,F04-SOJ,F04,133.0,-16.71611,-49.53242,2023/2024,2023-11-02,306,18,vegetativo,0.2627,0.2035,32.65,8.0,0.0,30.1,73.73,5.0,56283.3,1,saudavel,2.76,11,110,0.1636,1,0.2218,0.059,0.0,5.0,0.0,2.55,7.91,0.625,0,0,1,1,0
2930,F04-SOJ,F04,133.0,-16.71611,-49.53242,2023/2024,2023-11-03,307,19,vegetativo,0.2823,0.2561,25.39,8.0,0.0,25.02,67.69,5.0,56889.0,1,saudavel,2.76,11,110,0.1727,1,0.2342,0.0874,0.0,5.0,0.0,0.37,8.08,0.625,0,0,1,1,0
2931,F04-SOJ,F04,133.0,-16.71611,-49.53242,2023/2024,2023-11-04,308,20,vegetativo,0.2718,0.2281,28.9,8.0,0.0,25.02,79.55,5.0,49135.7,1,saudavel,2.76,11,110,0.1818,1,0.2402,0.0419,0.0,5.0,0.0,3.88,5.12,0.625,0,0,1,1,0
2932,F04-SOJ,F04,133.0,-16.71611,-49.53242,2023/2024,2023-11-05,309,21,vegetativo,0.2593,0.2152,28.0,8.0,0.0,25.79,79.89,5.0,54807.7,1,atencao,2.76,11,110,0.1909,1,0.2501,0.069,0.0,5.0,0.0,2.21,5.19,0.625,0,0,1,1,0
2933,F04-SOJ,F04,133.0,-16.71611,-49.53242,2023/2024,2023-11-06,310,22,vegetativo,0.3001,0.2629,29.14,8.0,0.0,28.05,75.45,5.0,51193.4,1,saudavel,2.76,11,110,0.2,1,0.2652,0.1057,0.0,5.0,0.0,1.09,6.89,0.625,0,0,1,1,0
2934,F04-SOJ,F04,133.0,-16.71611,-49.53242,2023/2024,2023-11-07,311,23,vegetativo,0.3273,0.2854,28.03,8.0,0.0,27.6,63.63,5.0,56573.6,1,saudavel,2.76,11,110,0.2091,1,0.2743,0.0638,0.0,5.0,0.0,0.43,10.04,0.625,0,0,1,1,0
2935,F04-SOJ,F04,133.0,-16.71611,-49.53242,2023/2024,2023-11-08,312,24,vegetativo,0.3195,0.2894,32.3,8.0,0.0,31.29,73.76,5.0,55469.9,1,saudavel,2.76,11,110,0.2182,1,0.289,0.1029,0.0,5.0,0.0,1.01,8.21,0.625,0,0,1,1,0
2936,F04-SOJ,F04,133.0,-16.71611,-49.53242,2023/2024,2023-11-09,313,25,vegetativo,0.3121,0.2483,29.37,8.0,0.0,26.86,68.96,5.0,56302.8,1,atencao,2.76,11,110,0.2273,1,0.2961,0.0494,0.0,5.0,0.0,2.51,8.34,0.625,0,0,1,1,0
2937,F04-SOJ,F04,133.0,-16.71611,-49.53242,2023/2024,2023-11-10,314,26,vegetativo,0.3484,0.3075,31.31,8.0,0.0,29.16,74.09,5.0,52833.4,1,atencao,2.76,11,110,0.2364,1,0.3055,0.0661,0.0,5.0,0.0,2.15,7.56,0.625,0,0,1,1,0
2938,F04-SOJ,F04,133.0,-16.71611,-49.53242,2023/2024,2023-11-11,315,27,vegetativo,0.3306,0.2578,30.47,8.0,0.0,29.02,64.78,5.0,52095.8,1,atencao,2.76,11,110,0.2455,1,0.3139,0.0588,0.0,5.0,0.0,1.45,10.22,0.625,0,0,1,1,0
2939,F04-SOJ,F04,133.0,-16.71611,-49.53242,2023/2024,2023-11-12,316,28,vegetativo,0.3551,0.2983,27.58,8.0,0.0,27.13,74.68,5.0,53520.4,1,atencao,2.76,11,110,0.2545,1,0.3276,0.0958,0.0,5.0,0.0,0.45,6.87,0.625,0,0,1,1,0
2940,F04-SOJ,F04,133.0,-16.71611,-49.53242,2023/2024,2023-11-13,317,29,vegetativo,0.3857,0.3256,28.56,8.0,0.0,27.51,71.47,5.0,56588.4,1,atencao,2.76,11,110,0.2636,1,0.3398,0.0856,0.0,5.0,0.0,1.05,7.85,0.625,0,0,1,1,0
2941,F04-SOJ,F04,133.0,-16.71611,-49.53242,2023/2024,2023-11-14,318,30,vegetativo,0.4079,0.3661,26.72,8.0,0.0,27.25,69.64,5.0,55155.8,1,atencao,2.76,11,110,0.2727,1,0.3513,0.0806,0.0,5.0,0.0,-0.53,8.27,0.625,0,0,1,1,0
2942,F04-SOJ,F04,133.0,-16.71611,-49.53242,2023/2024,2023-11-15,319,31,vegetativo,0.3975,0.3381,27.64,8.0,0.0,26.05,77.35,5.0,56854.4,1,critico,2.76,11,110,0.2818,1,0.3625,0.078,0.0,5.0,0.0,1.59,5.9,0.625,0,0,1,1,0
2943,F04-SOJ,F04,133.0,-16.71611,-49.53242,2023/2024,2023-11-16,320,32,vegetativo,0.4402,0.3689,26.82,8.0,0.0,25.83,74.4,5.0,53230.5,1,atencao,2.76,11,110,0.2909,1,0.3808,0.1281,0.0,5.0,0.0,0.99,6.61,0.625,0,0,1,1,0
2944,F04-SOJ,F04,133.0,-16.71611,-49.53242,2023/2024,2023-11-17,321,33,vegetativo,0.4575,0.4174,28.18,8.0,0.0,26.37,73.43,5.0,56485.1,1,atencao,2.76,11,110,0.3,1,0.3964,0.1091,0.0,5.0,0.0,1.81,7.01,0.625,0,0,1,1,0
2945,F04-SOJ,F04,133.0,-16.71611,-49.53242,2023/2024,2023-11-18,322,34,vegetativo,0.4528,0.3763,24.31,8.0,0.0,25.19,78.98,5.0,60887.1,1,critico,2.76,11,110,0.3091,1,0.4138,0.1222,0.0,5.0,0.0,-0.88,5.29,0.625,0,0,1,1,0
2946,F04-SOJ,F04,133.0,-16.71611,-49.53242,2023/2024,2023-11-19,323,35,vegetativo,0.4217,0.349,25.33,8.0,0.0,26.05,84.42,5.0,57890.6,1,critico,2.76,11,110,0.3182,1,0.4233,0.0666,0.0,5.0,0.0,-0.72,4.06,0.625,0,0,1,1,0
2947,F04-SOJ,F04,133.0,-16.71611,-49.53242,2023/2024,2023-11-20,324,36,vegetativo,0.4724,0.364,26.72,8.0,0.0,26.42,76.18,5.0,58264.9,1,critico,2.76,11,110,0.3273,1,0.4357,0.0867,0.0,5.0,0.0,0.3,6.29,0.625,0,0,1,1,0
2948,F04-SOJ,F04,133.0,-16.71611,-49.53242,2023/2024,2023-11-21,325,37,vegetativo,0.5097,0.4289,26.0,8.0,0.0,26.86,65.63,5.0,58470.1,1,critico,2.76,11,110,0.3364,1,0.4503,0.1018,0.0,5.0,0.0,-0.86,9.23,0.625,0,0,1,1,0
2949,F04-SOJ,F04,133.0,-16.71611,-49.53242,2023/2024,2023-11-22,326,38,vegetativo,0.4833,0.392,27.84,8.0,0.0,27.19,66.79,5.0,55901.4,1,critico,2.76,11,110,0.3455,1,0.4625,0.0858,0.0,5.0,0.0,0.65,9.03,0.625,0,0,1,1,0
2950,F04-SOJ,F04,133.0,-16.71611,-49.53242,2023/2024,2023-11-23,327,39,floracao,0.5051,0.4243,26.91,8.0,0.0,27.19,75.67,5.0,55901.4,1,critico,2.76,11,110,0.3545,2,0.4718,0.0649,0.0,5.0,0.0,-0.28,6.62,0.625,0,0,1,1,0
2951,F04-SOJ,F04,133.0,-16.71611,-49.53242,2023/2024,2023-11-24,328,40,floracao,0.5273,0.453,26.14,8.0,0.0,25.18,81.14,5.0,58843.4,1,critico,2.76,11,110,0.3636,2,0.4818,0.0698,0.0,5.0,0.0,0.96,4.75,0.625,0,0,1,1,0
2952,F04-SOJ,F04,133.0,-16.71611,-49.53242,2023/2024,2023-11-25,329,41,floracao,0.5757,0.4676,25.76,8.0,0.0,26.88,75.77,5.0,58463.1,1,critico,2.76,11,110,0.3727,2,0.4993,0.1229,0.0,5.0,0.0,-1.12,6.51,0.625,0,0,1,1,0
2953,F04-SOJ,F04,133.0,-16.71611,-49.53242,2023/2024,2023-11-26,330,42,floracao,0.5969,0.4909,26.84,8.0,0.0,27.33,77.49,5.0,60146.1,1,critico,2.76,11,110,0.3818,2,0.5243,0.1752,0.0,5.0,0.0,-0.49,6.15,0.625,0,0,1,1,0
2954,F04-SOJ,F04,133.0,-16.71611,-49.53242,2023/2024,2023-11-27,331,43,floracao,0.6348,0.5076,23.09,8.0,0.0,25.32,75.95,5.0,61055.2,1,atencao,2.76,11,110,0.3909,2,0.5475,0.1624,0.0,5.0,0.0,-2.23,6.09,0.625,0,0,1,1,0
2955,F04-SOJ,F04,133.0,-16.71611,-49.53242,2023/2024,2023-11-28,332,44,floracao,0.626,0.5219,23.06,8.0,0.0,24.48,81.67,5.0,54638.6,1,atencao,2.76,11,110,0.4,2,0.5642,0.1163,0.0,5.0,0.0,-1.42,4.49,0.625,0,0,1,1,0
2956,F04-SOJ,F04,133.0,-16.71611,-49.53242,2023/2024,2023-11-29,333,45,floracao,0.6768,0.5564,23.04,8.0,0.0,25.18,79.61,5.0,58681.1,1,atencao,2.76,11,110,0.4091,2,0.5918,0.1935,0.0,5.0,0.0,-2.14,5.13,0.625,0,0,1,1,0
2957,F04-SOJ,F04,133.0,-16.71611,-49.53242,2023/2024,2023-11-30,334,46,floracao,0.6909,0.6302,23.16,8.0,0.0,25.48,71.35,5.0,65348.3,1,atencao,2.76,11,110,0.4182,2,0.6183,0.1858,0.0,5.0,0.0,-2.32,7.3,0.625,0,0,1,1,0
2958,F04-SOJ,F04,133.0,-16.71611,-49.53242,2023/2024,2023-12-01,335,47,floracao,0.7328,0.6529,26.6,8.0,0.0,27.37,77.64,5.0,63733.6,1,atencao,2.76,12,110,0.4273,2,0.6477,0.2055,0.0,5.0,0.0,-0.77,6.12,0.625,0,0,1,0,1
2959,F04-SOJ,F04,133.0,-16.71611,-49.53242,2023/2024,2023-12-02,336,48,floracao,0.711,0.6312,22.86,8.0,0.0,26.6,68.25,5.0,58567.5,1,atencao,2.76,12,110,0.4364,2,0.667,0.1353,0.0,5.0,0.0,-3.74,8.45,0.625,0,0,1,0,1
2960,F04-SOJ,F04,133.0,-16.71611,-49.53242,2023/2024,2023-12-03,337,49,floracao,0.7661,0.6253,22.55,8.0,0.0,25.45,78.97,5.0,61183.9,1,atencao,2.76,12,110,0.4455,2,0.6912,0.1692,0.0,5.0,0.0,-2.9,5.35,0.625,0,0,1,0,1
2961,F04-SOJ,F04,133.0,-16.71611,-49.53242,2023/2024,2023-12-04,338,50,floracao,0.8083,0.6835,24.99,8.0,0.0,28.21,73.75,5.0,58127.4,1,saudavel,2.76,12,110,0.4545,2,0.716,0.1735,0.0,5.0,0.0,-3.22,7.41,0.625,0,0,1,0,1
2962,F04-SOJ,F04,133.0,-16.71611,-49.53242,2023/2024,2023-12-05,339,51,floracao,0.8346,0.6853,22.34,8.0,0.0,28.21,77.85,5.0,60269.5,1,saudavel,2.76,12,110,0.4636,2,0.7458,0.2086,0.0,5.0,0.0,-5.87,6.25,0.625,0,0,1,0,1
2963,F04-SOJ,F04,133.0,-16.71611,-49.53242,2023/2024,2023-12-06,340,52,floracao,0.8426,0.753,22.6,8.0,0.0,27.28,77.5,5.0,60269.5,0,saudavel,2.76,12,110,0.4727,2,0.7695,0.1658,0.0,5.0,0.0,-4.68,6.14,0.625,0,0,1,0,1
2964,F04-SOJ,F04,133.0,-16.71611,-49.53242,2023/2024,2023-12-07,341,53,floracao,0.8222,0.7155,23.19,8.0,12.31,26.89,77.6,6.83,45780.1,0,saudavel,2.76,12,110,0.4818,2,0.7882,0.1313,12.31,5.0,1.83,-3.7,6.02,0.8538,0,0,1,0,1
2965,F04-SOJ,F04,133.0,-16.71611,-49.53242,2023/2024,2023-12-08,342,54,floracao,0.88,0.7269,22.16,8.0,0.0,26.68,83.47,5.0,57700.8,1,saudavel,2.76,12,110,0.4909,2,0.8093,0.1472,12.31,6.83,-1.83,-4.52,4.41,0.625,0,0,1,0,1
2966,F04-SOJ,F04,133.0,-16.71611,-49.53242,2023/2024,2023-12-09,343,55,floracao,0.9001,0.7725,18.98,8.0,0.0,25.33,77.43,5.0,64600.5,1,saudavel,2.76,12,110,0.5,2,0.8363,0.1891,12.31,5.0,0.0,-6.35,5.72,0.625,0,0,1,0,1
2967,F04-SOJ,F04,133.0,-16.71611,-49.53242,2023/2024,2023-12-10,344,56,floracao,0.8525,0.695,22.41,8.0,0.0,24.92,78.52,5.0,58183.3,1,saudavel,2.76,12,110,0.5091,2,0.8486,0.0864,12.31,5.0,0.0,-2.51,5.35,0.625,0,0,1,0,1
2968,F04-SOJ,F04,133.0,-16.71611,-49.53242,2023/2024,2023-12-11,345,57,floracao,0.8614,0.7294,19.43,8.0,18.46,24.65,84.44,11.11,44745.8,0,saudavel,2.76,12,110,0.5182,2,0.8562,0.0531,30.77,5.0,6.11,-5.22,3.84,1.3888,0,0,1,0,1
2969,F04-SOJ,F04,133.0,-16.71611,-49.53242,2023/2024,2023-12-12,346,58,floracao,0.8863,0.7498,20.24,16.86,28.74,25.82,86.64,28.07,29838.1,0,saudavel,2.76,12,110,0.5273,2,0.8636,0.0517,59.51,11.11,16.96,-5.58,3.45,1.6649,0,0,1,0,1
2970,F04-SOJ,F04,133.0,-16.71611,-49.53242,2023/2024,2023-12-13,347,59,floracao,0.8867,0.7685,20.22,38.88,47.26,23.25,78.66,54.96,28262.2,0,saudavel,2.76,12,110,0.5364,2,0.8699,0.0441,106.77,28.07,26.89,-3.03,4.96,1.4136,0,0,1,0,1
2971,F04-SOJ,F04,133.0,-16.71611,-49.53242,2023/2024,2023-12-14,348,60,floracao,0.8916,0.7777,19.58,35.43,0.0,23.94,75.83,44.78,61015.9,0,saudavel,2.76,12,110,0.5455,2,0.8798,0.0694,94.46,54.96,-10.18,-4.36,5.79,1.2639,0,0,1,0,1
2972,F04-SOJ,F04,133.0,-16.71611,-49.53242,2023/2024,2023-12-15,349,61,frutificacao,0.8893,0.7563,22.43,31.92,0.0,26.73,74.45,34.9,55991.9,0,saudavel,2.76,12,110,0.5545,3,0.8811,0.0093,94.46,44.78,-9.88,-4.3,6.83,1.0934,0,0,1,0,1
2973,F04-SOJ,F04,133.0,-16.71611,-49.53242,2023/2024,2023-12-16,350,62,frutificacao,0.8373,0.7072,21.25,39.55,21.47,25.06,80.06,41.47,40471.6,0,saudavel,2.76,12,110,0.5636,3,0.8722,-0.0628,115.93,34.9,6.57,-3.81,5.0,1.0485,0,0,1,0,1
2974,F04-SOJ,F04,133.0,-16.71611,-49.53242,2023/2024,2023-12-17,351,63,frutificacao,0.8569,0.6637,22.82,58.4,45.17,25.46,76.6,62.05,29566.7,0,saudavel,2.76,12,110,0.5727,3,0.8728,0.0044,161.1,41.47,20.58,-2.64,5.96,1.0625,0,0,1,0,1
2975,F04-SOJ,F04,133.0,-16.71611,-49.53242,2023/2024,2023-12-18,352,64,frutificacao,0.8772,0.7769,17.64,59.59,12.13,22.09,70.93,59.77,46199.7,0,saudavel,2.76,12,110,0.5818,3,0.875,0.0158,154.77,62.05,-2.28,-4.45,6.42,1.003,0,0,1,0,1
2976,F04-SOJ,F04,133.0,-16.71611,-49.53242,2023/2024,2023-12-19,353,65,frutificacao,0.8606,0.7184,20.02,54.54,0.0,23.17,84.68,48.02,57691.1,0,saudavel,2.76,12,110,0.5909,3,0.8714,-0.0257,126.03,59.77,-11.75,-3.15,3.55,0.8805,0,0,1,0,1
2977,F04-SOJ,F04,133.0,-16.71611,-49.53242,2023/2024,2023-12-20,354,66,frutificacao,0.8668,0.7388,19.27,56.93,14.32,24.22,82.55,47.19,51587.6,0,saudavel,2.76,12,110,0.6,3,0.8685,-0.0199,93.09,48.02,-0.83,-4.95,4.23,0.8289,0,0,1,0,1
2978,F04-SOJ,F04,133.0,-16.71611,-49.53242,2023/2024,2023-12-21,355,67,frutificacao,0.8534,0.7706,20.2,52.03,0.0,23.55,84.63,36.03,59897.1,0,saudavel,2.76,12,110,0.6091,3,0.8631,-0.0382,93.09,47.19,-11.16,-3.35,3.62,0.6925,0,0,1,0,1
2979,F04-SOJ,F04,133.0,-16.71611,-49.53242,2023/2024,2023-12-22,356,68,frutificacao,0.8431,0.6928,18.99,50.59,5.85,21.67,86.77,32.19,53921.0,0,saudavel,2.76,12,110,0.6182,3,0.8565,-0.0462,98.94,36.03,-3.84,-2.68,2.87,0.6363,0,0,1,0,1
2980,F04-SOJ,F04,133.0,-16.71611,-49.53242,2023/2024,2023-12-23,357,69,frutificacao,0.842,0.7161,22.37,65.75,39.38,24.55,79.3,51.19,32612.6,0,saudavel,2.76,12,110,0.6273,3,0.8571,0.0047,116.85,32.19,19.0,-2.18,5.08,0.7786,0,0,1,0,1
2981,F04-SOJ,F04,133.0,-16.71611,-49.53242,2023/2024,2023-12-24,358,70,frutificacao,0.8185,0.7056,20.01,59.93,0.0,24.92,79.45,39.55,57447.1,0,saudavel,2.76,12,110,0.6364,3,0.8517,-0.0384,71.68,51.19,-11.64,-4.91,5.12,0.6599,0,0,1,0,1
2982,F04-SOJ,F04,133.0,-16.71611,-49.53242,2023/2024,2023-12-25,359,71,frutificacao,0.8194,0.7184,19.1,61.23,12.79,22.77,84.48,37.73,50573.2,0,saudavel,2.76,12,110,0.6455,3,0.8434,-0.0578,72.34,39.55,-1.82,-3.67,3.53,0.6162,0,0,1,0,1
2983,F04-SOJ,F04,133.0,-16.71611,-49.53242,2023/2024,2023-12-26,360,72,frutificacao,0.8243,0.7007,22.47,64.24,16.77,24.29,72.48,42.69,43064.2,0,saudavel,2.76,12,110,0.6545,3,0.8382,-0.0363,89.11,37.73,4.96,-1.82,6.68,0.6645,0,0,1,0,1
2984,F04-SOJ,F04,133.0,-16.71611,-49.53242,2023/2024,2023-12-27,361,73,frutificacao,0.8151,0.7164,23.63,58.6,0.42,26.04,75.75,32.86,55322.3,1,saudavel,2.76,12,110,0.6636,3,0.8308,-0.0517,75.21,42.69,-9.83,-2.41,6.31,0.5608,0,0,1,0,1
2985,F04-SOJ,F04,133.0,-16.71611,-49.53242,2023/2024,2023-12-28,362,74,frutificacao,0.8163,0.6855,21.64,53.32,0.0,25.18,77.74,24.21,58256.2,1,saudavel,2.76,12,110,0.6727,3,0.8255,-0.0371,75.21,32.86,-8.65,-3.54,5.61,0.4541,0,0,1,0,1
2986,F04-SOJ,F04,133.0,-16.71611,-49.53242,2023/2024,2023-12-29,363,75,frutificacao,0.7864,0.6793,19.36,48.74,0.0,22.43,84.29,21.8,56515.7,1,saudavel,2.76,12,110,0.6818,3,0.8174,-0.0567,69.36,24.21,-2.41,-3.07,3.52,0.4473,0,0,1,0,1
2987,F04-SOJ,F04,133.0,-16.71611,-49.53242,2023/2024,2023-12-30,364,76,frutificacao,0.8109,0.6976,18.04,50.12,10.96,21.04,77.83,26.01,49079.5,0,saudavel,2.76,12,110,0.6909,3,0.813,-0.0311,40.94,21.8,4.21,-3.0,4.66,0.519,0,0,1,0,1
2988,F04-SOJ,F04,133.0,-16.71611,-49.53242,2023/2024,2023-12-31,365,77,frutificacao,0.7853,0.6657,19.5,45.74,0.0,22.94,75.82,22.38,57308.8,1,saudavel,2.76,12,110,0.7,3,0.8082,-0.0332,40.94,26.01,-3.63,-3.44,5.55,0.4893,0,0,1,0,1
2989,F04-SOJ,F04,133.0,-16.71611,-49.53242,2023/2024,2024-01-01,1,78,frutificacao,0.7318,0.6285,23.97,43.88,5.25,26.01,75.37,21.45,51693.3,0,saudavel,2.76,1,110,0.7091,3,0.7957,-0.0876,33.4,22.38,-0.93,-2.04,6.41,0.4888,0,0,1,0,1
2990,F04-SOJ,F04,133.0,-16.71611,-49.53242,2023/2024,2024-01-02,2,79,frutificacao,0.7248,0.5986,22.37,39.73,0.0,24.4,80.83,18.72,60430.1,1,saudavel,2.76,1,110,0.7182,3,0.7815,-0.0995,16.63,21.45,-2.73,-2.03,4.68,0.4712,0,0,1,0,1
2991,F04-SOJ,F04,133.0,-16.71611,-49.53242,2023/2024,2024-01-03,3,80,frutificacao,0.7219,0.6076,18.67,36.16,0.0,22.28,79.4,16.17,59608.2,1,saudavel,2.76,1,110,0.7273,3,0.7682,-0.0932,16.21,18.72,-2.55,-3.61,4.59,0.4472,0,0,1,0,1
2992,F04-SOJ,F04,133.0,-16.71611,-49.53242,2023/2024,2024-01-04,4,81,frutificacao,0.6595,0.5349,22.11,41.1,17.17,24.54,71.12,22.92,46023.0,0,saudavel,2.76,1,110,0.7364,3,0.7458,-0.1568,33.38,16.17,6.75,-2.43,7.09,0.5577,0,0,1,0,1
2993,F04-SOJ,F04,133.0,-16.71611,-49.53242,2023/2024,2024-01-05,5,82,frutificacao,0.6302,0.5269,21.72,37.09,0.0,23.85,72.5,16.27,62798.4,1,saudavel,2.76,1,110,0.7455,3,0.7235,-0.1562,33.38,22.92,-6.65,-2.13,6.56,0.4387,0,0,1,0,1
2994,F04-SOJ,F04,133.0,-16.71611,-49.53242,2023/2024,2024-01-06,6,83,frutificacao,0.6423,0.5687,17.11,41.18,14.58,19.15,82.24,20.58,45005.7,0,saudavel,2.76,1,110,0.7545,3,0.6994,-0.1686,37.0,16.27,4.31,-2.04,3.4,0.4998,0,0,1,0,1
2995,F04-SOJ,F04,133.0,-16.71611,-49.53242,2023/2024,2024-01-07,7,84,frutificacao,0.6,0.5184,22.36,41.03,7.74,23.49,79.78,20.76,52986.2,0,saudavel,2.76,1,110,0.7636,3,0.6729,-0.1853,44.74,20.58,0.18,-1.13,4.75,0.506,0,0,1,0,1
2996,F04-SOJ,F04,133.0,-16.71611,-49.53242,2023/2024,2024-01-08,8,85,frutificacao,0.5766,0.4963,20.97,39.75,5.15,21.98,79.94,17.97,49716.1,0,saudavel,2.76,1,110,0.7727,3,0.6508,-0.1552,44.64,20.76,-2.79,-1.01,4.41,0.4521,0,0,1,0,1
2997,F04-SOJ,F04,133.0,-16.71611,-49.53242,2023/2024,2024-01-09,9,86,frutificacao,0.53,0.4185,18.92,36.12,0.0,20.41,78.36,12.95,60974.9,1,saudavel,2.76,1,110,0.7818,3,0.6229,-0.1948,44.64,17.97,-5.02,-1.49,4.42,0.3585,0,0,1,0,1
2998,F04-SOJ,F04,133.0,-16.71611,-49.53242,2023/2024,2024-01-10,10,87,frutificacao,0.4872,0.4205,22.71,36.93,8.76,21.75,83.81,15.2,51417.8,0,saudavel,2.76,1,110,0.7909,3,0.5894,-0.2347,53.4,12.95,2.25,0.96,3.52,0.4116,0,0,1,0,1
2999,F04-SOJ,F04,133.0,-16.71611,-49.53242,2023/2024,2024-01-11,11,88,frutificacao,0.4347,0.3683,22.23,39.71,13.09,22.14,81.44,22.03,48710.9,0,saudavel,2.76,1,110,0.8,3,0.5573,-0.2248,49.32,15.2,6.83,0.09,4.11,0.5548,0,0,1,0,1
3000,F04-SOJ,F04,133.0,-16.71611,-49.53242,2023/2024,2024-01-12,12,89,frutificacao,0.4346,0.3802,21.79,35.96,0.0,20.24,82.37,15.05,57593.3,1,saudavel,2.76,1,110,0.8091,3,0.5293,-0.1956,49.32,22.03,-6.98,1.55,3.57,0.4185,0,0,1,0,1
3001,F04-SOJ,F04,133.0,-16.71611,-49.53242,2023/2024,2024-01-13,13,90,frutificacao,0.4283,0.3917,22.74,32.39,0.0,21.15,81.95,11.48,57482.9,1,saudavel,2.76,1,110,0.8182,3,0.4988,-0.214,34.74,15.05,-3.57,1.59,3.82,0.3544,0,0,1,0,1
3002,F04-SOJ,F04,133.0,-16.71611,-49.53242,2023/2024,2024-01-14,14,91,frutificacao,0.4021,0.3336,20.07,29.11,0.0,20.75,88.28,11.48,57359.3,1,saudavel,2.76,1,110,0.8273,3,0.4705,-0.1979,27.0,11.48,0.0,-0.68,2.43,0.3944,0,0,1,0,1
3003,F04-SOJ,F04,133.0,-16.71611,-49.53242,2023/2024,2024-01-15,15,92,frutificacao,0.3741,0.3117,22.49,36.73,21.74,22.34,74.16,17.55,41345.4,0,saudavel,2.76,1,110,0.8364,3,0.4416,-0.2025,43.59,11.48,6.07,0.15,5.77,0.4778,0,0,1,0,1
3004,F04-SOJ,F04,133.0,-16.71611,-49.53242,2023/2024,2024-01-16,16,93,frutificacao,0.3461,0.3126,21.08,33.04,0.0,20.61,78.16,14.8,58780.3,1,saudavel,2.76,1,110,0.8455,3,0.4153,-0.1839,43.59,17.55,-2.75,0.47,4.5,0.4479,0,0,1,0,1
3005,F04-SOJ,F04,133.0,-16.71611,-49.53242,2023/2024,2024-01-17,17,94,maturacao,0.3544,0.2892,19.54,34.09,8.73,18.42,79.84,15.67,44878.2,0,saudavel,2.76,1,110,0.8545,4,0.3963,-0.1328,43.56,14.8,0.87,1.12,3.71,0.4597,0,0,1,0,1
3006,F04-SOJ,F04,133.0,-16.71611,-49.53242,2023/2024,2024-01-18,18,95,maturacao,0.2612,0.2237,22.59,34.46,7.85,20.21,86.67,16.48,52000.4,0,atencao,2.76,1,110,0.8636,4,0.3715,-0.1735,38.32,15.67,0.81,2.38,2.69,0.4782,0,0,1,0,1
3007,F04-SOJ,F04,133.0,-16.71611,-49.53242,2023/2024,2024-01-19,19,96,maturacao,0.2809,0.1988,20.99,40.24,18.63,19.37,78.95,24.82,38214.0,0,saudavel,2.76,1,110,0.8727,4,0.3496,-0.1537,56.95,16.48,8.34,1.62,4.08,0.6168,0,0,1,0,1
3008,F04-SOJ,F04,133.0,-16.71611,-49.53242,2023/2024,2024-01-20,20,97,maturacao,0.2435,0.2008,20.02,36.18,0.0,18.77,77.16,20.32,60515.1,0,saudavel,2.76,1,110,0.8818,4,0.3232,-0.1848,56.95,24.82,-4.5,1.25,4.29,0.5616,0,0,1,0,1
3009,F04-SOJ,F04,133.0,-16.71611,-49.53242,2023/2024,2024-01-21,21,98,maturacao,0.2811,0.2651,25.51,39.18,13.92,22.39,78.34,23.5,45457.5,0,saudavel,2.76,1,110,0.8909,4,0.3059,-0.121,70.87,20.32,3.18,3.12,4.85,0.5998,0,0,1,0,1
3010,F04-SOJ,F04,133.0,-16.71611,-49.53242,2023/2024,2024-01-22,22,99,maturacao,0.2285,0.2009,23.25,40.45,10.94,21.74,79.71,26.88,50245.0,0,saudavel,2.76,1,110,0.9,4,0.2851,-0.1456,60.07,23.5,3.38,1.51,4.41,0.6645,0,0,1,0,1
3011,F04-SOJ,F04,133.0,-16.71611,-49.53242,2023/2024,2024-01-23,23,100,maturacao,0.2506,0.231,21.49,47.27,21.76,19.0,86.73,34.45,39256.1,0,saudavel,2.76,1,110,0.9091,4,0.2715,-0.0955,81.83,26.88,7.57,2.49,2.52,0.7288,0,0,1,0,1
3012,F04-SOJ,F04,133.0,-16.71611,-49.53242,2023/2024,2024-01-24,24,101,maturacao,0.2136,0.2007,20.51,42.61,0.0,18.47,79.09,27.83,59316.8,0,saudavel,2.76,1,110,0.9182,4,0.2513,-0.1408,73.1,34.45,-6.62,2.04,3.86,0.6531,0,0,1,0,1
3013,F04-SOJ,F04,133.0,-16.71611,-49.53242,2023/2024,2024-01-25,25,102,maturacao,0.2244,0.2177,22.05,38.32,0.0,20.13,76.47,21.39,59705.8,0,saudavel,2.76,1,110,0.9273,4,0.2461,-0.0368,65.25,27.83,-6.44,1.92,4.74,0.5582,0,0,1,0,1
3014,F04-SOJ,F04,133.0,-16.71611,-49.53242,2023/2024,2024-01-26,26,103,maturacao,0.2081,0.17,21.02,37.67,6.61,18.22,76.42,21.8,52360.1,0,saudavel,2.76,1,110,0.9364,4,0.2357,-0.0728,53.23,21.39,0.41,2.8,4.3,0.5787,0,0,1,0,1
3015,F04-SOJ,F04,133.0,-16.71611,-49.53242,2023/2024,2024-01-27,27,104,maturacao,0.2052,0.1933,23.46,33.76,0.0,19.76,78.23,19.75,53801.0,0,saudavel,2.76,1,110,0.9455,4,0.2302,-0.0383,53.23,21.8,-2.05,3.7,4.3,0.585,0,0,1,0,1
3016,F04-SOJ,F04,133.0,-16.71611,-49.53242,2023/2024,2024-01-28,28,105,maturacao,0.2081,0.2218,22.59,31.82,3.33,20.16,92.44,16.77,49140.5,0,saudavel,2.76,1,110,0.9545,4,0.2198,-0.073,42.64,19.75,-2.98,2.43,1.52,0.527,0,0,1,0,1
3017,F04-SOJ,F04,133.0,-16.71611,-49.53242,2023/2024,2024-01-29,29,106,maturacao,0.2164,0.1834,21.99,32.85,9.0,20.43,81.28,18.37,44639.2,0,saudavel,2.76,1,110,0.9636,4,0.2181,-0.0121,40.7,16.77,1.6,1.56,3.82,0.5592,0,0,1,0,1
3018,F04-SOJ,F04,133.0,-16.71611,-49.53242,2023/2024,2024-01-30,30,107,colheita,0.1929,0.1376,24.15,53.51,48.49,20.41,82.27,44.69,29799.7,0,saudavel,2.76,1,110,0.9727,5,0.2098,-0.0577,67.43,18.37,26.32,3.74,3.62,0.8352,0,0,1,0,1
3019,F04-SOJ,F04,133.0,-16.71611,-49.53242,2023/2024,2024-01-31,31,108,colheita,0.2105,0.167,21.25,51.06,5.44,18.65,80.23,38.15,43328.4,0,saudavel,2.76,1,110,0.9818,5,0.2094,-0.0031,72.87,44.69,-6.54,2.6,3.69,0.7472,0,0,1,0,1
3020,F04-SOJ,F04,133.0,-16.71611,-49.53242,2023/2024,2024-02-01,32,109,colheita,0.2113,0.189,22.12,46.1,0.0,19.85,80.09,29.09,54700.2,0,saudavel,2.76,2,110,0.9909,5,0.2075,-0.0131,72.87,38.15,-9.06,2.27,3.95,0.631,0,0,1,0,1
3021,F04-SOJ,F04,133.0,-16.71611,-49.53242,2024/2025,2024-10-16,290,0,germinacao,0.169,0.1273,30.39,45.0,3.6,29.9,73.7,46.53,54149.3,0,saudavel,2.79,10,110,0.0,0,0.169,0.0,3.6,46.53,0.0,0.49,7.86,1.034,0,0,1,1,0
3022,F04-SOJ,F04,133.0,-16.71611,-49.53242,2024/2025,2024-10-17,291,1,germinacao,0.1739,0.1498,30.46,39.45,0.0,28.39,67.75,35.97,51772.6,0,saudavel,2.79,10,110,0.0091,0,0.1714,0.0,3.6,46.53,-10.56,2.07,9.16,0.9118,0,0,1,1,0
3023,F04-SOJ,F04,133.0,-16.71611,-49.53242,2024/2025,2024-10-18,292,2,germinacao,0.1964,0.176,32.43,34.32,0.0,28.92,66.66,29.71,48483.7,1,saudavel,2.79,10,110,0.0182,0,0.1798,0.0,3.6,35.97,-6.26,3.51,9.64,0.8657,0,0,1,1,0
3024,F04-SOJ,F04,133.0,-16.71611,-49.53242,2024/2025,2024-10-19,293,3,germinacao,0.1917,0.1772,28.47,53.87,48.06,26.9,64.19,54.03,25246.2,0,saudavel,2.79,10,110,0.0273,0,0.1828,0.0,51.66,29.71,24.32,1.57,9.63,1.003,0,0,1,1,0
3025,F04-SOJ,F04,133.0,-16.71611,-49.53242,2024/2025,2024-10-20,294,4,germinacao,0.1851,0.1784,30.75,47.54,0.0,29.09,66.2,42.89,48311.5,0,saudavel,2.79,10,110,0.0364,0,0.1832,0.0,51.66,54.03,-11.14,1.66,9.83,0.9022,0,0,1,1,0
3026,F04-SOJ,F04,133.0,-16.71611,-49.53242,2024/2025,2024-10-21,295,5,germinacao,0.1993,0.1607,28.78,41.93,0.0,27.55,65.36,33.03,50801.0,1,saudavel,2.79,10,110,0.0455,0,0.1859,0.0,51.66,42.89,-9.86,1.23,9.54,0.7877,0,0,1,1,0
3027,F04-SOJ,F04,133.0,-16.71611,-49.53242,2024/2025,2024-10-22,296,6,germinacao,0.188,0.1728,29.85,47.6,22.0,28.83,63.12,39.25,29499.6,0,saudavel,2.79,10,110,0.0545,0,0.1862,0.0,73.66,33.03,6.22,1.02,10.63,0.8246,0,0,1,1,0
3028,F04-SOJ,F04,133.0,-16.71611,-49.53242,2024/2025,2024-10-23,297,7,germinacao,0.1628,0.1199,28.82,41.97,0.0,27.19,71.06,29.62,52501.2,1,atencao,2.79,10,110,0.0636,0,0.1853,-0.0062,70.06,39.25,-9.63,1.63,7.87,0.7057,0,0,1,1,0
3029,F04-SOJ,F04,133.0,-16.71611,-49.53242,2024/2025,2024-10-24,298,8,germinacao,0.1692,0.1422,31.49,36.62,0.0,28.73,67.16,22.95,51222.4,0,atencao,2.79,10,110,0.0727,0,0.1846,-0.0047,70.06,29.62,-6.67,2.76,9.43,0.6267,0,0,1,1,0
3030,F04-SOJ,F04,133.0,-16.71611,-49.53242,2024/2025,2024-10-25,299,9,germinacao,0.2056,0.1848,31.71,40.0,16.82,30.05,72.63,25.39,33716.1,0,saudavel,2.79,10,110,0.0818,0,0.186,0.0092,86.88,22.95,2.44,1.66,8.22,0.6348,0,0,1,1,0
3031,F04-SOJ,F04,133.0,-16.71611,-49.53242,2024/2025,2024-10-26,300,10,germinacao,0.1687,0.1629,29.68,43.34,16.83,27.74,68.64,29.95,38170.2,0,atencao,2.79,10,110,0.0909,0,0.1827,-0.023,55.65,25.39,4.56,1.94,8.7,0.691,0,0,1,1,0
3032,F04-SOJ,F04,133.0,-16.71611,-49.53242,2024/2025,2024-10-27,301,11,vegetativo,0.1917,0.1743,28.82,38.1,0.0,27.17,71.53,20.97,52658.1,1,saudavel,2.79,10,110,0.1,1,0.1836,0.0066,55.65,29.95,-8.98,1.65,7.74,0.5504,0,0,1,1,0
3033,F04-SOJ,F04,133.0,-16.71611,-49.53242,2024/2025,2024-10-28,302,12,vegetativo,0.2007,0.1724,32.1,33.0,0.0,29.67,70.05,15.29,49698.2,1,saudavel,2.79,10,110,0.1091,1,0.1838,0.0014,55.65,20.97,-5.68,2.43,8.89,0.4633,0,0,1,1,0
3034,F04-SOJ,F04,133.0,-16.71611,-49.53242,2024/2025,2024-10-29,303,13,vegetativo,0.1866,0.1571,32.51,28.26,0.0,29.8,71.64,13.4,50850.5,1,atencao,2.79,10,110,0.1182,1,0.1836,-0.0014,33.65,15.29,-1.89,2.71,8.45,0.4742,0,0,1,1,0
3035,F04-SOJ,F04,133.0,-16.71611,-49.53242,2024/2025,2024-10-30,304,14,vegetativo,0.1791,0.1632,29.51,35.26,22.54,29.0,66.16,24.08,34259.8,0,atencao,2.79,10,110,0.1273,1,0.1859,0.0163,56.19,13.4,10.68,0.51,9.81,0.6829,0,0,1,1,0
3036,F04-SOJ,F04,133.0,-16.71611,-49.53242,2024/2025,2024-10-31,305,15,vegetativo,0.195,0.2095,29.07,30.62,0.0,27.59,75.87,19.14,55962.1,1,atencao,2.79,10,110,0.1364,1,0.1896,0.0258,56.19,24.08,-4.94,1.48,6.66,0.6251,0,0,1,1,0
3037,F04-SOJ,F04,133.0,-16.71611,-49.53242,2024/2025,2024-11-01,306,16,vegetativo,0.1894,0.1781,29.48,26.38,0.0,27.27,65.82,14.72,52535.2,1,atencao,2.79,11,110,0.1455,1,0.1873,-0.0162,39.37,19.14,-4.42,2.21,9.32,0.558,0,0,1,1,0
3038,F04-SOJ,F04,133.0,-16.71611,-49.53242,2024/2025,2024-11-02,307,17,vegetativo,0.2461,0.2168,29.87,27.1,9.15,27.64,71.87,12.26,47904.7,0,saudavel,2.79,11,110,0.1545,1,0.1984,0.0774,31.69,14.72,-2.46,2.23,7.78,0.4524,0,0,1,1,0
3039,F04-SOJ,F04,133.0,-16.71611,-49.53242,2024/2025,2024-11-03,308,18,vegetativo,0.2515,0.1864,29.84,28.83,11.35,27.98,65.6,14.92,46874.1,0,saudavel,2.79,11,110,0.1636,1,0.2069,0.0598,43.04,12.26,2.66,1.86,9.63,0.5175,0,0,1,1,0
3040,F04-SOJ,F04,133.0,-16.71611,-49.53242,2024/2025,2024-11-04,309,19,vegetativo,0.2396,0.1867,28.07,25.03,0.0,25.4,72.72,10.97,57662.9,1,saudavel,2.79,11,110,0.1727,1,0.2125,0.0389,43.04,14.92,-3.95,2.67,6.93,0.4383,0,0,1,1,0
3041,F04-SOJ,F04,133.0,-16.71611,-49.53242,2024/2025,2024-11-05,310,20,vegetativo,0.2403,0.1978,26.86,30.38,17.93,26.44,77.31,15.42,39118.0,0,atencao,2.79,11,110,0.1818,1,0.2201,0.0537,60.97,10.97,4.45,0.42,6.0,0.5076,0,0,1,1,0
3042,F04-SOJ,F04,133.0,-16.71611,-49.53242,2024/2025,2024-11-06,311,21,vegetativo,0.3057,0.2781,31.37,26.05,0.0,29.71,73.82,9.74,51553.5,1,saudavel,2.79,11,110,0.1909,1,0.2382,0.1266,38.43,15.42,-5.68,1.66,7.78,0.3739,0,0,1,1,0
3043,F04-SOJ,F04,133.0,-16.71611,-49.53242,2024/2025,2024-11-07,312,22,vegetativo,0.308,0.243,31.34,26.39,8.27,28.06,77.48,11.02,49670.4,0,saudavel,2.79,11,110,0.2,1,0.2544,0.113,46.7,9.74,1.28,3.28,6.32,0.4176,0,0,1,1,0
3044,F04-SOJ,F04,133.0,-16.71611,-49.53242,2024/2025,2024-11-08,313,23,vegetativo,0.3056,0.2726,30.81,22.39,0.0,29.51,69.95,5.0,54172.2,1,saudavel,2.79,11,110,0.2091,1,0.271,0.1162,46.7,11.02,-6.02,1.3,8.87,0.2233,0,0,1,1,0
3045,F04-SOJ,F04,133.0,-16.71611,-49.53242,2024/2025,2024-11-09,314,24,vegetativo,0.3628,0.3108,29.94,28.78,19.84,29.11,76.39,13.06,38318.2,0,saudavel,2.79,11,110,0.2182,1,0.2876,0.1167,57.39,5.0,8.06,0.83,6.87,0.4538,0,0,1,1,0
3046,F04-SOJ,F04,133.0,-16.71611,-49.53242,2024/2025,2024-11-10,315,25,vegetativo,0.365,0.3174,28.27,26.75,3.54,27.04,69.78,13.07,50071.6,0,saudavel,2.79,11,110,0.2273,1,0.3039,0.1135,49.58,13.06,0.01,1.23,8.17,0.4886,0,0,1,1,0
3047,F04-SOJ,F04,133.0,-16.71611,-49.53242,2024/2025,2024-11-11,316,26,vegetativo,0.3939,0.3305,26.89,25.16,4.0,26.98,71.13,6.06,49948.5,0,saudavel,2.79,11,110,0.2364,1,0.3259,0.1543,53.58,13.07,-7.01,-0.09,7.79,0.2409,0,0,1,1,0
3048,F04-SOJ,F04,133.0,-16.71611,-49.53242,2024/2025,2024-11-12,317,27,vegetativo,0.3939,0.3229,28.29,26.02,9.07,28.79,73.12,9.11,49948.5,0,saudavel,2.79,11,110,0.2455,1,0.3478,0.1536,44.72,6.06,3.05,-0.5,7.74,0.3501,0,0,1,1,0
3049,F04-SOJ,F04,133.0,-16.71611,-49.53242,2024/2025,2024-11-13,318,28,vegetativo,0.4133,0.3318,28.73,22.35,0.0,28.39,77.1,7.16,51907.6,1,saudavel,2.79,11,110,0.2545,1,0.3632,0.1076,44.72,9.11,-1.95,0.34,6.5,0.3204,0,0,1,1,0
3050,F04-SOJ,F04,133.0,-16.71611,-49.53242,2024/2025,2024-11-14,319,29,vegetativo,0.4424,0.3882,27.01,18.99,0.0,28.64,70.09,5.0,54334.7,1,saudavel,2.79,11,110,0.2636,1,0.3824,0.1344,36.45,7.16,-2.16,-1.63,8.57,0.2633,0,0,1,1,0
3051,F04-SOJ,F04,133.0,-16.71611,-49.53242,2024/2025,2024-11-15,320,30,vegetativo,0.5465,0.463,26.53,16.24,0.0,27.05,77.39,5.0,53203.5,1,saudavel,2.79,11,110,0.2727,1,0.4168,0.2409,36.45,5.0,0.0,-0.52,6.12,0.3079,0,0,1,1,0
3052,F04-SOJ,F04,133.0,-16.71611,-49.53242,2024/2025,2024-11-16,321,31,vegetativo,0.5197,0.4202,27.09,13.66,0.0,27.2,75.12,5.0,58203.5,1,saudavel,2.79,11,110,0.2818,1,0.4392,0.1569,16.61,5.0,0.0,-0.11,6.77,0.366,0,0,1,1,0
3053,F04-SOJ,F04,133.0,-16.71611,-49.53242,2024/2025,2024-11-17,322,32,vegetativo,0.5689,0.488,23.79,11.44,0.0,27.2,76.18,5.0,53507.1,0,saudavel,2.79,11,110,0.2909,1,0.4684,0.2039,13.07,5.0,0.0,-3.41,6.48,0.4371,0,0,1,1,0
3054,F04-SOJ,F04,133.0,-16.71611,-49.53242,2024/2025,2024-11-18,323,33,vegetativo,0.6075,0.5849,25.42,9.43,0.0,26.72,70.23,5.0,54885.3,1,saudavel,2.79,11,110,0.3,1,0.4989,0.2136,9.07,5.0,0.0,-1.3,7.95,0.5302,0,0,1,1,0
3055,F04-SOJ,F04,133.0,-16.71611,-49.53242,2024/2025,2024-11-19,324,34,vegetativo,0.6276,0.5295,23.82,12.39,9.31,25.68,73.32,5.0,48234.7,0,saudavel,2.79,11,110,0.3091,1,0.5323,0.2337,9.31,5.0,0.0,-1.86,6.85,0.4036,0,0,1,1,0
3056,F04-SOJ,F04,133.0,-16.71611,-49.53242,2024/2025,2024-11-20,325,35,vegetativo,0.6532,0.5883,26.11,10.39,0.0,26.51,74.4,5.0,62698.7,1,saudavel,2.79,11,110,0.3182,1,0.5665,0.2399,9.31,5.0,0.0,-0.4,6.79,0.4812,0,0,1,1,0
3057,F04-SOJ,F04,133.0,-16.71611,-49.53242,2024/2025,2024-11-21,326,36,vegetativo,0.6792,0.5256,25.48,8.63,0.0,26.29,76.81,5.0,55360.8,1,saudavel,2.79,11,110,0.3273,1,0.6004,0.2368,9.31,5.0,0.0,-0.81,6.1,0.5794,0,0,1,1,0
3058,F04-SOJ,F04,133.0,-16.71611,-49.53242,2024/2025,2024-11-22,327,37,vegetativo,0.7168,0.6038,24.14,18.5,22.75,25.74,71.52,10.72,31620.1,0,saudavel,2.79,11,110,0.3364,1,0.6247,0.1703,32.06,5.0,5.72,-1.6,7.33,0.5795,0,0,1,1,0
3059,F04-SOJ,F04,133.0,-16.71611,-49.53242,2024/2025,2024-11-23,328,38,vegetativo,0.7087,0.6215,26.36,15.98,0.0,27.52,68.15,6.18,53836.7,1,saudavel,2.79,11,110,0.3455,1,0.6517,0.189,32.06,10.72,-4.54,-1.16,8.77,0.3867,0,0,1,1,0
3060,F04-SOJ,F04,133.0,-16.71611,-49.53242,2024/2025,2024-11-24,329,39,floracao,0.7408,0.63,21.09,14.12,0.0,24.13,66.09,5.0,55349.6,1,saudavel,2.79,11,110,0.3545,2,0.6763,0.1719,32.06,6.18,-1.18,-3.04,8.18,0.3541,0,0,1,1,0
3061,F04-SOJ,F04,133.0,-16.71611,-49.53242,2024/2025,2024-11-25,330,40,floracao,0.7215,0.6004,24.42,15.89,7.64,26.65,79.07,6.55,48715.7,0,saudavel,2.79,11,110,0.3636,2,0.6925,0.114,39.7,5.0,1.55,-2.23,5.58,0.4122,0,0,1,1,0
3062,F04-SOJ,F04,133.0,-16.71611,-49.53242,2024/2025,2024-11-26,331,41,floracao,0.7463,0.6338,21.7,13.98,0.0,24.67,81.36,5.0,65147.0,1,saudavel,2.79,11,110,0.3727,2,0.7095,0.1187,30.39,6.55,-1.55,-2.97,4.6,0.3577,0,0,1,1,0
3063,F04-SOJ,F04,133.0,-16.71611,-49.53242,2024/2025,2024-11-27,332,42,floracao,0.7715,0.6755,20.74,18.07,11.62,24.68,66.68,7.4,49969.8,0,saudavel,2.79,11,110,0.3818,2,0.7264,0.1183,42.01,5.0,2.4,-3.94,8.22,0.4095,0,0,1,1,0
3064,F04-SOJ,F04,133.0,-16.71611,-49.53242,2024/2025,2024-11-28,333,43,floracao,0.8267,0.7455,21.35,26.17,20.15,24.71,77.19,16.87,37912.9,0,saudavel,2.79,11,110,0.3909,2,0.7475,0.1475,62.16,7.4,9.47,-3.36,5.64,0.6446,0,0,1,1,0
3065,F04-SOJ,F04,133.0,-16.71611,-49.53242,2024/2025,2024-11-29,334,44,floracao,0.8147,0.7138,23.05,26.97,7.28,26.46,73.97,17.9,57084.4,0,saudavel,2.79,11,110,0.4,2,0.7615,0.0979,46.69,16.87,1.03,-3.41,6.89,0.6637,0,0,1,1,0
3066,F04-SOJ,F04,133.0,-16.71611,-49.53242,2024/2025,2024-11-30,335,45,floracao,0.8431,0.7065,18.48,33.84,18.48,22.27,84.55,27.43,38825.1,0,saudavel,2.79,11,110,0.4091,2,0.7807,0.1344,65.17,17.9,9.53,-3.79,3.44,0.8106,0,0,1,1,0
3067,F04-SOJ,F04,133.0,-16.71611,-49.53242,2024/2025,2024-12-01,336,46,floracao,0.8445,0.7132,22.15,36.92,12.83,25.81,75.38,31.14,45062.4,0,saudavel,2.79,12,110,0.4182,2,0.7955,0.1037,78.0,27.43,3.71,-3.66,6.35,0.8434,0,0,1,0,1
3068,F04-SOJ,F04,133.0,-16.71611,-49.53242,2024/2025,2024-12-02,337,47,floracao,0.8486,0.7168,21.95,33.38,0.0,25.53,79.42,25.09,57586.2,1,saudavel,2.79,12,110,0.4273,2,0.8136,0.1271,70.36,31.14,-6.05,-3.58,5.25,0.7516,0,0,1,0,1
3069,F04-SOJ,F04,133.0,-16.71611,-49.53242,2024/2025,2024-12-03,338,48,floracao,0.8301,0.6882,21.32,36.45,12.33,23.9,75.62,28.84,50045.0,0,saudavel,2.79,12,110,0.4364,2,0.8256,0.0838,82.69,25.09,3.75,-2.58,5.83,0.7912,0,0,1,0,1
3070,F04-SOJ,F04,133.0,-16.71611,-49.53242,2024/2025,2024-12-04,339,49,floracao,0.8551,0.7237,21.25,32.95,0.0,25.53,73.41,22.81,58998.6,1,saudavel,2.79,12,110,0.4455,2,0.8375,0.0836,71.07,28.84,-6.03,-4.28,6.79,0.6923,0,0,1,0,1
3071,F04-SOJ,F04,133.0,-16.71611,-49.53242,2024/2025,2024-12-05,340,50,floracao,0.8626,0.7277,18.29,45.63,31.25,23.33,82.08,39.3,34173.9,0,saudavel,2.79,12,110,0.4545,2,0.8427,0.0359,82.17,22.81,16.49,-5.04,4.18,0.8613,0,0,1,0,1
3072,F04-SOJ,F04,133.0,-16.71611,-49.53242,2024/2025,2024-12-06,341,51,floracao,0.9047,0.745,21.52,47.37,11.66,24.99,82.72,39.89,49156.3,0,saudavel,2.79,12,110,0.4636,2,0.8555,0.09,86.55,39.3,0.59,-3.47,4.32,0.8421,0,0,1,0,1
3073,F04-SOJ,F04,133.0,-16.71611,-49.53242,2024/2025,2024-12-07,342,52,floracao,0.8564,0.7447,20.22,43.29,0.0,23.07,72.2,31.24,62203.3,1,saudavel,2.79,12,110,0.4727,2,0.8574,0.0133,68.07,39.89,-8.65,-2.85,6.41,0.7216,0,0,1,0,1
3074,F04-SOJ,F04,133.0,-16.71611,-49.53242,2024/2025,2024-12-08,343,53,floracao,0.8801,0.7565,24.36,39.0,0.0,27.92,81.42,22.93,54105.2,1,saudavel,2.79,12,110,0.4818,2,0.8625,0.0356,55.24,31.24,-8.31,-3.56,5.19,0.5879,0,0,1,0,1
3075,F04-SOJ,F04,133.0,-16.71611,-49.53242,2024/2025,2024-12-09,344,54,floracao,0.8647,0.7221,21.12,35.25,0.0,26.04,72.03,20.01,54527.2,1,saudavel,2.79,12,110,0.4909,2,0.8648,0.0161,55.24,22.93,-2.92,-4.92,7.28,0.5677,0,0,1,0,1
3076,F04-SOJ,F04,133.0,-16.71611,-49.53242,2024/2025,2024-12-10,345,55,floracao,0.8544,0.7292,21.19,31.91,0.0,25.01,65.92,15.92,54690.9,1,saudavel,2.79,12,110,0.5,2,0.8683,0.0243,42.91,20.01,-4.09,-3.82,8.52,0.4989,0,0,1,0,1
3077,F04-SOJ,F04,133.0,-16.71611,-49.53242,2024/2025,2024-12-11,346,56,floracao,0.8867,0.7344,19.41,29.12,0.0,23.11,78.83,14.32,58464.1,1,saudavel,2.79,12,110,0.5091,2,0.8728,0.0316,42.91,15.92,-1.6,-3.7,4.89,0.4918,0,0,1,0,1
3078,F04-SOJ,F04,133.0,-16.71611,-49.53242,2024/2025,2024-12-12,347,57,floracao,0.9077,0.7605,18.79,38.19,23.45,24.03,80.82,24.92,31810.4,0,saudavel,2.79,12,110,0.5182,2,0.8792,0.0451,35.11,14.32,10.6,-5.24,4.61,0.6525,0,0,1,0,1
3079,F04-SOJ,F04,133.0,-16.71611,-49.53242,2024/2025,2024-12-13,348,58,floracao,0.8754,0.7578,19.34,38.29,7.04,23.98,70.78,23.92,56546.3,0,saudavel,2.79,12,110,0.5273,2,0.8751,-0.0293,30.49,24.92,-1.0,-4.64,7.01,0.6247,0,0,1,0,1
3080,F04-SOJ,F04,133.0,-16.71611,-49.53242,2024/2025,2024-12-14,349,59,floracao,0.8564,0.7374,20.74,37.84,6.17,24.6,68.13,20.95,53135.3,0,saudavel,2.79,12,110,0.5364,2,0.8751,0.0,36.66,23.92,-2.97,-3.86,7.84,0.5536,0,0,1,0,1
3081,F04-SOJ,F04,133.0,-16.71611,-49.53242,2024/2025,2024-12-15,350,60,floracao,0.879,0.7369,22.0,36.65,4.56,24.6,75.54,20.53,57212.5,0,saudavel,2.79,12,110,0.5455,2,0.8749,-0.0011,41.22,20.95,-0.42,-2.6,6.02,0.5602,0,0,1,0,1
3082,F04-SOJ,F04,133.0,-16.71611,-49.53242,2024/2025,2024-12-16,351,61,frutificacao,0.8746,0.7496,20.72,37.85,9.09,24.36,75.13,21.29,49395.8,0,saudavel,2.79,12,110,0.5545,3,0.8763,0.0099,50.31,20.53,0.76,-3.64,6.06,0.5625,0,0,1,0,1
3083,F04-SOJ,F04,133.0,-16.71611,-49.53242,2024/2025,2024-12-17,352,62,frutificacao,0.9123,0.7739,19.65,37.97,7.04,24.44,85.12,20.72,55413.4,0,saudavel,2.79,12,110,0.5636,3,0.8846,0.0579,57.35,21.29,-0.57,-4.79,3.64,0.5457,0,0,1,0,1
3084,F04-SOJ,F04,133.0,-16.71611,-49.53242,2024/2025,2024-12-18,353,63,frutificacao,0.8814,0.7292,19.43,45.36,21.46,23.56,78.89,33.48,32636.0,0,saudavel,2.79,12,110,0.5727,3,0.8838,-0.0053,78.81,20.72,12.76,-4.13,4.97,0.7381,0,0,1,0,1
3085,F04-SOJ,F04,133.0,-16.71611,-49.53242,2024/2025,2024-12-19,354,64,frutificacao,0.846,0.7157,19.95,45.03,7.47,24.23,82.13,32.74,52377.0,0,saudavel,2.79,12,110,0.5818,3,0.875,-0.0617,62.83,33.48,-0.74,-4.28,4.33,0.7271,0,0,1,0,1
3086,F04-SOJ,F04,133.0,-16.71611,-49.53242,2024/2025,2024-12-20,355,65,frutificacao,0.8878,0.7633,18.25,45.53,8.61,22.66,80.48,33.17,52890.6,0,saudavel,2.79,12,110,0.5909,3,0.8768,0.0124,64.4,32.74,0.43,-4.41,4.42,0.7285,0,0,1,0,1
3087,F04-SOJ,F04,133.0,-16.71611,-49.53242,2024/2025,2024-12-21,356,66,frutificacao,0.875,0.7499,18.76,41.69,0.0,21.91,87.75,25.13,61751.9,1,saudavel,2.79,12,110,0.6,3,0.8794,0.0186,58.23,33.17,-8.04,-3.15,2.68,0.6028,0,0,1,0,1
3088,F04-SOJ,F04,133.0,-16.71611,-49.53242,2024/2025,2024-12-22,357,67,frutificacao,0.8747,0.7097,20.39,37.73,0.0,21.91,72.91,17.0,59034.5,1,saudavel,2.79,12,110,0.6091,3,0.8788,-0.0043,53.67,25.13,-8.13,-1.52,5.94,0.4506,0,0,1,0,1
3089,F04-SOJ,F04,133.0,-16.71611,-49.53242,2024/2025,2024-12-23,358,68,frutificacao,0.8607,0.7349,21.5,34.33,0.0,23.93,78.3,14.91,54839.0,1,saudavel,2.79,12,110,0.6182,3,0.8768,-0.0139,44.58,17.0,-2.09,-2.43,5.19,0.4343,0,0,1,0,1
3090,F04-SOJ,F04,133.0,-16.71611,-49.53242,2024/2025,2024-12-24,359,69,frutificacao,0.867,0.7375,24.3,30.97,0.0,25.91,69.72,8.07,62984.1,1,saudavel,2.79,12,110,0.6273,3,0.8704,-0.0453,37.54,14.91,-6.84,-1.61,7.85,0.2606,0,0,1,0,1
3091,F04-SOJ,F04,133.0,-16.71611,-49.53242,2024/2025,2024-12-25,360,70,frutificacao,0.8497,0.6843,19.2,28.25,0.0,22.69,83.57,5.54,58745.4,1,saudavel,2.79,12,110,0.6364,3,0.8658,-0.0317,16.08,8.07,-2.53,-3.49,3.73,0.1961,0,0,1,0,1
3092,F04-SOJ,F04,133.0,-16.71611,-49.53242,2024/2025,2024-12-26,361,71,frutificacao,0.8288,0.6883,22.32,32.22,13.96,26.61,82.74,11.43,45035.5,0,saudavel,2.79,12,110,0.6455,3,0.8634,-0.0172,22.57,5.54,5.89,-4.29,4.59,0.3547,0,0,1,0,1
3093,F04-SOJ,F04,133.0,-16.71611,-49.53242,2024/2025,2024-12-27,362,72,frutificacao,0.8284,0.7139,20.72,36.73,14.82,23.02,83.7,17.2,51724.6,0,saudavel,2.79,12,110,0.6545,3,0.8549,-0.0594,28.78,11.43,5.77,-2.3,3.75,0.4683,0,0,1,0,1
3094,F04-SOJ,F04,133.0,-16.71611,-49.53242,2024/2025,2024-12-28,363,73,frutificacao,0.8138,0.7194,21.47,33.27,0.0,24.51,77.81,12.77,60091.0,1,saudavel,2.79,12,110,0.6636,3,0.8462,-0.0612,28.78,17.2,-4.43,-3.04,5.44,0.3838,0,0,1,0,1
3095,F04-SOJ,F04,133.0,-16.71611,-49.53242,2024/2025,2024-12-29,364,74,frutificacao,0.8118,0.6572,18.91,39.96,19.32,22.74,77.81,21.03,38956.5,0,saudavel,2.79,12,110,0.6727,3,0.8372,-0.0629,48.1,12.77,8.26,-3.83,5.05,0.5263,0,0,1,0,1
3096,F04-SOJ,F04,133.0,-16.71611,-49.53242,2024/2025,2024-12-30,365,75,frutificacao,0.7937,0.6942,18.73,39.31,5.8,22.84,79.01,18.74,52185.6,0,saudavel,2.79,12,110,0.6818,3,0.8276,-0.067,53.9,21.03,-2.29,-4.11,4.79,0.4767,0,0,1,0,1
3097,F04-SOJ,F04,133.0,-16.71611,-49.53242,2024/2025,2024-12-31,366,76,frutificacao,0.7711,0.6178,18.97,35.84,0.0,22.32,76.35,15.33,61560.2,1,saudavel,2.79,12,110,0.6909,3,0.8139,-0.0959,53.9,18.74,-3.41,-3.35,5.28,0.4277,0,0,1,0,1
3098,F04-SOJ,F04,133.0,-16.71611,-49.53242,2024/2025,2025-01-01,1,77,frutificacao,0.757,0.6714,19.13,32.7,0.0,21.75,84.7,13.81,57162.0,0,saudavel,2.79,1,110,0.7,3,0.8007,-0.0927,53.9,15.33,-1.52,-2.62,3.33,0.4223,0,0,1,0,1
3099,F04-SOJ,F04,133.0,-16.71611,-49.53242,2024/2025,2025-01-02,2,78,frutificacao,0.7418,0.6257,22.08,31.71,4.35,23.86,76.67,10.83,56771.1,0,saudavel,2.79,1,110,0.7091,3,0.7882,-0.087,44.29,13.81,-2.98,-1.78,5.57,0.3415,0,0,1,0,1
3100,F04-SOJ,F04,133.0,-16.71611,-49.53242,2024/2025,2025-01-03,3,79,frutificacao,0.6852,0.5681,20.4,37.48,17.52,22.28,77.5,19.98,45417.3,0,saudavel,2.79,1,110,0.7182,3,0.7678,-0.1432,46.99,10.83,9.15,-1.88,5.01,0.5331,0,0,1,0,1
3101,F04-SOJ,F04,133.0,-16.71611,-49.53242,2024/2025,2025-01-04,4,80,frutificacao,0.7181,0.6175,21.43,41.3,14.7,23.44,89.9,26.06,44574.6,0,saudavel,2.79,1,110,0.7273,3,0.7541,-0.0957,61.69,19.98,6.08,-2.01,2.37,0.631,0,0,1,0,1
3102,F04-SOJ,F04,133.0,-16.71611,-49.53242,2024/2025,2025-01-05,5,81,frutificacao,0.6793,0.5582,21.0,43.52,12.24,23.45,83.0,29.22,50170.2,0,saudavel,2.79,1,110,0.7364,3,0.7352,-0.1325,54.61,26.06,3.16,-2.45,3.99,0.6714,0,0,1,0,1
3103,F04-SOJ,F04,133.0,-16.71611,-49.53242,2024/2025,2025-01-06,6,82,frutificacao,0.6329,0.5483,23.28,39.29,0.0,24.12,83.96,22.66,59002.0,0,saudavel,2.79,1,110,0.7455,3,0.7122,-0.1608,48.81,29.22,-6.56,-0.84,3.87,0.5767,0,0,1,0,1
3104,F04-SOJ,F04,133.0,-16.71611,-49.53242,2024/2025,2025-01-07,7,83,frutificacao,0.6281,0.5314,20.67,46.78,22.38,22.53,76.94,31.5,34993.1,0,saudavel,2.79,1,110,0.7545,3,0.6918,-0.143,71.19,22.66,8.84,-1.86,5.2,0.6734,0,0,1,0,1
3105,F04-SOJ,F04,133.0,-16.71611,-49.53242,2024/2025,2025-01-08,8,84,frutificacao,0.576,0.4134,20.19,51.91,18.43,19.54,75.77,38.51,35888.3,0,saudavel,2.79,1,110,0.7636,3,0.6659,-0.181,89.62,31.5,7.01,0.65,4.73,0.7419,0,0,1,0,1
3106,F04-SOJ,F04,133.0,-16.71611,-49.53242,2024/2025,2025-01-09,9,85,frutificacao,0.545,0.447,19.67,47.23,0.0,21.23,85.56,31.39,59712.1,1,saudavel,2.79,1,110,0.7727,3,0.6378,-0.1968,85.27,38.51,-7.12,-1.56,3.07,0.6646,0,0,1,0,1
3107,F04-SOJ,F04,133.0,-16.71611,-49.53242,2024/2025,2025-01-10,10,86,frutificacao,0.5312,0.4553,21.19,50.4,15.07,21.58,87.44,31.39,44891.6,0,saudavel,2.79,1,110,0.7818,3,0.6158,-0.154,82.82,31.39,0.0,-0.39,2.71,0.6228,0,0,1,0,1
3108,F04-SOJ,F04,133.0,-16.71611,-49.53242,2024/2025,2025-01-11,11,87,frutificacao,0.5209,0.4641,23.04,45.76,0.0,21.54,73.53,25.07,61586.7,1,saudavel,2.79,1,110,0.7909,3,0.5876,-0.1972,68.12,31.39,-6.32,1.5,5.7,0.5479,0,0,1,0,1
3109,F04-SOJ,F04,133.0,-16.71611,-49.53242,2024/2025,2025-01-12,12,88,frutificacao,0.4672,0.4037,24.24,41.19,0.0,23.4,76.21,19.46,61166.8,1,saudavel,2.79,1,110,0.8,3,0.5573,-0.2121,55.88,25.07,-5.61,0.84,5.57,0.4724,0,0,1,0,1
3110,F04-SOJ,F04,133.0,-16.71611,-49.53242,2024/2025,2025-01-13,13,89,frutificacao,0.4164,0.3749,24.04,36.96,0.0,23.04,74.4,13.09,64577.5,1,saudavel,2.79,1,110,0.8091,3,0.5264,-0.2165,55.88,19.46,-6.37,1.0,5.9,0.3542,0,0,1,0,1
3111,F04-SOJ,F04,133.0,-16.71611,-49.53242,2024/2025,2025-01-14,14,90,frutificacao,0.3966,0.3192,21.75,33.27,0.0,21.02,82.54,13.09,56490.1,1,saudavel,2.79,1,110,0.8182,3,0.4933,-0.2315,33.5,13.09,0.0,0.73,3.67,0.3934,0,0,1,0,1
3112,F04-SOJ,F04,133.0,-16.71611,-49.53242,2024/2025,2025-01-15,15,91,frutificacao,0.3942,0.3496,25.3,29.43,0.0,24.8,83.24,6.93,59152.9,1,saudavel,2.79,1,110,0.8273,3,0.4674,-0.1818,15.07,13.09,-6.16,0.5,4.16,0.2355,0,0,1,0,1
3113,F04-SOJ,F04,133.0,-16.71611,-49.53242,2024/2025,2025-01-16,16,92,frutificacao,0.3608,0.3216,21.12,29.88,7.06,20.54,78.47,8.08,49054.7,0,saudavel,2.79,1,110,0.8364,3,0.441,-0.1842,22.13,6.93,1.15,0.58,4.42,0.2704,0,0,1,0,1
3114,F04-SOJ,F04,133.0,-16.71611,-49.53242,2024/2025,2025-01-17,17,93,frutificacao,0.3496,0.2645,20.86,28.43,3.38,20.57,78.38,8.21,57312.8,0,saudavel,2.79,1,110,0.8455,3,0.4151,-0.1816,10.44,8.08,0.13,0.29,4.45,0.2888,0,0,1,0,1
3115,F04-SOJ,F04,133.0,-16.71611,-49.53242,2024/2025,2025-01-18,18,94,maturacao,0.3181,0.2924,18.84,25.43,0.0,19.24,71.18,5.0,54826.8,0,saudavel,2.79,1,110,0.8545,4,0.3861,-0.2028,10.44,8.21,-3.21,-0.4,5.54,0.1966,0,0,1,0,1
3116,F04-SOJ,F04,133.0,-16.71611,-49.53242,2024/2025,2025-01-19,19,95,maturacao,0.3076,0.268,20.33,22.66,0.0,18.46,76.6,5.0,60178.3,0,saudavel,2.79,1,110,0.8636,4,0.3633,-0.1596,10.44,5.0,0.0,1.87,4.32,0.2207,0,0,1,0,1
3117,F04-SOJ,F04,133.0,-16.71611,-49.53242,2024/2025,2025-01-20,20,96,maturacao,0.3165,0.2634,18.55,21.9,3.55,18.94,88.55,5.0,51666.8,0,saudavel,2.79,1,110,0.8727,4,0.3491,-0.0999,13.99,5.0,0.0,-0.39,2.17,0.2283,0,0,1,0,1
3118,F04-SOJ,F04,133.0,-16.71611,-49.53242,2024/2025,2025-01-21,21,97,maturacao,0.2352,0.194,24.68,19.04,0.0,22.14,81.48,5.0,59379.7,0,atencao,2.79,1,110,0.8818,4,0.326,-0.1614,13.99,5.0,0.0,2.54,4.1,0.2626,0,0,1,0,1
3119,F04-SOJ,F04,133.0,-16.71611,-49.53242,2024/2025,2025-01-22,22,98,maturacao,0.2982,0.2327,22.66,16.57,0.0,21.65,83.87,5.0,60513.0,0,saudavel,2.79,1,110,0.8909,4,0.3123,-0.096,13.99,5.0,0.0,1.01,3.49,0.3018,0,0,1,0,1
3120,F04-SOJ,F04,133.0,-16.71611,-49.53242,2024/2025,2025-01-23,23,99,maturacao,0.2582,0.2321,19.85,15.44,2.02,19.13,78.85,5.0,50131.7,0,saudavel,2.79,1,110,0.9,4,0.2976,-0.1026,8.95,5.0,0.0,0.72,4.05,0.3238,0,0,1,0,1
3121,F04-SOJ,F04,133.0,-16.71611,-49.53242,2024/2025,2025-01-24,24,100,maturacao,0.2829,0.2465,23.38,18.41,10.09,20.52,78.4,6.28,42964.1,0,saudavel,2.79,1,110,0.9091,4,0.2881,-0.0667,15.66,5.0,1.28,2.86,4.43,0.3411,0,0,1,0,1
3122,F04-SOJ,F04,133.0,-16.71611,-49.53242,2024/2025,2025-01-25,25,101,maturacao,0.203,0.1842,22.22,15.86,0.0,21.5,79.18,5.0,57007.1,0,atencao,2.79,1,110,0.9182,4,0.2717,-0.1151,15.66,6.28,-1.28,0.72,4.48,0.3153,0,0,1,0,1
3123,F04-SOJ,F04,133.0,-16.71611,-49.53242,2024/2025,2025-01-26,26,102,maturacao,0.2236,0.1916,18.48,13.73,0.0,17.16,83.23,5.0,56480.3,0,saudavel,2.79,1,110,0.9273,4,0.2597,-0.084,15.66,5.0,0.0,1.32,2.88,0.3642,0,0,1,0,1
3124,F04-SOJ,F04,133.0,-16.71611,-49.53242,2024/2025,2025-01-27,27,103,maturacao,0.2135,0.1856,24.29,11.41,0.0,22.79,85.02,5.0,55006.0,0,saudavel,2.79,1,110,0.9364,4,0.2449,-0.103,12.11,5.0,0.0,1.5,3.41,0.4382,0,0,1,0,1
3125,F04-SOJ,F04,133.0,-16.71611,-49.53242,2024/2025,2025-01-28,28,104,maturacao,0.2232,0.1838,23.77,9.44,0.0,21.63,75.38,5.0,54236.2,0,saudavel,2.79,1,110,0.9455,4,0.2432,-0.012,12.11,5.0,0.0,2.14,5.33,0.5297,0,0,1,0,1
3126,F04-SOJ,F04,133.0,-16.71611,-49.53242,2024/2025,2025-01-29,29,105,maturacao,0.2108,0.2007,22.68,32.68,50.03,21.19,78.22,25.07,25155.7,0,saudavel,2.79,1,110,0.9545,4,0.2307,-0.0874,62.14,5.0,20.07,1.49,4.62,0.7671,0,0,1,0,1
3127,F04-SOJ,F04,133.0,-16.71611,-49.53242,2024/2025,2025-01-30,30,106,maturacao,0.2051,0.1865,25.32,41.13,24.33,21.7,74.54,34.83,33817.3,0,saudavel,2.79,1,110,0.9636,4,0.2232,-0.0531,84.45,25.07,9.76,3.62,5.52,0.8468,0,0,1,0,1
3128,F04-SOJ,F04,133.0,-16.71611,-49.53242,2024/2025,2025-01-31,31,107,colheita,0.2107,0.1825,17.49,38.88,3.85,16.76,71.53,30.58,48562.5,0,saudavel,2.79,1,110,0.9727,5,0.2128,-0.0722,78.21,34.83,-4.25,0.73,4.77,0.7865,0,0,1,0,1
3129,F04-SOJ,F04,133.0,-16.71611,-49.53242,2024/2025,2025-02-01,32,108,colheita,0.1905,0.1592,25.79,38.4,7.1,19.42,84.27,28.78,49370.7,0,saudavel,2.79,2,110,0.9818,5,0.2111,-0.0125,85.31,30.58,-1.8,6.37,3.05,0.7495,0,0,1,0,1
3130,F04-SOJ,F04,133.0,-16.71611,-49.53242,2024/2025,2025-02-02,33,109,colheita,0.1803,0.1179,22.88,34.21,0.0,21.56,87.01,24.5,52781.7,0,saudavel,2.79,2,110,0.9909,5,0.2049,-0.0433,85.31,28.78,-4.28,1.32,2.8,0.7162,0,0,1,0,1
