id,talhao_id,fazenda_id,cultura,area_ha,latitude,longitude,safra,data,dia_juliano,dias_desde_plantio,estagio_fenologico,ndvi,evi,temperatura_superficie_c,umidade_solo_satelite_pct,precipitacao_mm,temperatura_ar_c,umidade_ar_pct,umidade_solo_sensor_pct,luminosidade_lux,necessidade_irrigacao,status_saude,produtividade_estimada_ton_ha
1,F01-SOJ,F01,Soja,62.6,-16.52925,-49.16363,2023/2024,2023-10-16,289,0,germinacao,0.1772,0.141,33.08,45.0,2.69,30.67,69.29,44.97,42836.0,0,saudavel,2.42
2,F01-SOJ,F01,Soja,62.6,-16.52925,-49.16363,2023/2024,2023-10-17,290,1,germinacao,0.2132,0.2099,32.32,39.34,0.0,29.79,64.53,35.26,51091.4,0,saudavel,2.42
3,F01-SOJ,F01,Soja,62.6,-16.52925,-49.16363,2023/2024,2023-10-18,291,2,germinacao,0.1666,0.1184,32.6,34.17,0.0,28.93,74.5,24.73,50589.2,1,atencao,2.42
4,F01-SOJ,F01,Soja,62.6,-16.52925,-49.16363,2023/2024,2023-10-19,292,3,germinacao,0.204,0.1311,32.86,37.66,16.4,29.05,65.1,28.34,35781.7,0,saudavel,2.42
5,F01-SOJ,F01,Soja,62.6,-16.52925,-49.16363,2023/2024,2023-10-20,293,4,germinacao,0.1519,0.0919,31.02,32.7,0.0,28.08,65.82,20.4,46845.7,1,atencao,2.42
6,F01-SOJ,F01,Soja,62.6,-16.52925,-49.16363,2023/2024,2023-10-21,294,5,germinacao,0.18,0.1536,32.64,31.8,7.6,29.67,70.93,17.13,40610.4,0,saudavel,2.42
7,F01-SOJ,F01,Soja,62.6,-16.52925,-49.16363,2023/2024,2023-10-22,295,6,germinacao,0.1912,0.1632,29.39,27.35,0.0,28.26,73.07,9.22,48146.8,1,saudavel,2.42
8,F01-SOJ,F01,Soja,62.6,-16.52925,-49.16363,2023/2024,2023-10-23,296,7,germinacao,0.2012,0.1687,29.15,33.21,19.59,27.05,72.4,19.06,35348.0,0,saudavel,2.42
9,F01-SOJ,F01,Soja,62.6,-16.52925,-49.16363,2023/2024,2023-10-24,297,8,germinacao,0.2056,0.199,30.0,28.83,0.0,26.91,61.99,12.86,47507.3,1,saudavel,2.42
10,F01-SOJ,F01,Soja,62.6,-16.52925,-49.16363,2023/2024,2023-10-25,298,9,germinacao,0.2094,0.1246,32.0,24.56,0.0,29.02,72.02,6.46,51988.9,1,saudavel,2.42
11,F01-SOJ,F01,Soja,62.6,-16.52925,-49.16363,2023/2024,2023-10-26,299,10,germinacao,0.1892,0.1687,33.58,20.35,0.0,31.07,63.1,5.0,47249.8,1,saudavel,2.42
12,F01-SOJ,F01,Soja,62.6,-16.52925,-49.16363,2023/2024,2023-10-27,300,11,vegetativo,0.19,0.1928,32.05,16.74,0.0,28.87,70.94,5.0,50658.1,1,saudavel,2.42
13,F01-SOJ,F01,Soja,62.6,-16.52925,-49.16363,2023/2024,2023-10-28,301,12,vegetativo,0.2201,0.1645,30.9,13.53,0.0,28.39,63.1,5.0,51890.7,1,saudavel,2.42
14,F01-SOJ,F01,Soja,62.6,-16.52925,-49.16363,2023/2024,2023-10-29,302,13,vegetativo,0.2035,0.1654,32.3,10.48,0.0,28.93,72.3,5.0,59185.0,1,saudavel,2.42
15,F01-SOJ,F01,Soja,62.6,-16.52925,-49.16363,2023/2024,2023-10-30,303,14,vegetativo,0.1869,0.1438,33.0,8.0,0.0,30.39,65.33,5.0,48001.7,1,atencao,2.42
16,F01-SOJ,F01,Soja,62.6,-16.52925,-49.16363,2023/2024,2023-10-31,304,15,vegetativo,0.1958,0.1486,30.57,10.23,10.6,28.69,64.13,5.0,47568.1,0,atencao,2.42
17,F01-SOJ,F01,Soja,62.6,-16.52925,-49.16363,2023/2024,2023-11-01,305,16,vegetativo,0.2072,0.1696,30.14,8.0,0.0,,74.89,5.0,53139.4,1,atencao,2.42
18,F01-SOJ,F01,Soja,62.6,-16.52925,-49.16363,2023/2024,2023-11-02,306,17,vegetativo,0.2438,0.2358,28.75,8.0,0.0,29.87,71.37,5.0,54195.5,1,saudavel,2.42
19,F01-SOJ,F01,Soja,62.6,-16.52925,-49.16363,2023/2024,2023-11-03,307,18,vegetativo,0.2464,0.2462,30.95,8.0,0.0,28.78,67.91,5.0,53585.0,0,saudavel,2.42
20,F01-SOJ,F01,Soja,62.6,-16.52925,-49.16363,2023/2024,2023-11-04,308,19,vegetativo,0.2686,0.2216,28.3,8.0,0.0,30.37,77.44,5.0,54827.8,1,saudavel,2.42
21,F01-SOJ,F01,Soja,62.6,-16.52925,-49.16363,2023/2024,2023-11-05,309,20,vegetativo,0.2591,0.2583,28.21,8.0,0.0,28.26,69.4,5.0,53292.0,1,saudavel,2.42
22,F01-SOJ,F01,Soja,62.6,-16.52925,-49.16363,2023/2024,2023-11-06,310,21,vegetativo,0.2856,0.2434,27.96,8.0,0.0,26.07,73.23,5.0,58370.3,1,saudavel,2.42
23,F01-SOJ,F01,Soja,62.6,-16.52925,-49.16363,2023/2024,2023-11-07,311,22,vegetativo,0.3117,0.3,27.45,8.0,23.47,25.78,74.75,5.44,31661.7,0,saudavel,2.42
24,F01-SOJ,F01,Soja,62.6,-16.52925,-49.16363,2023/2024,2023-11-08,312,23,vegetativo,0.3118,0.2632,30.26,8.0,3.55,30.23,67.79,5.0,54679.7,0,saudavel,2.42
25,F01-SOJ,F01,Soja,62.6,-16.52925,-49.16363,2023/2024,2023-11-09,313,24,vegetativo,0.3482,0.2986,30.41,8.0,0.0,30.26,73.37,5.0,52813.3,1,saudavel,2.42
26,F01-SOJ,F01,Soja,62.6,-16.52925,-49.16363,2023/2024,2023-11-10,314,25,vegetativo,0.349,0.304,29.55,8.0,0.0,,70.26,5.0,54802.4,1,saudavel,2.42
27,F01-SOJ,F01,Soja,62.6,-16.52925,-49.16363,2023/2024,2023-11-11,315,26,vegetativo,0.3803,0.3868,27.02,13.6,25.4,26.93,71.24,15.1,28622.8,0,saudavel,2.42
28,F01-SOJ,F01,Soja,62.6,-16.52925,-49.16363,2023/2024,2023-11-12,316,27,vegetativo,0.4071,0.3631,32.19,15.04,8.54,29.61,78.65,16.88,48912.2,0,saudavel,2.42
29,F01-SOJ,F01,Soja,62.6,-16.52925,-49.16363,2023/2024,2023-11-13,317,28,vegetativo,0.4197,0.3426,25.9,16.41,7.65,25.68,69.14,14.76,52900.1,0,saudavel,2.42
30,F01-SOJ,F01,Soja,62.6,-16.52925,-49.16363,2023/2024,2023-11-14,318,29,vegetativo,0.4835,0.4304,25.96,19.65,11.47,25.91,62.27,14.65,44965.0,0,saudavel,2.42
31,F01-SOJ,F01,Soja,62.6,-16.52925,-49.16363,2023/2024,2023-11-15,319,30,vegetativo,0.4954,0.4139,29.29,25.36,17.43,28.13,81.19,22.98,39207.4,0,saudavel,2.42
32,F01-SOJ,F01,Soja,62.6,-16.52925,-49.16363,2023/2024,2023-11-16,320,31,vegetativo,0.5365,0.4462,25.78,22.16,0.0,26.48,87.01,19.1,52958.5,1,saudavel,2.42
33,F01-SOJ,F01,Soja,62.6,-16.52925,-49.16363,2023/2024,2023-11-17,321,32,vegetativo,0.5772,0.5088,24.78,33.05,27.67,26.98,72.07,30.6,29757.1,0,saudavel,2.42
34,F01-SOJ,F01,Soja,62.6,-16.52925,-49.16363,2023/2024,2023-11-18,322,33,vegetativo,0.6073,0.5168,25.07,29.32,0.0,26.65,64.73,20.89,51923.4,1,saudavel,2.42
35,F01-SOJ,F01,Soja,62.6,-16.52925,-49.16363,2023/2024,2023-11-19,323,34,vegetativo,0.6413,0.5507,25.5,25.86,0.0,27.31,72.59,15.83,54155.0,0,saudavel,2.42
36,F01-SOJ,F01,Soja,62.6,-16.52925,-49.16363,2023/2024,2023-11-20,324,35,vegetativo,0.6543,0.5564,25.57,22.51,0.0,28.82,71.93,12.71,57760.5,1,saudavel,2.42
37,F01-SOJ,F01,Soja,62.6,-16.52925,-49.16363,2023/2024,2023-11-21,325,36,vegetativo,0.6742,0.5798,24.43,26.74,14.06,26.76,73.77,20.96,47797.5,0,saudavel,2.42
38,F01-SOJ,F01,Soja,62.6,-16.52925,-49.16363,2023/2024,2023-11-22,326,37,vegetativo,0.7056,0.6082,24.4,23.56,0.0,27.49,68.83,16.61,65864.8,1,saudavel,2.42
39,F01-SOJ,F01,Soja,62.6,-16.52925,-49.16363,2023/2024,2023-11-23,327,38,vegetativo,0.6957,0.5526,22.02,21.12,0.0,23.36,79.89,12.34,55847.7,1,saudavel,2.42
40,F01-SOJ,F01,Soja,62.6,-16.52925,-49.16363,2023/2024,2023-11-24,328,39,floracao,0.7207,0.6259,23.81,18.56,0.0,26.26,77.98,7.64,62078.2,1,saudavel,2.42
41,F01-SOJ,F01,Soja,62.6,-16.52925,-49.16363,2023/2024,2023-11-25,329,40,floracao,0.7412,0.6103,22.02,16.39,0.0,24.98,68.77,5.39,58662.8,1,saudavel,2.42
42,F01-SOJ,F01,Soja,62.6,-16.52925,-49.16363,2023/2024,2023-11-26,330,41,floracao,0.7636,0.6202,21.34,14.5,0.0,24.32,80.24,5.0,57631.4,1,saudavel,2.42
43,F01-SOJ,F01,Soja,62.6,-16.52925,-49.16363,2023/2024,2023-11-27,331,42,floracao,0.8055,0.6835,21.71,12.78,0.0,24.73,86.86,5.0,59530.9,1,saudavel,2.42
44,F01-SOJ,F01,Soja,62.6,-16.52925,-49.16363,2023/2024,2023-11-28,332,43,floracao,0.7915,0.6745,22.94,25.26,28.33,25.45,77.13,20.95,30999.8,0,saudavel,2.42
45,F01-SOJ,F01,Soja,62.6,-16.52925,-49.16363,2023/2024,2023-11-29,333,44,floracao,0.8125,0.6768,22.92,22.39,0.0,27.23,73.62,18.75,58843.2,1,saudavel,2.42
46,F01-SOJ,F01,Soja,62.6,-16.52925,-49.16363,2023/2024,2023-11-30,334,45,floracao,0.8551,0.7435,19.03,25.53,10.61,23.77,76.77,23.49,47050.9,0,saudavel,2.42
47,F01-SOJ,F01,Soja,62.6,-16.52925,-49.16363,2023/2024,2023-12-01,335,46,floracao,0.8297,0.6784,23.34,22.85,0.0,25.7,79.48,17.05,54573.3,1,saudavel,2.42
48,F01-SOJ,F01,Soja,62.6,-16.52925,-49.16363,2023/2024,2023-12-02,336,47,floracao,0.8581,0.7213,20.7,20.53,0.0,24.83,68.36,14.63,54255.9,1,saudavel,2.42
49,F01-SOJ,F01,Soja,62.6,-16.52925,-49.16363,2023/2024,2023-12-03,337,48,floracao,0.8303,0.694,20.08,25.04,13.4,24.97,77.85,20.95,47784.1,0,saudavel,2.42
50,F01-SOJ,F01,Soja,62.6,-16.52925,-49.16363,2023/2024,2023-12-04,338,49,floracao,0.8495,0.7211,23.66,22.28,0.0,26.86,74.02,16.87,58277.1,1,saudavel,2.42
51,F01-SOJ,F01,Soja,62.6,-16.52925,-49.16363,2023/2024,2023-12-05,339,50,floracao,0.8385,0.7183,22.98,26.98,14.3,26.06,85.77,24.13,43307.8,0,saudavel,2.42
52,F01-SOJ,F01,Soja,62.6,-16.52925,-49.16363,2023/2024,2023-12-06,340,51,floracao,0.8539,0.7057,21.94,24.05,0.0,27.16,75.08,19.73,59329.3,1,saudavel,2.42
53,F01-SOJ,F01,Soja,62.6,-16.52925,-49.16363,2023/2024,2023-12-07,341,52,floracao,0.8801,0.7626,21.13,25.06,6.79,24.82,85.77,21.11,55052.2,0,saudavel,2.42
54,F01-SOJ,F01,Soja,62.6,-16.52925,-49.16363,2023/2024,2023-12-08,342,53,floracao,0.8309,0.7075,21.16,22.63,0.0,23.91,72.53,17.71,60017.4,1,saudavel,2.42
55,F01-SOJ,F01,Soja,62.6,-16.52925,-49.16363,2023/2024,2023-12-09,343,54,floracao,0.8758,0.7066,21.01,30.75,20.71,24.51,80.69,27.94,37027.3,0,saudavel,2.42
56,F01-SOJ,F01,Soja,62.6,-16.52925,-49.16363,2023/2024,2023-12-10,344,55,floracao,0.8732,0.703,21.88,27.79,0.0,25.11,79.05,19.58,63303.5,1,saudavel,2.42
57,F01-SOJ,F01,Soja,62.6,-16.52925,-49.16363,2023/2024,2023-12-11,345,56,floracao,0.8574,0.7286,19.79,25.06,0.0,24.91,73.29,15.53,64427.2,1,saudavel,2.42
58,F01-SOJ,F01,Soja,62.6,-16.52925,-49.16363,2023/2024,2023-12-12,346,57,floracao,0.841,0.7104,19.68,22.77,0.0,22.91,79.78,11.53,61232.1,1,saudavel,2.42
59,F01-SOJ,F01,Soja,62.6,-16.52925,-49.16363,2023/2024,2023-12-13,347,58,floracao,0.8716,0.7388,20.43,20.51,0.0,24.57,84.02,6.96,62722.2,1,saudavel,2.42
60,F01-SOJ,F01,Soja,62.6,-16.52925,-49.16363,2023/2024,2023-12-14,348,59,floracao,0.8595,0.73,20.46,18.39,0.0,24.68,76.33,7.61,63573.6,1,saudavel,2.42
61,F01-SOJ,F01,Soja,62.6,-16.52925,-49.16363,2023/2024,2023-12-15,349,60,floracao,0.8744,0.7477,25.01,16.07,0.0,28.01,67.54,7.73,63278.4,1,saudavel,2.42
62,F01-SOJ,F01,Soja,62.6,-16.52925,-49.16363,2023/2024,2023-12-16,350,61,frutificacao,0.8694,0.758,24.6,17.66,7.2,26.94,76.59,12.11,54576.4,0,saudavel,2.42
63,F01-SOJ,F01,Soja,62.6,-16.52925,-49.16363,2023/2024,2023-12-17,351,62,frutificacao,0.9,0.7428,20.44,16.04,0.0,22.75,74.73,10.05,61745.3,1,saudavel,2.42
64,F01-SOJ,F01,Soja,62.6,-16.52925,-49.16363,2023/2024,2023-12-18,352,63,frutificacao,0.8617,0.709,21.05,18.61,8.35,23.49,77.12,15.27,53186.0,0,saudavel,2.42
65,F01-SOJ,F01,Soja,62.6,-16.52925,-49.16363,2023/2024,2023-12-19,353,64,frutificacao,0.8442,0.6957,17.92,16.92,0.0,21.62,79.58,12.28,56695.5,1,saudavel,2.42
66,F01-SOJ,F01,Soja,62.6,-16.52925,-49.16363,2023/2024,2023-12-20,354,65,frutificacao,0.8659,0.7418,19.39,22.52,14.39,22.83,70.77,19.41,47712.5,0,saudavel,2.42
67,F01-SOJ,F01,Soja,62.6,-16.52925,-49.16363,2023/2024,2023-12-21,355,66,frutificacao,0.8639,0.7592,21.08,20.32,0.0,24.09,70.5,13.77,55932.6,1,saudavel,2.42
68,F01-SOJ,F01,Soja,62.6,-16.52925,-49.16363,2023/2024,2023-12-22,356,67,frutificacao,0.8832,0.7421,21.49,18.18,0.0,25.32,80.27,11.22,57613.1,1,saudavel,2.42
69,F01-SOJ,F01,Soja,62.6,-16.52925,-49.16363,2023/2024,2023-12-23,357,68,frutificacao,0.8685,0.6882,18.63,28.99,24.92,22.31,77.08,25.23,38981.9,0,saudavel,2.42
70,F01-SOJ,F01,Soja,62.6,-16.52925,-49.16363,2023/2024,2023-12-24,358,69,frutificacao,0.854,0.6918,19.46,29.28,5.61,22.32,66.88,22.12,56881.3,0,saudavel,2.42
71,F01-SOJ,F01,Soja,62.6,-16.52925,-49.16363,2023/2024,2023-12-25,359,70,frutificacao,0.8702,0.723,16.09,26.73,0.0,19.98,85.05,17.8,64412.4,1,saudavel,2.42
72,F01-SOJ,F01,Soja,62.6,-16.52925,-49.16363,2023/2024,2023-12-26,360,71,frutificacao,0.8101,0.6775,18.84,24.27,0.0,22.86,80.77,14.05,59107.2,1,saudavel,2.42
73,F01-SOJ,F01,Soja,62.6,-16.52925,-49.16363,2023/2024,2023-12-27,361,72,frutificacao,0.8129,0.6828,17.67,39.48,34.71,21.4,76.72,36.52,26487.3,0,saudavel,2.42
74,F01-SOJ,F01,Soja,62.6,-16.52925,-49.16363,2023/2024,2023-12-28,362,73,frutificacao,0.7976,0.6787,19.56,36.07,0.0,22.1,73.3,30.96,59126.4,1,saudavel,2.42
75,F01-SOJ,F01,Soja,62.6,-16.52925,-49.16363,2023/2024,2023-12-29,363,74,frutificacao,0.7972,0.6714,18.31,32.98,0.0,21.48,84.44,25.14,60107.3,1,saudavel,2.42
76,F01-SOJ,F01,Soja,62.6,-16.52925,-49.16363,2023/2024,2023-12-30,364,75,frutificacao,0.7646,0.6709,20.01,34.59,9.22,22.55,81.36,26.51,50807.7,0,saudavel,2.42
77,F01-SOJ,F01,Soja,62.6,-16.52925,-49.16363,2023/2024,2023-12-31,365,76,frutificacao,0.7901,0.6581,17.52,33.04,2.82,19.96,93.08,23.38,60286.4,1,saudavel,2.42
78,F01-SOJ,F01,Soja,62.6,-16.52925,-49.16363,2023/2024,2024-01-01,1,77,frutificacao,0.7562,0.6255,17.11,34.45,8.51,20.29,83.06,24.14,50086.9,0,saudavel,2.42
79,F01-SOJ,F01,Soja,62.6,-16.52925,-49.16363,2023/2024,2024-01-02,2,78,frutificacao,0.7124,0.6151,23.93,30.89,0.0,25.59,79.71,17.13,60609.6,1,saudavel,2.42
80,F01-SOJ,F01,Soja,62.6,-16.52925,-49.16363,2023/2024,2024-01-03,3,79,frutificacao,0.7005,0.5647,18.44,29.42,2.4,20.36,80.06,15.12,54132.3,1,saudavel,2.42
81,F01-SOJ,F01,Soja,62.6,-16.52925,-49.16363,2023/2024,2024-01-04,4,80,frutificacao,0.7039,0.6061,16.98,26.85,0.0,20.55,84.85,11.0,60744.1,1,saudavel,2.42
82,F01-SOJ,F01,Soja,62.6,-16.52925,-49.16363,2023/2024,2024-01-05,5,81,frutificacao,0.6891,0.5878,24.09,23.96,0.0,24.85,81.29,6.17,59313.1,1,saudavel,2.42
83,F01-SOJ,F01,Soja,62.6,-16.52925,-49.16363,2023/2024,2024-01-06,6,82,frutificacao,0.6851,0.5794,23.69,28.88,15.55,26.36,83.49,14.72,41618.0,0,saudavel,2.42
84,F01-SOJ,F01,Soja,62.6,-16.52925,-49.16363,2023/2024,2024-01-07,7,83,frutificacao,0.6746,0.6052,16.42,26.36,0.0,20.14,78.33,12.39,58399.7,1,saudavel,2.42
85,F01-SOJ,F01,Soja,62.6,-16.52925,-49.16363,2023/2024,2024-01-08,8,84,frutificacao,0.5944,0.4928,18.86,23.79,0.0,21.25,78.06,6.88,58447.4,1,saudavel,2.42
86,F01-SOJ,F01,Soja,62.6,-16.52925,-49.16363,2023/2024,2024-01-09,9,85,frutificacao,0.5353,0.4962,20.38,29.55,16.64,22.22,77.23,15.41,41749.9,0,saudavel,2.42
87,F01-SOJ,F01,Soja,62.6,-16.52925,-49.16363,2023/2024,2024-01-10,10,86,frutificacao,0.481,0.4044,23.93,32.43,12.45,24.21,82.35,20.95,51883.6,0,atencao,2.42
88,F01-SOJ,F01,Soja,62.6,-16.52925,-49.16363,2023/2024,2024-01-11,11,87,frutificacao,0.4977,0.3975,19.29,32.86,6.97,20.04,88.35,22.7,51538.1,0,saudavel,2.42
89,F01-SOJ,F01,Soja,62.6,-16.52925,-49.16363,2023/2024,2024-01-12,12,88,frutificacao,0.4453,0.3799,20.71,31.65,4.17,21.06,77.91,22.0,53715.6,0,saudavel,2.42
90,F01-SOJ,F01,Soja,62.6,-16.52925,-49.16363,2023/2024,2024-01-13,13,89,frutificacao,0.4236,0.3385,23.31,32.61,8.7,22.5,77.17,22.63,43618.7,0,saudavel,2.42
91,F01-SOJ,F01,Soja,62.6,-16.52925,-49.16363,2023/2024,2024-01-14,14,90,frutificacao,0.3914,0.3177,22.71,29.16,0.0,21.89,81.18,16.2,55550.5,1,saudavel,2.42
92,F01-SOJ,F01,Soja,62.6,-16.52925,-49.16363,2023/2024,2024-01-15,15,91,frutificacao,0.3744,0.3262,21.53,33.05,13.87,20.59,79.11,19.75,43870.0,0,saudavel,2.42
93,F01-SOJ,F01,Soja,62.6,-16.52925,-49.16363,2023/2024,2024-01-16,16,92,frutificacao,0.374,0.329,21.9,42.14,24.96,20.86,84.88,31.97,31775.7,0,saudavel,2.42
94,F01-SOJ,F01,Soja,62.6,-16.52925,-49.16363,2023/2024,2024-01-17,17,93,frutificacao,0.3335,0.271,20.52,38.07,0.0,18.91,69.97,25.88,61917.4,1,saudavel,2.42
95,F01-SOJ,F01,Soja,62.6,-16.52925,-49.16363,2023/2024,2024-01-18,18,94,maturacao,0.307,0.2807,19.65,34.22,0.0,20.52,76.06,22.11,57112.7,0,saudavel,2.42
96,F01-SOJ,F01,Soja,62.6,-16.52925,-49.16363,2023/2024,2024-01-19,19,95,maturacao,0.2715,0.2539,21.59,30.65,0.0,20.39,76.3,18.68,61302.5,0,saudavel,2.42
97,F01-SOJ,F01,Soja,62.6,-16.52925,-49.16363,2023/2024,2024-01-20,20,96,maturacao,0.2428,0.2351,20.69,27.23,0.0,21.06,68.14,13.87,57446.5,0,atencao,2.42
98,F01-SOJ,F01,Soja,62.6,-16.52925,-49.16363,2023/2024,2024-01-21,21,97,maturacao,0.2525,0.2252,21.55,31.93,15.39,19.79,75.61,18.45,42549.2,0,saudavel,2.42
99,F01-SOJ,F01,Soja,62.6,-16.52925,-49.16363,2023/2024,2024-01-22,22,98,maturacao,0.249,0.2389,23.0,44.62,32.44,21.24,74.91,34.47,28180.4,0,saudavel,2.42
100,F01-SOJ,F01,Soja,62.6,-16.52925,-49.16363,2023/2024,2024-01-23,23,99,maturacao,0.2749,0.196,24.54,40.03,0.0,21.97,77.96,,56713.2,0,saudavel,2.42
101,F01-SOJ,F01,Soja,62.6,-16.52925,-49.16363,2023/2024,2024-01-24,24,100,maturacao,0.233,0.1917,23.69,35.9,0.0,20.6,85.28,20.85,61661.1,0,saudavel,2.42
102,F01-SOJ,F01,Soja,62.6,-16.52925,-49.16363,2023/2024,2024-01-25,25,101,maturacao,0.2423,0.1886,22.84,32.09,0.0,20.82,78.27,15.01,49343.6,0,saudavel,2.42
103,F01-SOJ,F01,Soja,62.6,-16.52925,-49.16363,2023/2024,2024-01-26,26,102,maturacao,0.206,0.1775,21.93,30.85,4.5,20.29,74.57,14.41,45883.9,0,saudavel,2.42
104,F01-SOJ,F01,Soja,62.6,-16.52925,-49.16363,2023/2024,2024-01-27,27,103,maturacao,0.1866,0.1472,22.93,27.45,0.0,20.13,79.45,9.85,54253.0,0,atencao,2.42
105,F01-SOJ,F01,Soja,62.6,-16.52925,-49.16363,2023/2024,2024-01-28,28,104,maturacao,0.1862,0.1549,20.76,24.33,0.0,18.97,85.58,5.93,55708.6,0,atencao,2.42
106,F01-SOJ,F01,Soja,62.6,-16.52925,-49.16363,2023/2024,2024-01-29,29,105,maturacao,0.1869,0.1965,22.76,42.6,42.38,20.45,74.47,31.61,29791.6,0,saudavel,2.42
107,F01-SOJ,F01,Soja,62.6,-16.52925,-49.16363,2023/2024,2024-01-30,30,106,maturacao,0.2405,0.2011,22.57,38.35,0.0,19.75,75.12,24.23,56634.5,0,saudavel,2.42
108,F01-SOJ,F01,Soja,62.6,-16.52925,-49.16363,2023/2024,2024-01-31,31,107,colheita,0.1787,0.1601,24.8,34.0,0.0,22.96,80.44,18.56,53830.5,0,atencao,2.42
109,F01-SOJ,F01,Soja,62.6,-16.52925,-49.16363,2023/2024,2024-02-01,32,108,colheita,0.2094,0.1734,25.03,34.46,8.65,22.11,76.94,19.77,49913.6,0,saudavel,2.42
110,F01-SOJ,F01,Soja,62.6,-16.52925,-49.16363,2023/2024,2024-02-02,33,109,colheita,0.1725,0.1482,23.38,38.73,15.99,20.25,82.29,23.63,43071.6,0,atencao,2.42
111,F01-SOJ,F01,Soja,62.6,-16.52925,-49.16363,2024/2025,2024-10-15,289,0,germinacao,0.1734,0.1382,31.43,45.0,0.0,29.98,61.94,48.14,44004.6,0,saudavel,2.55
112,F01-SOJ,F01,Soja,62.6,-16.52925,-49.16363,2024/2025,2024-10-16,290,1,germinacao,0.2308,0.1875,32.11,39.44,0.0,29.22,67.35,35.43,45073.6,0,saudavel,2.55
113,F01-SOJ,F01,Soja,62.6,-16.52925,-49.16363,2024/2025,2024-10-17,291,2,germinacao,0.1491,0.1333,31.8,38.69,8.98,29.23,71.32,31.65,41045.6,0,atencao,2.55
114,F01-SOJ,F01,Soja,62.6,-16.52925,-49.16363,2024/2025,2024-10-18,292,3,germinacao,0.1887,0.1721,33.19,33.41,0.0,30.55,55.43,23.84,47717.4,1,saudavel,2.55
115,F01-SOJ,F01,Soja,62.6,-16.52925,-49.16363,2024/2025,2024-10-19,293,4,germinacao,0.163,0.1204,29.12,33.87,9.64,26.13,75.34,27.41,45436.3,0,atencao,2.55
116,F01-SOJ,F01,Soja,62.6,-16.52925,-49.16363,2024/2025,2024-10-20,294,5,germinacao,0.1768,0.151,29.44,29.5,0.0,26.04,64.49,22.54,52310.8,0,saudavel,2.55
117,F01-SOJ,F01,Soja,62.6,-16.52925,-49.16363,2024/2025,2024-10-21,295,6,germinacao,0.1908,0.1215,31.72,25.1,0.0,29.35,70.26,17.52,51245.6,1,saudavel,2.55
118,F01-SOJ,F01,Soja,62.6,-16.52925,-49.16363,2024/2025,2024-10-22,296,7,germinacao,0.143,0.1258,33.0,21.04,0.0,28.87,70.3,11.12,50505.5,1,atencao,2.55
119,F01-SOJ,F01,Soja,62.6,-16.52925,-49.16363,2024/2025,2024-10-23,297,8,germinacao,0.1961,0.1819,31.62,17.37,0.0,29.08,74.54,5.2,51553.9,0,saudavel,2.55
120,F01-SOJ,F01,Soja,62.6,-16.52925,-49.16363,2024/2025,2024-10-24,298,9,germinacao,0.2316,0.1913,30.61,17.61,6.9,28.07,72.65,7.56,42262.1,0,saudavel,2.55
121,F01-SOJ,F01,Soja,62.6,-16.52925,-49.16363,2024/2025,2024-10-25,299,10,germinacao,0.1871,0.1954,31.18,14.12,0.0,29.69,57.21,5.0,53546.7,1,saudavel,2.55
122,F01-SOJ,F01,Soja,62.6,-16.52925,-49.16363,2024/2025,2024-10-26,300,11,vegetativo,0.2045,0.1562,34.35,10.89,0.0,30.03,65.14,,47934.1,1,saudavel,2.55
123,F01-SOJ,F01,Soja,62.6,-16.52925,-49.16363,2024/2025,2024-10-27,301,12,vegetativo,0.2235,0.1943,31.75,8.04,0.0,29.29,70.37,5.0,54067.9,1,saudavel,2.55
124,F01-SOJ,F01,Soja,62.6,-16.52925,-49.16363,2024/2025,2024-10-28,302,13,vegetativo,0.204,0.1727,30.98,8.0,4.26,28.11,69.59,5.0,51724.3,0,saudavel,2.55
125,F01-SOJ,F01,Soja,62.6,-16.52925,-49.16363,2024/2025,2024-10-29,303,14,vegetativo,0.2008,0.1687,25.85,40.5,69.97,25.27,74.82,42.49,26699.4,0,saudavel,2.55
126,F01-SOJ,F01,Soja,62.6,-16.52925,-49.16363,2024/2025,2024-10-30,304,15,vegetativo,0.173,0.1447,31.13,35.18,0.0,29.51,74.0,28.47,,0,atencao,2.55
127,F01-SOJ,F01,Soja,62.6,-16.52925,-49.16363,2024/2025,2024-10-31,305,16,vegetativo,0.2384,0.2048,33.21,30.31,0.0,30.12,72.89,21.43,53890.8,1,saudavel,2.55
128,F01-SOJ,F01,Soja,62.6,-16.52925,-49.16363,2024/2025,2024-11-01,306,17,vegetativo,0.2316,0.2138,31.38,25.93,0.0,29.18,69.51,13.98,44377.4,1,saudavel,2.55
129,F01-SOJ,F01,Soja,62.6,-16.52925,-49.16363,2024/2025,2024-11-02,307,18,vegetativo,0.2233,0.2174,26.9,23.81,3.28,26.82,62.92,11.47,51229.5,0,atencao,2.55
130,F01-SOJ,F01,Soja,62.6,-16.52925,-49.16363,2024/2025,2024-11-03,308,19,vegetativo,0.2573,0.2186,31.8,20.0,0.0,29.08,68.68,6.8,53153.6,1,saudavel,2.55
131,F01-SOJ,F01,Soja,62.6,-16.52925,-49.16363,2024/2025,2024-11-04,309,20,vegetativo,0.256,0.2339,30.43,16.47,0.0,29.28,73.08,5.0,53601.2,1,saudavel,2.55
132,F01-SOJ,F01,Soja,62.6,-16.52925,-49.16363,2024/2025,2024-11-05,310,21,vegetativo,0.2718,0.217,33.21,13.13,0.0,30.25,65.12,5.0,56127.7,1,saudavel,2.55
133,F01-SOJ,F01,Soja,62.6,-16.52925,-49.16363,2024/2025,2024-11-06,311,22,vegetativo,0.3113,0.2799,27.63,20.37,19.6,26.52,76.12,,36310.2,1,saudavel,2.55
134,F01-SOJ,F01,Soja,62.6,-16.52925,-49.16363,2024/2025,2024-11-07,312,23,vegetativo,0.2913,0.2323,29.0,17.08,0.0,27.41,77.12,5.0,51084.2,1,atencao,2.55
135,F01-SOJ,F01,Soja,62.6,-16.52925,-49.16363,2024/2025,2024-11-08,313,24,vegetativo,0.36,0.3278,30.73,14.0,0.0,28.79,72.53,5.0,54322.1,1,saudavel,2.55
136,F01-SOJ,F01,Soja,62.6,-16.52925,-49.16363,2024/2025,2024-11-09,314,25,vegetativo,0.3343,0.3284,27.77,18.23,13.93,27.68,57.39,8.08,42424.8,0,saudavel,2.55
137,F01-SOJ,F01,Soja,62.6,-16.52925,-49.16363,2024/2025,2024-11-10,315,26,vegetativo,0.3743,0.3157,25.47,15.43,0.0,25.83,67.57,5.0,55560.1,1,saudavel,2.55
138,F01-SOJ,F01,Soja,62.6,-16.52925,-49.16363,2024/2025,2024-11-11,316,27,vegetativo,0.4532,0.3414,27.77,12.71,0.0,28.04,82.21,5.0,55928.3,1,saudavel,2.55
139,F01-SOJ,F01,Soja,62.6,-16.52925,-49.16363,2024/2025,2024-11-12,317,28,vegetativo,0.4661,0.3853,28.84,19.21,18.0,28.2,70.09,12.35,42086.1,0,saudavel,2.55
140,F01-SOJ,F01,Soja,62.6,-16.52925,-49.16363,2024/2025,2024-11-13,318,29,vegetativo,0.4757,0.429,25.77,18.6,4.62,27.38,63.53,11.28,48326.0,0,saudavel,2.55
141,F01-SOJ,F01,Soja,62.6,-16.52925,-49.16363,2024/2025,2024-11-14,319,30,vegetativo,0.486,0.4242,25.45,15.75,0.0,27.49,79.7,5.0,56622.1,1,saudavel,2.55
142,F01-SOJ,F01,Soja,62.6,-16.52925,-49.16363,2024/2025,2024-11-15,320,31,vegetativo,0.5257,0.4518,26.78,19.46,12.37,26.69,74.2,11.23,48561.5,0,saudavel,2.55
143,F01-SOJ,F01,Soja,62.6,-16.52925,-49.16363,2024/2025,2024-11-16,321,32,vegetativo,0.5691,0.5039,27.48,20.37,7.83,29.2,78.28,9.93,43924.6,0,saudavel,2.55
144,F01-SOJ,F01,Soja,62.6,-16.52925,-49.16363,2024/2025,2024-11-17,322,33,vegetativo,0.5991,0.5189,23.76,17.77,0.0,25.54,76.47,7.35,57240.7,1,saudavel,2.55
145,F01-SOJ,F01,Soja,62.6,-16.52925,-49.16363,2024/2025,2024-11-18,323,34,vegetativo,0.6262,0.5566,22.43,15.38,0.0,25.92,77.27,5.0,55137.5,1,saudavel,2.55
146,F01-SOJ,F01,Soja,62.6,-16.52925,-49.16363,2024/2025,2024-11-19,324,35,vegetativo,0.6556,0.5757,24.15,20.29,14.33,26.73,76.43,9.06,42331.3,0,saudavel,2.55
147,F01-SOJ,F01,Soja,62.6,-16.52925,-49.16363,2024/2025,2024-11-20,325,36,vegetativo,0.6784,0.6071,25.82,29.78,24.5,27.94,77.5,21.22,31164.3,0,saudavel,2.55
148,F01-SOJ,F01,Soja,62.6,-16.52925,-49.16363,2024/2025,2024-11-21,326,37,vegetativo,0.6783,0.5838,23.11,26.71,0.0,24.28,87.71,16.22,56928.5,1,saudavel,2.55
149,F01-SOJ,F01,Soja,62.6,-16.52925,-49.16363,2024/2025,2024-11-22,327,38,vegetativo,0.7192,0.6294,21.22,23.91,0.0,24.47,81.18,11.48,63131.2,1,saudavel,2.55
150,F01-SOJ,F01,Soja,62.6,-16.52925,-49.16363,2024/2025,2024-11-23,328,39,floracao,0.7679,0.6466,22.03,21.56,0.0,23.28,69.25,9.72,53979.0,1,saudavel,2.55
151,F01-SOJ,F01,Soja,62.6,-16.52925,-49.16363,2024/2025,2024-11-24,329,40,floracao,0.7402,0.6172,22.94,35.82,33.67,26.29,77.69,28.09,25456.9,0,saudavel,2.55
152,F01-SOJ,F01,Soja,62.6,-16.52925,-49.16363,2024/2025,2024-11-25,330,41,floracao,0.7797,0.6969,20.77,32.39,0.0,24.47,82.36,23.76,54179.4,1,saudavel,2.55
153,F01-SOJ,F01,Soja,62.6,-16.52925,-49.16363,2024/2025,2024-11-26,331,42,floracao,0.7811,0.6682,23.98,29.11,0.0,25.47,82.17,19.02,63415.4,1,saudavel,2.55
154,F01-SOJ,F01,Soja,62.6,-16.52925,-49.16363,2024/2025,2024-11-27,332,43,floracao,0.8118,0.7062,23.85,38.53,25.13,26.94,73.24,29.82,32536.4,0,saudavel,2.55
155,F01-SOJ,F01,Soja,62.6,-16.52925,-49.16363,2024/2025,2024-11-28,333,44,floracao,0.8123,0.693,21.03,34.88,0.0,24.89,82.53,22.42,58435.1,1,saudavel,2.55
156,F01-SOJ,F01,Soja,62.6,-16.52925,-49.16363,2024/2025,2024-11-29,334,45,floracao,0.8587,0.7181,22.22,31.45,0.0,26.1,80.71,15.07,57434.4,1,saudavel,2.55
157,F01-SOJ,F01,Soja,62.6,-16.52925,-49.16363,2024/2025,2024-11-30,335,46,floracao,0.847,0.7201,22.94,36.22,15.68,25.21,89.57,22.27,40575.9,0,saudavel,2.55
158,F01-SOJ,F01,Soja,62.6,-16.52925,-49.16363,2024/2025,2024-12-01,336,47,floracao,0.8172,0.7233,24.68,42.52,19.93,26.57,72.23,29.69,38623.1,0,saudavel,2.55
159,F01-SOJ,F01,Soja,62.6,-16.52925,-49.16363,2024/2025,2024-12-02,337,48,floracao,0.8467,0.7308,21.73,38.45,0.0,26.17,73.76,19.92,66374.7,1,saudavel,2.55
160,F01-SOJ,F01,Soja,62.6,-16.52925,-49.16363,2024/2025,2024-12-03,338,49,floracao,0.8066,0.6514,21.02,41.39,13.05,24.32,75.96,23.35,50431.5,0,saudavel,2.55
161,F01-SOJ,F01,Soja,62.6,-16.52925,-49.16363,2024/2025,2024-12-04,339,50,floracao,0.7985,0.6745,21.91,37.48,0.0,25.0,74.71,17.01,56649.7,1,saudavel,2.55
162,F01-SOJ,F01,Soja,62.6,-16.52925,-49.16363,2024/2025,2024-12-05,340,51,floracao,0.8036,0.7187,22.5,33.68,0.0,26.72,71.76,15.27,61246.5,1,saudavel,2.55
163,F01-SOJ,F01,Soja,62.6,-16.52925,-49.16363,2024/2025,2024-12-06,341,52,floracao,0.774,0.6536,22.62,30.27,0.0,25.64,63.12,9.04,56898.5,1,atencao,2.55
164,F01-SOJ,F01,Soja,62.6,-16.52925,-49.16363,2024/2025,2024-12-07,342,53,floracao,0.7877,0.6335,19.77,27.48,0.0,22.86,76.5,5.0,54147.3,1,atencao,2.55
165,F01-SOJ,F01,Soja,62.6,-16.52925,-49.16363,2024/2025,2024-12-08,343,54,floracao,0.7398,0.6667,24.31,24.49,0.0,25.83,78.81,5.0,62612.1,0,atencao,2.55
166,F01-SOJ,F01,Soja,62.6,-16.52925,-49.16363,2024/2025,2024-12-09,344,55,floracao,0.7281,0.6325,21.77,22.05,0.0,23.12,76.19,5.14,63104.9,1,atencao,2.55
167,F01-SOJ,F01,Soja,62.6,-16.52925,-49.16363,2024/2025,2024-12-10,345,56,floracao,0.7121,0.6039,24.03,27.8,16.91,26.76,86.2,12.86,46007.3,0,atencao,2.55
168,F01-SOJ,F01,Soja,62.6,-16.52925,-49.16363,2024/2025,2024-12-11,346,57,floracao,0.6983,0.5862,23.58,24.69,0.0,26.08,77.06,8.45,58338.9,0,atencao,2.55
169,F01-SOJ,F01,Soja,62.6,-16.52925,-49.16363,2024/2025,2024-12-12,347,58,floracao,0.7158,0.6301,23.1,22.01,0.0,24.87,84.23,6.93,59300.9,1,atencao,2.55
170,F01-SOJ,F01,Soja,62.6,-16.52925,-49.16363,2024/2025,2024-12-13,348,59,floracao,0.6903,0.5759,21.77,19.53,0.0,24.57,79.32,5.0,62097.0,1,atencao,2.55
171,F01-SOJ,F01,Soja,62.6,-16.52925,-49.16363,2024/2025,2024-12-14,349,60,floracao,0.6956,0.6142,22.25,17.34,0.0,23.92,82.58,5.0,61062.6,1,atencao,2.55
172,F01-SOJ,F01,Soja,62.6,-16.52925,-49.16363,2024/2025,2024-12-15,350,61,frutificacao,0.6902,0.5975,22.85,20.13,9.91,25.15,79.16,5.0,48841.2,0,atencao,2.55
173,F01-SOJ,F01,Soja,62.6,-16.52925,-49.16363,2024/2025,2024-12-16,351,62,frutificacao,0.6075,0.5213,21.03,17.81,0.0,,85.65,5.0,55093.0,1,critico,2.55
174,F01-SOJ,F01,Soja,62.6,-16.52925,-49.16363,2024/2025,2024-12-17,352,63,frutificacao,0.6125,0.5236,21.81,15.6,0.0,24.28,78.64,5.0,60313.6,1,critico,2.55
175,F01-SOJ,F01,Soja,62.6,-16.52925,-49.16363,2024/2025,2024-12-18,353,64,frutificacao,0.5704,0.4813,25.44,13.39,0.0,25.13,80.37,5.0,63224.6,1,critico,2.55
176,F01-SOJ,F01,Soja,62.6,-16.52925,-49.16363,2024/2025,2024-12-19,354,65,frutificacao,0.5609,0.4976,21.67,11.61,0.0,22.87,,5.0,56404.1,1,critico,2.55
177,F01-SOJ,F01,Soja,62.6,-16.52925,-49.16363,2024/2025,2024-12-20,355,66,frutificacao,0.5461,0.4468,23.41,9.98,0.0,22.69,77.97,5.0,61916.3,1,critico,2.55
178,F01-SOJ,F01,Soja,62.6,-16.52925,-49.16363,2024/2025,2024-12-21,356,67,frutificacao,0.5552,0.4395,20.21,8.61,0.0,21.72,82.05,5.0,60991.5,1,critico,2.55
179,F01-SOJ,F01,Soja,62.6,-16.52925,-49.16363,2024/2025,2024-12-22,357,68,frutificacao,0.5724,0.4988,20.95,8.0,0.0,21.81,91.16,5.0,62238.0,1,critico,2.55
180,F01-SOJ,F01,Soja,62.6,-16.52925,-49.16363,2024/2025,2024-12-23,358,69,frutificacao,0.6068,0.5284,21.49,16.72,20.61,20.56,79.41,15.58,41989.0,0,critico,2.55
181,F01-SOJ,F01,Soja,62.6,-16.52925,-49.16363,2024/2025,2024-12-24,359,70,frutificacao,0.6007,0.5202,21.83,14.57,0.0,24.3,80.63,9.44,57866.8,1,critico,2.55
182,F01-SOJ,F01,Soja,62.6,-16.52925,-49.16363,2024/2025,2024-12-25,360,71,frutificacao,0.6562,0.5659,22.01,12.49,0.0,25.81,83.93,8.09,,1,atencao,2.55
183,F01-SOJ,F01,Soja,62.6,-16.52925,-49.16363,2024/2025,2024-12-26,361,72,frutificacao,0.6339,0.5324,24.72,10.62,0.0,25.14,83.76,5.0,58287.5,1,atencao,2.55
184,F01-SOJ,F01,Soja,62.6,-16.52925,-49.16363,2024/2025,2024-12-27,362,73,frutificacao,0.7199,0.6277,17.15,9.57,0.0,20.46,80.93,5.0,62515.1,1,atencao,2.55
185,F01-SOJ,F01,Soja,62.6,-16.52925,-49.16363,2024/2025,2024-12-28,363,74,frutificacao,0.6645,0.5639,21.88,8.14,0.0,23.88,66.9,5.0,58175.2,1,atencao,2.55
186,F01-SOJ,F01,Soja,62.6,-16.52925,-49.16363,2024/2025,2024-12-29,364,75,frutificacao,0.6827,0.5705,22.1,8.0,0.0,24.83,80.83,5.0,57666.3,0,atencao,2.55
187,F01-SOJ,F01,Soja,62.6,-16.52925,-49.16363,2024/2025,2024-12-30,365,76,frutificacao,0.6608,0.5554,20.23,30.47,49.43,21.91,68.9,29.01,24380.8,0,atencao,2.55
188,F01-SOJ,F01,Soja,62.6,-16.52925,-49.16363,2024/2025,2024-12-31,366,77,frutificacao,0.7238,0.6556,19.18,27.6,0.0,22.65,86.9,23.64,64882.6,1,saudavel,2.55
189,F01-SOJ,F01,Soja,62.6,-16.52925,-49.16363,2024/2025,2025-01-01,1,78,frutificacao,0.7123,0.5707,16.89,25.19,0.0,19.48,82.29,20.62,62101.8,1,saudavel,2.55
190,F01-SOJ,F01,Soja,62.6,-16.52925,-49.16363,2024/2025,2025-01-02,2,79,frutificacao,0.6931,0.5991,21.0,22.68,0.0,22.79,84.45,16.07,61863.2,1,saudavel,2.55
191,F01-SOJ,F01,Soja,62.6,-16.52925,-49.16363,2024/2025,2025-01-03,3,80,frutificacao,0.6544,0.5227,17.8,20.57,0.0,20.7,76.18,12.89,62379.5,1,saudavel,2.55
192,F01-SOJ,F01,Soja,62.6,-16.52925,-49.16363,2024/2025,2025-01-04,4,81,frutificacao,0.6766,0.5729,19.71,18.44,0.0,22.49,71.83,10.8,61123.2,1,saudavel,2.55
193,F01-SOJ,F01,Soja,62.6,-16.52925,-49.16363,2024/2025,2025-01-05,5,82,frutificacao,0.6227,0.5207,17.8,16.7,0.0,19.76,82.52,7.05,58570.8,1,saudavel,2.55
194,F01-SOJ,F01,Soja,62.6,-16.52925,-49.16363,2024/2025,2025-01-06,6,83,frutificacao,0.6456,0.507,19.57,14.79,0.0,22.81,79.19,6.15,58717.2,1,saudavel,2.55
195,F01-SOJ,F01,Soja,62.6,-16.52925,-49.16363,2024/2025,2025-01-07,7,84,frutificacao,0.6023,0.5198,21.6,18.51,11.23,23.44,76.5,12.65,46759.2,0,saudavel,2.55
196,F01-SOJ,F01,Soja,62.6,-16.52925,-49.16363,2024/2025,2025-01-08,8,85,frutificacao,0.557,0.4659,19.74,20.84,8.5,20.63,81.04,19.23,58544.6,0,saudavel,2.55
197,F01-SOJ,F01,Soja,62.6,-16.52925,-49.16363,2024/2025,2025-01-09,9,86,frutificacao,0.4749,0.3617,19.33,25.83,14.29,20.0,94.79,23.86,46526.4,0,atencao,2.55
198,F01-SOJ,F01,Soja,62.6,-16.52925,-49.16363,2024/2025,2025-01-10,10,87,frutificacao,0.4726,0.4185,17.86,37.23,27.9,18.38,86.07,36.38,30047.8,0,saudavel,2.55
199,F01-SOJ,F01,Soja,62.6,-16.52925,-49.16363,2024/2025,2025-01-11,11,88,frutificacao,0.4753,0.4327,20.82,38.21,9.16,21.12,85.46,36.13,51091.1,0,saudavel,2.55
200,F01-SOJ,F01,Soja,62.6,-16.52925,-49.16363,2024/2025,2025-01-12,12,89,frutificacao,0.4561,0.4175,19.79,34.57,0.0,20.55,84.73,30.1,55479.4,1,saudavel,2.55
201,F01-SOJ,F01,Soja,62.6,-16.52925,-49.16363,2024/2025,2025-01-13,13,90,frutificacao,0.4258,0.3691,19.87,42.88,23.28,19.01,88.79,38.28,40243.4,0,saudavel,2.55
202,F01-SOJ,F01,Soja,62.6,-16.52925,-49.16363,2024/2025,2025-01-14,14,91,frutificacao,0.3453,0.2945,24.25,54.34,31.62,21.92,78.64,50.15,27133.4,0,atencao,2.55
203,F01-SOJ,F01,Soja,62.6,-16.52925,-49.16363,2024/2025,2025-01-15,15,92,frutificacao,0.3587,0.3315,20.78,49.28,0.0,20.48,70.13,41.0,59588.4,0,saudavel,2.55
204,F01-SOJ,F01,Soja,62.6,-16.52925,-49.16363,2024/2025,2025-01-16,16,93,frutificacao,0.3507,0.3317,20.78,51.39,13.45,19.45,,40.24,48143.0,1,saudavel,2.55
205,F01-SOJ,F01,Soja,62.6,-16.52925,-49.16363,2024/2025,2025-01-17,17,94,maturacao,0.277,0.2582,21.41,50.32,7.69,20.14,84.55,36.34,51523.0,0,atencao,2.55
206,F01-SOJ,F01,Soja,62.6,-16.52925,-49.16363,2024/2025,2025-01-18,18,95,maturacao,0.292,0.2294,24.23,45.23,0.0,22.49,74.17,28.55,57890.9,0,saudavel,2.55
207,F01-SOJ,F01,Soja,62.6,-16.52925,-49.16363,2024/2025,2025-01-19,19,96,maturacao,0.2817,0.2435,24.73,47.75,14.24,21.7,78.55,32.89,43836.5,0,saudavel,2.55
208,F01-SOJ,F01,Soja,62.6,-16.52925,-49.16363,2024/2025,2025-01-20,20,97,maturacao,0.2563,0.2266,22.71,45.5,4.9,20.51,76.61,28.1,52419.9,0,saudavel,2.55
209,F01-SOJ,F01,Soja,62.6,-16.52925,-49.16363,2024/2025,2025-01-21,21,98,maturacao,0.213,0.1449,21.86,48.27,14.95,21.55,86.89,28.62,41124.2,0,atencao,2.55
210,F01-SOJ,F01,Soja,62.6,-16.52925,-49.16363,2024/2025,2025-01-22,22,99,maturacao,0.233,0.2074,21.15,43.56,0.0,18.79,84.7,19.48,55545.2,0,saudavel,2.55
211,F01-SOJ,F01,Soja,62.6,-16.52925,-49.16363,2024/2025,2025-01-23,23,100,maturacao,0.2239,0.2357,23.72,48.65,19.0,20.5,83.11,25.23,43187.9,0,saudavel,2.55
212,F01-SOJ,F01,Soja,62.6,-16.52925,-49.16363,2024/2025,2025-01-24,24,101,maturacao,0.2197,0.1995,22.39,45.8,3.97,20.59,82.83,20.08,52440.9,0,saudavel,2.55
213,F01-SOJ,F01,Soja,62.6,-16.52925,-49.16363,2024/2025,2025-01-25,25,102,maturacao,0.2047,0.2035,22.74,44.19,5.89,19.58,80.05,18.9,48418.8,0,saudavel,2.55
214,F01-SOJ,F01,Soja,62.6,-16.52925,-49.16363,2024/2025,2025-01-26,26,103,maturacao,0.2014,0.1749,22.36,46.12,12.93,20.86,80.37,20.82,42454.3,0,saudavel,2.55
215,F01-SOJ,F01,Soja,62.6,-16.52925,-49.16363,2024/2025,2025-01-27,27,104,maturacao,0.2047,0.1725,19.63,41.54,0.0,18.96,74.51,14.86,59183.6,0,saudavel,2.55
216,F01-SOJ,F01,Soja,62.6,-16.52925,-49.16363,2024/2025,2025-01-28,28,105,maturacao,0.2103,0.1863,23.06,52.48,30.49,20.81,68.3,29.56,29859.3,0,saudavel,2.55
217,F01-SOJ,F01,Soja,62.6,-16.52925,-49.16363,2024/2025,2025-01-29,29,106,maturacao,0.1919,0.1468,21.32,47.27,0.0,20.8,79.89,22.27,57123.6,0,saudavel,2.55
218,F01-SOJ,F01,Soja,62.6,-16.52925,-49.16363,2024/2025,2025-01-30,30,107,colheita,0.1869,0.1396,17.6,52.11,19.09,15.52,83.83,31.46,36873.8,0,saudavel,2.55
219,F01-SOJ,F01,Soja,62.6,-16.52925,-49.16363,2024/2025,2025-01-31,31,108,colheita,0.1945,0.1906,25.14,48.22,2.76,21.61,84.5,27.15,54174.8,0,saudavel,2.55
220,F01-SOJ,F01,Soja,62.6,-16.52925,-49.16363,2024/2025,2025-02-01,32,109,colheita,0.1522,0.1568,15.9,43.39,0.0,15.18,90.07,21.02,52815.7,0,atencao,2.55
221,F01-MIL,F01,Milho,228.7,-16.51755,-49.15725,2023/2024,2023-10-26,299,0,germinacao,0.1744,0.1295,31.37,45.0,0.0,27.95,65.33,44.94,,0,saudavel,4.88
222,F01-MIL,F01,Milho,228.7,-16.51755,-49.15725,2023/2024,2023-10-27,300,1,germinacao,0.1968,0.1584,32.73,39.3,0.0,29.97,68.36,34.7,51839.2,1,saudavel,4.88
223,F01-MIL,F01,Milho,228.7,-16.51755,-49.15725,2023/2024,2023-10-28,301,2,germinacao,0.2155,0.2041,32.08,34.08,0.0,30.03,68.41,26.35,48388.2,1,saudavel,4.88
224,F01-MIL,F01,Milho,228.7,-16.51755,-49.15725,2023/2024,2023-10-29,302,3,germinacao,0.1977,0.1775,32.37,29.19,0.0,30.46,66.32,18.25,55740.8,1,saudavel,4.88
225,F01-MIL,F01,Milho,228.7,-16.51755,-49.15725,2023/2024,2023-10-30,303,4,germinacao,0.153,0.1414,34.79,24.72,0.0,29.74,68.86,11.09,48713.1,1,atencao,4.88
226,F01-MIL,F01,Milho,228.7,-16.51755,-49.15725,2023/2024,2023-10-31,304,5,germinacao,0.1781,0.116,31.56,20.61,0.0,29.98,70.08,9.51,51117.4,1,saudavel,4.88
227,F01-MIL,F01,Milho,228.7,-16.51755,-49.15725,2023/2024,2023-11-01,305,6,germinacao,0.1884,0.1969,31.99,16.91,0.0,29.39,74.74,6.64,52982.7,1,saudavel,4.88
228,F01-MIL,F01,Milho,228.7,-16.51755,-49.15725,2023/2024,2023-11-02,306,7,germinacao,0.1873,0.1354,30.18,13.61,0.0,28.61,70.42,5.0,58934.9,1,saudavel,4.88
229,F01-MIL,F01,Milho,228.7,-16.51755,-49.15725,2023/2024,2023-11-03,307,8,germinacao,0.1951,0.1964,32.3,10.62,0.0,28.28,73.28,5.0,51961.9,1,saudavel,4.88
230,F01-MIL,F01,Milho,228.7,-16.51755,-49.15725,2023/2024,2023-11-04,308,9,germinacao,0.1667,0.1621,31.1,8.0,0.0,27.71,69.07,5.0,51495.6,1,atencao,4.88
231,F01-MIL,F01,Milho,228.7,-16.51755,-49.15725,2023/2024,2023-11-05,309,10,germinacao,0.1872,0.1706,27.81,8.0,0.0,26.17,75.72,5.0,52100.6,1,saudavel,4.88
232,F01-MIL,F01,Milho,228.7,-16.51755,-49.15725,2023/2024,2023-11-06,310,11,germinacao,0.1952,0.1488,29.23,8.0,0.0,26.48,74.71,5.0,58984.8,1,saudavel,4.88
233,F01-MIL,F01,Milho,228.7,-16.51755,-49.15725,2023/2024,2023-11-07,311,12,germinacao,0.2044,0.1768,29.83,8.0,0.0,27.41,,5.0,45821.7,1,saudavel,4.88
234,F01-MIL,F01,Milho,228.7,-16.51755,-49.15725,2023/2024,2023-11-08,312,13,germinacao,0.1731,0.1377,30.04,8.0,0.0,28.11,75.72,5.0,51496.6,1,atencao,4.88
235,F01-MIL,F01,Milho,228.7,-16.51755,-49.15725,2023/2024,2023-11-09,313,14,vegetativo,0.1837,0.1568,32.94,8.0,0.0,29.83,74.21,5.0,62940.2,1,saudavel,4.88
236,F01-MIL,F01,Milho,228.7,-16.51755,-49.15725,2023/2024,2023-11-10,314,15,vegetativo,0.1383,0.1125,30.67,8.0,0.0,27.53,72.31,5.0,56755.8,1,critico,4.88
237,F01-MIL,F01,Milho,228.7,-16.51755,-49.15725,2023/2024,2023-11-11,315,16,vegetativo,0.1819,0.1138,31.59,8.0,0.0,29.01,73.28,5.0,51897.3,1,saudavel,4.88
238,F01-MIL,F01,Milho,228.7,-16.51755,-49.15725,2023/2024,2023-11-12,316,17,vegetativo,0.1861,0.1806,31.32,8.0,0.0,29.04,77.5,5.0,55316.8,1,saudavel,4.88
239,F01-MIL,F01,Milho,228.7,-16.51755,-49.15725,2023/2024,2023-11-13,317,18,vegetativo,0.1788,0.1503,29.81,8.0,0.0,26.99,70.29,5.0,55867.4,1,atencao,4.88
240,F01-MIL,F01,Milho,228.7,-16.51755,-49.15725,2023/2024,2023-11-14,318,19,vegetativo,0.2055,0.1649,30.52,8.0,0.0,28.14,69.85,5.0,58420.9,1,saudavel,4.88
241,F01-MIL,F01,Milho,228.7,-16.51755,-49.15725,2023/2024,2023-11-15,319,20,vegetativo,0.2045,0.1626,29.02,8.0,7.0,26.8,74.85,5.0,55070.1,0,saudavel,4.88
242,F01-MIL,F01,Milho,228.7,-16.51755,-49.15725,2023/2024,2023-11-16,320,21,vegetativo,0.1644,0.1469,30.94,8.0,0.0,29.06,74.79,,57468.0,1,atencao,4.88
243,F01-MIL,F01,Milho,228.7,-16.51755,-49.15725,2023/2024,2023-11-17,321,22,vegetativo,0.2185,0.1678,31.67,8.0,0.0,27.94,69.4,5.0,54885.3,1,saudavel,4.88
244,F01-MIL,F01,Milho,228.7,-16.51755,-49.15725,2023/2024,2023-11-18,322,23,vegetativo,0.2008,0.1256,26.25,8.0,0.0,25.11,74.97,5.0,59063.0,1,atencao,4.88
245,F01-MIL,F01,Milho,228.7,-16.51755,-49.15725,2023/2024,2023-11-19,323,24,vegetativo,0.2351,0.2079,29.36,8.0,0.0,27.05,73.83,5.0,54798.9,1,saudavel,4.88
246,F01-MIL,F01,Milho,228.7,-16.51755,-49.15725,2023/2024,2023-11-20,324,25,vegetativo,0.2065,0.1859,31.01,8.0,0.0,29.18,62.07,5.0,53980.2,1,atencao,4.88
247,F01-MIL,F01,Milho,228.7,-16.51755,-49.15725,2023/2024,2023-11-21,325,26,vegetativo,0.2405,0.2004,29.94,8.0,0.0,26.35,73.87,5.0,51981.7,1,saudavel,4.88
248,F01-MIL,F01,Milho,228.7,-16.51755,-49.15725,2023/2024,2023-11-22,326,27,vegetativo,0.243,0.1836,28.11,8.0,9.42,,73.79,5.0,,0,saudavel,4.88
249,F01-MIL,F01,Milho,228.7,-16.51755,-49.15725,2023/2024,2023-11-23,327,28,vegetativo,0.2646,0.2267,28.13,8.0,0.0,27.25,73.86,5.0,54918.1,1,saudavel,4.88
250,F01-MIL,F01,Milho,228.7,-16.51755,-49.15725,2023/2024,2023-11-24,328,29,vegetativo,0.2722,0.2021,25.36,8.0,36.81,24.78,83.33,18.7,25352.8,0,saudavel,4.88
251,F01-MIL,F01,Milho,228.7,-16.51755,-49.15725,2023/2024,2023-11-25,329,30,vegetativo,0.277,0.2149,28.84,8.0,0.0,27.01,68.95,13.04,58871.2,1,saudavel,4.88
252,F01-MIL,F01,Milho,228.7,-16.51755,-49.15725,2023/2024,2023-11-26,330,31,vegetativo,0.2653,0.2105,24.29,8.0,0.0,24.06,72.78,11.09,54487.0,1,atencao,4.88
253,F01-MIL,F01,Milho,228.7,-16.51755,-49.15725,2023/2024,2023-11-27,331,32,vegetativo,0.2818,0.2564,26.1,8.0,10.22,25.11,63.31,15.74,38887.5,0,atencao,4.88
254,F01-MIL,F01,Milho,228.7,-16.51755,-49.15725,2023/2024,2023-11-28,332,33,vegetativo,0.3165,0.2618,26.56,17.16,24.24,27.57,72.6,27.26,31655.3,0,saudavel,4.88
255,F01-MIL,F01,Milho,228.7,-16.51755,-49.15725,2023/2024,2023-11-29,333,34,vegetativo,0.3465,0.2856,27.51,22.3,15.91,26.39,,33.39,41577.1,0,saudavel,4.88
256,F01-MIL,F01,Milho,228.7,-16.51755,-49.15725,2023/2024,2023-11-30,334,35,vegetativo,0.3545,0.3404,25.61,19.21,0.0,25.3,74.01,25.11,56826.4,1,saudavel,4.88
257,F01-MIL,F01,Milho,228.7,-16.51755,-49.15725,2023/2024,2023-12-01,335,36,vegetativo,0.4006,0.3476,25.23,16.32,0.0,26.33,81.57,21.26,63326.2,1,saudavel,4.88
258,F01-MIL,F01,Milho,228.7,-16.51755,-49.15725,2023/2024,2023-12-02,336,37,vegetativo,0.4054,0.3514,26.9,30.89,34.25,25.47,80.94,38.88,27602.7,0,saudavel,4.88
259,F01-MIL,F01,Milho,228.7,-16.51755,-49.15725,2023/2024,2023-12-03,337,38,vegetativo,0.4158,0.346,24.43,27.18,0.0,25.48,77.11,35.19,61642.7,1,saudavel,4.88
260,F01-MIL,F01,Milho,228.7,-16.51755,-49.15725,2023/2024,2023-12-04,338,39,vegetativo,0.4548,0.3746,27.05,28.88,10.31,26.34,,32.1,48898.1,0,saudavel,4.88
261,F01-MIL,F01,Milho,228.7,-16.51755,-49.15725,2023/2024,2023-12-05,339,40,vegetativo,0.4909,0.3735,23.05,25.61,0.0,24.16,82.8,24.04,59081.6,1,saudavel,4.88
262,F01-MIL,F01,Milho,228.7,-16.51755,-49.15725,2023/2024,2023-12-06,340,41,vegetativo,0.5195,0.461,26.14,30.83,16.63,25.22,77.02,29.79,40360.2,0,saudavel,4.88
263,F01-MIL,F01,Milho,228.7,-16.51755,-49.15725,2023/2024,2023-12-07,341,42,vegetativo,0.5775,0.4999,24.14,34.6,14.24,24.58,73.48,33.13,45119.4,0,saudavel,4.88
264,F01-MIL,F01,Milho,228.7,-16.51755,-49.15725,2023/2024,2023-12-08,342,43,vegetativo,0.5535,0.4669,20.58,37.35,12.39,22.57,70.27,37.26,44903.1,0,saudavel,4.88
265,F01-MIL,F01,Milho,228.7,-16.51755,-49.15725,2023/2024,2023-12-09,343,44,vegetativo,0.5921,0.5005,21.22,33.63,0.0,23.47,76.17,28.6,60063.6,1,saudavel,4.88
266,F01-MIL,F01,Milho,228.7,-16.51755,-49.15725,2023/2024,2023-12-10,344,45,vegetativo,0.6282,0.5487,26.05,40.04,20.42,27.1,80.04,36.64,38626.2,0,saudavel,4.88
267,F01-MIL,F01,Milho,228.7,-16.51755,-49.15725,2023/2024,2023-12-11,345,46,vegetativo,0.6444,0.5166,23.16,35.98,0.0,25.22,88.84,30.67,56855.7,1,saudavel,4.88
268,F01-MIL,F01,Milho,228.7,-16.51755,-49.15725,2023/2024,2023-12-12,346,47,vegetativo,0.659,0.5483,20.46,39.73,14.3,22.56,79.42,34.83,48483.0,0,saudavel,4.88
269,F01-MIL,F01,Milho,228.7,-16.51755,-49.15725,2023/2024,2023-12-13,347,48,vegetativo,0.6608,0.539,21.45,38.41,4.64,22.13,75.6,29.53,56459.0,0,saudavel,4.88
270,F01-MIL,F01,Milho,228.7,-16.51755,-49.15725,2023/2024,2023-12-14,348,49,floracao,0.7031,0.6331,21.09,39.46,9.55,24.17,72.33,31.69,48981.4,0,saudavel,4.88
271,F01-MIL,F01,Milho,228.7,-16.51755,-49.15725,2023/2024,2023-12-15,349,50,floracao,0.7118,0.6225,24.26,37.54,4.31,26.57,79.62,29.44,56021.2,0,saudavel,4.88
272,F01-MIL,F01,Milho,228.7,-16.51755,-49.15725,2023/2024,2023-12-16,350,51,floracao,0.7172,0.5655,22.35,33.95,0.0,23.85,69.71,24.28,59670.8,1,saudavel,4.88
273,F01-MIL,F01,Milho,228.7,-16.51755,-49.15725,2023/2024,2023-12-17,351,52,floracao,0.7527,0.6095,24.02,39.51,18.13,25.99,80.05,30.97,39237.4,0,saudavel,4.88
274,F01-MIL,F01,Milho,228.7,-16.51755,-49.15725,2023/2024,2023-12-18,352,53,floracao,0.763,0.6459,21.42,35.76,0.0,24.45,82.35,24.97,60183.5,1,saudavel,4.88
275,F01-MIL,F01,Milho,228.7,-16.51755,-49.15725,2023/2024,2023-12-19,353,54,floracao,0.8094,0.6786,20.95,39.12,13.52,24.53,80.43,28.45,44612.0,0,saudavel,4.88
276,F01-MIL,F01,Milho,228.7,-16.51755,-49.15725,2023/2024,2023-12-20,354,55,floracao,0.8222,0.6724,16.57,40.24,8.88,21.71,78.87,29.81,48277.7,0,saudavel,4.88
277,F01-MIL,F01,Milho,228.7,-16.51755,-49.15725,2023/2024,2023-12-21,355,56,floracao,0.8032,0.7216,20.73,38.42,4.01,25.02,80.84,26.32,51124.4,0,saudavel,4.88
278,F01-MIL,F01,Milho,228.7,-16.51755,-49.15725,2023/2024,2023-12-22,356,57,floracao,0.826,0.7083,19.89,39.82,9.58,23.01,80.1,26.12,49339.0,0,saudavel,4.88
279,F01-MIL,F01,Milho,228.7,-16.51755,-49.15725,2023/2024,2023-12-23,357,58,floracao,0.8027,0.6918,21.34,36.07,0.0,24.7,74.37,19.11,,1,saudavel,4.88
280,F01-MIL,F01,Milho,228.7,-16.51755,-49.15725,2023/2024,2023-12-24,358,59,floracao,0.8377,0.6982,18.62,41.31,16.63,22.08,89.1,25.1,41261.2,0,saudavel,4.88
281,F01-MIL,F01,Milho,228.7,-16.51755,-49.15725,2023/2024,2023-12-25,359,60,floracao,0.8623,0.7474,20.75,54.57,33.78,23.47,77.27,42.45,37537.2,0,saudavel,4.88
282,F01-MIL,F01,Milho,228.7,-16.51755,-49.15725,2023/2024,2023-12-26,360,61,floracao,0.8768,0.7377,18.55,49.88,0.0,23.63,82.83,34.35,62579.3,1,saudavel,4.88
283,F01-MIL,F01,Milho,228.7,-16.51755,-49.15725,2023/2024,2023-12-27,361,62,floracao,0.8512,0.7178,18.87,45.64,0.0,22.77,67.38,28.16,63801.1,1,saudavel,4.88
284,F01-MIL,F01,Milho,228.7,-16.51755,-49.15725,2023/2024,2023-12-28,362,63,floracao,0.891,0.7696,19.67,41.7,0.0,23.5,85.42,23.47,62233.5,1,saudavel,4.88
285,F01-MIL,F01,Milho,228.7,-16.51755,-49.15725,2023/2024,2023-12-29,363,64,floracao,0.8435,0.6844,18.1,38.14,0.0,22.4,87.05,18.02,65359.8,1,saudavel,4.88
286,F01-MIL,F01,Milho,228.7,-16.51755,-49.15725,2023/2024,2023-12-30,364,65,floracao,0.8523,0.7564,19.48,34.89,0.0,21.72,80.26,16.71,57387.5,1,saudavel,4.88
287,F01-MIL,F01,Milho,228.7,-16.51755,-49.15725,2023/2024,2023-12-31,365,66,floracao,0.8943,0.7638,21.86,31.64,0.0,25.0,80.93,12.71,52007.4,1,saudavel,4.88
288,F01-MIL,F01,Milho,228.7,-16.51755,-49.15725,2023/2024,2024-01-01,1,67,floracao,0.916,0.8043,20.11,28.8,0.0,24.07,81.49,9.36,58286.3,1,saudavel,4.88
289,F01-MIL,F01,Milho,228.7,-16.51755,-49.15725,2023/2024,2024-01-02,2,68,floracao,0.8946,0.7389,18.99,37.0,21.41,21.25,77.16,22.06,39974.4,0,saudavel,4.88
290,F01-MIL,F01,Milho,228.7,-16.51755,-49.15725,2023/2024,2024-01-03,3,69,floracao,0.8857,0.7344,17.68,33.79,0.0,23.15,81.96,15.01,59930.9,1,saudavel,4.88
291,F01-MIL,F01,Milho,228.7,-16.51755,-49.15725,2023/2024,2024-01-04,4,70,floracao,0.8441,0.6943,17.48,59.85,57.92,21.08,76.4,48.51,30523.0,0,saudavel,4.88
292,F01-MIL,F01,Milho,228.7,-16.51755,-49.15725,2023/2024,2024-01-05,5,71,floracao,0.8488,0.7265,17.05,54.86,0.0,20.32,77.84,40.99,63266.5,0,saudavel,4.88
293,F01-MIL,F01,Milho,228.7,-16.51755,-49.15725,2023/2024,2024-01-06,6,72,floracao,0.8929,0.7603,18.6,50.18,0.0,23.55,84.55,30.63,60354.7,1,saudavel,4.88
294,F01-MIL,F01,Milho,228.7,-16.51755,-49.15725,2023/2024,2024-01-07,7,73,floracao,0.884,0.7421,15.69,74.6,57.26,19.35,86.29,63.76,31950.3,0,saudavel,4.88
295,F01-MIL,F01,Milho,228.7,-16.51755,-49.15725,2023/2024,2024-01-08,8,74,floracao,0.8696,0.7189,18.26,68.35,0.0,23.2,75.54,54.18,56181.2,0,saudavel,4.88
296,F01-MIL,F01,Milho,228.7,-16.51755,-49.15725,2023/2024,2024-01-09,9,75,floracao,0.8935,0.7341,17.98,62.68,0.0,21.33,76.49,43.62,55600.6,0,saudavel,4.88
297,F01-MIL,F01,Milho,228.7,-16.51755,-49.15725,2023/2024,2024-01-10,10,76,floracao,0.8947,0.7595,18.3,61.31,7.67,21.3,76.92,40.93,56093.1,0,saudavel,4.88
298,F01-MIL,F01,Milho,228.7,-16.51755,-49.15725,2023/2024,2024-01-11,11,77,frutificacao,0.9114,0.7654,18.2,65.12,17.85,22.13,83.26,46.58,41503.9,0,saudavel,4.88
299,F01-MIL,F01,Milho,228.7,-16.51755,-49.15725,2023/2024,2024-01-12,12,78,frutificacao,0.8951,0.7471,16.39,59.71,0.0,22.3,74.46,37.24,56642.3,1,saudavel,4.88
300,F01-MIL,F01,Milho,228.7,-16.51755,-49.15725,2023/2024,2024-01-13,13,79,frutificacao,0.9167,0.8102,14.88,54.74,0.0,20.09,82.52,31.58,56511.2,1,saudavel,4.88
301,F01-MIL,F01,Milho,228.7,-16.51755,-49.15725,2023/2024,2024-01-14,14,80,frutificacao,0.8919,0.7565,18.86,62.55,24.77,22.32,83.09,40.73,32241.7,0,saudavel,4.88
302,F01-MIL,F01,Milho,228.7,-16.51755,-49.15725,2023/2024,2024-01-15,15,81,frutificacao,0.8888,0.7809,17.34,59.03,3.38,21.32,79.46,34.62,52685.9,0,saudavel,4.88
303,F01-MIL,F01,Milho,228.7,-16.51755,-49.15725,2023/2024,2024-01-16,16,82,frutificacao,0.9116,0.7642,12.28,54.11,0.0,19.18,86.18,26.93,54082.1,1,saudavel,4.88
304,F01-MIL,F01,Milho,228.7,-16.51755,-49.15725,2023/2024,2024-01-17,17,83,frutificacao,0.8697,0.7442,18.13,60.96,22.75,20.72,78.62,37.12,31362.3,0,saudavel,4.88
305,F01-MIL,F01,Milho,228.7,-16.51755,-49.15725,2023/2024,2024-01-18,18,84,frutificacao,0.9443,0.8016,18.59,69.99,28.21,22.95,,50.26,29935.1,0,saudavel,4.88
306,F01-MIL,F01,Milho,228.7,-16.51755,-49.15725,2023/2024,2024-01-19,19,85,frutificacao,0.894,0.726,18.44,71.94,15.61,23.31,73.58,50.75,40718.6,0,saudavel,4.88
307,F01-MIL,F01,Milho,228.7,-16.51755,-49.15725,2023/2024,2024-01-20,20,86,frutificacao,0.8924,0.7871,18.75,75.38,18.8,21.78,84.39,51.66,42644.0,0,saudavel,4.88
308,F01-MIL,F01,Milho,228.7,-16.51755,-49.15725,2023/2024,2024-01-21,21,87,frutificacao,0.8931,0.7564,14.12,69.15,0.0,18.84,77.17,40.48,57959.4,0,saudavel,4.88
309,F01-MIL,F01,Milho,228.7,-16.51755,-49.15725,2023/2024,2024-01-22,22,88,frutificacao,0.9177,0.7949,16.32,63.42,0.0,21.27,81.22,33.53,57689.6,1,saudavel,4.88
310,F01-MIL,F01,Milho,228.7,-16.51755,-49.15725,2023/2024,2024-01-23,23,89,frutificacao,0.8931,0.7441,18.05,58.14,0.0,21.73,78.76,30.0,54472.4,1,saudavel,4.88
311,F01-MIL,F01,Milho,228.7,-16.51755,-49.15725,2023/2024,2024-01-24,24,90,frutificacao,0.8418,0.7122,19.66,53.29,0.0,21.46,73.93,24.93,56141.6,1,saudavel,4.88
312,F01-MIL,F01,Milho,228.7,-16.51755,-49.15725,2023/2024,2024-01-25,25,91,frutificacao,0.898,0.746,19.01,64.79,31.92,21.47,76.06,40.35,29234.2,0,saudavel,4.88
313,F01-MIL,F01,Milho,228.7,-16.51755,-49.15725,2023/2024,2024-01-26,26,92,frutificacao,0.8586,0.7546,17.38,65.79,12.77,20.75,86.36,42.27,46305.8,0,saudavel,4.88
314,F01-MIL,F01,Milho,228.7,-16.51755,-49.15725,2023/2024,2024-01-27,27,93,frutificacao,0.8624,0.7393,16.72,63.9,7.15,20.02,80.81,38.69,48945.0,0,saudavel,4.88
315,F01-MIL,F01,Milho,228.7,-16.51755,-49.15725,2023/2024,2024-01-28,28,94,frutificacao,0.8288,0.7118,16.47,64.92,12.66,19.14,75.19,39.13,47155.8,0,saudavel,4.88
316,F01-MIL,F01,Milho,228.7,-16.51755,-49.15725,2023/2024,2024-01-29,29,95,frutificacao,0.8581,0.7566,12.15,66.33,13.6,17.13,82.87,39.23,42896.5,0,saudavel,4.88
317,F01-MIL,F01,Milho,228.7,-16.51755,-49.15725,2023/2024,2024-01-30,30,96,frutificacao,0.8269,0.726,17.61,64.28,6.92,20.41,78.55,38.52,51221.5,0,saudavel,4.88
318,F01-MIL,F01,Milho,228.7,-16.51755,-49.15725,2023/2024,2024-01-31,31,97,frutificacao,0.8332,0.7235,15.87,62.86,7.84,20.1,96.63,32.61,46333.4,0,saudavel,4.88
319,F01-MIL,F01,Milho,228.7,-16.51755,-49.15725,2023/2024,2024-02-01,32,98,frutificacao,0.8156,0.6648,17.56,73.6,31.95,20.58,80.39,48.44,21935.4,0,saudavel,4.88
320,F01-MIL,F01,Milho,228.7,-16.51755,-49.15725,2023/2024,2024-02-02,33,99,frutificacao,0.8487,0.7075,13.8,67.51,0.0,17.67,78.71,38.77,55309.9,0,saudavel,4.88
321,F01-MIL,F01,Milho,228.7,-16.51755,-49.15725,2023/2024,2024-02-03,34,100,frutificacao,0.8374,0.6917,17.54,61.91,0.0,20.57,85.86,30.91,56434.7,1,saudavel,4.88
322,F01-MIL,F01,Milho,228.7,-16.51755,-49.15725,2023/2024,2024-02-04,35,101,frutificacao,0.7848,0.6817,19.67,56.62,0.0,22.62,68.21,27.45,55734.2,1,saudavel,4.88
323,F01-MIL,F01,Milho,228.7,-16.51755,-49.15725,2023/2024,2024-02-05,36,102,frutificacao,0.7698,0.6578,13.58,51.89,0.0,19.58,79.59,21.18,55019.6,1,saudavel,4.88
324,F01-MIL,F01,Milho,228.7,-16.51755,-49.15725,2023/2024,2024-02-06,37,103,frutificacao,0.7442,0.6048,16.79,47.54,0.0,19.31,89.14,16.09,52447.9,0,saudavel,4.88
325,F01-MIL,F01,Milho,228.7,-16.51755,-49.15725,2023/2024,2024-02-07,38,104,frutificacao,0.7554,0.6383,17.64,51.49,15.91,19.8,78.17,23.07,36698.5,0,saudavel,4.88
326,F01-MIL,F01,Milho,228.7,-16.51755,-49.15725,2023/2024,2024-02-08,39,105,frutificacao,0.7067,0.5708,20.4,46.95,0.0,22.32,68.45,19.0,54617.1,1,saudavel,4.88
327,F01-MIL,F01,Milho,228.7,-16.51755,-49.15725,2023/2024,2024-02-09,40,106,frutificacao,0.6834,0.5798,15.42,51.41,16.83,17.67,77.8,25.6,39189.0,1,saudavel,4.88
328,F01-MIL,F01,Milho,228.7,-16.51755,-49.15725,2023/2024,2024-02-10,41,107,frutificacao,0.6885,0.5522,18.9,58.4,22.59,19.45,85.86,33.05,30994.8,0,saudavel,4.88
329,F01-MIL,F01,Milho,228.7,-16.51755,-49.15725,2023/2024,2024-02-11,42,108,frutificacao,0.6341,0.5495,16.49,61.98,17.01,17.89,81.27,36.54,40683.1,0,saudavel,4.88
330,F01-MIL,F01,Milho,228.7,-16.51755,-49.15725,2023/2024,2024-02-12,43,109,frutificacao,0.6189,0.5336,17.07,61.74,9.97,18.21,74.87,38.01,40584.3,0,saudavel,4.88
331,F01-MIL,F01,Milho,228.7,-16.51755,-49.15725,2023/2024,2024-02-13,44,110,frutificacao,0.5619,0.5158,18.88,59.75,6.62,18.9,75.09,35.12,44120.8,0,saudavel,4.88
332,F01-MIL,F01,Milho,228.7,-16.51755,-49.15725,2023/2024,2024-02-14,45,111,frutificacao,0.581,0.5108,20.07,54.53,0.0,20.94,74.36,28.9,56179.5,1,saudavel,4.88
333,F01-MIL,F01,Milho,228.7,-16.51755,-49.15725,2023/2024,2024-02-15,46,112,frutificacao,0.5788,0.4835,19.45,49.65,0.0,21.56,78.45,22.63,53580.8,1,saudavel,4.88
334,F01-MIL,F01,Milho,228.7,-16.51755,-49.15725,2023/2024,2024-02-16,47,113,frutificacao,0.5275,0.4647,16.29,45.27,0.0,19.48,84.44,17.04,49602.3,1,saudavel,4.88
335,F01-MIL,F01,Milho,228.7,-16.51755,-49.15725,2023/2024,2024-02-17,48,114,frutificacao,0.5156,0.4103,17.07,41.22,0.0,18.19,83.64,15.93,51236.3,1,saudavel,4.88
336,F01-MIL,F01,Milho,228.7,-16.51755,-49.15725,2023/2024,2024-02-18,49,115,frutificacao,0.4434,0.3576,23.22,37.09,0.0,22.45,77.96,11.71,50533.0,1,saudavel,4.88
337,F01-MIL,F01,Milho,228.7,-16.51755,-49.15725,2023/2024,2024-02-19,50,116,frutificacao,0.4398,0.3805,17.71,46.96,26.75,18.02,71.53,25.62,,0,saudavel,4.88
338,F01-MIL,F01,Milho,228.7,-16.51755,-49.15725,2023/2024,2024-02-20,51,117,frutificacao,0.3921,0.2901,19.03,42.59,0.0,17.76,71.55,21.86,46728.4,1,saudavel,4.88
339,F01-MIL,F01,Milho,228.7,-16.51755,-49.15725,2023/2024,2024-02-21,52,118,frutificacao,0.3836,0.3253,16.6,38.56,0.0,15.91,81.81,16.03,48980.1,1,saudavel,4.88
340,F01-MIL,F01,Milho,228.7,-16.51755,-49.15725,2023/2024,2024-02-22,53,119,maturacao,0.3821,0.3044,22.47,42.95,16.36,20.62,69.44,21.97,34434.5,0,saudavel,4.88
341,F01-MIL,F01,Milho,228.7,-16.51755,-49.15725,2023/2024,2024-02-23,54,120,maturacao,0.3487,0.2984,20.5,55.95,34.22,19.94,75.29,39.4,24988.1,0,saudavel,4.88
342,F01-MIL,F01,Milho,228.7,-16.51755,-49.15725,2023/2024,2024-02-24,55,121,maturacao,0.3,0.2334,23.84,50.48,0.0,22.07,76.5,31.01,51558.1,0,atencao,4.88
343,F01-MIL,F01,Milho,228.7,-16.51755,-49.15725,2023/2024,2024-02-25,56,122,maturacao,0.285,0.2508,18.26,45.67,0.0,16.32,72.58,24.81,46878.5,0,atencao,4.88
344,F01-MIL,F01,Milho,228.7,-16.51755,-49.15725,2023/2024,2024-02-26,57,123,maturacao,0.2684,0.2285,23.64,49.86,17.43,20.56,70.44,33.69,30540.2,0,atencao,4.88
345,F01-MIL,F01,Milho,228.7,-16.51755,-49.15725,2023/2024,2024-02-27,58,124,maturacao,0.292,0.2762,18.11,45.11,0.0,18.44,76.2,27.14,48156.8,0,saudavel,4.88
346,F01-MIL,F01,Milho,228.7,-16.51755,-49.15725,2023/2024,2024-02-28,59,125,maturacao,0.311,0.2644,20.25,48.36,15.18,19.51,78.38,27.6,34017.2,0,saudavel,4.88
347,F01-MIL,F01,Milho,228.7,-16.51755,-49.15725,2023/2024,2024-02-29,60,126,maturacao,0.2858,0.2276,18.07,61.6,35.77,15.8,83.22,45.37,22787.6,0,saudavel,4.88
348,F01-MIL,F01,Milho,228.7,-16.51755,-49.15725,2023/2024,2024-03-01,61,127,maturacao,0.2107,0.1742,24.09,60.88,10.29,20.44,78.0,42.73,37382.5,0,atencao,4.88
349,F01-MIL,F01,Milho,228.7,-16.51755,-49.15725,2023/2024,2024-03-02,62,128,maturacao,0.2683,0.2012,21.22,62.94,15.45,19.39,75.79,44.11,40752.3,1,saudavel,4.88
350,F01-MIL,F01,Milho,228.7,-16.51755,-49.15725,2023/2024,2024-03-03,63,129,maturacao,0.2509,0.2214,19.58,57.08,0.0,18.13,72.27,35.47,38767.2,0,saudavel,4.88
351,F01-MIL,F01,Milho,228.7,-16.51755,-49.15725,2023/2024,2024-03-04,64,130,maturacao,0.1944,0.1771,22.14,54.66,6.11,19.13,69.88,31.83,39383.9,0,atencao,4.88
352,F01-MIL,F01,Milho,228.7,-16.51755,-49.15725,2023/2024,2024-03-05,65,131,maturacao,0.2133,0.2307,19.94,49.41,0.0,16.99,73.78,24.88,44787.0,0,saudavel,4.88
353,F01-MIL,F01,Milho,228.7,-16.51755,-49.15725,2023/2024,2024-03-06,66,132,maturacao,0.2361,0.1882,18.76,50.44,11.66,17.25,78.06,27.8,33465.6,0,saudavel,4.88
354,F01-MIL,F01,Milho,228.7,-16.51755,-49.15725,2023/2024,2024-03-07,67,133,maturacao,0.2206,0.1821,19.75,45.54,0.0,17.4,77.42,20.85,46799.3,0,saudavel,4.88
355,F01-MIL,F01,Milho,228.7,-16.51755,-49.15725,2023/2024,2024-03-08,68,134,maturacao,0.1794,0.141,18.87,40.96,0.0,15.3,66.32,14.47,46188.2,0,atencao,4.88
356,F01-MIL,F01,Milho,228.7,-16.51755,-49.15725,2023/2024,2024-03-09,69,135,maturacao,0.2144,0.1865,23.32,36.81,0.0,19.36,70.27,15.26,43252.3,0,saudavel,4.88
357,F01-MIL,F01,Milho,228.7,-16.51755,-49.15725,2023/2024,2024-03-10,70,136,colheita,0.1564,0.1406,23.17,32.9,0.0,19.84,79.75,10.18,42229.5,0,atencao,4.88
358,F01-MIL,F01,Milho,228.7,-16.51755,-49.15725,2023/2024,2024-03-11,71,137,colheita,0.1921,0.1622,19.3,29.35,0.0,16.99,75.66,7.31,42350.3,0,saudavel,4.88
359,F01-MIL,F01,Milho,228.7,-16.51755,-49.15725,2023/2024,2024-03-12,72,138,colheita,0.217,0.2062,20.54,26.13,0.0,18.55,67.05,5.0,42015.4,0,saudavel,4.88
360,F01-MIL,F01,Milho,228.7,-16.51755,-49.15725,2023/2024,2024-03-13,73,139,colheita,0.1927,0.1515,20.44,23.13,0.0,17.62,86.29,5.0,41737.2,0,saudavel,4.88
361,F01-MIL,F01,Milho,228.7,-16.51755,-49.15725,2024/2025,2024-10-22,296,0,germinacao,0.2017,0.1986,32.63,45.0,0.0,29.82,63.2,46.49,49200.6,0,saudavel,4.66
362,F01-MIL,F01,Milho,228.7,-16.51755,-49.15725,2024/2025,2024-10-23,297,1,germinacao,0.1628,0.1355,32.81,39.18,0.0,30.51,57.83,37.71,48976.9,1,atencao,4.66
363,F01-MIL,F01,Milho,228.7,-16.51755,-49.15725,2024/2025,2024-10-24,298,2,germinacao,0.1683,0.1809,30.67,45.62,23.11,28.64,68.87,44.83,30178.0,0,saudavel,4.66
364,F01-MIL,F01,Milho,228.7,-16.51755,-49.15725,2024/2025,2024-10-25,299,3,germinacao,0.1703,0.1428,31.61,54.34,28.86,29.31,76.57,49.6,29306.2,1,saudavel,4.66
365,F01-MIL,F01,Milho,228.7,-16.51755,-49.15725,2024/2025,2024-10-26,300,4,germinacao,0.1809,0.153,30.29,63.09,29.95,27.92,78.71,,,0,saudavel,4.66
366,F01-MIL,F01,Milho,228.7,-16.51755,-49.15725,2024/2025,2024-10-27,301,5,germinacao,0.1893,0.1737,27.85,56.25,0.0,27.3,72.65,49.53,56766.9,0,saudavel,4.66
367,F01-MIL,F01,Milho,228.7,-16.51755,-49.15725,2024/2025,2024-10-28,302,6,germinacao,0.1929,0.1105,32.76,49.63,0.0,30.04,79.21,38.8,47874.4,0,saudavel,4.66
368,F01-MIL,F01,Milho,228.7,-16.51755,-49.15725,2024/2025,2024-10-29,303,7,germinacao,0.1836,0.1602,30.91,43.66,0.0,29.01,69.97,27.48,56979.9,1,saudavel,4.66
369,F01-MIL,F01,Milho,228.7,-16.51755,-49.15725,2024/2025,2024-10-30,304,8,germinacao,0.1578,0.1331,32.94,38.11,0.0,29.1,75.07,20.28,49364.2,0,atencao,4.66
370,F01-MIL,F01,Milho,228.7,-16.51755,-49.15725,2024/2025,2024-10-31,305,9,germinacao,0.1996,0.1994,33.34,42.24,18.68,30.54,67.34,24.04,36282.4,1,saudavel,4.66
371,F01-MIL,F01,Milho,228.7,-16.51755,-49.15725,2024/2025,2024-11-01,306,10,germinacao,0.1848,0.1764,30.14,37.14,0.0,26.63,69.53,19.33,51491.4,1,saudavel,4.66
372,F01-MIL,F01,Milho,228.7,-16.51755,-49.15725,2024/2025,2024-11-02,307,11,germinacao,0.2101,0.1559,28.41,40.03,15.25,27.31,68.47,22.04,38667.6,0,saudavel,4.66
373,F01-MIL,F01,Milho,228.7,-16.51755,-49.15725,2024/2025,2024-11-03,308,12,germinacao,0.1738,0.1725,30.37,34.89,0.0,28.3,61.12,15.66,55897.7,1,saudavel,4.66
374,F01-MIL,F01,Milho,228.7,-16.51755,-49.15725,2024/2025,2024-11-04,309,13,germinacao,0.1571,0.1283,28.49,30.28,0.0,27.14,78.71,9.19,58252.6,1,atencao,4.66
375,F01-MIL,F01,Milho,228.7,-16.51755,-49.15725,2024/2025,2024-11-05,310,14,vegetativo,0.19,0.1434,30.67,25.85,0.0,29.09,68.06,5.0,57579.7,1,saudavel,4.66
376,F01-MIL,F01,Milho,228.7,-16.51755,-49.15725,2024/2025,2024-11-06,311,15,vegetativo,0.2182,0.1895,30.84,36.39,28.78,27.55,68.33,21.99,27022.1,0,saudavel,4.66
377,F01-MIL,F01,Milho,228.7,-16.51755,-49.15725,2024/2025,2024-11-07,312,16,vegetativo,0.1975,0.1638,29.97,31.83,0.0,26.26,67.36,16.04,55057.6,1,saudavel,4.66
378,F01-MIL,F01,Milho,228.7,-16.51755,-49.15725,2024/2025,2024-11-08,313,17,vegetativo,0.1925,0.1944,28.89,27.44,0.0,27.77,71.49,9.91,52400.1,1,saudavel,4.66
379,F01-MIL,F01,Milho,228.7,-16.51755,-49.15725,2024/2025,2024-11-09,314,18,vegetativo,0.1817,0.1613,29.75,32.13,17.51,27.84,81.43,15.36,35964.1,0,atencao,4.66
380,F01-MIL,F01,Milho,228.7,-16.51755,-49.15725,2024/2025,2024-11-10,315,19,vegetativo,0.2373,0.2058,30.7,40.1,24.91,28.91,82.59,23.5,28851.2,0,saudavel,4.66
381,F01-MIL,F01,Milho,228.7,-16.51755,-49.15725,2024/2025,2024-11-11,316,20,vegetativo,0.185,0.1753,30.93,35.01,0.0,28.01,64.49,14.94,54129.9,1,atencao,4.66
382,F01-MIL,F01,Milho,228.7,-16.51755,-49.15725,2024/2025,2024-11-12,317,21,vegetativo,0.1951,0.1877,28.51,37.14,13.6,28.03,71.15,18.83,43796.2,1,saudavel,4.66
383,F01-MIL,F01,Milho,228.7,-16.51755,-49.15725,2024/2025,2024-11-13,318,22,vegetativo,0.2255,0.2074,28.1,42.48,20.21,27.73,68.07,27.72,31322.3,0,saudavel,4.66
384,F01-MIL,F01,Milho,228.7,-16.51755,-49.15725,2024/2025,2024-11-14,319,23,vegetativo,0.1822,0.1833,29.73,46.5,18.33,26.88,78.83,31.53,38815.4,0,atencao,4.66
385,F01-MIL,F01,Milho,228.7,-16.51755,-49.15725,2024/2025,2024-11-15,320,24,vegetativo,0.2508,0.2254,25.79,48.17,13.87,26.0,75.98,35.22,47834.1,0,saudavel,4.66
386,F01-MIL,F01,Milho,228.7,-16.51755,-49.15725,2024/2025,2024-11-16,321,25,vegetativo,0.2446,0.2113,28.77,42.59,0.0,,70.65,25.56,59870.4,1,saudavel,4.66
387,F01-MIL,F01,Milho,228.7,-16.51755,-49.15725,2024/2025,2024-11-17,322,26,vegetativo,0.2579,0.244,28.24,37.61,0.0,26.4,74.93,18.55,54946.2,1,saudavel,4.66
388,F01-MIL,F01,Milho,228.7,-16.51755,-49.15725,2024/2025,2024-11-18,323,27,vegetativo,0.2598,0.219,31.42,39.61,13.88,29.34,70.54,20.11,39537.7,0,saudavel,4.66
389,F01-MIL,F01,Milho,228.7,-16.51755,-49.15725,2024/2025,2024-11-19,324,28,vegetativo,0.2553,0.2177,30.29,34.58,0.0,28.73,81.49,15.55,58459.7,1,saudavel,4.66
390,F01-MIL,F01,Milho,228.7,-16.51755,-49.15725,2024/2025,2024-11-20,325,29,vegetativo,0.2484,0.2456,28.97,49.14,38.13,27.57,76.97,38.43,21678.4,0,saudavel,4.66
391,F01-MIL,F01,Milho,228.7,-16.51755,-49.15725,2024/2025,2024-11-21,326,30,vegetativo,0.2793,0.2699,29.42,53.67,20.19,27.09,77.99,39.87,41441.5,0,saudavel,4.66
392,F01-MIL,F01,Milho,228.7,-16.51755,-49.15725,2024/2025,2024-11-22,327,31,vegetativo,0.2765,0.2349,28.1,57.62,19.56,26.3,61.89,42.89,38182.9,0,saudavel,4.66
393,F01-MIL,F01,Milho,228.7,-16.51755,-49.15725,2024/2025,2024-11-23,328,32,vegetativo,0.3211,0.2638,24.91,51.76,0.0,24.45,76.12,35.44,63266.2,1,saudavel,4.66
394,F01-MIL,F01,Milho,228.7,-16.51755,-49.15725,2024/2025,2024-11-24,329,33,vegetativo,0.3444,0.322,26.86,46.22,0.0,25.92,86.09,25.07,52750.6,1,saudavel,4.66
395,F01-MIL,F01,Milho,228.7,-16.51755,-49.15725,2024/2025,2024-11-25,330,34,vegetativo,0.3762,0.3358,27.3,41.13,0.0,26.3,82.19,19.6,60839.6,1,saudavel,4.66
396,F01-MIL,F01,Milho,228.7,-16.51755,-49.15725,2024/2025,2024-11-26,331,35,vegetativo,0.3741,0.3243,28.75,69.18,65.49,26.39,66.37,,28815.0,0,saudavel,4.66
397,F01-MIL,F01,Milho,228.7,-16.51755,-49.15725,2024/2025,2024-11-27,332,36,vegetativo,0.4066,0.3392,27.78,64.31,4.1,26.66,73.98,49.07,53396.1,0,saudavel,4.66
398,F01-MIL,F01,Milho,228.7,-16.51755,-49.15725,2024/2025,2024-11-28,333,37,vegetativo,0.405,0.3509,28.81,63.85,12.29,27.24,69.29,47.15,42412.6,0,saudavel,4.66
399,F01-MIL,F01,Milho,228.7,-16.51755,-49.15725,2024/2025,2024-11-29,334,38,vegetativo,0.4256,0.3613,24.28,57.61,0.0,24.72,85.46,39.84,60430.0,0,saudavel,4.66
400,F01-MIL,F01,Milho,228.7,-16.51755,-49.15725,2024/2025,2024-11-30,335,39,vegetativo,0.4698,0.386,23.88,61.74,19.58,24.63,78.27,46.95,41622.0,0,saudavel,4.66
401,F01-MIL,F01,Milho,228.7,-16.51755,-49.15725,2024/2025,2024-12-01,336,40,vegetativo,0.4787,0.4094,27.19,55.39,0.0,27.73,71.44,36.57,64242.1,1,saudavel,4.66
402,F01-MIL,F01,Milho,228.7,-16.51755,-49.15725,2024/2025,2024-12-02,337,41,vegetativo,0.5184,0.446,25.8,49.74,0.0,26.61,76.21,27.61,62024.1,1,saudavel,4.66
403,F01-MIL,F01,Milho,228.7,-16.51755,-49.15725,2024/2025,2024-12-03,338,42,vegetativo,0.5188,0.4334,23.09,44.77,0.0,24.77,64.19,19.97,57325.5,1,saudavel,4.66
404,F01-MIL,F01,Milho,228.7,-16.51755,-49.15725,2024/2025,2024-12-04,339,43,vegetativo,0.5493,0.485,25.42,40.2,0.0,25.1,71.69,16.56,56196.9,1,saudavel,4.66
405,F01-MIL,F01,Milho,228.7,-16.51755,-49.15725,2024/2025,2024-12-05,340,44,vegetativo,0.6063,0.5411,24.43,37.06,1.93,25.0,77.43,11.61,53291.3,1,saudavel,4.66
406,F01-MIL,F01,Milho,228.7,-16.51755,-49.15725,2024/2025,2024-12-06,341,45,vegetativo,0.6374,0.5612,23.06,33.24,0.0,25.1,81.49,8.03,63812.8,1,saudavel,4.66
407,F01-MIL,F01,Milho,228.7,-16.51755,-49.15725,2024/2025,2024-12-07,342,46,vegetativo,0.6251,0.5258,24.68,44.84,30.4,25.66,67.29,25.28,27403.7,0,saudavel,4.66
408,F01-MIL,F01,Milho,228.7,-16.51755,-49.15725,2024/2025,2024-12-08,343,47,vegetativo,0.6824,0.5951,26.73,40.04,0.0,28.65,73.36,18.39,63994.2,1,saudavel,4.66
409,F01-MIL,F01,Milho,228.7,-16.51755,-49.15725,2024/2025,2024-12-09,344,48,vegetativo,0.6812,0.5806,23.62,36.05,0.0,25.03,82.55,14.49,61199.9,1,saudavel,4.66
410,F01-MIL,F01,Milho,228.7,-16.51755,-49.15725,2024/2025,2024-12-10,345,49,floracao,0.7136,0.5819,21.87,33.37,2.02,25.64,69.95,15.99,58669.3,1,saudavel,4.66
411,F01-MIL,F01,Milho,228.7,-16.51755,-49.15725,2024/2025,2024-12-11,346,50,floracao,0.7616,0.6608,19.01,30.4,0.0,22.01,80.58,12.54,58827.9,1,saudavel,4.66
412,F01-MIL,F01,Milho,228.7,-16.51755,-49.15725,2024/2025,2024-12-12,347,51,floracao,0.7678,0.6556,20.74,30.46,5.96,23.71,78.8,12.86,55842.9,0,saudavel,4.66
413,F01-MIL,F01,Milho,228.7,-16.51755,-49.15725,2024/2025,2024-12-13,348,52,floracao,0.7845,0.7187,23.74,28.89,3.27,,85.62,13.2,56538.2,1,saudavel,4.66
414,F01-MIL,F01,Milho,228.7,-16.51755,-49.15725,2024/2025,2024-12-14,349,53,floracao,0.8221,0.7279,20.81,26.03,0.0,24.84,76.75,10.47,58780.4,1,saudavel,4.66
415,F01-MIL,F01,Milho,228.7,-16.51755,-49.15725,2024/2025,2024-12-15,350,54,floracao,0.7837,0.6803,11.99,42.51,37.52,17.55,81.46,34.88,32049.1,0,saudavel,4.66
416,F01-MIL,F01,Milho,228.7,-16.51755,-49.15725,2024/2025,2024-12-16,351,55,floracao,0.7905,0.6769,20.84,38.49,0.0,25.04,82.14,28.04,59518.3,1,saudavel,4.66
417,F01-MIL,F01,Milho,228.7,-16.51755,-49.15725,2024/2025,2024-12-17,352,56,floracao,0.8068,0.6891,23.48,34.61,0.0,26.8,70.22,21.57,57577.0,1,saudavel,4.66
418,F01-MIL,F01,Milho,228.7,-16.51755,-49.15725,2024/2025,2024-12-18,353,57,floracao,0.8261,0.6821,17.45,31.64,0.0,20.83,79.37,14.75,61787.0,1,saudavel,4.66
419,F01-MIL,F01,Milho,228.7,-16.51755,-49.15725,2024/2025,2024-12-19,354,58,floracao,0.7928,0.6391,24.54,37.57,18.38,26.0,75.12,20.67,41424.2,0,saudavel,4.66
420,F01-MIL,F01,Milho,228.7,-16.51755,-49.15725,2024/2025,2024-12-20,355,59,floracao,0.8435,0.6995,16.45,40.05,11.37,19.46,80.66,21.33,50093.0,0,saudavel,4.66
421,F01-MIL,F01,Milho,228.7,-16.51755,-49.15725,2024/2025,2024-12-21,356,60,floracao,0.8435,0.716,21.41,36.32,0.0,24.92,82.35,17.38,58635.3,1,saudavel,4.66
422,F01-MIL,F01,Milho,228.7,-16.51755,-49.15725,2024/2025,2024-12-22,357,61,floracao,0.876,0.7025,19.48,37.95,9.66,23.39,81.81,18.1,46706.5,0,saudavel,4.66
423,F01-MIL,F01,Milho,228.7,-16.51755,-49.15725,2024/2025,2024-12-23,358,62,floracao,0.8725,0.7307,17.03,38.91,8.39,19.78,77.49,21.92,56788.3,0,saudavel,4.66
424,F01-MIL,F01,Milho,228.7,-16.51755,-49.15725,2024/2025,2024-12-24,359,63,floracao,0.8579,0.7243,19.56,38.91,6.99,23.87,79.47,22.07,57607.8,0,saudavel,4.66
425,F01-MIL,F01,Milho,228.7,-16.51755,-49.15725,2024/2025,2024-12-25,360,64,floracao,0.8857,0.7485,20.71,41.01,11.31,24.83,85.68,24.5,51276.9,0,saudavel,4.66
426,F01-MIL,F01,Milho,228.7,-16.51755,-49.15725,2024/2025,2024-12-26,361,65,floracao,0.8917,0.7447,18.43,37.44,0.0,23.54,74.85,18.45,,1,saudavel,4.66
427,F01-MIL,F01,Milho,228.7,-16.51755,-49.15725,2024/2025,2024-12-27,362,66,floracao,0.8648,0.7282,21.41,34.09,0.0,23.77,79.6,15.6,58946.8,1,saudavel,4.66
428,F01-MIL,F01,Milho,228.7,-16.51755,-49.15725,2024/2025,2024-12-28,363,67,floracao,0.8728,0.7763,18.71,31.16,0.0,22.18,78.87,11.32,63948.2,1,saudavel,4.66
429,F01-MIL,F01,Milho,228.7,-16.51755,-49.15725,2024/2025,2024-12-29,364,68,floracao,0.8402,0.7274,15.63,28.47,0.0,19.9,80.89,7.55,58687.0,1,saudavel,4.66
430,F01-MIL,F01,Milho,228.7,-16.51755,-49.15725,2024/2025,2024-12-30,365,69,floracao,0.8647,0.7238,19.73,28.67,5.64,23.63,70.81,11.2,52184.1,0,saudavel,4.66
431,F01-MIL,F01,Milho,228.7,-16.51755,-49.15725,2024/2025,2024-12-31,366,70,floracao,0.8732,0.7408,21.77,33.76,15.78,25.12,85.12,19.32,49558.1,0,saudavel,4.66
432,F01-MIL,F01,Milho,228.7,-16.51755,-49.15725,2024/2025,2025-01-01,1,71,floracao,0.8908,0.7566,19.92,38.47,15.54,24.19,74.75,25.11,44035.2,0,saudavel,4.66
433,F01-MIL,F01,Milho,228.7,-16.51755,-49.15725,2024/2025,2025-01-02,2,72,floracao,0.8714,0.7253,15.03,35.19,0.0,19.41,86.61,21.29,64858.8,1,saudavel,4.66
434,F01-MIL,F01,Milho,228.7,-16.51755,-49.15725,2024/2025,2025-01-03,3,73,floracao,0.8808,0.7333,15.44,44.37,24.4,20.02,77.99,33.07,31098.0,0,saudavel,4.66
435,F01-MIL,F01,Milho,228.7,-16.51755,-49.15725,2024/2025,2025-01-04,4,74,floracao,0.8672,0.7573,17.46,40.62,0.0,20.93,77.41,27.43,60947.7,1,saudavel,4.66
436,F01-MIL,F01,Milho,228.7,-16.51755,-49.15725,2024/2025,2025-01-05,5,75,floracao,0.8956,0.7528,15.29,42.91,11.48,19.71,87.31,28.47,54170.3,0,saudavel,4.66
437,F01-MIL,F01,Milho,228.7,-16.51755,-49.15725,2024/2025,2025-01-06,6,76,floracao,0.9009,0.7439,17.5,39.28,0.0,22.07,84.78,26.19,59297.7,1,saudavel,4.66
438,F01-MIL,F01,Milho,228.7,-16.51755,-49.15725,2024/2025,2025-01-07,7,77,frutificacao,0.9005,0.7646,17.05,35.94,0.0,22.49,80.57,20.35,58315.2,1,saudavel,4.66
439,F01-MIL,F01,Milho,228.7,-16.51755,-49.15725,2024/2025,2025-01-08,8,78,frutificacao,0.8926,0.7611,15.7,32.86,0.0,19.66,85.0,18.76,55496.7,1,saudavel,4.66
440,F01-MIL,F01,Milho,228.7,-16.51755,-49.15725,2024/2025,2025-01-09,9,79,frutificacao,0.8613,0.6927,18.94,43.47,26.98,22.88,77.79,32.31,35650.7,0,saudavel,4.66
441,F01-MIL,F01,Milho,228.7,-16.51755,-49.15725,2024/2025,2025-01-10,10,80,frutificacao,0.8793,0.7466,18.28,39.79,0.0,22.52,79.37,27.45,56457.3,1,saudavel,4.66
442,F01-MIL,F01,Milho,228.7,-16.51755,-49.15725,2024/2025,2025-01-11,11,81,frutificacao,0.883,0.7679,16.95,42.59,12.37,20.7,77.16,31.39,46270.2,0,saudavel,4.66
443,F01-MIL,F01,Milho,228.7,-16.51755,-49.15725,2024/2025,2025-01-12,12,82,frutificacao,0.8822,0.7589,17.98,44.92,11.87,21.17,84.66,34.91,43228.2,0,saudavel,4.66
444,F01-MIL,F01,Milho,228.7,-16.51755,-49.15725,2024/2025,2025-01-13,13,83,frutificacao,0.8908,0.8018,15.09,43.0,3.75,18.41,78.28,29.54,59401.7,0,saudavel,4.66
445,F01-MIL,F01,Milho,228.7,-16.51755,-49.15725,2024/2025,2025-01-14,14,84,frutificacao,0.9166,0.8041,17.05,46.5,14.27,20.74,87.72,34.86,47844.2,0,saudavel,4.66
446,F01-MIL,F01,Milho,228.7,-16.51755,-49.15725,2024/2025,2025-01-15,15,85,frutificacao,0.9028,0.7963,16.8,42.58,0.0,21.16,78.41,31.09,57990.4,1,saudavel,4.66
447,F01-MIL,F01,Milho,228.7,-16.51755,-49.15725,2024/2025,2025-01-16,16,86,frutificacao,0.865,0.7912,16.96,47.6,17.24,21.31,79.95,36.06,37819.7,0,saudavel,4.66
448,F01-MIL,F01,Milho,228.7,-16.51755,-49.15725,2024/2025,2025-01-17,17,87,frutificacao,0.8962,0.7769,16.43,60.8,34.42,21.54,83.45,51.73,33493.9,0,saudavel,4.66
449,F01-MIL,F01,Milho,228.7,-16.51755,-49.15725,2024/2025,2025-01-18,18,88,frutificacao,0.8929,0.7623,16.62,55.73,0.0,21.25,79.88,41.37,56509.7,0,saudavel,4.66
450,F01-MIL,F01,Milho,228.7,-16.51755,-49.15725,2024/2025,2025-01-19,19,89,frutificacao,0.8611,0.7514,16.67,51.08,0.0,20.4,78.72,33.15,54121.5,1,saudavel,4.66
451,F01-MIL,F01,Milho,228.7,-16.51755,-49.15725,2024/2025,2025-01-20,20,90,frutificacao,0.8908,0.746,16.33,46.79,0.0,21.14,79.55,29.49,51975.0,0,saudavel,4.66
452,F01-MIL,F01,Milho,228.7,-16.51755,-49.15725,2024/2025,2025-01-21,21,91,frutificacao,0.8667,0.7389,18.42,42.85,0.0,22.12,83.5,22.41,55142.3,1,saudavel,4.66
453,F01-MIL,F01,Milho,228.7,-16.51755,-49.15725,2024/2025,2025-01-22,22,92,frutificacao,0.8373,0.6987,15.89,41.07,3.71,20.39,76.68,19.12,49011.3,0,saudavel,4.66
454,F01-MIL,F01,Milho,228.7,-16.51755,-49.15725,2024/2025,2025-01-23,23,93,frutificacao,0.8694,0.7469,15.44,37.59,0.0,20.93,78.96,17.83,54833.3,1,saudavel,4.66
455,F01-MIL,F01,Milho,228.7,-16.51755,-49.15725,2024/2025,2025-01-24,24,94,frutificacao,0.8587,0.7169,17.18,46.68,24.59,20.09,80.07,31.29,35576.5,0,saudavel,4.66
456,F01-MIL,F01,Milho,228.7,-16.51755,-49.15725,2024/2025,2025-01-25,25,95,frutificacao,0.843,0.7029,15.26,54.69,23.88,19.32,84.72,44.1,32764.7,0,saudavel,4.66
457,F01-MIL,F01,Milho,228.7,-16.51755,-49.15725,2024/2025,2025-01-26,26,96,frutificacao,0.8269,0.7111,16.71,53.66,7.11,20.99,78.81,39.85,50516.0,0,saudavel,4.66
458,F01-MIL,F01,Milho,228.7,-16.51755,-49.15725,2024/2025,2025-01-27,27,97,frutificacao,0.7925,0.6709,15.07,49.17,0.0,19.3,89.28,32.6,53712.5,1,saudavel,4.66
459,F01-MIL,F01,Milho,228.7,-16.51755,-49.15725,2024/2025,2025-01-28,28,98,frutificacao,0.7976,0.6394,17.87,45.04,0.0,20.63,78.56,25.48,55860.5,1,saudavel,4.66
460,F01-MIL,F01,Milho,228.7,-16.51755,-49.15725,2024/2025,2025-01-29,29,99,frutificacao,0.7621,0.6186,18.53,41.23,0.0,20.01,78.42,20.85,61205.3,1,saudavel,4.66
461,F01-MIL,F01,Milho,228.7,-16.51755,-49.15725,2024/2025,2025-01-30,30,100,frutificacao,0.7429,0.6085,16.35,37.74,0.0,19.44,79.0,14.18,54169.8,1,saudavel,4.66
462,F01-MIL,F01,Milho,228.7,-16.51755,-49.15725,2024/2025,2025-01-31,31,101,frutificacao,0.7225,0.5964,16.61,34.52,0.0,19.33,,12.39,56136.5,1,saudavel,4.66
463,F01-MIL,F01,Milho,228.7,-16.51755,-49.15725,2024/2025,2025-02-01,32,102,frutificacao,0.667,0.5753,18.05,31.56,0.0,18.99,74.74,10.39,50049.8,1,atencao,4.66
464,F01-MIL,F01,Milho,228.7,-16.51755,-49.15725,2024/2025,2025-02-02,33,103,frutificacao,0.6461,0.5536,13.58,35.94,14.29,17.21,78.23,17.42,46088.3,0,atencao,4.66
465,F01-MIL,F01,Milho,228.7,-16.51755,-49.15725,2024/2025,2025-02-03,34,104,frutificacao,0.5928,0.5252,20.81,32.74,0.0,20.18,84.67,13.26,52827.1,1,atencao,4.66
466,F01-MIL,F01,Milho,228.7,-16.51755,-49.15725,2024/2025,2025-02-04,35,105,frutificacao,0.6206,0.5425,20.74,29.85,0.0,19.88,78.89,9.18,57159.7,1,atencao,4.66
467,F01-MIL,F01,Milho,228.7,-16.51755,-49.15725,2024/2025,2025-02-05,36,106,frutificacao,0.5566,0.4946,17.03,27.01,0.0,20.74,76.0,8.03,53383.5,1,atencao,4.66
468,F01-MIL,F01,Milho,228.7,-16.51755,-49.15725,2024/2025,2025-02-06,37,107,frutificacao,0.5545,0.4835,17.51,26.97,4.98,18.6,85.73,7.59,50888.8,0,atencao,4.66
469,F01-MIL,F01,Milho,228.7,-16.51755,-49.15725,2024/2025,2025-02-07,38,108,frutificacao,0.53,0.4547,20.69,24.14,0.0,22.18,85.08,6.12,55242.9,1,atencao,4.66
470,F01-MIL,F01,Milho,228.7,-16.51755,-49.15725,2024/2025,2025-02-08,39,109,frutificacao,0.5052,0.4514,17.89,21.77,0.0,18.7,85.57,7.56,51604.6,1,atencao,4.66
471,F01-MIL,F01,Milho,228.7,-16.51755,-49.15725,2024/2025,2025-02-09,40,110,frutificacao,0.4396,0.3921,17.52,43.4,47.82,17.89,75.38,38.81,29620.7,0,critico,4.66
472,F01-MIL,F01,Milho,228.7,-16.51755,-49.15725,2024/2025,2025-02-10,41,111,frutificacao,0.4333,0.3759,18.57,39.38,0.0,17.66,77.19,28.85,50136.8,1,atencao,4.66
473,F01-MIL,F01,Milho,228.7,-16.51755,-49.15725,2024/2025,2025-02-11,42,112,frutificacao,0.4395,0.399,16.42,35.69,0.0,16.49,89.3,22.15,54467.4,0,atencao,4.66
474,F01-MIL,F01,Milho,228.7,-16.51755,-49.15725,2024/2025,2025-02-12,43,113,frutificacao,0.4126,0.3038,20.7,32.09,0.0,21.33,78.4,17.83,50679.0,1,atencao,4.66
475,F01-MIL,F01,Milho,228.7,-16.51755,-49.15725,2024/2025,2025-02-13,44,114,frutificacao,0.3714,0.3098,21.51,28.76,0.0,21.03,75.9,13.52,52610.5,1,atencao,4.66
476,F01-MIL,F01,Milho,228.7,-16.51755,-49.15725,2024/2025,2025-02-14,45,115,frutificacao,0.3328,0.2768,21.34,25.76,0.0,19.82,,8.08,49884.3,1,critico,4.66
477,F01-MIL,F01,Milho,228.7,-16.51755,-49.15725,2024/2025,2025-02-15,46,116,frutificacao,0.2818,0.2625,17.8,22.92,0.0,17.52,84.1,6.19,51125.0,1,critico,4.66
478,F01-MIL,F01,Milho,228.7,-16.51755,-49.15725,2024/2025,2025-02-16,47,117,frutificacao,0.2935,0.2809,21.24,20.14,0.0,21.53,73.66,5.0,47452.3,1,critico,4.66
479,F01-MIL,F01,Milho,228.7,-16.51755,-49.15725,2024/2025,2025-02-17,48,118,frutificacao,0.2548,0.1876,21.93,17.71,0.0,18.23,79.45,5.0,51116.9,1,critico,4.66
480,F01-MIL,F01,Milho,228.7,-16.51755,-49.15725,2024/2025,2025-02-18,49,119,maturacao,0.2495,0.2403,19.42,15.47,0.0,18.3,82.79,,50201.2,0,critico,4.66
481,F01-MIL,F01,Milho,228.7,-16.51755,-49.15725,2024/2025,2025-02-19,50,120,maturacao,0.2208,0.1642,22.69,13.27,0.0,20.82,70.7,5.0,48139.3,0,critico,4.66
482,F01-MIL,F01,Milho,228.7,-16.51755,-49.15725,2024/2025,2025-02-20,51,121,maturacao,0.2252,0.1686,21.18,24.61,26.53,19.6,77.14,16.38,27416.5,0,critico,4.66
483,F01-MIL,F01,Milho,228.7,-16.51755,-49.15725,2024/2025,2025-02-21,52,122,maturacao,0.2274,0.1886,24.37,21.56,0.0,21.87,70.0,10.49,49534.7,0,critico,4.66
484,F01-MIL,F01,Milho,228.7,-16.51755,-49.15725,2024/2025,2025-02-22,53,123,maturacao,0.2249,0.1848,22.65,18.97,0.0,18.9,72.28,8.56,46965.5,0,atencao,4.66
485,F01-MIL,F01,Milho,228.7,-16.51755,-49.15725,2024/2025,2025-02-23,54,124,maturacao,0.2262,0.1611,20.43,16.59,0.0,17.89,74.83,7.52,48107.2,0,atencao,4.66
486,F01-MIL,F01,Milho,228.7,-16.51755,-49.15725,2024/2025,2025-02-24,55,125,maturacao,0.2015,0.1842,18.2,14.37,0.0,17.53,80.09,5.0,45153.0,0,critico,4.66
487,F01-MIL,F01,Milho,228.7,-16.51755,-49.15725,2024/2025,2025-02-25,56,126,maturacao,0.1834,0.1695,16.6,12.29,0.0,15.64,77.07,5.0,54880.3,0,critico,4.66
488,F01-MIL,F01,Milho,228.7,-16.51755,-49.15725,2024/2025,2025-02-26,57,127,maturacao,0.2405,0.2255,19.39,10.47,0.0,17.95,73.88,5.0,50691.3,0,saudavel,4.66
489,F01-MIL,F01,Milho,228.7,-16.51755,-49.15725,2024/2025,2025-02-27,58,128,maturacao,0.2561,0.209,21.48,8.81,0.0,20.05,75.96,5.0,48001.5,0,saudavel,4.66
490,F01-MIL,F01,Milho,228.7,-16.51755,-49.15725,2024/2025,2025-02-28,59,129,maturacao,0.214,0.1811,19.55,8.0,0.0,19.2,70.31,5.0,50364.5,0,saudavel,4.66
491,F01-MIL,F01,Milho,228.7,-16.51755,-49.15725,2024/2025,2025-03-01,60,130,maturacao,0.1778,0.1505,21.52,8.0,0.0,18.3,78.56,5.0,40573.9,0,atencao,4.66
492,F01-MIL,F01,Milho,228.7,-16.51755,-49.15725,2024/2025,2025-03-02,61,131,maturacao,0.1885,0.194,17.96,8.0,0.0,16.75,82.83,5.0,38499.9,0,atencao,4.66
493,F01-MIL,F01,Milho,228.7,-16.51755,-49.15725,2024/2025,2025-03-03,62,132,maturacao,0.2143,0.1255,22.12,8.0,0.0,18.55,75.53,5.0,44634.3,0,saudavel,4.66
494,F01-MIL,F01,Milho,228.7,-16.51755,-49.15725,2024/2025,2025-03-04,63,133,maturacao,0.2315,0.1777,23.44,8.0,0.0,19.71,74.05,5.0,41353.7,0,saudavel,4.66
495,F01-MIL,F01,Milho,228.7,-16.51755,-49.15725,2024/2025,2025-03-05,64,134,maturacao,0.1814,0.1543,20.93,8.0,0.0,18.81,77.29,5.0,44434.8,0,atencao,4.66
496,F01-MIL,F01,Milho,228.7,-16.51755,-49.15725,2024/2025,2025-03-06,65,135,maturacao,0.1997,0.148,21.03,11.52,23.15,18.39,65.36,10.14,28133.1,0,saudavel,4.66
497,F01-MIL,F01,Milho,228.7,-16.51755,-49.15725,2024/2025,2025-03-07,66,136,colheita,0.2031,0.1674,17.86,25.46,31.51,16.92,78.89,26.13,24986.1,0,saudavel,4.66
498,F01-MIL,F01,Milho,228.7,-16.51755,-49.15725,2024/2025,2025-03-08,67,137,colheita,0.2138,0.1792,22.1,28.51,11.92,19.4,90.05,27.56,31922.4,0,saudavel,4.66
499,F01-MIL,F01,Milho,228.7,-16.51755,-49.15725,2024/2025,2025-03-09,68,138,colheita,0.1874,0.1461,15.2,25.31,0.0,13.38,77.35,19.01,44947.3,0,saudavel,4.66
500,F01-MIL,F01,Milho,228.7,-16.51755,-49.15725,2024/2025,2025-03-10,69,139,colheita,0.1611,0.1382,20.1,22.32,0.0,18.64,74.04,12.82,43438.8,0,atencao,4.66
501,F01-ALG,F01,Algodao,129.0,-16.6023,-49.18833,2023/2024,2023-10-30,303,0,germinacao,0.1715,0.1085,31.88,45.0,37.19,28.47,76.17,44.89,25703.2,0,saudavel,3.46
502,F01-ALG,F01,Algodao,129.0,-16.6023,-49.18833,2023/2024,2023-10-31,304,1,germinacao,0.2121,0.1886,29.23,39.75,0.0,26.44,70.36,35.46,49313.8,0,saudavel,3.46
503,F01-ALG,F01,Algodao,129.0,-16.6023,-49.18833,2023/2024,2023-11-01,305,2,germinacao,0.1734,0.1113,31.73,46.11,22.88,,66.17,41.55,33379.0,0,saudavel,3.46
504,F01-ALG,F01,Algodao,129.0,-16.6023,-49.18833,2023/2024,2023-11-02,306,3,germinacao,0.1913,0.1632,28.89,43.17,5.06,27.28,70.15,35.23,44444.9,0,saudavel,3.46
505,F01-ALG,F01,Algodao,129.0,-16.6023,-49.18833,2023/2024,2023-11-03,307,4,germinacao,0.1951,0.1987,30.1,37.9,0.0,27.54,75.29,29.12,51830.5,1,saudavel,3.46
506,F01-ALG,F01,Algodao,129.0,-16.6023,-49.18833,2023/2024,2023-11-04,308,5,germinacao,0.218,0.2188,27.79,33.16,0.0,26.94,74.28,23.46,51098.2,1,saudavel,3.46
507,F01-ALG,F01,Algodao,129.0,-16.6023,-49.18833,2023/2024,2023-11-05,309,6,germinacao,0.1778,0.115,30.62,34.97,12.6,27.56,74.04,25.15,40967.7,1,saudavel,3.46
508,F01-ALG,F01,Algodao,129.0,-16.6023,-49.18833,2023/2024,2023-11-06,310,7,germinacao,0.1716,0.1518,31.14,30.18,0.0,28.71,70.42,18.36,53793.7,1,saudavel,3.46
509,F01-ALG,F01,Algodao,129.0,-16.6023,-49.18833,2023/2024,2023-11-07,311,8,germinacao,0.1553,0.1122,30.54,25.88,0.0,27.65,70.41,11.55,51212.1,1,atencao,3.46
510,F01-ALG,F01,Algodao,129.0,-16.6023,-49.18833,2023/2024,2023-11-08,312,9,germinacao,0.2169,0.1605,26.86,22.34,0.0,24.96,73.15,7.3,59224.4,1,saudavel,3.46
511,F01-ALG,F01,Algodao,129.0,-16.6023,-49.18833,2023/2024,2023-11-09,313,10,germinacao,0.1951,0.1635,28.55,18.86,0.0,26.55,76.86,5.0,56226.2,1,saudavel,3.46
512,F01-ALG,F01,Algodao,129.0,-16.6023,-49.18833,2023/2024,2023-11-10,314,11,germinacao,0.1965,0.1916,26.67,15.81,0.0,25.31,78.33,5.0,60366.9,1,saudavel,3.46
513,F01-ALG,F01,Algodao,129.0,-16.6023,-49.18833,2023/2024,2023-11-11,315,12,germinacao,0.2507,0.2251,30.41,12.78,0.0,27.87,67.71,5.0,54735.0,1,saudavel,3.46
514,F01-ALG,F01,Algodao,129.0,-16.6023,-49.18833,2023/2024,2023-11-12,316,13,germinacao,0.196,0.1523,31.9,18.41,17.08,28.18,76.51,7.88,38009.8,0,saudavel,3.46
515,F01-ALG,F01,Algodao,129.0,-16.6023,-49.18833,2023/2024,2023-11-13,317,14,germinacao,0.1646,0.154,29.68,15.06,0.0,27.72,69.86,5.48,60940.3,1,atencao,3.46
516,F01-ALG,F01,Algodao,129.0,-16.6023,-49.18833,2023/2024,2023-11-14,318,15,vegetativo,0.1881,0.115,28.93,16.81,9.2,26.07,76.58,8.2,45582.3,0,saudavel,3.46
517,F01-ALG,F01,Algodao,129.0,-16.6023,-49.18833,2023/2024,2023-11-15,319,16,vegetativo,0.174,0.1328,30.4,14.55,1.86,27.53,72.54,5.0,53820.5,1,atencao,3.46
518,F01-ALG,F01,Algodao,129.0,-16.6023,-49.18833,2023/2024,2023-11-16,320,17,vegetativo,0.1872,0.1427,28.69,11.7,0.0,26.37,82.16,5.0,58462.5,1,saudavel,3.46
519,F01-ALG,F01,Algodao,129.0,-16.6023,-49.18833,2023/2024,2023-11-17,321,18,vegetativo,0.189,0.1622,26.05,9.22,0.0,25.28,73.02,5.0,52791.5,1,saudavel,3.46
520,F01-ALG,F01,Algodao,129.0,-16.6023,-49.18833,2023/2024,2023-11-18,322,19,vegetativo,0.1874,0.1552,29.02,8.0,0.0,28.01,74.5,5.0,58835.7,1,saudavel,3.46
521,F01-ALG,F01,Algodao,129.0,-16.6023,-49.18833,2023/2024,2023-11-19,323,20,vegetativo,0.1736,0.1447,29.69,8.0,4.25,28.03,76.75,5.0,54609.8,0,atencao,3.46
522,F01-ALG,F01,Algodao,129.0,-16.6023,-49.18833,2023/2024,2023-11-20,324,21,vegetativo,0.236,0.1971,27.87,8.0,0.0,28.14,69.4,5.0,60888.2,1,saudavel,3.46
523,F01-ALG,F01,Algodao,129.0,-16.6023,-49.18833,2023/2024,2023-11-21,325,22,vegetativo,0.213,0.1815,29.2,16.62,29.07,25.71,74.99,18.98,32186.1,0,saudavel,3.46
524,F01-ALG,F01,Algodao,129.0,-16.6023,-49.18833,2023/2024,2023-11-22,326,23,vegetativo,0.2058,0.1858,30.81,16.82,6.84,28.3,72.58,18.65,54790.9,0,saudavel,3.46
525,F01-ALG,F01,Algodao,129.0,-16.6023,-49.18833,2023/2024,2023-11-23,327,24,vegetativo,0.2292,0.1978,27.6,13.94,0.0,25.69,73.02,11.3,57276.2,1,saudavel,3.46
526,F01-ALG,F01,Algodao,129.0,-16.6023,-49.18833,2023/2024,2023-11-24,328,25,vegetativo,0.2275,0.1877,27.08,11.09,0.0,27.32,72.53,10.02,55184.3,1,saudavel,3.46
527,F01-ALG,F01,Algodao,129.0,-16.6023,-49.18833,2023/2024,2023-11-25,329,26,vegetativo,0.2281,0.202,25.6,8.69,0.0,25.48,81.5,7.85,64261.5,1,saudavel,3.46
528,F01-ALG,F01,Algodao,129.0,-16.6023,-49.18833,2023/2024,2023-11-26,330,27,vegetativo,0.2414,0.2217,27.64,19.05,25.2,25.81,72.86,,29113.1,0,saudavel,3.46
529,F01-ALG,F01,Algodao,129.0,-16.6023,-49.18833,2023/2024,2023-11-27,331,28,vegetativo,0.2359,0.1894,26.27,16.39,0.0,22.42,80.82,13.42,53953.6,1,saudavel,3.46
530,F01-ALG,F01,Algodao,129.0,-16.6023,-49.18833,2023/2024,2023-11-28,332,29,vegetativo,0.2528,0.2137,26.53,13.6,0.0,25.5,77.81,9.84,,1,saudavel,3.46
531,F01-ALG,F01,Algodao,129.0,-16.6023,-49.18833,2023/2024,2023-11-29,333,30,vegetativo,0.2612,0.2453,28.5,10.99,0.0,25.99,69.06,5.67,63386.9,1,saudavel,3.46
532,F01-ALG,F01,Algodao,129.0,-16.6023,-49.18833,2023/2024,2023-11-30,334,31,vegetativo,0.2569,0.1963,26.35,8.67,0.0,25.14,79.25,5.0,59211.4,1,saudavel,3.46
533,F01-ALG,F01,Algodao,129.0,-16.6023,-49.18833,2023/2024,2023-12-01,335,32,vegetativo,0.2574,0.2549,30.03,8.0,3.54,28.29,67.79,,58298.7,0,saudavel,3.46
534,F01-ALG,F01,Algodao,129.0,-16.6023,-49.18833,2023/2024,2023-12-02,336,33,vegetativo,0.3014,0.2294,26.32,8.0,0.0,23.81,80.77,5.0,52899.3,1,saudavel,3.46
535,F01-ALG,F01,Algodao,129.0,-16.6023,-49.18833,2023/2024,2023-12-03,337,34,vegetativo,0.271,0.2234,25.83,8.0,0.0,24.61,74.7,5.0,57501.3,1,saudavel,3.46
536,F01-ALG,F01,Algodao,129.0,-16.6023,-49.18833,2023/2024,2023-12-04,338,35,vegetativo,0.2989,0.2351,24.62,8.0,0.0,24.0,77.73,5.0,53485.3,1,saudavel,3.46
537,F01-ALG,F01,Algodao,129.0,-16.6023,-49.18833,2023/2024,2023-12-05,339,36,vegetativo,0.3108,0.308,27.03,8.0,0.0,24.41,71.05,5.0,61549.7,1,saudavel,3.46
538,F01-ALG,F01,Algodao,129.0,-16.6023,-49.18833,2023/2024,2023-12-06,340,37,vegetativo,0.3027,0.2472,28.02,8.0,0.0,26.7,76.84,5.0,54662.1,1,saudavel,3.46
539,F01-ALG,F01,Algodao,129.0,-16.6023,-49.18833,2023/2024,2023-12-07,341,38,vegetativo,0.312,0.2552,29.55,8.0,0.0,27.27,80.59,5.0,55559.6,1,saudavel,3.46
540,F01-ALG,F01,Algodao,129.0,-16.6023,-49.18833,2023/2024,2023-12-08,342,39,vegetativo,0.3351,0.2775,24.2,9.33,24.68,23.9,74.02,6.7,36556.2,0,saudavel,3.46
541,F01-ALG,F01,Algodao,129.0,-16.6023,-49.18833,2023/2024,2023-12-09,343,40,vegetativo,0.3473,0.2971,26.05,8.0,0.0,23.76,75.16,5.1,62739.0,1,saudavel,3.46
542,F01-ALG,F01,Algodao,129.0,-16.6023,-49.18833,2023/2024,2023-12-10,344,41,vegetativo,0.3438,0.2856,24.19,8.0,0.0,23.01,80.99,5.0,59147.7,1,saudavel,3.46
543,F01-ALG,F01,Algodao,129.0,-16.6023,-49.18833,2023/2024,2023-12-11,345,42,vegetativo,0.3765,0.3173,27.65,8.0,0.0,26.6,79.02,5.0,61400.1,1,saudavel,3.46
544,F01-ALG,F01,Algodao,129.0,-16.6023,-49.18833,2023/2024,2023-12-12,346,43,vegetativo,0.4121,0.2797,26.65,18.91,33.27,26.22,64.74,18.16,31487.6,0,saudavel,3.46
545,F01-ALG,F01,Algodao,129.0,-16.6023,-49.18833,2023/2024,2023-12-13,347,44,vegetativo,0.4499,0.3836,23.72,16.36,0.0,24.28,88.21,13.56,59154.9,1,saudavel,3.46
546,F01-ALG,F01,Algodao,129.0,-16.6023,-49.18833,2023/2024,2023-12-14,348,45,vegetativo,0.454,0.3863,22.15,14.26,0.0,22.24,82.05,10.94,56563.6,1,saudavel,3.46
547,F01-ALG,F01,Algodao,129.0,-16.6023,-49.18833,2023/2024,2023-12-15,349,46,vegetativo,0.4097,0.369,22.14,12.26,0.0,22.27,82.92,8.46,61582.8,1,atencao,3.46
548,F01-ALG,F01,Algodao,129.0,-16.6023,-49.18833,2023/2024,2023-12-16,350,47,vegetativo,0.4936,0.4457,24.9,12.78,4.97,24.39,77.5,8.12,56795.9,0,saudavel,3.46
549,F01-ALG,F01,Algodao,129.0,-16.6023,-49.18833,2023/2024,2023-12-17,351,48,vegetativo,0.4888,0.4117,24.25,27.33,33.25,24.85,68.7,27.35,32657.2,0,saudavel,3.46
550,F01-ALG,F01,Algodao,129.0,-16.6023,-49.18833,2023/2024,2023-12-18,352,49,vegetativo,0.5281,0.4653,18.57,35.68,22.07,20.82,83.81,38.37,38847.2,0,saudavel,3.46
551,F01-ALG,F01,Algodao,129.0,-16.6023,-49.18833,2023/2024,2023-12-19,353,50,vegetativo,0.5378,0.4351,20.82,39.77,15.48,23.34,76.14,40.8,41008.3,0,saudavel,3.46
552,F01-ALG,F01,Algodao,129.0,-16.6023,-49.18833,2023/2024,2023-12-20,354,51,vegetativo,0.553,0.4854,23.44,35.48,0.0,26.14,80.03,29.57,62067.9,1,saudavel,3.46
553,F01-ALG,F01,Algodao,129.0,-16.6023,-49.18833,2023/2024,2023-12-21,355,52,vegetativo,0.5732,0.4758,22.75,48.86,33.91,23.29,77.96,45.63,29995.9,0,saudavel,3.46
554,F01-ALG,F01,Algodao,129.0,-16.6023,-49.18833,2023/2024,2023-12-22,356,53,floracao,0.5926,0.48,23.26,43.95,0.0,25.74,78.8,39.19,58548.7,0,saudavel,3.46
555,F01-ALG,F01,Algodao,129.0,-16.6023,-49.18833,2023/2024,2023-12-23,357,54,floracao,0.6372,0.5379,22.95,41.87,4.4,24.38,74.57,32.06,54701.1,0,saudavel,3.46
556,F01-ALG,F01,Algodao,129.0,-16.6023,-49.18833,2023/2024,2023-12-24,358,55,floracao,0.6264,0.5605,20.18,44.39,12.67,21.68,84.41,33.97,,0,saudavel,3.46
557,F01-ALG,F01,Algodao,129.0,-16.6023,-49.18833,2023/2024,2023-12-25,359,56,floracao,0.6643,0.5683,20.72,40.3,0.0,22.76,73.51,26.82,62616.8,1,saudavel,3.46
558,F01-ALG,F01,Algodao,129.0,-16.6023,-49.18833,2023/2024,2023-12-26,360,57,floracao,0.6763,0.6048,21.26,41.34,9.59,22.91,90.61,27.68,46086.4,0,saudavel,3.46
559,F01-ALG,F01,Algodao,129.0,-16.6023,-49.18833,2023/2024,2023-12-27,361,58,floracao,0.6849,0.5672,19.56,44.87,14.39,21.57,91.38,31.87,42545.0,0,saudavel,3.46
560,F01-ALG,F01,Algodao,129.0,-16.6023,-49.18833,2023/2024,2023-12-28,362,59,floracao,0.649,0.5726,16.89,44.77,7.77,21.44,88.44,32.38,51107.5,0,saudavel,3.46
561,F01-ALG,F01,Algodao,129.0,-16.6023,-49.18833,2023/2024,2023-12-29,363,60,floracao,0.7194,0.5985,22.26,40.46,0.0,25.05,84.49,25.73,64642.4,1,saudavel,3.46
562,F01-ALG,F01,Algodao,129.0,-16.6023,-49.18833,2023/2024,2023-12-30,364,61,floracao,0.6993,0.5989,19.36,36.92,0.0,21.23,79.99,22.63,62911.3,1,saudavel,3.46
563,F01-ALG,F01,Algodao,129.0,-16.6023,-49.18833,2023/2024,2023-12-31,365,62,floracao,0.7333,0.6277,23.25,39.24,11.76,24.21,84.45,25.23,43068.7,0,saudavel,3.46
564,F01-ALG,F01,Algodao,129.0,-16.6023,-49.18833,2023/2024,2024-01-01,1,63,floracao,0.7093,0.6161,21.14,35.75,0.0,21.84,79.55,19.7,63678.7,1,saudavel,3.46
565,F01-ALG,F01,Algodao,129.0,-16.6023,-49.18833,2023/2024,2024-01-02,2,64,floracao,0.7139,0.6119,18.57,33.61,2.27,22.35,71.94,16.09,61348.9,1,saudavel,3.46
566,F01-ALG,F01,Algodao,129.0,-16.6023,-49.18833,2023/2024,2024-01-03,3,65,floracao,0.7853,0.6527,19.72,30.52,0.0,23.14,86.74,9.95,55954.3,1,saudavel,3.46
567,F01-ALG,F01,Algodao,129.0,-16.6023,-49.18833,2023/2024,2024-01-04,4,66,floracao,0.734,0.6415,17.13,31.08,6.5,21.3,85.96,12.47,45392.7,0,saudavel,3.46
568,F01-ALG,F01,Algodao,129.0,-16.6023,-49.18833,2023/2024,2024-01-05,5,67,floracao,0.7828,0.7,21.42,28.21,0.0,22.95,79.15,12.81,59087.1,1,saudavel,3.46
569,F01-ALG,F01,Algodao,129.0,-16.6023,-49.18833,2023/2024,2024-01-06,6,68,floracao,0.7683,0.6414,17.03,25.75,0.0,18.93,75.57,10.93,62575.8,0,saudavel,3.46
570,F01-ALG,F01,Algodao,129.0,-16.6023,-49.18833,2023/2024,2024-01-07,7,69,floracao,0.763,0.6118,20.05,27.86,9.06,22.56,76.55,15.41,54957.9,0,saudavel,3.46
571,F01-ALG,F01,Algodao,129.0,-16.6023,-49.18833,2023/2024,2024-01-08,8,70,floracao,0.7754,0.6691,15.29,27.85,4.83,18.1,73.03,14.9,51634.9,0,saudavel,3.46
572,F01-ALG,F01,Algodao,129.0,-16.6023,-49.18833,2023/2024,2024-01-09,9,71,floracao,0.7546,0.6348,19.96,36.76,22.75,21.37,84.86,26.34,41811.1,0,saudavel,3.46
573,F01-ALG,F01,Algodao,129.0,-16.6023,-49.18833,2023/2024,2024-01-10,10,72,floracao,0.7843,0.664,21.05,46.11,25.31,22.9,71.17,39.04,27294.0,0,saudavel,3.46
574,F01-ALG,F01,Algodao,129.0,-16.6023,-49.18833,2023/2024,2024-01-11,11,73,floracao,0.7664,0.6626,20.71,45.42,6.69,22.45,80.84,38.93,50998.0,0,saudavel,3.46
575,F01-ALG,F01,Algodao,129.0,-16.6023,-49.18833,2023/2024,2024-01-12,12,74,floracao,0.7832,0.6566,16.89,43.08,2.98,19.48,76.93,35.83,54355.6,0,saudavel,3.46
576,F01-ALG,F01,Algodao,129.0,-16.6023,-49.18833,2023/2024,2024-01-13,13,75,floracao,0.8124,0.6851,15.92,39.43,0.0,19.58,73.91,30.33,61832.4,1,saudavel,3.46
577,F01-ALG,F01,Algodao,129.0,-16.6023,-49.18833,2023/2024,2024-01-14,14,76,floracao,0.8013,0.6791,17.76,39.78,7.42,20.21,81.81,29.48,54929.9,0,saudavel,3.46
578,F01-ALG,F01,Algodao,129.0,-16.6023,-49.18833,2023/2024,2024-01-15,15,77,floracao,0.7687,0.6828,19.33,36.38,0.0,21.43,78.16,24.21,60947.8,1,saudavel,3.46
579,F01-ALG,F01,Algodao,129.0,-16.6023,-49.18833,2023/2024,2024-01-16,16,78,floracao,0.8171,0.6952,14.47,36.1,5.66,18.01,86.02,22.14,48412.0,0,saudavel,3.46
580,F01-ALG,F01,Algodao,129.0,-16.6023,-49.18833,2023/2024,2024-01-17,17,79,floracao,0.8015,0.6565,17.39,43.63,21.23,20.95,,29.52,39921.2,0,saudavel,3.46
581,F01-ALG,F01,Algodao,129.0,-16.6023,-49.18833,2023/2024,2024-01-18,18,80,floracao,0.792,0.6493,19.35,50.74,21.61,21.35,75.92,36.3,38389.9,0,saudavel,3.46
582,F01-ALG,F01,Algodao,129.0,-16.6023,-49.18833,2023/2024,2024-01-19,19,81,floracao,0.8188,0.6988,18.66,46.48,0.0,20.37,68.29,29.58,52423.5,1,saudavel,3.46
583,F01-ALG,F01,Algodao,129.0,-16.6023,-49.18833,2023/2024,2024-01-20,20,82,floracao,0.8014,0.6586,17.53,56.33,27.53,21.49,68.56,41.45,24789.9,0,saudavel,3.46
584,F01-ALG,F01,Algodao,129.0,-16.6023,-49.18833,2023/2024,2024-01-21,21,83,frutificacao,0.782,0.6335,17.66,64.74,26.23,20.96,88.72,48.58,35240.0,0,saudavel,3.46
585,F01-ALG,F01,Algodao,129.0,-16.6023,-49.18833,2023/2024,2024-01-22,22,84,frutificacao,0.8427,0.729,16.49,59.36,0.0,19.72,90.81,39.52,56353.3,0,saudavel,3.46
586,F01-ALG,F01,Algodao,129.0,-16.6023,-49.18833,2023/2024,2024-01-23,23,85,frutificacao,0.8056,0.6984,14.78,54.41,0.0,17.55,82.09,31.67,52846.2,1,saudavel,3.46
587,F01-ALG,F01,Algodao,129.0,-16.6023,-49.18833,2023/2024,2024-01-24,24,86,frutificacao,0.8043,0.6763,16.81,49.86,0.0,20.57,75.61,23.95,55880.2,1,saudavel,3.46
588,F01-ALG,F01,Algodao,129.0,-16.6023,-49.18833,2023/2024,2024-01-25,25,87,frutificacao,0.7976,0.6838,17.56,51.46,11.59,18.86,79.18,26.35,46520.6,0,saudavel,3.46
589,F01-ALG,F01,Algodao,129.0,-16.6023,-49.18833,2023/2024,2024-01-26,26,88,frutificacao,0.8289,0.7083,16.3,61.23,28.18,19.34,84.66,39.18,29502.0,0,saudavel,3.46
590,F01-ALG,F01,Algodao,129.0,-16.6023,-49.18833,2023/2024,2024-01-27,27,89,frutificacao,0.7942,0.6871,18.23,56.13,0.0,20.85,76.73,30.95,51226.5,1,saudavel,3.46
591,F01-ALG,F01,Algodao,129.0,-16.6023,-49.18833,2023/2024,2024-01-28,28,90,frutificacao,0.773,0.6692,20.98,51.34,0.0,22.18,79.6,26.37,61321.7,1,saudavel,3.46
592,F01-ALG,F01,Algodao,129.0,-16.6023,-49.18833,2023/2024,2024-01-29,29,91,frutificacao,0.7893,0.6188,16.36,47.04,0.0,19.92,79.61,18.51,58455.2,1,saudavel,3.46
593,F01-ALG,F01,Algodao,129.0,-16.6023,-49.18833,2023/2024,2024-01-30,30,92,frutificacao,0.8282,0.6991,17.19,47.19,8.24,20.73,76.24,17.3,46629.2,0,saudavel,3.46
594,F01-ALG,F01,Algodao,129.0,-16.6023,-49.18833,2023/2024,2024-01-31,31,93,frutificacao,0.8167,0.7046,13.05,45.52,4.6,17.66,78.2,16.92,49880.3,0,saudavel,3.46
595,F01-ALG,F01,Algodao,129.0,-16.6023,-49.18833,2023/2024,2024-02-01,32,94,frutificacao,0.7932,0.666,16.81,41.68,0.0,20.12,80.71,13.76,55824.8,1,saudavel,3.46
596,F01-ALG,F01,Algodao,129.0,-16.6023,-49.18833,2023/2024,2024-02-02,33,95,frutificacao,0.8237,0.7009,14.68,38.14,0.0,19.59,74.57,11.63,51116.0,1,saudavel,3.46
597,F01-ALG,F01,Algodao,129.0,-16.6023,-49.18833,2023/2024,2024-02-03,34,96,frutificacao,0.8088,0.7025,18.92,36.71,3.63,21.45,80.49,10.83,51941.1,0,saudavel,3.46
598,F01-ALG,F01,Algodao,129.0,-16.6023,-49.18833,2023/2024,2024-02-04,35,97,frutificacao,0.7858,0.6696,16.07,33.57,0.0,18.72,77.39,7.24,50015.9,1,saudavel,3.46
599,F01-ALG,F01,Algodao,129.0,-16.6023,-49.18833,2023/2024,2024-02-05,36,98,frutificacao,0.7847,0.6972,15.76,30.68,0.0,19.1,80.05,5.67,53541.5,1,saudavel,3.46
600,F01-ALG,F01,Algodao,129.0,-16.6023,-49.18833,2023/2024,2024-02-06,37,99,frutificacao,0.7912,0.695,17.77,37.53,19.0,20.99,85.08,16.07,33049.5,0,saudavel,3.46
601,F01-ALG,F01,Algodao,129.0,-16.6023,-49.18833,2023/2024,2024-02-07,38,100,frutificacao,0.764,0.647,17.08,38.05,7.46,19.2,78.27,20.09,43261.4,0,saudavel,3.46
602,F01-ALG,F01,Algodao,129.0,-16.6023,-49.18833,2023/2024,2024-02-08,39,101,frutificacao,0.7764,0.6559,13.48,34.81,0.0,17.61,84.55,15.73,57899.1,1,saudavel,3.46
603,F01-ALG,F01,Algodao,129.0,-16.6023,-49.18833,2023/2024,2024-02-09,40,102,frutificacao,0.7775,0.6039,20.24,39.57,15.88,23.03,67.6,22.62,38923.5,0,saudavel,3.46
604,F01-ALG,F01,Algodao,129.0,-16.6023,-49.18833,2023/2024,2024-02-10,41,103,frutificacao,0.7322,0.6158,15.64,36.2,0.0,17.53,77.39,22.0,53036.0,1,saudavel,3.46
605,F01-ALG,F01,Algodao,129.0,-16.6023,-49.18833,2023/2024,2024-02-11,42,104,frutificacao,0.7561,0.6156,14.4,33.11,0.0,18.99,78.87,17.49,46099.5,1,saudavel,3.46
606,F01-ALG,F01,Algodao,129.0,-16.6023,-49.18833,2023/2024,2024-02-12,43,105,frutificacao,0.7471,0.6394,17.51,50.75,40.98,19.55,87.88,41.55,24133.8,1,saudavel,3.46
607,F01-ALG,F01,Algodao,129.0,-16.6023,-49.18833,2023/2024,2024-02-13,44,106,frutificacao,0.7663,0.6544,14.8,46.49,0.0,19.37,68.43,34.78,52945.4,0,saudavel,3.46
608,F01-ALG,F01,Algodao,129.0,-16.6023,-49.18833,2023/2024,2024-02-14,45,107,frutificacao,0.7007,0.6095,16.21,52.84,20.55,18.63,78.06,42.72,34291.9,0,saudavel,3.46
609,F01-ALG,F01,Algodao,129.0,-16.6023,-49.18833,2023/2024,2024-02-15,46,108,frutificacao,0.7211,0.6409,14.93,58.42,20.02,18.58,85.71,48.21,27507.9,0,saudavel,3.46
610,F01-ALG,F01,Algodao,129.0,-16.6023,-49.18833,2023/2024,2024-02-16,47,109,frutificacao,0.7094,0.6025,17.5,53.55,0.0,18.46,74.44,39.57,51297.8,0,saudavel,3.46
611,F01-ALG,F01,Algodao,129.0,-16.6023,-49.18833,2023/2024,2024-02-17,48,110,frutificacao,0.7277,0.6641,13.38,49.07,0.0,17.08,77.98,32.33,51473.9,0,saudavel,3.46
612,F01-ALG,F01,Algodao,129.0,-16.6023,-49.18833,2023/2024,2024-02-18,49,111,frutificacao,0.6962,0.5964,18.02,47.38,5.26,21.93,77.64,28.56,49534.3,0,saudavel,3.46
613,F01-ALG,F01,Algodao,129.0,-16.6023,-49.18833,2023/2024,2024-02-19,50,112,frutificacao,0.7207,0.5864,15.98,43.39,0.0,18.33,78.92,23.65,47794.1,1,saudavel,3.46
614,F01-ALG,F01,Algodao,129.0,-16.6023,-49.18833,2023/2024,2024-02-20,51,113,frutificacao,0.6848,0.5709,16.93,39.72,0.0,19.51,84.97,22.18,,0,saudavel,3.46
615,F01-ALG,F01,Algodao,129.0,-16.6023,-49.18833,2023/2024,2024-02-21,52,114,frutificacao,0.6493,0.5445,14.72,36.32,0.0,18.07,80.09,19.71,46142.4,1,saudavel,3.46
616,F01-ALG,F01,Algodao,129.0,-16.6023,-49.18833,2023/2024,2024-02-22,53,115,frutificacao,0.6474,0.5621,16.69,33.18,0.0,17.99,84.38,16.32,45523.3,1,saudavel,3.46
617,F01-ALG,F01,Algodao,129.0,-16.6023,-49.18833,2023/2024,2024-02-23,54,116,frutificacao,0.6198,0.5078,14.23,33.22,5.93,17.8,75.9,18.17,45908.8,0,saudavel,3.46
618,F01-ALG,F01,Algodao,129.0,-16.6023,-49.18833,2023/2024,2024-02-24,55,117,frutificacao,0.6275,0.5274,13.44,36.98,13.34,16.12,74.84,21.93,29310.7,0,saudavel,3.46
619,F01-ALG,F01,Algodao,129.0,-16.6023,-49.18833,2023/2024,2024-02-25,56,118,frutificacao,0.5664,0.4782,16.49,33.67,0.0,18.17,76.03,17.13,46498.0,1,saudavel,3.46
620,F01-ALG,F01,Algodao,129.0,-16.6023,-49.18833,2023/2024,2024-02-26,57,119,frutificacao,0.5588,0.466,17.53,32.59,3.96,17.76,71.44,17.58,48656.1,0,saudavel,3.46
621,F01-ALG,F01,Algodao,129.0,-16.6023,-49.18833,2023/2024,2024-02-27,58,120,frutificacao,0.566,0.4973,20.29,29.62,0.0,20.09,78.09,16.17,47203.9,1,saudavel,3.46
622,F01-ALG,F01,Algodao,129.0,-16.6023,-49.18833,2023/2024,2024-02-28,59,121,frutificacao,0.5626,0.4911,16.55,38.88,23.98,16.51,75.73,27.23,30815.9,0,saudavel,3.46
623,F01-ALG,F01,Algodao,129.0,-16.6023,-49.18833,2023/2024,2024-02-29,60,122,frutificacao,0.475,0.4271,16.98,37.35,4.12,17.4,73.59,23.65,38389.6,0,atencao,3.46
624,F01-ALG,F01,Algodao,129.0,-16.6023,-49.18833,2023/2024,2024-03-01,61,123,frutificacao,0.5274,0.4417,13.72,36.96,6.01,16.89,79.58,26.04,36743.4,0,saudavel,3.46
625,F01-ALG,F01,Algodao,129.0,-16.6023,-49.18833,2023/2024,2024-03-02,62,124,frutificacao,0.478,0.4303,20.47,46.0,25.05,20.38,69.11,37.09,31008.8,0,saudavel,3.46
626,F01-ALG,F01,Algodao,129.0,-16.6023,-49.18833,2023/2024,2024-03-03,63,125,frutificacao,0.424,0.3332,18.54,51.86,20.21,16.88,80.61,45.55,30468.0,0,atencao,3.46
627,F01-ALG,F01,Algodao,129.0,-16.6023,-49.18833,2023/2024,2024-03-04,64,126,frutificacao,0.3829,0.2977,20.79,47.08,0.0,19.0,72.91,36.85,45454.4,0,atencao,3.46
628,F01-ALG,F01,Algodao,129.0,-16.6023,-49.18833,2023/2024,2024-03-05,65,127,frutificacao,0.394,0.3106,20.51,42.71,0.0,19.59,80.57,29.8,41443.6,1,saudavel,3.46
629,F01-ALG,F01,Algodao,129.0,-16.6023,-49.18833,2023/2024,2024-03-06,66,128,maturacao,0.4063,0.3456,17.05,46.73,16.06,17.9,73.65,33.65,,0,saudavel,3.46
630,F01-ALG,F01,Algodao,129.0,-16.6023,-49.18833,2023/2024,2024-03-07,67,129,maturacao,0.3882,0.354,16.01,48.23,11.71,16.03,79.72,35.82,32052.1,0,saudavel,3.46
631,F01-ALG,F01,Algodao,129.0,-16.6023,-49.18833,2023/2024,2024-03-08,68,130,maturacao,0.3856,0.3157,18.5,43.75,0.0,16.03,77.27,,47309.0,0,saudavel,3.46
632,F01-ALG,F01,Algodao,129.0,-16.6023,-49.18833,2023/2024,2024-03-09,69,131,maturacao,0.3462,0.2847,18.82,48.59,18.04,19.35,77.92,34.38,38529.9,0,saudavel,3.46
633,F01-ALG,F01,Algodao,129.0,-16.6023,-49.18833,2023/2024,2024-03-10,70,132,maturacao,0.3201,0.2677,16.13,43.99,0.0,16.16,76.49,26.73,44493.3,0,saudavel,3.46
634,F01-ALG,F01,Algodao,129.0,-16.6023,-49.18833,2023/2024,2024-03-11,71,133,maturacao,0.3199,0.2833,20.69,39.75,0.0,18.63,65.96,22.35,40781.3,0,saudavel,3.46
635,F01-ALG,F01,Algodao,129.0,-16.6023,-49.18833,2023/2024,2024-03-12,72,134,maturacao,0.3156,0.2587,18.93,35.84,0.0,18.2,79.39,17.19,34728.8,0,saudavel,3.46
636,F01-ALG,F01,Algodao,129.0,-16.6023,-49.18833,2023/2024,2024-03-13,73,135,maturacao,0.3072,0.2504,18.64,32.23,0.0,18.58,73.49,12.39,36919.0,0,saudavel,3.46
637,F01-ALG,F01,Algodao,129.0,-16.6023,-49.18833,2023/2024,2024-03-14,74,136,maturacao,0.2753,0.2071,21.77,28.87,0.0,18.72,77.61,10.66,46278.7,0,saudavel,3.46
638,F01-ALG,F01,Algodao,129.0,-16.6023,-49.18833,2023/2024,2024-03-15,75,137,maturacao,0.2986,0.2423,18.38,25.81,0.0,16.61,78.2,9.41,38167.4,0,saudavel,3.46
639,F01-ALG,F01,Algodao,129.0,-16.6023,-49.18833,2023/2024,2024-03-16,76,138,maturacao,0.2583,0.2431,17.83,22.93,0.0,16.54,70.73,5.99,39782.8,0,saudavel,3.46
640,F01-ALG,F01,Algodao,129.0,-16.6023,-49.18833,2023/2024,2024-03-17,77,139,maturacao,0.2444,0.2096,19.73,24.56,8.6,19.07,68.31,9.73,36692.8,0,saudavel,3.46
641,F01-ALG,F01,Algodao,129.0,-16.6023,-49.18833,2023/2024,2024-03-18,78,140,maturacao,0.2428,0.1916,20.92,27.44,11.35,17.06,77.19,12.46,37020.3,0,saudavel,3.46
642,F01-ALG,F01,Algodao,129.0,-16.6023,-49.18833,2023/2024,2024-03-19,79,141,maturacao,0.2677,0.2522,15.44,34.53,20.18,13.88,74.11,20.95,25824.0,0,saudavel,3.46
643,F01-ALG,F01,Algodao,129.0,-16.6023,-49.18833,2023/2024,2024-03-20,80,142,maturacao,0.2367,0.1895,22.25,38.64,15.44,18.98,77.06,26.3,28088.4,0,saudavel,3.46
644,F01-ALG,F01,Algodao,129.0,-16.6023,-49.18833,2023/2024,2024-03-21,81,143,maturacao,0.2193,0.2148,19.38,34.68,0.0,16.46,72.81,20.48,39305.2,0,saudavel,3.46
645,F01-ALG,F01,Algodao,129.0,-16.6023,-49.18833,2023/2024,2024-03-22,82,144,maturacao,0.2462,0.2373,19.98,37.51,12.87,18.72,77.26,22.63,,0,saudavel,3.46
646,F01-ALG,F01,Algodao,129.0,-16.6023,-49.18833,2023/2024,2024-03-23,83,145,maturacao,0.2655,0.2268,21.21,40.54,13.7,20.12,73.23,25.33,27882.4,0,saudavel,3.46
647,F01-ALG,F01,Algodao,129.0,-16.6023,-49.18833,2023/2024,2024-03-24,84,146,colheita,0.2223,0.159,21.51,36.43,0.0,18.06,73.6,18.05,39241.9,0,saudavel,3.46
648,F01-ALG,F01,Algodao,129.0,-16.6023,-49.18833,2023/2024,2024-03-25,85,147,colheita,0.2387,0.2487,22.86,32.68,0.0,19.54,69.2,14.39,38201.2,0,saudavel,3.46
649,F01-ALG,F01,Algodao,129.0,-16.6023,-49.18833,2023/2024,2024-03-26,86,148,colheita,0.2311,0.2042,18.34,29.21,0.0,18.29,,,43679.6,0,saudavel,3.46
650,F01-ALG,F01,Algodao,129.0,-16.6023,-49.18833,2023/2024,2024-03-27,87,149,colheita,0.1949,0.1592,23.26,25.91,0.0,20.46,76.1,5.0,38241.3,0,saudavel,3.46
651,F01-ALG,F01,Algodao,129.0,-16.6023,-49.18833,2024/2025,2024-11-03,308,0,germinacao,0.2168,0.1814,30.6,45.0,4.66,29.92,72.95,46.91,46835.3,0,saudavel,3.21
652,F01-ALG,F01,Algodao,129.0,-16.6023,-49.18833,2024/2025,2024-11-04,309,1,germinacao,0.2227,0.2325,29.76,43.99,8.39,26.14,68.8,38.17,43663.0,0,saudavel,3.21
653,F01-ALG,F01,Algodao,129.0,-16.6023,-49.18833,2024/2025,2024-11-05,310,2,germinacao,0.1928,0.2063,31.4,38.66,0.0,27.54,64.34,28.06,51964.5,1,saudavel,3.21
654,F01-ALG,F01,Algodao,129.0,-16.6023,-49.18833,2024/2025,2024-11-06,311,3,germinacao,0.2035,0.1519,30.27,33.8,0.0,27.25,62.41,20.75,55030.0,1,saudavel,3.21
655,F01-ALG,F01,Algodao,129.0,-16.6023,-49.18833,2024/2025,2024-11-07,312,4,germinacao,0.1216,0.0851,29.37,29.27,0.0,26.71,73.35,13.46,56064.3,1,critico,3.21
656,F01-ALG,F01,Algodao,129.0,-16.6023,-49.18833,2024/2025,2024-11-08,313,5,germinacao,0.1798,0.1316,29.42,25.04,0.0,28.04,73.83,7.9,50502.8,1,saudavel,3.21
657,F01-ALG,F01,Algodao,129.0,-16.6023,-49.18833,2024/2025,2024-11-09,314,6,germinacao,0.2062,0.1964,29.74,21.15,0.0,28.25,66.46,6.79,53471.2,1,saudavel,3.21
658,F01-ALG,F01,Algodao,129.0,-16.6023,-49.18833,2024/2025,2024-11-10,315,7,germinacao,0.2031,0.1647,32.27,25.96,16.74,28.16,77.8,15.67,40536.2,0,saudavel,3.21
659,F01-ALG,F01,Algodao,129.0,-16.6023,-49.18833,2024/2025,2024-11-11,316,8,germinacao,0.1608,0.1415,27.82,22.21,0.0,25.96,74.79,9.64,52743.5,1,atencao,3.21
660,F01-ALG,F01,Algodao,129.0,-16.6023,-49.18833,2024/2025,2024-11-12,317,9,germinacao,0.18,0.1929,24.89,18.92,0.0,24.87,81.57,5.24,56966.7,1,saudavel,3.21
661,F01-ALG,F01,Algodao,129.0,-16.6023,-49.18833,2024/2025,2024-11-13,318,10,germinacao,0.1359,0.1153,31.45,15.49,0.0,27.64,75.15,5.0,54960.2,1,critico,3.21
662,F01-ALG,F01,Algodao,129.0,-16.6023,-49.18833,2024/2025,2024-11-14,319,11,germinacao,0.1957,0.1805,30.14,12.58,0.0,26.4,68.84,5.0,53924.7,1,saudavel,3.21
663,F01-ALG,F01,Algodao,129.0,-16.6023,-49.18833,2024/2025,2024-11-15,320,12,germinacao,0.1507,0.1385,34.13,9.42,0.0,29.83,74.54,5.0,56462.0,1,atencao,3.21
664,F01-ALG,F01,Algodao,129.0,-16.6023,-49.18833,2024/2025,2024-11-16,321,13,germinacao,0.2121,0.1685,32.94,8.0,0.0,29.81,75.74,5.0,57681.5,1,saudavel,3.21
665,F01-ALG,F01,Algodao,129.0,-16.6023,-49.18833,2024/2025,2024-11-17,322,14,germinacao,0.2143,0.2033,33.15,8.0,2.57,29.88,69.74,5.0,51727.4,1,saudavel,3.21
666,F01-ALG,F01,Algodao,129.0,-16.6023,-49.18833,2024/2025,2024-11-18,323,15,vegetativo,0.1825,0.1381,27.8,8.0,0.0,25.39,68.09,5.0,56165.8,1,saudavel,3.21
667,F01-ALG,F01,Algodao,129.0,-16.6023,-49.18833,2024/2025,2024-11-19,324,16,vegetativo,0.2039,0.2001,27.66,13.04,23.62,27.57,74.62,7.75,36012.3,0,saudavel,3.21
668,F01-ALG,F01,Algodao,129.0,-16.6023,-49.18833,2024/2025,2024-11-20,325,17,vegetativo,0.1908,0.1504,30.24,18.28,16.28,27.93,69.02,14.41,39435.4,0,saudavel,3.21
669,F01-ALG,F01,Algodao,129.0,-16.6023,-49.18833,2024/2025,2024-11-21,326,18,vegetativo,0.2019,0.162,30.47,15.0,0.0,27.66,79.9,8.89,52463.9,1,saudavel,3.21
670,F01-ALG,F01,Algodao,129.0,-16.6023,-49.18833,2024/2025,2024-11-22,327,19,vegetativo,0.1762,0.128,28.18,12.15,0.0,25.9,73.43,8.13,52997.8,1,atencao,3.21
671,F01-ALG,F01,Algodao,129.0,-16.6023,-49.18833,2024/2025,2024-11-23,328,20,vegetativo,0.2139,0.1634,30.15,9.31,0.0,28.26,82.79,5.0,56518.1,1,saudavel,3.21
672,F01-ALG,F01,Algodao,129.0,-16.6023,-49.18833,2024/2025,2024-11-24,329,21,vegetativo,0.1713,0.1371,27.74,8.0,0.0,26.24,64.86,5.0,53976.3,1,atencao,3.21
673,F01-ALG,F01,Algodao,129.0,-16.6023,-49.18833,2024/2025,2024-11-25,330,22,vegetativo,0.1705,0.0963,27.8,8.0,0.0,26.34,76.21,5.0,57042.0,1,atencao,3.21
674,F01-ALG,F01,Algodao,129.0,-16.6023,-49.18833,2024/2025,2024-11-26,331,23,vegetativo,0.2079,0.1721,27.71,8.0,3.59,23.74,84.34,5.0,59741.3,0,saudavel,3.21
675,F01-ALG,F01,Algodao,129.0,-16.6023,-49.18833,2024/2025,2024-11-27,332,24,vegetativo,0.2098,0.1682,30.91,8.0,0.0,26.92,70.94,5.0,54239.6,1,saudavel,3.21
676,F01-ALG,F01,Algodao,129.0,-16.6023,-49.18833,2024/2025,2024-11-28,333,25,vegetativo,0.2235,0.2058,27.45,8.0,0.0,25.46,75.57,5.0,57664.2,1,saudavel,3.21
677,F01-ALG,F01,Algodao,129.0,-16.6023,-49.18833,2024/2025,2024-11-29,334,26,vegetativo,0.2096,0.1866,28.85,9.25,20.19,26.45,73.85,5.0,45306.1,0,saudavel,3.21
678,F01-ALG,F01,Algodao,129.0,-16.6023,-49.18833,2024/2025,2024-11-30,335,27,vegetativo,0.2654,0.2114,26.64,8.0,0.0,26.01,72.8,5.0,59992.1,1,saudavel,3.21
679,F01-ALG,F01,Algodao,129.0,-16.6023,-49.18833,2024/2025,2024-12-01,336,28,vegetativo,0.2364,0.1918,28.34,8.0,0.0,25.83,77.64,5.0,57783.6,1,saudavel,3.21
680,F01-ALG,F01,Algodao,129.0,-16.6023,-49.18833,2024/2025,2024-12-02,337,29,vegetativo,0.244,0.2027,28.95,8.0,3.47,25.39,70.29,5.0,55116.5,0,saudavel,3.21
681,F01-ALG,F01,Algodao,129.0,-16.6023,-49.18833,2024/2025,2024-12-03,338,30,vegetativo,0.2501,0.2423,26.76,8.0,0.0,26.54,75.61,5.0,60395.3,1,saudavel,3.21
682,F01-ALG,F01,Algodao,129.0,-16.6023,-49.18833,2024/2025,2024-12-04,339,31,vegetativo,0.2737,0.2162,26.96,10.29,18.27,24.96,79.77,11.38,46269.1,0,saudavel,3.21
683,F01-ALG,F01,Algodao,129.0,-16.6023,-49.18833,2024/2025,2024-12-05,340,32,vegetativo,0.2733,0.2179,25.05,18.12,19.6,22.97,77.39,20.54,38339.4,0,saudavel,3.21
684,F01-ALG,F01,Algodao,129.0,-16.6023,-49.18833,2024/2025,2024-12-06,341,33,vegetativo,0.2796,0.2151,27.92,19.17,7.99,25.91,71.77,21.59,49214.9,0,saudavel,3.21
685,F01-ALG,F01,Algodao,129.0,-16.6023,-49.18833,2024/2025,2024-12-07,342,34,vegetativo,0.2952,0.2213,26.72,20.84,8.82,23.74,83.3,22.67,46593.2,0,saudavel,3.21
686,F01-ALG,F01,Algodao,129.0,-16.6023,-49.18833,2024/2025,2024-12-08,343,35,vegetativo,0.2546,0.2226,26.61,22.29,8.56,22.86,82.39,22.81,51369.6,0,atencao,3.21
687,F01-ALG,F01,Algodao,129.0,-16.6023,-49.18833,2024/2025,2024-12-09,344,36,vegetativo,0.2668,0.2309,24.58,19.33,0.0,23.21,73.39,18.29,55407.6,1,atencao,3.21
688,F01-ALG,F01,Algodao,129.0,-16.6023,-49.18833,2024/2025,2024-12-10,345,37,vegetativo,0.3134,0.292,26.92,37.21,41.54,25.07,71.07,43.02,28453.5,0,saudavel,3.21
689,F01-ALG,F01,Algodao,129.0,-16.6023,-49.18833,2024/2025,2024-12-11,346,38,vegetativo,0.3242,0.2964,25.56,32.99,0.0,24.4,73.25,32.7,57022.4,0,saudavel,3.21
690,F01-ALG,F01,Algodao,129.0,-16.6023,-49.18833,2024/2025,2024-12-12,347,39,vegetativo,0.3538,0.3487,21.42,29.53,0.0,21.24,82.68,24.32,63023.6,1,saudavel,3.21
691,F01-ALG,F01,Algodao,129.0,-16.6023,-49.18833,2024/2025,2024-12-13,348,40,vegetativo,0.3576,0.3025,24.81,41.92,31.72,23.76,79.87,37.58,28398.7,0,saudavel,3.21
692,F01-ALG,F01,Algodao,129.0,-16.6023,-49.18833,2024/2025,2024-12-14,349,41,vegetativo,0.3846,0.3217,27.2,52.96,31.47,25.99,81.16,51.02,31134.8,0,saudavel,3.21
693,F01-ALG,F01,Algodao,129.0,-16.6023,-49.18833,2024/2025,2024-12-15,350,42,vegetativo,0.3646,0.2839,24.39,47.65,0.0,23.45,77.15,42.14,55110.0,0,saudavel,3.21
694,F01-ALG,F01,Algodao,129.0,-16.6023,-49.18833,2024/2025,2024-12-16,351,43,vegetativo,0.4065,0.3595,23.24,42.8,0.0,23.78,74.0,32.39,60344.8,0,saudavel,3.21
695,F01-ALG,F01,Algodao,129.0,-16.6023,-49.18833,2024/2025,2024-12-17,352,44,vegetativo,0.3978,0.3405,25.44,38.11,0.0,25.49,,21.72,56362.5,1,saudavel,3.21
696,F01-ALG,F01,Algodao,129.0,-16.6023,-49.18833,2024/2025,2024-12-18,353,45,vegetativo,0.4507,0.3961,24.5,41.55,15.23,25.01,75.19,25.23,43487.8,0,saudavel,3.21
697,F01-ALG,F01,Algodao,129.0,-16.6023,-49.18833,2024/2025,2024-12-19,354,46,vegetativo,0.4242,0.3377,24.59,37.03,0.0,25.25,78.78,19.96,66630.5,1,atencao,3.21
698,F01-ALG,F01,Algodao,129.0,-16.6023,-49.18833,2024/2025,2024-12-20,355,47,vegetativo,0.4877,0.4216,19.38,33.6,0.0,19.45,73.61,15.66,62796.5,1,saudavel,3.21
699,F01-ALG,F01,Algodao,129.0,-16.6023,-49.18833,2024/2025,2024-12-21,356,48,vegetativo,0.4705,0.4041,26.29,29.69,0.0,26.11,74.54,11.51,59611.7,1,saudavel,3.21
700,F01-ALG,F01,Algodao,129.0,-16.6023,-49.18833,2024/2025,2024-12-22,357,49,vegetativo,0.5114,0.4375,24.74,28.18,3.66,24.36,83.51,9.79,65925.7,0,saudavel,3.21
701,F01-ALG,F01,Algodao,129.0,-16.6023,-49.18833,2024/2025,2024-12-23,358,50,vegetativo,0.556,0.4589,25.13,24.72,0.0,27.0,73.32,7.98,57226.5,1,saudavel,3.21
702,F01-ALG,F01,Algodao,129.0,-16.6023,-49.18833,2024/2025,2024-12-24,359,51,vegetativo,0.5614,0.501,20.4,26.44,8.59,22.03,83.97,11.86,54864.0,0,saudavel,3.21
703,F01-ALG,F01,Algodao,129.0,-16.6023,-49.18833,2024/2025,2024-12-25,360,52,vegetativo,0.5423,0.502,21.13,23.88,0.0,20.45,69.2,10.03,55324.2,1,saudavel,3.21
704,F01-ALG,F01,Algodao,129.0,-16.6023,-49.18833,2024/2025,2024-12-26,361,53,floracao,0.5796,0.4705,21.63,21.28,0.0,23.01,76.53,7.57,59156.3,1,saudavel,3.21
705,F01-ALG,F01,Algodao,129.0,-16.6023,-49.18833,2024/2025,2024-12-27,362,54,floracao,0.5803,0.5076,21.29,18.95,0.0,22.48,78.8,6.18,55804.4,1,saudavel,3.21
706,F01-ALG,F01,Algodao,129.0,-16.6023,-49.18833,2024/2025,2024-12-28,363,55,floracao,0.5929,0.4464,22.26,19.38,5.41,23.78,87.59,8.28,55176.1,0,saudavel,3.21
707,F01-ALG,F01,Algodao,129.0,-16.6023,-49.18833,2024/2025,2024-12-29,364,56,floracao,0.6449,0.5616,23.63,17.08,0.0,24.31,72.72,5.0,59916.4,1,saudavel,3.21
708,F01-ALG,F01,Algodao,129.0,-16.6023,-49.18833,2024/2025,2024-12-30,365,57,floracao,0.6687,0.531,21.62,25.98,21.52,22.46,83.02,17.53,,0,saudavel,3.21
709,F01-ALG,F01,Algodao,129.0,-16.6023,-49.18833,2024/2025,2024-12-31,366,58,floracao,0.6804,0.5678,21.12,29.95,12.97,22.13,85.14,23.43,50010.2,0,saudavel,3.21
710,F01-ALG,F01,Algodao,129.0,-16.6023,-49.18833,2024/2025,2025-01-01,1,59,floracao,0.6968,0.566,21.03,27.01,0.0,23.28,75.56,20.23,57923.3,1,saudavel,3.21
711,F01-ALG,F01,Algodao,129.0,-16.6023,-49.18833,2024/2025,2025-01-02,2,60,floracao,0.6968,0.588,18.86,24.45,0.0,22.01,,16.7,60534.1,1,saudavel,3.21
712,F01-ALG,F01,Algodao,129.0,-16.6023,-49.18833,2024/2025,2025-01-03,3,61,floracao,0.703,0.6143,21.38,38.07,31.86,21.78,80.75,32.49,32199.8,0,saudavel,3.21
713,F01-ALG,F01,Algodao,129.0,-16.6023,-49.18833,2024/2025,2025-01-04,4,62,floracao,0.6976,0.5558,22.33,34.42,0.0,23.75,71.44,24.64,54943.4,1,saudavel,3.21
714,F01-ALG,F01,Algodao,129.0,-16.6023,-49.18833,2024/2025,2025-01-05,5,63,floracao,0.7199,0.6048,21.05,43.01,23.89,23.99,76.41,34.3,33444.8,0,saudavel,3.21
715,F01-ALG,F01,Algodao,129.0,-16.6023,-49.18833,2024/2025,2025-01-06,6,64,floracao,0.7112,0.5943,22.65,39.0,0.0,23.63,85.26,27.67,59370.1,1,saudavel,3.21
716,F01-ALG,F01,Algodao,129.0,-16.6023,-49.18833,2024/2025,2025-01-07,7,65,floracao,0.7288,0.6511,18.55,35.58,0.0,21.65,82.65,22.11,60997.6,1,saudavel,3.21
717,F01-ALG,F01,Algodao,129.0,-16.6023,-49.18833,2024/2025,2025-01-08,8,66,floracao,0.7549,0.6503,17.21,32.53,0.0,18.6,81.05,16.19,63263.6,1,saudavel,3.21
718,F01-ALG,F01,Algodao,129.0,-16.6023,-49.18833,2024/2025,2025-01-09,9,67,floracao,0.7575,0.6203,20.15,29.69,0.0,21.49,80.63,11.26,58239.1,1,saudavel,3.21
719,F01-ALG,F01,Algodao,129.0,-16.6023,-49.18833,2024/2025,2025-01-10,10,68,floracao,0.8272,0.6937,16.11,39.18,24.14,20.48,83.54,21.52,34177.8,0,saudavel,3.21
720,F01-ALG,F01,Algodao,129.0,-16.6023,-49.18833,2024/2025,2025-01-11,11,69,floracao,0.7444,0.6639,19.21,54.53,37.46,21.33,83.95,37.0,26703.6,0,saudavel,3.21
721,F01-ALG,F01,Algodao,129.0,-16.6023,-49.18833,2024/2025,2025-01-12,12,70,floracao,0.7738,0.672,18.24,49.97,0.0,20.42,77.81,29.88,59501.9,1,saudavel,3.21
722,F01-ALG,F01,Algodao,129.0,-16.6023,-49.18833,2024/2025,2025-01-13,13,71,floracao,0.7522,0.621,21.15,48.54,5.58,21.3,87.68,31.32,52051.8,0,saudavel,3.21
723,F01-ALG,F01,Algodao,129.0,-16.6023,-49.18833,2024/2025,2025-01-14,14,72,floracao,0.7768,0.655,15.95,65.08,41.25,19.68,87.52,54.93,28294.5,0,saudavel,3.21
724,F01-ALG,F01,Algodao,129.0,-16.6023,-49.18833,2024/2025,2025-01-15,15,73,floracao,0.7811,0.6593,17.63,59.67,0.0,19.23,84.54,43.31,57803.5,0,saudavel,3.21
725,F01-ALG,F01,Algodao,129.0,-16.6023,-49.18833,2024/2025,2025-01-16,16,74,floracao,0.808,0.6761,19.64,55.71,2.29,22.89,74.68,36.79,57379.1,0,saudavel,3.21
726,F01-ALG,F01,Algodao,129.0,-16.6023,-49.18833,2024/2025,2025-01-17,17,75,floracao,0.7849,0.6329,15.21,54.95,7.8,19.52,75.76,32.78,48569.7,0,saudavel,3.21
727,F01-ALG,F01,Algodao,129.0,-16.6023,-49.18833,2024/2025,2025-01-18,18,76,floracao,0.7924,0.66,17.63,50.36,0.0,20.88,78.35,24.65,55291.0,1,saudavel,3.21
728,F01-ALG,F01,Algodao,129.0,-16.6023,-49.18833,2024/2025,2025-01-19,19,77,floracao,0.7897,0.699,19.12,49.2,6.31,22.23,79.42,22.16,52688.3,0,saudavel,3.21
729,F01-ALG,F01,Algodao,129.0,-16.6023,-49.18833,2024/2025,2025-01-20,20,78,floracao,0.7721,0.6486,18.07,47.12,4.29,22.08,70.29,20.24,44093.2,0,saudavel,3.21
730,F01-ALG,F01,Algodao,129.0,-16.6023,-49.18833,2024/2025,2025-01-21,21,79,floracao,0.7886,0.6682,19.03,50.01,13.79,21.81,81.69,24.98,42152.2,0,saudavel,3.21
731,F01-ALG,F01,Algodao,129.0,-16.6023,-49.18833,2024/2025,2025-01-22,22,80,floracao,0.7952,0.6788,18.79,64.54,37.47,20.99,86.07,44.96,24992.9,0,saudavel,3.21
732,F01-ALG,F01,Algodao,129.0,-16.6023,-49.18833,2024/2025,2025-01-23,23,81,floracao,0.8054,0.7289,18.53,59.18,0.0,21.54,82.11,37.6,60311.5,1,saudavel,3.21
733,F01-ALG,F01,Algodao,129.0,-16.6023,-49.18833,2024/2025,2025-01-24,24,82,floracao,0.8159,0.6937,18.54,54.18,0.0,22.43,75.23,29.98,55181.9,1,saudavel,3.21
734,F01-ALG,F01,Algodao,129.0,-16.6023,-49.18833,2024/2025,2025-01-25,25,83,frutificacao,0.8006,0.7024,17.57,49.64,0.0,20.93,75.46,24.38,54620.2,1,saudavel,3.21
735,F01-ALG,F01,Algodao,129.0,-16.6023,-49.18833,2024/2025,2025-01-26,26,84,frutificacao,0.8007,0.6686,14.24,53.66,16.37,17.45,82.93,28.73,40640.4,0,saudavel,3.21
736,F01-ALG,F01,Algodao,129.0,-16.6023,-49.18833,2024/2025,2025-01-27,27,85,frutificacao,0.7715,0.6506,16.61,61.73,25.13,19.34,79.44,37.62,30688.4,0,saudavel,3.21
737,F01-ALG,F01,Algodao,129.0,-16.6023,-49.18833,2024/2025,2025-01-28,28,86,frutificacao,0.8167,0.6945,18.85,58.0,2.81,21.09,81.28,30.17,51846.3,1,saudavel,3.21
738,F01-ALG,F01,Algodao,129.0,-16.6023,-49.18833,2024/2025,2025-01-29,29,87,frutificacao,0.7918,0.6575,16.18,53.16,0.0,19.03,83.21,25.45,55733.9,1,saudavel,3.21
739,F01-ALG,F01,Algodao,129.0,-16.6023,-49.18833,2024/2025,2025-01-30,30,88,frutificacao,0.8203,0.6931,17.54,48.66,0.0,22.33,83.59,20.04,53949.2,1,saudavel,3.21
740,F01-ALG,F01,Algodao,129.0,-16.6023,-49.18833,2024/2025,2025-01-31,31,89,frutificacao,0.8311,0.7242,15.69,45.84,2.55,,73.93,15.03,51354.9,1,saudavel,3.21
741,F01-ALG,F01,Algodao,129.0,-16.6023,-49.18833,2024/2025,2025-02-01,32,90,frutificacao,0.8002,0.6641,16.84,41.98,0.0,19.88,80.5,11.97,51715.9,1,saudavel,3.21
742,F01-ALG,F01,Algodao,129.0,-16.6023,-49.18833,2024/2025,2025-02-02,33,91,frutificacao,0.7824,0.6651,19.45,38.42,0.0,21.36,76.58,7.68,51043.5,1,saudavel,3.21
743,F01-ALG,F01,Algodao,129.0,-16.6023,-49.18833,2024/2025,2025-02-03,34,92,frutificacao,0.8013,0.6953,17.42,45.11,19.94,19.33,79.01,21.49,36408.8,0,saudavel,3.21
744,F01-ALG,F01,Algodao,129.0,-16.6023,-49.18833,2024/2025,2025-02-04,35,93,frutificacao,0.8071,0.6695,18.31,41.31,0.0,19.8,83.43,16.49,54927.9,1,saudavel,3.21
745,F01-ALG,F01,Algodao,129.0,-16.6023,-49.18833,2024/2025,2025-02-05,36,94,frutificacao,0.792,0.6951,17.82,37.8,0.0,20.82,83.25,14.29,49468.6,1,saudavel,3.21
746,F01-ALG,F01,Algodao,129.0,-16.6023,-49.18833,2024/2025,2025-02-06,37,95,frutificacao,0.785,0.6687,14.89,41.61,14.06,17.19,87.43,22.23,43241.1,0,saudavel,3.21
747,F01-ALG,F01,Algodao,129.0,-16.6023,-49.18833,2024/2025,2025-02-07,38,96,frutificacao,0.8051,0.6811,14.21,39.48,2.8,18.91,81.42,18.35,53036.3,1,saudavel,3.21
748,F01-ALG,F01,Algodao,129.0,-16.6023,-49.18833,2024/2025,2025-02-08,39,97,frutificacao,0.8011,0.6408,17.73,36.12,0.0,,77.65,14.9,,1,saudavel,3.21
749,F01-ALG,F01,Algodao,129.0,-16.6023,-49.18833,2024/2025,2025-02-09,40,98,frutificacao,0.7811,0.6565,15.2,33.03,0.0,19.31,77.54,12.79,53589.5,1,saudavel,3.21
750,F01-ALG,F01,Algodao,129.0,-16.6023,-49.18833,2024/2025,2025-02-10,41,99,frutificacao,0.7515,0.6462,18.52,30.15,0.0,21.35,68.77,10.36,54325.0,1,saudavel,3.21
751,F01-ALG,F01,Algodao,129.0,-16.6023,-49.18833,2024/2025,2025-02-11,42,100,frutificacao,0.7898,0.7062,16.64,27.54,0.0,16.72,86.79,8.77,58688.7,1,saudavel,3.21
752,F01-ALG,F01,Algodao,129.0,-16.6023,-49.18833,2024/2025,2025-02-12,43,101,frutificacao,0.7609,0.6581,13.95,25.14,0.0,16.49,78.49,5.0,50945.0,1,saudavel,3.21
753,F01-ALG,F01,Algodao,129.0,-16.6023,-49.18833,2024/2025,2025-02-13,44,102,frutificacao,0.7756,0.6818,16.28,34.11,22.37,20.12,80.31,19.17,29196.7,0,saudavel,3.21
754,F01-ALG,F01,Algodao,129.0,-16.6023,-49.18833,2024/2025,2025-02-14,45,103,frutificacao,0.7689,0.6294,17.7,37.19,12.01,20.21,80.99,22.54,36402.9,0,saudavel,3.21
755,F01-ALG,F01,Algodao,129.0,-16.6023,-49.18833,2024/2025,2025-02-15,46,104,frutificacao,0.7221,0.6112,15.56,35.16,2.3,18.57,72.21,20.24,54290.2,1,saudavel,3.21
756,F01-ALG,F01,Algodao,129.0,-16.6023,-49.18833,2024/2025,2025-02-16,47,105,frutificacao,0.7548,0.666,15.66,32.15,0.0,19.41,73.17,17.71,55982.7,1,saudavel,3.21
757,F01-ALG,F01,Algodao,129.0,-16.6023,-49.18833,2024/2025,2025-02-17,48,106,frutificacao,0.756,0.6249,19.17,29.38,0.0,,85.1,15.27,47600.4,1,saudavel,3.21
758,F01-ALG,F01,Algodao,129.0,-16.6023,-49.18833,2024/2025,2025-02-18,49,107,frutificacao,0.7504,0.6571,15.8,26.83,0.0,17.49,80.1,12.78,47886.7,1,saudavel,3.21
759,F01-ALG,F01,Algodao,129.0,-16.6023,-49.18833,2024/2025,2025-02-19,50,108,frutificacao,0.7311,0.6361,15.37,26.89,4.82,17.6,75.53,14.32,44788.9,0,saudavel,3.21
760,F01-ALG,F01,Algodao,129.0,-16.6023,-49.18833,2024/2025,2025-02-20,51,109,frutificacao,0.6795,0.5831,16.39,24.54,0.0,18.9,76.87,12.51,53120.5,1,saudavel,3.21
761,F01-ALG,F01,Algodao,129.0,-16.6023,-49.18833,2024/2025,2025-02-21,52,110,frutificacao,0.734,0.6174,17.01,22.38,0.0,19.92,82.17,12.25,45270.8,1,saudavel,3.21
762,F01-ALG,F01,Algodao,129.0,-16.6023,-49.18833,2024/2025,2025-02-22,53,111,frutificacao,0.7053,0.5798,15.97,34.04,27.3,16.78,83.14,27.47,20704.4,0,saudavel,3.21
763,F01-ALG,F01,Algodao,129.0,-16.6023,-49.18833,2024/2025,2025-02-23,54,112,frutificacao,0.6607,0.5971,16.55,44.55,26.89,18.19,70.13,39.99,33259.3,0,saudavel,3.21
764,F01-ALG,F01,Algodao,129.0,-16.6023,-49.18833,2024/2025,2025-02-24,55,113,frutificacao,0.6558,0.5701,13.09,40.77,0.0,18.08,85.54,33.9,49106.8,0,saudavel,3.21
765,F01-ALG,F01,Algodao,129.0,-16.6023,-49.18833,2024/2025,2025-02-25,56,114,frutificacao,0.6621,0.5696,19.49,37.3,0.0,19.03,81.47,26.8,49206.4,1,saudavel,3.21
766,F01-ALG,F01,Algodao,129.0,-16.6023,-49.18833,2024/2025,2025-02-26,57,115,frutificacao,0.6562,0.5495,16.63,34.1,0.0,18.36,76.12,19.69,46898.6,1,saudavel,3.21
767,F01-ALG,F01,Algodao,129.0,-16.6023,-49.18833,2024/2025,2025-02-27,58,116,frutificacao,0.6171,0.5253,16.31,41.51,20.82,17.52,71.26,30.06,32210.0,0,saudavel,3.21
768,F01-ALG,F01,Algodao,129.0,-16.6023,-49.18833,2024/2025,2025-02-28,59,117,frutificacao,0.6268,0.5361,19.62,37.91,0.0,20.17,80.73,23.98,42305.5,1,saudavel,3.21
769,F01-ALG,F01,Algodao,129.0,-16.6023,-49.18833,2024/2025,2025-03-01,60,118,frutificacao,0.5572,0.4816,16.91,40.17,11.33,17.46,79.3,24.74,35208.5,0,saudavel,3.21
770,F01-ALG,F01,Algodao,129.0,-16.6023,-49.18833,2024/2025,2025-03-02,61,119,frutificacao,0.5544,0.4859,17.56,47.69,22.19,17.8,69.26,34.98,29412.1,0,saudavel,3.21
771,F01-ALG,F01,Algodao,129.0,-16.6023,-49.18833,2024/2025,2025-03-03,62,120,frutificacao,0.5156,0.4226,14.76,43.45,0.0,15.83,76.4,30.28,39019.5,1,saudavel,3.21
772,F01-ALG,F01,Algodao,129.0,-16.6023,-49.18833,2024/2025,2025-03-04,63,121,frutificacao,0.5202,0.4128,15.2,47.71,16.32,17.12,92.24,32.45,32205.6,0,saudavel,3.21
773,F01-ALG,F01,Algodao,129.0,-16.6023,-49.18833,2024/2025,2025-03-05,64,122,frutificacao,0.5492,0.4685,18.27,43.52,0.0,18.94,75.43,27.65,44052.1,1,saudavel,3.21
774,F01-ALG,F01,Algodao,129.0,-16.6023,-49.18833,2024/2025,2025-03-06,65,123,frutificacao,0.5411,0.425,19.18,39.65,0.0,18.62,71.65,18.36,43890.0,1,saudavel,3.21
775,F01-ALG,F01,Algodao,129.0,-16.6023,-49.18833,2024/2025,2025-03-07,66,124,frutificacao,0.4854,0.4062,18.0,49.58,27.15,19.02,69.9,31.49,22686.4,0,saudavel,3.21
776,F01-ALG,F01,Algodao,129.0,-16.6023,-49.18833,2024/2025,2025-03-08,67,125,frutificacao,0.449,0.3714,18.16,54.41,18.66,18.92,83.68,40.02,27398.9,0,saudavel,3.21
777,F01-ALG,F01,Algodao,129.0,-16.6023,-49.18833,2024/2025,2025-03-09,68,126,frutificacao,0.4385,0.3826,22.49,49.37,0.0,21.21,77.51,31.43,38282.3,1,saudavel,3.21
778,F01-ALG,F01,Algodao,129.0,-16.6023,-49.18833,2024/2025,2025-03-10,69,127,frutificacao,0.4341,0.4086,16.58,76.05,62.34,16.94,82.69,65.72,22132.0,0,saudavel,3.21
779,F01-ALG,F01,Algodao,129.0,-16.6023,-49.18833,2024/2025,2025-03-11,70,128,maturacao,0.3755,0.2803,15.83,80.28,21.92,15.62,77.5,68.45,,0,saudavel,3.21
780,F01-ALG,F01,Algodao,129.0,-16.6023,-49.18833,2024/2025,2025-03-12,71,129,maturacao,0.378,0.3668,16.69,79.4,12.34,16.46,81.84,60.75,29784.2,0,saudavel,3.21
781,F01-ALG,F01,Algodao,129.0,-16.6023,-49.18833,2024/2025,2025-03-13,72,130,maturacao,0.4016,0.3367,17.29,80.75,16.61,16.97,70.84,59.94,30799.8,0,saudavel,3.21
782,F01-ALG,F01,Algodao,129.0,-16.6023,-49.18833,2024/2025,2025-03-14,73,131,maturacao,0.3363,0.2928,15.96,73.6,0.0,16.56,75.96,48.35,41087.5,0,saudavel,3.21
783,F01-ALG,F01,Algodao,129.0,-16.6023,-49.18833,2024/2025,2025-03-15,74,132,maturacao,0.3272,0.2499,18.67,67.0,0.0,18.15,75.44,41.51,40231.0,0,saudavel,3.21
784,F01-ALG,F01,Algodao,129.0,-16.6023,-49.18833,2024/2025,2025-03-16,75,133,maturacao,0.3284,0.2991,21.16,65.18,8.49,19.88,79.69,36.79,28947.6,0,saudavel,3.21
785,F01-ALG,F01,Algodao,129.0,-16.6023,-49.18833,2024/2025,2025-03-17,76,134,maturacao,0.3206,0.2733,21.65,59.21,0.0,20.31,73.93,28.61,42943.6,0,saudavel,3.21
786,F01-ALG,F01,Algodao,129.0,-16.6023,-49.18833,2024/2025,2025-03-18,77,135,maturacao,0.2901,0.2453,21.3,53.7,0.0,18.76,69.95,21.07,36835.8,0,saudavel,3.21
787,F01-ALG,F01,Algodao,129.0,-16.6023,-49.18833,2024/2025,2025-03-19,78,136,maturacao,0.2927,0.21,24.42,48.5,0.0,21.21,71.74,14.55,40364.1,0,saudavel,3.21
788,F01-ALG,F01,Algodao,129.0,-16.6023,-49.18833,2024/2025,2025-03-20,79,137,maturacao,0.2927,0.2503,20.35,51.13,14.55,17.47,65.09,22.09,27736.8,0,saudavel,3.21
789,F01-ALG,F01,Algodao,129.0,-16.6023,-49.18833,2024/2025,2025-03-21,80,138,maturacao,0.31,0.2804,17.68,46.31,0.0,15.56,62.82,17.2,38285.7,0,saudavel,3.21
790,F01-ALG,F01,Algodao,129.0,-16.6023,-49.18833,2024/2025,2025-03-22,81,139,maturacao,0.2593,0.2157,21.11,50.89,18.2,19.59,75.97,24.04,30687.9,0,saudavel,3.21
791,F01-ALG,F01,Algodao,129.0,-16.6023,-49.18833,2024/2025,2025-03-23,82,140,maturacao,0.2528,0.2384,16.36,46.0,0.0,15.26,72.35,17.87,40323.7,0,saudavel,3.21
792,F01-ALG,F01,Algodao,129.0,-16.6023,-49.18833,2024/2025,2025-03-24,83,141,maturacao,0.2767,0.2579,18.42,51.72,20.37,16.89,71.74,26.03,28733.1,0,saudavel,3.21
793,F01-ALG,F01,Algodao,129.0,-16.6023,-49.18833,2024/2025,2025-03-25,84,142,maturacao,0.2284,0.1813,21.35,46.72,0.0,18.82,75.86,19.52,38997.4,0,saudavel,3.21
794,F01-ALG,F01,Algodao,129.0,-16.6023,-49.18833,2024/2025,2025-03-26,85,143,maturacao,0.2067,0.2076,20.86,66.69,49.19,17.9,79.05,44.93,20011.1,0,atencao,3.21
795,F01-ALG,F01,Algodao,129.0,-16.6023,-49.18833,2024/2025,2025-03-27,86,144,maturacao,0.2327,0.1987,20.31,60.51,0.0,17.78,74.61,35.35,31941.4,0,saudavel,3.21
796,F01-ALG,F01,Algodao,129.0,-16.6023,-49.18833,2024/2025,2025-03-28,87,145,maturacao,0.2441,0.2085,17.99,54.83,0.0,16.31,82.27,27.36,35972.2,0,saudavel,3.21
797,F01-ALG,F01,Algodao,129.0,-16.6023,-49.18833,2024/2025,2025-03-29,88,146,colheita,0.2253,0.1935,20.84,49.58,0.0,18.08,73.89,20.18,35890.6,1,saudavel,3.21
798,F01-ALG,F01,Algodao,129.0,-16.6023,-49.18833,2024/2025,2025-03-30,89,147,colheita,0.2121,0.1816,22.97,52.41,15.35,19.62,71.77,25.61,30615.9,0,saudavel,3.21
799,F01-ALG,F01,Algodao,129.0,-16.6023,-49.18833,2024/2025,2025-03-31,90,148,colheita,0.1814,0.1016,21.42,47.29,0.0,18.17,72.14,20.15,34330.1,0,atencao,3.21
800,F01-ALG,F01,Algodao,129.0,-16.6023,-49.18833,2024/2025,2025-04-01,91,149,colheita,0.2059,0.1713,19.03,42.61,0.0,16.92,65.06,14.53,36286.5,0,saudavel,3.21
801,F01-FEI,F01,Feijao,237.5,-16.52243,-49.16898,2023/2024,2023-10-09,282,0,germinacao,0.1542,0.0883,32.84,45.0,6.19,28.88,67.32,48.43,41788.4,0,atencao,0.81
802,F01-FEI,F01,Feijao,237.5,-16.52243,-49.16898,2023/2024,2023-10-10,283,1,germinacao,0.1765,0.1465,31.22,39.36,0.0,29.19,61.18,37.86,47204.5,1,saudavel,0.81
803,F01-FEI,F01,Feijao,237.5,-16.52243,-49.16898,2023/2024,2023-10-11,284,2,germinacao,0.1846,0.1406,33.35,34.02,0.0,30.59,67.48,26.89,52691.1,1,saudavel,0.81
804,F01-FEI,F01,Feijao,237.5,-16.52243,-49.16898,2023/2024,2023-10-12,285,3,germinacao,0.1594,0.1311,31.46,39.09,19.64,28.87,73.03,30.03,32120.8,1,atencao,0.81
805,F01-FEI,F01,Feijao,237.5,-16.52243,-49.16898,2023/2024,2023-10-13,286,4,germinacao,0.1575,0.1923,31.39,40.89,13.58,27.51,66.91,30.72,30505.5,1,atencao,0.81
806,F01-FEI,F01,Feijao,237.5,-16.52243,-49.16898,2023/2024,2023-10-14,287,5,germinacao,0.1902,0.196,27.66,35.87,0.0,26.96,64.23,24.13,50671.3,1,saudavel,0.81
807,F01-FEI,F01,Feijao,237.5,-16.52243,-49.16898,2023/2024,2023-10-15,288,6,germinacao,0.173,0.1182,32.81,30.91,0.0,29.63,66.26,16.73,46902.3,1,atencao,0.81
808,F01-FEI,F01,Feijao,237.5,-16.52243,-49.16898,2023/2024,2023-10-16,289,7,germinacao,0.161,0.148,31.73,26.35,0.0,29.38,71.76,11.82,53878.9,1,atencao,0.81
809,F01-FEI,F01,Feijao,237.5,-16.52243,-49.16898,2023/2024,2023-10-17,290,8,germinacao,0.2118,0.196,31.4,27.91,11.11,28.39,62.14,14.19,43660.2,0,saudavel,0.81
810,F01-FEI,F01,Feijao,237.5,-16.52243,-49.16898,2023/2024,2023-10-18,291,9,vegetativo,0.1829,0.1487,30.0,26.81,6.15,,71.3,14.19,42005.3,0,saudavel,0.81
811,F01-FEI,F01,Feijao,237.5,-16.52243,-49.16898,2023/2024,2023-10-19,292,10,vegetativo,0.2222,0.1924,31.72,26.7,8.14,29.7,64.46,11.89,44361.5,0,saudavel,0.81
812,F01-FEI,F01,Feijao,237.5,-16.52243,-49.16898,2023/2024,2023-10-20,293,11,vegetativo,0.2043,0.1792,33.2,22.34,0.0,31.14,68.37,9.25,47350.8,1,saudavel,0.81
813,F01-FEI,F01,Feijao,237.5,-16.52243,-49.16898,2023/2024,2023-10-21,294,12,vegetativo,0.2152,0.156,28.89,24.32,11.18,27.83,66.51,10.82,40244.9,0,saudavel,0.81
814,F01-FEI,F01,Feijao,237.5,-16.52243,-49.16898,2023/2024,2023-10-22,295,13,vegetativo,0.2118,0.1594,29.89,27.37,13.93,29.08,65.93,16.56,40234.7,0,saudavel,0.81
815,F01-FEI,F01,Feijao,237.5,-16.52243,-49.16898,2023/2024,2023-10-23,296,14,vegetativo,0.1712,0.1489,32.2,23.62,1.25,30.32,75.81,11.14,52363.8,1,atencao,0.81
816,F01-FEI,F01,Feijao,237.5,-16.52243,-49.16898,2023/2024,2023-10-24,297,15,vegetativo,0.2114,0.1817,29.89,19.93,0.0,27.66,62.92,6.62,53059.8,1,atencao,0.81
817,F01-FEI,F01,Feijao,237.5,-16.52243,-49.16898,2023/2024,2023-10-25,298,16,vegetativo,0.2435,0.1928,29.79,16.45,0.0,28.74,71.92,5.0,50901.3,1,saudavel,0.81
818,F01-FEI,F01,Feijao,237.5,-16.52243,-49.16898,2023/2024,2023-10-26,299,17,vegetativo,0.2674,0.2114,29.9,13.3,0.0,28.64,78.38,5.0,58425.4,1,saudavel,0.81
819,F01-FEI,F01,Feijao,237.5,-16.52243,-49.16898,2023/2024,2023-10-27,300,18,vegetativo,0.2408,0.2029,26.61,10.6,0.0,26.67,74.51,5.0,50175.2,1,atencao,0.81
820,F01-FEI,F01,Feijao,237.5,-16.52243,-49.16898,2023/2024,2023-10-28,301,19,vegetativo,0.2948,0.2683,29.8,8.0,0.0,28.82,63.31,5.0,46740.2,1,saudavel,0.81
821,F01-FEI,F01,Feijao,237.5,-16.52243,-49.16898,2023/2024,2023-10-29,302,20,vegetativo,0.2953,0.2495,30.91,8.0,0.0,28.55,63.89,5.0,47605.5,1,saudavel,0.81
822,F01-FEI,F01,Feijao,237.5,-16.52243,-49.16898,2023/2024,2023-10-30,303,21,vegetativo,0.3472,0.3276,30.84,8.0,0.0,29.26,66.28,5.0,56555.6,1,saudavel,0.81
823,F01-FEI,F01,Feijao,237.5,-16.52243,-49.16898,2023/2024,2023-10-31,304,22,vegetativo,0.3694,0.3001,27.17,8.0,0.0,26.58,72.6,5.0,52183.8,1,saudavel,0.81
824,F01-FEI,F01,Feijao,237.5,-16.52243,-49.16898,2023/2024,2023-11-01,305,23,vegetativo,0.4143,0.356,28.82,8.0,9.36,28.3,72.07,5.0,44944.9,0,saudavel,0.81
825,F01-FEI,F01,Feijao,237.5,-16.52243,-49.16898,2023/2024,2023-11-02,306,24,vegetativo,0.4522,0.3773,29.39,8.0,0.0,30.29,63.56,5.0,51334.4,1,saudavel,0.81
826,F01-FEI,F01,Feijao,237.5,-16.52243,-49.16898,2023/2024,2023-11-03,307,25,vegetativo,0.4726,0.4134,32.63,8.0,0.0,31.26,65.13,5.0,51871.8,1,saudavel,0.81
827,F01-FEI,F01,Feijao,237.5,-16.52243,-49.16898,2023/2024,2023-11-04,308,26,vegetativo,0.5135,0.4209,31.43,8.0,0.0,29.99,66.36,5.0,51132.4,1,saudavel,0.81
828,F01-FEI,F01,Feijao,237.5,-16.52243,-49.16898,2023/2024,2023-11-05,309,27,vegetativo,0.5219,0.4821,25.69,12.86,30.36,26.22,71.93,15.7,28290.0,0,saudavel,0.81
829,F01-FEI,F01,Feijao,237.5,-16.52243,-49.16898,2023/2024,2023-11-06,310,28,vegetativo,0.6167,0.4904,29.63,10.53,0.0,28.59,81.49,11.93,53716.0,1,saudavel,0.81
830,F01-FEI,F01,Feijao,237.5,-16.52243,-49.16898,2023/2024,2023-11-07,311,29,vegetativo,0.5654,0.5149,25.34,8.48,0.0,27.11,67.94,8.17,55563.8,1,saudavel,0.81
831,F01-FEI,F01,Feijao,237.5,-16.52243,-49.16898,2023/2024,2023-11-08,312,30,floracao,0.6065,0.5174,25.47,13.0,12.94,28.18,67.23,14.07,43770.0,0,saudavel,0.81
832,F01-FEI,F01,Feijao,237.5,-16.52243,-49.16898,2023/2024,2023-11-09,313,31,floracao,0.6598,0.5718,23.87,13.81,5.68,26.51,67.6,15.24,48285.1,0,saudavel,0.81
833,F01-FEI,F01,Feijao,237.5,-16.52243,-49.16898,2023/2024,2023-11-10,314,32,floracao,0.6786,0.6035,22.69,16.88,9.93,25.02,77.48,17.9,41510.9,0,saudavel,0.81
834,F01-FEI,F01,Feijao,237.5,-16.52243,-49.16898,2023/2024,2023-11-11,315,33,floracao,0.6924,0.6057,27.07,14.53,0.0,26.99,73.06,8.96,50577.9,1,saudavel,0.81
835,F01-FEI,F01,Feijao,237.5,-16.52243,-49.16898,2023/2024,2023-11-12,316,34,floracao,0.7125,0.591,25.81,12.22,0.0,28.51,68.02,8.37,64522.5,1,saudavel,0.81
836,F01-FEI,F01,Feijao,237.5,-16.52243,-49.16898,2023/2024,2023-11-13,317,35,floracao,0.6712,0.5825,24.87,10.12,0.0,27.77,71.27,5.0,60099.5,1,saudavel,0.81
837,F01-FEI,F01,Feijao,237.5,-16.52243,-49.16898,2023/2024,2023-11-14,318,36,floracao,0.7563,0.6802,24.15,8.3,0.0,27.85,69.21,5.0,59903.0,1,saudavel,0.81
838,F01-FEI,F01,Feijao,237.5,-16.52243,-49.16898,2023/2024,2023-11-15,319,37,floracao,0.73,0.6027,26.06,8.0,0.0,27.49,75.0,5.0,54071.1,1,saudavel,0.81
839,F01-FEI,F01,Feijao,237.5,-16.52243,-49.16898,2023/2024,2023-11-16,320,38,floracao,0.7668,0.6941,25.78,12.81,15.35,27.68,86.96,6.78,41923.6,0,saudavel,0.81
840,F01-FEI,F01,Feijao,237.5,-16.52243,-49.16898,2023/2024,2023-11-17,321,39,floracao,0.7075,0.6091,24.93,22.14,22.87,,76.37,18.19,32518.9,0,saudavel,0.81
841,F01-FEI,F01,Feijao,237.5,-16.52243,-49.16898,2023/2024,2023-11-18,322,40,floracao,0.7582,0.6358,21.78,27.56,16.05,26.48,74.05,23.15,37594.0,0,saudavel,0.81
842,F01-FEI,F01,Feijao,237.5,-16.52243,-49.16898,2023/2024,2023-11-19,323,41,floracao,0.7455,0.6158,23.09,24.44,0.0,26.93,71.05,16.77,55127.3,1,saudavel,0.81
843,F01-FEI,F01,Feijao,237.5,-16.52243,-49.16898,2023/2024,2023-11-20,324,42,floracao,0.771,0.6509,28.11,24.88,7.1,29.33,66.34,17.65,54300.1,1,saudavel,0.81
844,F01-FEI,F01,Feijao,237.5,-16.52243,-49.16898,2023/2024,2023-11-21,325,43,floracao,0.7677,0.6134,24.61,33.7,23.36,26.83,78.34,31.57,37494.1,0,saudavel,0.81
845,F01-FEI,F01,Feijao,237.5,-16.52243,-49.16898,2023/2024,2023-11-22,326,44,floracao,0.7569,0.635,23.84,30.14,0.0,26.59,78.34,26.01,54527.0,1,saudavel,0.81
846,F01-FEI,F01,Feijao,237.5,-16.52243,-49.16898,2023/2024,2023-11-23,327,45,floracao,0.7158,0.6031,26.01,26.82,0.0,26.59,72.73,21.82,56663.0,0,saudavel,0.81
847,F01-FEI,F01,Feijao,237.5,-16.52243,-49.16898,2023/2024,2023-11-24,328,46,floracao,0.7224,0.5926,25.47,28.47,9.27,26.01,81.58,22.26,51097.6,0,saudavel,0.81
848,F01-FEI,F01,Feijao,237.5,-16.52243,-49.16898,2023/2024,2023-11-25,329,47,frutificacao,0.7058,0.6149,23.2,25.38,0.0,25.59,75.98,17.35,56218.6,1,saudavel,0.81
849,F01-FEI,F01,Feijao,237.5,-16.52243,-49.16898,2023/2024,2023-11-26,330,48,frutificacao,0.7044,0.5943,24.1,22.43,0.0,26.46,79.33,13.68,58323.9,1,saudavel,0.81
850,F01-FEI,F01,Feijao,237.5,-16.52243,-49.16898,2023/2024,2023-11-27,331,49,frutificacao,0.6985,0.581,22.42,19.85,0.0,25.29,77.75,9.2,59438.7,1,saudavel,0.81
851,F01-FEI,F01,Feijao,237.5,-16.52243,-49.16898,2023/2024,2023-11-28,332,50,frutificacao,0.6651,0.5588,23.46,17.37,0.0,25.73,75.22,5.75,59548.2,1,atencao,0.81
852,F01-FEI,F01,Feijao,237.5,-16.52243,-49.16898,2023/2024,2023-11-29,333,51,frutificacao,0.6189,0.5332,21.61,24.74,19.19,24.67,72.06,17.39,40564.4,0,atencao,0.81
853,F01-FEI,F01,Feijao,237.5,-16.52243,-49.16898,2023/2024,2023-11-30,334,52,frutificacao,0.6279,0.5352,22.78,21.79,0.0,,75.46,14.63,56681.6,1,atencao,0.81
854,F01-FEI,F01,Feijao,237.5,-16.52243,-49.16898,2023/2024,2023-12-01,335,53,frutificacao,0.6581,0.5454,22.89,19.05,0.0,26.53,80.12,10.8,57114.7,1,atencao,0.81
855,F01-FEI,F01,Feijao,237.5,-16.52243,-49.16898,2023/2024,2023-12-02,336,54,frutificacao,0.6176,0.5275,24.76,16.63,0.0,25.24,74.23,5.89,55485.8,1,atencao,0.81
856,F01-FEI,F01,Feijao,237.5,-16.52243,-49.16898,2023/2024,2023-12-03,337,55,frutificacao,0.5027,0.4263,20.36,14.56,0.0,22.44,80.74,5.0,54315.9,1,critico,0.81
857,F01-FEI,F01,Feijao,237.5,-16.52243,-49.16898,2023/2024,2023-12-04,338,56,frutificacao,0.5394,0.4357,27.34,12.25,0.0,26.24,70.93,5.0,58762.9,1,atencao,0.81
858,F01-FEI,F01,Feijao,237.5,-16.52243,-49.16898,2023/2024,2023-12-05,339,57,frutificacao,0.5312,0.4458,23.92,10.22,0.0,25.44,80.81,5.0,61657.3,1,atencao,0.81
859,F01-FEI,F01,Feijao,237.5,-16.52243,-49.16898,2023/2024,2023-12-06,340,58,frutificacao,0.4819,0.4212,25.06,8.48,0.0,23.66,79.61,5.0,55163.0,1,critico,0.81
860,F01-FEI,F01,Feijao,237.5,-16.52243,-49.16898,2023/2024,2023-12-07,341,59,frutificacao,0.448,0.3923,25.82,8.0,0.0,26.21,70.58,5.0,60212.0,1,critico,0.81
861,F01-FEI,F01,Feijao,237.5,-16.52243,-49.16898,2023/2024,2023-12-08,342,60,frutificacao,0.4224,0.3545,21.49,8.0,0.0,22.85,77.56,5.0,61830.2,1,critico,0.81
862,F01-FEI,F01,Feijao,237.5,-16.52243,-49.16898,2023/2024,2023-12-09,343,61,frutificacao,0.4085,0.3608,28.02,8.0,0.0,26.42,81.27,5.0,54043.3,1,critico,0.81
863,F01-FEI,F01,Feijao,237.5,-16.52243,-49.16898,2023/2024,2023-12-10,344,62,frutificacao,0.3439,0.2727,26.97,8.0,0.0,24.66,71.43,5.0,58812.9,1,critico,0.81
864,F01-FEI,F01,Feijao,237.5,-16.52243,-49.16898,2023/2024,2023-12-11,345,63,frutificacao,0.3601,0.2871,21.09,8.0,0.0,21.24,74.49,5.0,64628.3,1,critico,0.81
865,F01-FEI,F01,Feijao,237.5,-16.52243,-49.16898,2023/2024,2023-12-12,346,64,frutificacao,0.3054,0.2546,25.73,8.0,0.0,24.81,77.41,5.0,61404.3,1,critico,0.81
866,F01-FEI,F01,Feijao,237.5,-16.52243,-49.16898,2023/2024,2023-12-13,347,65,frutificacao,0.2768,0.2653,24.43,8.0,0.0,23.83,89.07,5.0,54189.8,1,critico,0.81
867,F01-FEI,F01,Feijao,237.5,-16.52243,-49.16898,2023/2024,2023-12-14,348,66,frutificacao,0.3061,0.2635,24.62,8.0,0.0,23.5,75.29,5.0,61822.7,1,atencao,0.81
868,F01-FEI,F01,Feijao,237.5,-16.52243,-49.16898,2023/2024,2023-12-15,349,67,frutificacao,0.2406,0.199,25.07,8.0,0.0,23.13,81.4,5.0,57644.9,1,critico,0.81
869,F01-FEI,F01,Feijao,237.5,-16.52243,-49.16898,2023/2024,2023-12-16,350,68,frutificacao,0.2484,0.242,25.35,8.0,6.84,23.94,79.79,5.0,55160.1,0,critico,0.81
870,F01-FEI,F01,Feijao,237.5,-16.52243,-49.16898,2023/2024,2023-12-17,351,69,frutificacao,0.2367,0.1955,23.35,8.0,0.0,23.3,75.96,5.0,57880.0,1,critico,0.81
871,F01-FEI,F01,Feijao,237.5,-16.52243,-49.16898,2023/2024,2023-12-18,352,70,frutificacao,0.2807,0.2833,22.03,8.0,0.0,,81.05,5.0,59812.9,1,saudavel,0.81
872,F01-FEI,F01,Feijao,237.5,-16.52243,-49.16898,2023/2024,2023-12-19,353,71,frutificacao,0.215,0.1725,28.5,8.0,0.0,25.73,75.29,5.0,58374.9,1,atencao,0.81
873,F01-FEI,F01,Feijao,237.5,-16.52243,-49.16898,2023/2024,2023-12-20,354,72,frutificacao,0.1778,0.1309,25.54,8.0,0.0,23.35,77.2,5.0,60006.4,1,critico,0.81
874,F01-FEI,F01,Feijao,237.5,-16.52243,-49.16898,2023/2024,2023-12-21,355,73,maturacao,0.2028,0.169,24.36,8.0,0.0,22.52,71.21,5.0,58298.2,0,atencao,0.81
875,F01-FEI,F01,Feijao,237.5,-16.52243,-49.16898,2023/2024,2023-12-22,356,74,maturacao,0.2184,0.1807,22.92,8.0,0.0,21.82,79.84,5.0,59326.3,0,saudavel,0.81
876,F01-FEI,F01,Feijao,237.5,-16.52243,-49.16898,2023/2024,2023-12-23,357,75,maturacao,0.2211,0.1718,25.96,8.0,0.0,24.56,82.83,5.0,56460.7,0,saudavel,0.81
877,F01-FEI,F01,Feijao,237.5,-16.52243,-49.16898,2023/2024,2023-12-24,358,76,maturacao,0.2482,0.263,24.53,8.0,0.0,21.36,80.57,5.0,61444.0,0,saudavel,0.81
878,F01-FEI,F01,Feijao,237.5,-16.52243,-49.16898,2023/2024,2023-12-25,359,77,maturacao,0.2291,0.2011,24.2,8.0,0.0,23.4,84.52,5.0,60476.1,0,saudavel,0.81
879,F01-FEI,F01,Feijao,237.5,-16.52243,-49.16898,2023/2024,2023-12-26,360,78,maturacao,0.204,0.1827,25.11,8.0,0.0,22.22,82.69,5.0,55072.7,0,saudavel,0.81
880,F01-FEI,F01,Feijao,237.5,-16.52243,-49.16898,2023/2024,2023-12-27,361,79,maturacao,0.1824,0.1458,24.61,8.0,0.0,22.21,79.51,5.0,62866.8,0,atencao,0.81
881,F01-FEI,F01,Feijao,237.5,-16.52243,-49.16898,2023/2024,2023-12-28,362,80,maturacao,0.2288,0.183,23.43,8.0,0.0,21.24,77.26,5.0,59318.9,0,saudavel,0.81
882,F01-FEI,F01,Feijao,237.5,-16.52243,-49.16898,2023/2024,2023-12-29,363,81,maturacao,0.1858,0.1785,23.46,8.0,34.59,21.86,77.6,20.88,30385.9,0,saudavel,0.81
883,F01-FEI,F01,Feijao,237.5,-16.52243,-49.16898,2023/2024,2023-12-30,364,82,maturacao,0.1775,0.1173,24.76,8.0,0.0,22.71,72.17,17.63,62042.2,0,saudavel,0.81
884,F01-FEI,F01,Feijao,237.5,-16.52243,-49.16898,2023/2024,2023-12-31,365,83,colheita,0.1802,0.1303,25.32,12.76,18.39,22.95,78.04,23.11,42380.0,0,saudavel,0.81
885,F01-FEI,F01,Feijao,237.5,-16.52243,-49.16898,2023/2024,2024-01-01,1,84,colheita,0.1618,0.1326,23.34,10.62,0.0,21.31,81.08,17.26,63120.2,0,atencao,0.81
886,F01-FEI,F01,Feijao,237.5,-16.52243,-49.16898,2024/2025,2024-10-10,284,0,germinacao,0.1854,0.1699,29.51,45.0,1.25,28.31,72.08,47.2,41828.6,0,saudavel,0.79
887,F01-FEI,F01,Feijao,237.5,-16.52243,-49.16898,2024/2025,2024-10-11,285,1,germinacao,0.1786,0.1724,27.32,39.72,0.0,26.23,64.88,35.58,47067.4,1,saudavel,0.79
888,F01-FEI,F01,Feijao,237.5,-16.52243,-49.16898,2024/2025,2024-10-12,286,2,germinacao,0.1605,0.1428,33.29,34.28,0.0,30.84,65.76,29.73,49166.2,1,atencao,0.79
889,F01-FEI,F01,Feijao,237.5,-16.52243,-49.16898,2024/2025,2024-10-13,287,3,germinacao,0.1563,0.1449,30.52,29.58,0.0,28.26,65.54,18.68,46134.1,1,atencao,0.79
890,F01-FEI,F01,Feijao,237.5,-16.52243,-49.16898,2024/2025,2024-10-14,288,4,germinacao,0.1962,0.1646,28.39,25.4,0.0,27.6,59.96,13.91,,1,saudavel,0.79
891,F01-FEI,F01,Feijao,237.5,-16.52243,-49.16898,2024/2025,2024-10-15,289,5,germinacao,0.1923,0.1812,29.11,21.65,0.0,26.69,68.55,8.14,44725.9,1,saudavel,0.79
892,F01-FEI,F01,Feijao,237.5,-16.52243,-49.16898,2024/2025,2024-10-16,290,6,germinacao,0.1902,0.163,29.25,18.16,0.0,27.06,78.29,7.2,,1,saudavel,0.79
893,F01-FEI,F01,Feijao,237.5,-16.52243,-49.16898,2024/2025,2024-10-17,291,7,germinacao,0.1955,0.1432,31.15,14.87,0.0,27.72,60.29,5.0,43229.7,1,saudavel,0.79
894,F01-FEI,F01,Feijao,237.5,-16.52243,-49.16898,2024/2025,2024-10-18,292,8,germinacao,0.1801,0.1695,33.15,11.7,0.0,28.75,68.29,5.0,44466.5,1,saudavel,0.79
895,F01-FEI,F01,Feijao,237.5,-16.52243,-49.16898,2024/2025,2024-10-19,293,9,vegetativo,0.1992,0.1366,29.91,9.0,0.0,27.24,69.22,5.0,50743.2,0,saudavel,0.79
896,F01-FEI,F01,Feijao,237.5,-16.52243,-49.16898,2024/2025,2024-10-20,294,10,vegetativo,0.25,0.2181,30.33,8.0,0.0,29.28,69.9,5.0,,1,saudavel,0.79
897,F01-FEI,F01,Feijao,237.5,-16.52243,-49.16898,2024/2025,2024-10-21,295,11,vegetativo,0.2272,0.1854,31.18,8.0,0.0,28.57,64.25,5.0,47672.5,0,saudavel,0.79
898,F01-FEI,F01,Feijao,237.5,-16.52243,-49.16898,2024/2025,2024-10-22,296,12,vegetativo,0.2035,0.164,34.4,8.0,0.0,32.22,59.93,5.0,48584.4,1,saudavel,0.79
899,F01-FEI,F01,Feijao,237.5,-16.52243,-49.16898,2024/2025,2024-10-23,297,13,vegetativo,0.2056,0.1782,28.18,8.0,0.0,26.27,63.91,5.0,45961.7,1,saudavel,0.79
900,F01-FEI,F01,Feijao,237.5,-16.52243,-49.16898,2024/2025,2024-10-24,298,14,vegetativo,0.167,0.1278,30.64,8.0,0.0,29.0,75.99,5.0,52129.7,1,critico,0.79
901,F01-FEI,F01,Feijao,237.5,-16.52243,-49.16898,2024/2025,2024-10-25,299,15,vegetativo,0.2555,0.2275,30.19,8.0,0.0,28.96,64.62,5.0,48555.5,1,saudavel,0.79
902,F01-FEI,F01,Feijao,237.5,-16.52243,-49.16898,2024/2025,2024-10-26,300,16,vegetativo,0.2618,0.2236,28.55,8.0,0.0,27.09,68.34,5.0,49663.0,1,saudavel,0.79
903,F01-FEI,F01,Feijao,237.5,-16.52243,-49.16898,2024/2025,2024-10-27,301,17,vegetativo,0.2492,0.1995,31.27,8.0,0.0,28.71,80.55,5.0,52602.2,1,saudavel,0.79
904,F01-FEI,F01,Feijao,237.5,-16.52243,-49.16898,2024/2025,2024-10-28,302,18,vegetativo,0.248,0.2376,31.93,8.0,0.0,29.65,65.96,5.0,51079.7,1,atencao,0.79
905,F01-FEI,F01,Feijao,237.5,-16.52243,-49.16898,2024/2025,2024-10-29,303,19,vegetativo,0.2727,0.2359,31.95,8.0,0.0,28.57,72.16,5.0,50019.7,1,saudavel,0.79
906,F01-FEI,F01,Feijao,237.5,-16.52243,-49.16898,2024/2025,2024-10-30,304,20,vegetativo,0.3267,0.2903,32.17,8.0,24.92,30.44,74.82,5.0,24680.3,0,saudavel,0.79
907,F01-FEI,F01,Feijao,237.5,-16.52243,-49.16898,2024/2025,2024-10-31,305,21,vegetativo,0.3407,0.3179,26.38,8.0,0.0,25.02,77.99,5.0,53792.2,1,saudavel,0.79
908,F01-FEI,F01,Feijao,237.5,-16.52243,-49.16898,2024/2025,2024-11-01,306,22,vegetativo,0.3837,0.3541,27.19,8.0,0.0,26.95,65.26,5.0,53198.9,1,saudavel,0.79
909,F01-FEI,F01,Feijao,237.5,-16.52243,-49.16898,2024/2025,2024-11-02,307,23,vegetativo,0.4012,0.3526,29.71,8.0,0.0,30.35,66.47,5.0,51677.7,1,saudavel,0.79
910,F01-FEI,F01,Feijao,237.5,-16.52243,-49.16898,2024/2025,2024-11-03,308,24,vegetativo,0.4502,0.3766,28.81,8.0,0.0,29.43,72.26,5.0,50381.4,1,saudavel,0.79
911,F01-FEI,F01,Feijao,237.5,-16.52243,-49.16898,2024/2025,2024-11-04,309,25,vegetativo,0.4708,0.3716,27.86,8.0,13.77,28.8,80.93,13.65,41458.8,0,saudavel,0.79
912,F01-FEI,F01,Feijao,237.5,-16.52243,-49.16898,2024/2025,2024-11-05,310,26,vegetativo,0.5129,0.4401,26.58,8.0,0.0,29.76,67.05,6.47,55449.6,1,saudavel,0.79
913,F01-FEI,F01,Feijao,237.5,-16.52243,-49.16898,2024/2025,2024-11-06,311,27,vegetativo,0.4871,0.4359,23.57,8.0,0.0,24.96,71.43,5.0,54552.0,1,saudavel,0.79
914,F01-FEI,F01,Feijao,237.5,-16.52243,-49.16898,2024/2025,2024-11-07,312,28,vegetativo,0.5356,0.4623,29.73,8.0,0.0,28.95,73.75,5.0,59419.0,1,saudavel,0.79
915,F01-FEI,F01,Feijao,237.5,-16.52243,-49.16898,2024/2025,2024-11-08,313,29,vegetativo,0.5825,0.4263,28.39,8.0,12.25,29.27,74.71,5.69,45687.8,0,saudavel,0.79
916,F01-FEI,F01,Feijao,237.5,-16.52243,-49.16898,2024/2025,2024-11-09,314,30,floracao,0.6387,0.5603,24.48,9.59,17.3,26.6,76.76,14.45,38809.1,0,saudavel,0.79
917,F01-FEI,F01,Feijao,237.5,-16.52243,-49.16898,2024/2025,2024-11-10,315,31,floracao,0.6793,0.5961,29.73,8.0,0.0,31.45,66.36,10.88,57430.1,1,saudavel,0.79
918,F01-FEI,F01,Feijao,237.5,-16.52243,-49.16898,2024/2025,2024-11-11,316,32,floracao,0.6603,0.5552,23.82,8.0,0.0,27.72,70.31,7.04,55588.6,1,saudavel,0.79
919,F01-FEI,F01,Feijao,237.5,-16.52243,-49.16898,2024/2025,2024-11-12,317,33,floracao,0.6704,0.5896,22.3,8.0,0.0,24.05,76.39,5.0,55800.6,1,saudavel,0.79
920,F01-FEI,F01,Feijao,237.5,-16.52243,-49.16898,2024/2025,2024-11-13,318,34,floracao,0.6599,0.5735,27.16,9.85,13.85,27.82,79.5,9.85,46875.4,0,saudavel,0.79
921,F01-FEI,F01,Feijao,237.5,-16.52243,-49.16898,2024/2025,2024-11-14,319,35,floracao,0.7302,0.6069,23.39,8.22,0.0,26.08,73.17,6.69,53400.8,1,saudavel,0.79
922,F01-FEI,F01,Feijao,237.5,-16.52243,-49.16898,2024/2025,2024-11-15,320,36,floracao,0.7135,0.6319,24.63,9.66,6.56,28.82,72.74,9.47,50220.3,0,saudavel,0.79
923,F01-FEI,F01,Feijao,237.5,-16.52243,-49.16898,2024/2025,2024-11-16,321,37,floracao,0.7932,0.6489,24.25,8.0,0.0,27.81,68.47,5.8,60073.8,1,saudavel,0.79
924,F01-FEI,F01,Feijao,237.5,-16.52243,-49.16898,2024/2025,2024-11-17,322,38,floracao,0.7271,0.6169,24.73,29.56,46.17,26.0,84.12,33.26,29277.9,0,saudavel,0.79
925,F01-FEI,F01,Feijao,237.5,-16.52243,-49.16898,2024/2025,2024-11-18,323,39,floracao,0.7902,0.6686,26.2,33.36,14.54,29.06,73.87,36.14,41998.1,0,saudavel,0.79
926,F01-FEI,F01,Feijao,237.5,-16.52243,-49.16898,2024/2025,2024-11-19,324,40,floracao,0.768,0.6363,23.79,38.87,18.41,28.12,79.17,39.98,34444.7,0,saudavel,0.79
927,F01-FEI,F01,Feijao,237.5,-16.52243,-49.16898,2024/2025,2024-11-20,325,41,floracao,0.7362,0.6319,25.12,35.02,0.0,25.38,75.7,33.49,50450.3,1,saudavel,0.79
928,F01-FEI,F01,Feijao,237.5,-16.52243,-49.16898,2024/2025,2024-11-21,326,42,floracao,0.7642,0.6758,22.17,45.53,28.24,26.3,75.54,43.39,36632.2,0,saudavel,0.79
929,F01-FEI,F01,Feijao,237.5,-16.52243,-49.16898,2024/2025,2024-11-22,327,43,floracao,0.7767,0.6852,23.97,40.99,0.0,27.21,67.18,32.71,58533.0,1,saudavel,0.79
930,F01-FEI,F01,Feijao,237.5,-16.52243,-49.16898,2024/2025,2024-11-23,328,44,floracao,0.7577,0.6586,21.93,42.7,11.49,25.79,64.89,33.76,44953.4,0,saudavel,0.79
931,F01-FEI,F01,Feijao,237.5,-16.52243,-49.16898,2024/2025,2024-11-24,329,45,floracao,0.7791,0.6283,21.69,38.56,0.0,25.74,82.04,27.35,58979.9,1,saudavel,0.79
932,F01-FEI,F01,Feijao,237.5,-16.52243,-49.16898,2024/2025,2024-11-25,330,46,floracao,0.7779,0.6345,22.75,34.7,0.0,26.2,76.01,20.12,55242.1,1,saudavel,0.79
933,F01-FEI,F01,Feijao,237.5,-16.52243,-49.16898,2024/2025,2024-11-26,331,47,frutificacao,0.772,0.6595,22.14,36.18,9.66,24.45,77.8,24.05,47862.1,0,saudavel,0.79
934,F01-FEI,F01,Feijao,237.5,-16.52243,-49.16898,2024/2025,2024-11-27,332,48,frutificacao,0.7573,0.643,21.08,44.73,23.63,22.6,71.73,37.48,32559.5,0,saudavel,0.79
935,F01-FEI,F01,Feijao,237.5,-16.52243,-49.16898,2024/2025,2024-11-28,333,49,frutificacao,0.7306,0.6111,23.25,44.7,8.8,26.21,71.4,34.4,45693.2,0,saudavel,0.79
936,F01-FEI,F01,Feijao,237.5,-16.52243,-49.16898,2024/2025,2024-11-29,334,50,frutificacao,0.748,0.6739,19.03,40.71,0.0,22.77,83.38,29.91,52327.8,1,saudavel,0.79
937,F01-FEI,F01,Feijao,237.5,-16.52243,-49.16898,2024/2025,2024-11-30,335,51,frutificacao,0.7471,0.6372,21.92,36.87,0.0,24.17,86.03,20.2,53974.7,1,saudavel,0.79
938,F01-FEI,F01,Feijao,237.5,-16.52243,-49.16898,2024/2025,2024-12-01,336,52,frutificacao,0.6987,0.6047,21.12,45.93,25.01,22.9,75.07,33.78,37407.2,0,saudavel,0.79
939,F01-FEI,F01,Feijao,237.5,-16.52243,-49.16898,2024/2025,2024-12-02,337,53,frutificacao,0.7304,0.6406,20.65,41.79,0.0,22.98,81.57,25.81,56039.3,1,saudavel,0.79
940,F01-FEI,F01,Feijao,237.5,-16.52243,-49.16898,2024/2025,2024-12-03,338,54,frutificacao,0.7141,0.608,23.85,37.6,0.0,26.0,77.44,21.53,60711.9,1,saudavel,0.79
941,F01-FEI,F01,Feijao,237.5,-16.52243,-49.16898,2024/2025,2024-12-04,339,55,frutificacao,0.6768,0.6271,22.72,33.82,0.0,24.92,76.61,15.2,62078.4,1,saudavel,0.79
942,F01-FEI,F01,Feijao,237.5,-16.52243,-49.16898,2024/2025,2024-12-05,340,56,frutificacao,0.6803,0.5595,22.74,30.36,0.0,24.77,86.64,11.39,59353.5,1,saudavel,0.79
943,F01-FEI,F01,Feijao,237.5,-16.52243,-49.16898,2024/2025,2024-12-06,341,57,frutificacao,0.6624,0.5509,20.94,27.35,0.0,23.08,76.21,7.37,58497.4,1,saudavel,0.79
944,F01-FEI,F01,Feijao,237.5,-16.52243,-49.16898,2024/2025,2024-12-07,342,58,frutificacao,0.6861,0.5643,22.86,24.52,0.0,23.97,84.21,5.0,59875.4,1,saudavel,0.79
945,F01-FEI,F01,Feijao,237.5,-16.52243,-49.16898,2024/2025,2024-12-08,343,59,frutificacao,0.6279,0.565,25.99,21.65,0.0,25.41,79.12,5.57,58303.7,1,saudavel,0.79
946,F01-FEI,F01,Feijao,237.5,-16.52243,-49.16898,2024/2025,2024-12-09,344,60,frutificacao,0.6176,0.541,23.29,22.79,7.41,24.67,77.64,8.14,55873.3,0,saudavel,0.79
947,F01-FEI,F01,Feijao,237.5,-16.52243,-49.16898,2024/2025,2024-12-10,345,61,frutificacao,0.5655,0.4698,24.78,19.91,0.0,25.88,83.92,,65319.2,1,saudavel,0.79
948,F01-FEI,F01,Feijao,237.5,-16.52243,-49.16898,2024/2025,2024-12-11,346,62,frutificacao,0.4994,0.4072,25.75,17.15,0.0,,78.5,5.0,64097.9,1,saudavel,0.79
949,F01-FEI,F01,Feijao,237.5,-16.52243,-49.16898,2024/2025,2024-12-12,347,63,frutificacao,0.518,0.468,22.74,14.86,0.0,24.06,77.78,5.02,53346.5,1,saudavel,0.79
950,F01-FEI,F01,Feijao,237.5,-16.52243,-49.16898,2024/2025,2024-12-13,348,64,frutificacao,0.4585,0.3969,22.2,27.2,28.45,21.56,86.72,19.27,,0,saudavel,0.79
951,F01-FEI,F01,Feijao,237.5,-16.52243,-49.16898,2024/2025,2024-12-14,349,65,frutificacao,0.4322,0.3956,23.65,24.1,0.0,23.1,85.19,14.17,59900.6,1,saudavel,0.79
952,F01-FEI,F01,Feijao,237.5,-16.52243,-49.16898,2024/2025,2024-12-15,350,66,frutificacao,0.3861,0.327,24.09,26.84,11.53,23.98,84.47,16.88,49796.9,0,saudavel,0.79
953,F01-FEI,F01,Feijao,237.5,-16.52243,-49.16898,2024/2025,2024-12-16,351,67,frutificacao,0.3785,0.3319,24.36,23.72,0.0,22.86,59.73,14.88,54768.3,1,saudavel,0.79
954,F01-FEI,F01,Feijao,237.5,-16.52243,-49.16898,2024/2025,2024-12-17,352,68,frutificacao,0.3704,0.3208,23.03,27.44,13.1,22.34,81.73,19.79,41647.4,0,saudavel,0.79
955,F01-FEI,F01,Feijao,237.5,-16.52243,-49.16898,2024/2025,2024-12-18,353,69,frutificacao,0.3424,0.2785,23.87,24.09,0.0,23.92,79.67,11.59,63907.9,1,saudavel,0.79
956,F01-FEI,F01,Feijao,237.5,-16.52243,-49.16898,2024/2025,2024-12-19,354,70,frutificacao,0.3328,0.28,28.72,25.49,9.81,27.36,76.41,11.86,48507.5,0,saudavel,0.79
957,F01-FEI,F01,Feijao,237.5,-16.52243,-49.16898,2024/2025,2024-12-20,355,71,frutificacao,0.3157,0.2447,24.28,28.98,13.21,22.88,82.35,15.4,42324.6,0,saudavel,0.79
958,F01-FEI,F01,Feijao,237.5,-16.52243,-49.16898,2024/2025,2024-12-21,356,72,frutificacao,0.2231,0.1995,26.46,46.94,43.12,23.51,80.25,40.38,26687.5,0,atencao,0.79
959,F01-FEI,F01,Feijao,237.5,-16.52243,-49.16898,2024/2025,2024-12-22,357,73,maturacao,0.2255,0.2069,24.24,55.58,26.87,21.44,83.6,50.44,34291.7,0,atencao,0.79
960,F01-FEI,F01,Feijao,237.5,-16.52243,-49.16898,2024/2025,2024-12-23,358,74,maturacao,0.2008,0.1905,27.25,54.49,9.76,25.17,76.66,45.28,47753.9,0,atencao,0.79
961,F01-FEI,F01,Feijao,237.5,-16.52243,-49.16898,2024/2025,2024-12-24,359,75,maturacao,0.2392,0.2167,25.89,48.75,0.0,24.51,85.9,34.51,60675.1,0,saudavel,0.79
962,F01-FEI,F01,Feijao,237.5,-16.52243,-49.16898,2024/2025,2024-12-25,360,76,maturacao,0.2041,0.1709,26.47,43.44,0.0,24.31,82.44,27.54,56986.1,0,saudavel,0.79
963,F01-FEI,F01,Feijao,237.5,-16.52243,-49.16898,2024/2025,2024-12-26,361,77,maturacao,0.2011,0.2019,27.59,38.46,0.0,25.04,80.83,18.93,,0,saudavel,0.79
964,F01-FEI,F01,Feijao,237.5,-16.52243,-49.16898,2024/2025,2024-12-27,362,78,maturacao,0.2007,0.1884,24.93,34.22,0.0,22.25,82.26,14.69,64120.9,0,saudavel,0.79
965,F01-FEI,F01,Feijao,237.5,-16.52243,-49.16898,2024/2025,2024-12-28,363,79,maturacao,0.2079,0.2045,24.77,34.66,8.71,22.34,85.53,16.75,52316.5,0,saudavel,0.79
966,F01-FEI,F01,Feijao,237.5,-16.52243,-49.16898,2024/2025,2024-12-29,364,80,maturacao,0.1666,0.1707,27.67,37.51,14.4,25.26,83.1,20.62,44412.3,0,atencao,0.79
967,F01-FEI,F01,Feijao,237.5,-16.52243,-49.16898,2024/2025,2024-12-30,365,81,maturacao,0.168,0.1403,27.03,48.11,29.96,23.54,78.45,35.19,28321.7,0,atencao,0.79
968,F01-FEI,F01,Feijao,237.5,-16.52243,-49.16898,2024/2025,2024-12-31,366,82,maturacao,0.1907,0.1698,20.77,44.54,2.38,19.16,86.59,29.37,61654.0,0,saudavel,0.79
969,F01-FEI,F01,Feijao,237.5,-16.52243,-49.16898,2024/2025,2025-01-01,1,83,colheita,0.2125,0.1961,27.74,39.71,0.0,23.18,80.1,23.19,61399.2,0,saudavel,0.79
970,F01-FEI,F01,Feijao,237.5,-16.52243,-49.16898,2024/2025,2025-01-02,2,84,colheita,0.1864,0.1354,24.61,35.43,0.0,21.52,89.8,15.58,62994.0,0,saudavel,0.79
971,F02-SOJ,F02,Soja,238.6,-17.38601,-49.8619,2023/2024,2023-10-15,288,0,germinacao,0.2292,0.1756,32.78,45.0,26.61,31.98,61.21,47.65,26037.4,0,saudavel,2.8
972,F02-SOJ,F02,Soja,238.6,-17.38601,-49.8619,2023/2024,2023-10-16,289,1,germinacao,0.2076,0.1704,30.07,39.58,0.0,27.74,76.1,39.14,45315.4,1,saudavel,2.8
973,F02-SOJ,F02,Soja,238.6,-17.38601,-49.8619,2023/2024,2023-10-17,290,2,germinacao,0.1705,0.1006,31.49,34.3,0.0,29.72,59.77,31.4,44395.0,1,saudavel,2.8
974,F02-SOJ,F02,Soja,238.6,-17.38601,-49.8619,2023/2024,2023-10-18,291,3,germinacao,0.2016,0.1948,30.39,29.61,0.0,28.78,65.29,22.86,46582.3,1,saudavel,2.8
975,F02-SOJ,F02,Soja,238.6,-17.38601,-49.8619,2023/2024,2023-10-19,292,4,germinacao,0.1998,0.1663,30.84,29.5,8.35,28.47,64.15,19.72,39733.2,0,saudavel,2.8
976,F02-SOJ,F02,Soja,238.6,-17.38601,-49.8619,2023/2024,2023-10-20,293,5,germinacao,0.2251,0.2047,32.98,25.05,0.0,30.2,56.75,13.4,49163.1,1,saudavel,2.8
977,F02-SOJ,F02,Soja,238.6,-17.38601,-49.8619,2023/2024,2023-10-21,294,6,germinacao,0.1686,0.1529,31.03,24.99,8.02,29.37,72.77,13.53,40976.6,0,atencao,2.8
978,F02-SOJ,F02,Soja,238.6,-17.38601,-49.8619,2023/2024,2023-10-22,295,7,germinacao,0.2007,0.1816,30.92,20.93,0.0,29.71,,10.76,48142.4,1,saudavel,2.8
979,F02-SOJ,F02,Soja,238.6,-17.38601,-49.8619,2023/2024,2023-10-23,296,8,germinacao,0.1777,0.1509,30.08,17.4,0.0,27.66,74.32,6.75,50054.0,1,saudavel,2.8
980,F02-SOJ,F02,Soja,238.6,-17.38601,-49.8619,2023/2024,2023-10-24,297,9,germinacao,0.2038,0.181,31.27,14.08,0.0,28.56,71.37,5.0,53416.9,1,saudavel,2.8
981,F02-SOJ,F02,Soja,238.6,-17.38601,-49.8619,2023/2024,2023-10-25,298,10,germinacao,0.1919,0.1439,31.34,11.13,0.0,27.61,73.21,5.0,55088.6,1,saudavel,2.8
982,F02-SOJ,F02,Soja,238.6,-17.38601,-49.8619,2023/2024,2023-10-26,299,11,vegetativo,0.2089,0.1541,29.45,19.54,22.38,28.4,67.6,12.89,32406.7,0,saudavel,2.8
983,F02-SOJ,F02,Soja,238.6,-17.38601,-49.8619,2023/2024,2023-10-27,300,12,vegetativo,0.1748,0.1465,30.56,22.41,12.78,28.45,66.19,17.28,41024.8,0,atencao,2.8
984,F02-SOJ,F02,Soja,238.6,-17.38601,-49.8619,2023/2024,2023-10-28,301,13,vegetativo,0.2232,0.1761,34.5,18.39,0.0,31.33,68.91,10.19,51012.2,1,saudavel,2.8
985,F02-SOJ,F02,Soja,238.6,-17.38601,-49.8619,2023/2024,2023-10-29,302,14,vegetativo,0.2166,0.2126,32.13,15.07,0.0,28.11,75.16,5.0,53293.4,1,saudavel,2.8
986,F02-SOJ,F02,Soja,238.6,-17.38601,-49.8619,2023/2024,2023-10-30,303,15,vegetativo,0.2215,0.1958,26.25,16.36,7.97,25.24,72.2,8.87,46381.0,0,saudavel,2.8
987,F02-SOJ,F02,Soja,238.6,-17.38601,-49.8619,2023/2024,2023-10-31,304,16,vegetativo,0.2646,0.2106,31.33,12.99,0.0,30.45,65.98,5.0,56391.3,1,saudavel,2.8
988,F02-SOJ,F02,Soja,238.6,-17.38601,-49.8619,2023/2024,2023-11-01,305,17,vegetativo,0.2262,0.1869,31.31,10.01,0.0,28.96,64.55,5.0,47023.8,1,saudavel,2.8
989,F02-SOJ,F02,Soja,238.6,-17.38601,-49.8619,2023/2024,2023-11-02,306,18,vegetativo,0.2504,0.2155,29.19,8.0,0.0,28.02,72.3,5.0,52258.5,1,saudavel,2.8
990,F02-SOJ,F02,Soja,238.6,-17.38601,-49.8619,2023/2024,2023-11-03,307,19,vegetativo,0.2568,0.2169,28.42,8.0,0.0,27.49,68.99,5.0,54247.5,1,saudavel,2.8
991,F02-SOJ,F02,Soja,238.6,-17.38601,-49.8619,2023/2024,2023-11-04,308,20,vegetativo,0.2716,0.2363,28.45,11.54,16.83,26.65,72.06,5.23,38407.3,0,saudavel,2.8
992,F02-SOJ,F02,Soja,238.6,-17.38601,-49.8619,2023/2024,2023-11-05,309,21,vegetativo,0.3268,0.2792,33.5,11.27,5.35,30.9,68.83,5.14,46142.3,0,saudavel,2.8
993,F02-SOJ,F02,Soja,238.6,-17.38601,-49.8619,2023/2024,2023-11-06,310,22,vegetativo,0.3004,0.2276,27.98,8.66,0.0,27.99,69.7,5.0,50110.0,1,saudavel,2.8
994,F02-SOJ,F02,Soja,238.6,-17.38601,-49.8619,2023/2024,2023-11-07,311,23,vegetativo,0.3067,0.2177,27.96,8.0,0.0,25.23,75.2,5.0,56677.7,1,saudavel,2.8
995,F02-SOJ,F02,Soja,238.6,-17.38601,-49.8619,2023/2024,2023-11-08,312,24,vegetativo,0.3765,0.3125,28.28,8.0,0.0,28.24,74.85,5.0,52234.1,1,saudavel,2.8
996,F02-SOJ,F02,Soja,238.6,-17.38601,-49.8619,2023/2024,2023-11-09,313,25,vegetativo,0.3561,0.3139,30.62,8.0,0.0,29.48,81.31,5.0,49481.7,1,saudavel,2.8
997,F02-SOJ,F02,Soja,238.6,-17.38601,-49.8619,2023/2024,2023-11-10,314,26,vegetativo,0.3554,0.2949,30.22,8.35,15.7,27.82,76.41,5.0,43169.2,0,atencao,2.8
998,F02-SOJ,F02,Soja,238.6,-17.38601,-49.8619,2023/2024,2023-11-11,315,27,vegetativo,0.3999,0.3647,26.88,8.0,0.0,26.15,81.74,5.0,56592.2,1,saudavel,2.8
999,F02-SOJ,F02,Soja,238.6,-17.38601,-49.8619,2023/2024,2023-11-12,316,28,vegetativo,0.4187,0.3549,25.87,13.08,17.06,25.93,69.95,9.11,39333.4,0,saudavel,2.8
1000,F02-SOJ,F02,Soja,238.6,-17.38601,-49.8619,2023/2024,2023-11-13,317,29,vegetativo,0.4378,0.3992,26.74,15.34,9.14,25.96,66.16,15.42,44443.6,0,saudavel,2.8
1001,F02-SOJ,F02,Soja,238.6,-17.38601,-49.8619,2023/2024,2023-11-14,318,30,vegetativo,0.4976,0.446,28.88,12.52,0.0,29.53,72.09,10.21,55542.2,1,saudavel,2.8
1002,F02-SOJ,F02,Soja,238.6,-17.38601,-49.8619,2023/2024,2023-11-15,319,31,vegetativo,0.5349,0.4757,26.76,10.27,0.0,27.05,78.07,6.19,59741.7,1,saudavel,2.8
1003,F02-SOJ,F02,Soja,238.6,-17.38601,-49.8619,2023/2024,2023-11-16,320,32,vegetativo,0.5912,0.4785,23.03,17.27,17.36,24.56,78.92,14.43,35168.4,0,saudavel,2.8
1004,F02-SOJ,F02,Soja,238.6,-17.38601,-49.8619,2023/2024,2023-11-17,321,33,vegetativo,0.6109,0.5196,26.92,14.7,0.0,27.56,79.8,12.95,51812.7,1,saudavel,2.8
1005,F02-SOJ,F02,Soja,238.6,-17.38601,-49.8619,2023/2024,2023-11-18,322,34,vegetativo,0.6397,0.5682,23.95,22.03,19.2,27.11,61.46,19.22,36672.3,0,saudavel,2.8
1006,F02-SOJ,F02,Soja,238.6,-17.38601,-49.8619,2023/2024,2023-11-19,323,35,vegetativo,0.6384,0.5481,23.37,19.29,0.0,26.13,81.12,15.03,56813.7,1,saudavel,2.8
1007,F02-SOJ,F02,Soja,238.6,-17.38601,-49.8619,2023/2024,2023-11-20,324,36,vegetativo,0.7004,0.6064,21.47,16.98,0.0,25.18,77.22,10.96,55591.3,1,saudavel,2.8
1008,F02-SOJ,F02,Soja,238.6,-17.38601,-49.8619,2023/2024,2023-11-21,325,37,vegetativo,0.735,0.597,22.35,18.41,6.99,25.02,68.04,10.49,52515.5,0,saudavel,2.8
1009,F02-SOJ,F02,Soja,238.6,-17.38601,-49.8619,2023/2024,2023-11-22,326,38,vegetativo,0.7374,0.6651,23.99,15.87,0.0,28.16,77.62,5.98,60703.7,1,saudavel,2.8
1010,F02-SOJ,F02,Soja,238.6,-17.38601,-49.8619,2023/2024,2023-11-23,327,39,floracao,0.7581,0.6285,23.29,13.72,0.0,26.8,75.77,5.0,58443.8,1,saudavel,2.8
1011,F02-SOJ,F02,Soja,238.6,-17.38601,-49.8619,2023/2024,2023-11-24,328,40,floracao,0.7423,0.5911,23.27,13.03,2.68,27.06,76.79,5.0,56874.0,1,saudavel,2.8
1012,F02-SOJ,F02,Soja,238.6,-17.38601,-49.8619,2023/2024,2023-11-25,329,41,floracao,0.8046,0.6769,24.85,15.02,7.64,26.61,80.26,6.55,51368.2,0,saudavel,2.8
1013,F02-SOJ,F02,Soja,238.6,-17.38601,-49.8619,2023/2024,2023-11-26,330,42,floracao,0.8331,0.6592,22.15,13.07,0.0,26.64,77.51,7.0,58113.7,1,saudavel,2.8
1014,F02-SOJ,F02,Soja,238.6,-17.38601,-49.8619,2023/2024,2023-11-27,331,43,floracao,0.8161,0.672,20.72,13.57,4.33,25.35,68.87,8.0,50151.1,0,saudavel,2.8
1015,F02-SOJ,F02,Soja,238.6,-17.38601,-49.8619,2023/2024,2023-11-28,332,44,floracao,0.8082,0.7382,22.62,14.23,4.81,25.64,75.44,6.65,50610.4,0,saudavel,2.8
1016,F02-SOJ,F02,Soja,238.6,-17.38601,-49.8619,2023/2024,2023-11-29,333,45,floracao,0.8259,0.6944,25.86,16.25,8.07,27.6,66.99,8.29,46592.3,0,saudavel,2.8
1017,F02-SOJ,F02,Soja,238.6,-17.38601,-49.8619,2023/2024,2023-11-30,334,46,floracao,0.8284,0.6756,24.31,14.05,0.0,27.88,78.25,5.19,58197.2,1,saudavel,2.8
1018,F02-SOJ,F02,Soja,238.6,-17.38601,-49.8619,2023/2024,2023-12-01,335,47,floracao,0.8362,0.7113,20.26,16.75,8.46,23.82,84.52,8.7,51178.9,0,saudavel,2.8
1019,F02-SOJ,F02,Soja,238.6,-17.38601,-49.8619,2023/2024,2023-12-02,336,48,floracao,0.8619,0.7147,22.78,14.87,0.0,25.24,70.56,6.67,54539.0,1,saudavel,2.8
1020,F02-SOJ,F02,Soja,238.6,-17.38601,-49.8619,2023/2024,2023-12-03,337,49,floracao,0.8592,0.7476,23.86,15.28,4.62,26.72,72.62,8.01,54673.0,0,saudavel,2.8
1021,F02-SOJ,F02,Soja,238.6,-17.38601,-49.8619,2023/2024,2023-12-04,338,50,floracao,0.8776,0.7281,24.71,17.3,8.23,28.18,70.77,13.38,48377.8,0,saudavel,2.8
1022,F02-SOJ,F02,Soja,238.6,-17.38601,-49.8619,2023/2024,2023-12-05,339,51,floracao,0.8681,0.7433,23.53,15.07,0.0,27.93,73.14,9.87,56000.9,1,saudavel,2.8
1023,F02-SOJ,F02,Soja,238.6,-17.38601,-49.8619,2023/2024,2023-12-06,340,52,floracao,0.846,0.6962,20.8,16.62,6.32,23.96,79.93,9.94,51179.1,0,saudavel,2.8
1024,F02-SOJ,F02,Soja,238.6,-17.38601,-49.8619,2023/2024,2023-12-07,341,53,floracao,0.8554,0.7791,21.91,14.54,0.0,26.97,73.92,8.91,56031.7,1,saudavel,2.8
1025,F02-SOJ,F02,Soja,238.6,-17.38601,-49.8619,2023/2024,2023-12-08,342,54,floracao,0.8559,0.7376,20.71,16.22,6.74,25.04,80.63,12.9,54611.8,1,saudavel,2.8
1026,F02-SOJ,F02,Soja,238.6,-17.38601,-49.8619,2023/2024,2023-12-09,343,55,floracao,0.8647,0.7321,24.07,14.25,0.0,26.42,81.94,10.05,59049.5,1,saudavel,2.8
1027,F02-SOJ,F02,Soja,238.6,-17.38601,-49.8619,2023/2024,2023-12-10,344,56,floracao,0.9052,0.7636,23.08,13.82,2.53,25.93,82.47,8.8,59559.2,1,saudavel,2.8
1028,F02-SOJ,F02,Soja,238.6,-17.38601,-49.8619,2023/2024,2023-12-11,345,57,floracao,0.909,0.7616,19.0,12.52,0.0,22.75,73.35,7.89,58359.1,1,saudavel,2.8
1029,F02-SOJ,F02,Soja,238.6,-17.38601,-49.8619,2023/2024,2023-12-12,346,58,floracao,0.8869,0.7386,19.46,16.0,9.99,25.37,84.35,11.98,48581.8,0,saudavel,2.8
1030,F02-SOJ,F02,Soja,238.6,-17.38601,-49.8619,2023/2024,2023-12-13,347,59,floracao,0.8725,0.7258,20.89,14.11,0.0,25.95,84.46,5.95,65421.3,1,saudavel,2.8
1031,F02-SOJ,F02,Soja,238.6,-17.38601,-49.8619,2023/2024,2023-12-14,348,60,floracao,0.8425,0.7497,20.04,14.02,2.99,24.31,85.93,7.08,52000.5,1,saudavel,2.8
1032,F02-SOJ,F02,Soja,238.6,-17.38601,-49.8619,2023/2024,2023-12-15,349,61,frutificacao,0.8734,0.7313,19.83,21.29,17.48,23.86,77.69,18.04,46294.8,0,saudavel,2.8
1033,F02-SOJ,F02,Soja,238.6,-17.38601,-49.8619,2023/2024,2023-12-16,350,62,frutificacao,0.8521,0.6817,16.85,19.38,0.0,21.77,76.03,16.7,64885.8,1,saudavel,2.8
1034,F02-SOJ,F02,Soja,238.6,-17.38601,-49.8619,2023/2024,2023-12-17,351,63,frutificacao,0.8991,0.7409,20.71,21.33,7.92,25.05,72.94,17.15,54338.3,0,saudavel,2.8
1035,F02-SOJ,F02,Soja,238.6,-17.38601,-49.8619,2023/2024,2023-12-18,352,64,frutificacao,0.8325,0.7262,22.51,40.57,42.81,24.24,72.88,41.63,28994.6,0,saudavel,2.8
1036,F02-SOJ,F02,Soja,238.6,-17.38601,-49.8619,2023/2024,2023-12-19,353,65,frutificacao,0.87,0.7345,19.01,37.13,0.0,22.44,79.56,34.25,64268.3,1,saudavel,2.8
1037,F02-SOJ,F02,Soja,238.6,-17.38601,-49.8619,2023/2024,2023-12-20,354,66,frutificacao,0.842,0.713,19.87,33.83,0.0,23.23,83.3,27.79,59031.6,1,saudavel,2.8
1038,F02-SOJ,F02,Soja,238.6,-17.38601,-49.8619,2023/2024,2023-12-21,355,67,frutificacao,0.8558,0.7508,19.12,30.75,0.0,23.84,85.25,22.47,57882.6,1,saudavel,2.8
1039,F02-SOJ,F02,Soja,238.6,-17.38601,-49.8619,2023/2024,2023-12-22,356,68,frutificacao,0.8651,0.7198,17.25,28.07,0.0,22.67,77.02,18.19,58832.1,1,saudavel,2.8
1040,F02-SOJ,F02,Soja,238.6,-17.38601,-49.8619,2023/2024,2023-12-23,357,69,frutificacao,0.8673,0.7498,18.38,27.66,4.3,23.41,78.84,17.63,53977.1,0,saudavel,2.8
1041,F02-SOJ,F02,Soja,238.6,-17.38601,-49.8619,2023/2024,2023-12-24,358,70,frutificacao,0.8397,0.7004,15.44,29.08,7.67,20.68,80.17,20.29,49469.2,0,saudavel,2.8
1042,F02-SOJ,F02,Soja,238.6,-17.38601,-49.8619,2023/2024,2023-12-25,359,71,frutificacao,0.8491,0.7333,21.66,26.2,0.0,25.23,74.8,17.75,63280.3,1,saudavel,2.8
1043,F02-SOJ,F02,Soja,238.6,-17.38601,-49.8619,2023/2024,2023-12-26,360,72,frutificacao,0.8124,0.6828,20.2,32.96,18.41,23.12,82.93,24.93,39210.9,1,saudavel,2.8
1044,F02-SOJ,F02,Soja,238.6,-17.38601,-49.8619,2023/2024,2023-12-27,361,73,frutificacao,0.821,0.693,16.99,51.66,43.07,21.35,82.14,47.92,29855.1,0,saudavel,2.8
1045,F02-SOJ,F02,Soja,238.6,-17.38601,-49.8619,2023/2024,2023-12-28,362,74,frutificacao,0.825,0.7177,15.93,55.53,16.41,19.21,82.33,49.07,39147.7,0,saudavel,2.8
1046,F02-SOJ,F02,Soja,238.6,-17.38601,-49.8619,2023/2024,2023-12-29,363,75,frutificacao,0.7988,0.6939,22.62,60.0,18.87,24.34,80.33,50.97,41086.0,0,saudavel,2.8
1047,F02-SOJ,F02,Soja,238.6,-17.38601,-49.8619,2023/2024,2023-12-30,364,76,frutificacao,0.7668,0.6485,22.59,58.09,6.72,23.53,82.1,43.13,49585.1,0,saudavel,2.8
1048,F02-SOJ,F02,Soja,238.6,-17.38601,-49.8619,2023/2024,2023-12-31,365,77,frutificacao,0.7551,0.6324,20.88,67.2,28.35,22.91,82.42,53.29,27946.7,0,saudavel,2.8
1049,F02-SOJ,F02,Soja,238.6,-17.38601,-49.8619,2023/2024,2024-01-01,1,78,frutificacao,0.7621,0.6798,20.75,61.31,0.0,23.79,74.67,43.75,59296.8,1,saudavel,2.8
1050,F02-SOJ,F02,Soja,238.6,-17.38601,-49.8619,2023/2024,2024-01-02,2,79,frutificacao,0.699,0.6059,22.13,55.81,0.0,23.68,83.4,34.87,62724.5,1,saudavel,2.8
1051,F02-SOJ,F02,Soja,238.6,-17.38601,-49.8619,2023/2024,2024-01-03,3,80,frutificacao,0.6787,0.5691,21.83,50.86,0.0,22.59,80.84,27.94,60797.6,1,saudavel,2.8
1052,F02-SOJ,F02,Soja,238.6,-17.38601,-49.8619,2023/2024,2024-01-04,4,81,frutificacao,0.6844,0.5687,17.65,54.21,15.62,21.81,77.83,33.18,45459.5,0,saudavel,2.8
1053,F02-SOJ,F02,Soja,238.6,-17.38601,-49.8619,2023/2024,2024-01-05,5,82,frutificacao,0.6364,0.5614,21.23,55.58,12.27,21.47,81.36,36.75,46785.0,0,saudavel,2.8
1054,F02-SOJ,F02,Soja,238.6,-17.38601,-49.8619,2023/2024,2024-01-06,6,83,frutificacao,0.5873,0.5015,20.8,50.5,0.0,,81.19,28.68,58201.6,1,saudavel,2.8
1055,F02-SOJ,F02,Soja,238.6,-17.38601,-49.8619,2023/2024,2024-01-07,7,84,frutificacao,0.6132,0.5179,21.94,52.04,12.67,24.0,84.03,29.01,49002.8,0,saudavel,2.8
1056,F02-SOJ,F02,Soja,238.6,-17.38601,-49.8619,2023/2024,2024-01-08,8,85,frutificacao,0.5331,0.4555,20.5,49.76,4.97,21.65,74.77,26.1,52424.8,0,saudavel,2.8
1057,F02-SOJ,F02,Soja,238.6,-17.38601,-49.8619,2023/2024,2024-01-09,9,86,frutificacao,0.5197,0.4485,23.57,44.89,0.0,23.92,85.23,23.07,61390.0,1,saudavel,2.8
1058,F02-SOJ,F02,Soja,238.6,-17.38601,-49.8619,2023/2024,2024-01-10,10,87,frutificacao,0.4799,0.4068,20.74,40.55,0.0,,79.73,16.21,62475.5,1,saudavel,2.8
1059,F02-SOJ,F02,Soja,238.6,-17.38601,-49.8619,2023/2024,2024-01-11,11,88,frutificacao,0.4556,0.4113,21.71,40.5,7.92,22.09,77.1,18.42,48376.1,0,saudavel,2.8
1060,F02-SOJ,F02,Soja,238.6,-17.38601,-49.8619,2023/2024,2024-01-12,12,89,frutificacao,0.4142,0.3772,25.83,36.08,0.0,25.03,75.13,15.3,56428.6,1,saudavel,2.8
1061,F02-SOJ,F02,Soja,238.6,-17.38601,-49.8619,2023/2024,2024-01-13,13,90,frutificacao,0.4179,0.3659,24.27,32.16,0.0,23.81,73.5,7.66,56738.3,1,saudavel,2.8
1062,F02-SOJ,F02,Soja,238.6,-17.38601,-49.8619,2023/2024,2024-01-14,14,91,frutificacao,0.3794,0.35,24.73,28.51,0.0,23.76,69.78,5.49,53832.3,1,saudavel,2.8
1063,F02-SOJ,F02,Soja,238.6,-17.38601,-49.8619,2023/2024,2024-01-15,15,92,frutificacao,0.3724,0.3167,20.28,27.39,3.6,19.95,84.1,6.91,53191.5,0,saudavel,2.8
1064,F02-SOJ,F02,Soja,238.6,-17.38601,-49.8619,2023/2024,2024-01-16,16,93,frutificacao,0.3182,0.2843,26.18,23.95,0.0,24.35,87.93,5.0,61835.9,1,saudavel,2.8
1065,F02-SOJ,F02,Soja,238.6,-17.38601,-49.8619,2023/2024,2024-01-17,17,94,maturacao,0.3529,0.32,22.73,21.26,0.0,20.85,71.98,5.0,54635.6,0,saudavel,2.8
1066,F02-SOJ,F02,Soja,238.6,-17.38601,-49.8619,2023/2024,2024-01-18,18,95,maturacao,0.2541,0.2364,23.25,26.39,15.43,20.54,75.44,8.83,46766.3,0,atencao,2.8
1067,F02-SOJ,F02,Soja,238.6,-17.38601,-49.8619,2023/2024,2024-01-19,19,96,maturacao,0.2446,0.2262,19.78,23.45,0.0,17.55,85.67,5.67,56136.8,0,atencao,2.8
1068,F02-SOJ,F02,Soja,238.6,-17.38601,-49.8619,2023/2024,2024-01-20,20,97,maturacao,0.2973,0.2654,23.46,20.68,0.0,21.2,79.43,5.0,63603.5,0,saudavel,2.8
1069,F02-SOJ,F02,Soja,238.6,-17.38601,-49.8619,2023/2024,2024-01-21,21,98,maturacao,0.2596,0.2598,21.53,25.94,15.45,19.0,85.08,10.74,40335.7,0,saudavel,2.8
1070,F02-SOJ,F02,Soja,238.6,-17.38601,-49.8619,2023/2024,2024-01-22,22,99,maturacao,0.2463,0.1986,25.61,33.62,21.46,21.15,79.03,20.98,36113.5,1,saudavel,2.8
1071,F02-SOJ,F02,Soja,238.6,-17.38601,-49.8619,2023/2024,2024-01-23,23,100,maturacao,0.239,0.2001,21.78,40.9,21.62,18.71,78.02,31.95,33535.8,0,saudavel,2.8
1072,F02-SOJ,F02,Soja,238.6,-17.38601,-49.8619,2023/2024,2024-01-24,24,101,maturacao,0.234,0.1946,24.87,36.41,0.0,23.07,77.1,22.79,54441.6,0,saudavel,2.8
1073,F02-SOJ,F02,Soja,238.6,-17.38601,-49.8619,2023/2024,2024-01-25,25,102,maturacao,0.222,0.1813,22.21,39.68,14.36,21.12,67.41,24.1,46846.0,0,saudavel,2.8
1074,F02-SOJ,F02,Soja,238.6,-17.38601,-49.8619,2023/2024,2024-01-26,26,103,maturacao,0.191,0.1226,25.65,50.83,31.35,23.63,72.01,40.2,,0,atencao,2.8
1075,F02-SOJ,F02,Soja,238.6,-17.38601,-49.8619,2023/2024,2024-01-27,27,104,maturacao,0.2218,0.2161,20.26,60.47,29.14,18.59,85.4,50.48,31830.4,0,saudavel,2.8
1076,F02-SOJ,F02,Soja,238.6,-17.38601,-49.8619,2023/2024,2024-01-28,28,105,maturacao,0.2146,0.1619,24.95,54.47,0.0,22.37,84.25,39.3,51718.2,0,saudavel,2.8
1077,F02-SOJ,F02,Soja,238.6,-17.38601,-49.8619,2023/2024,2024-01-29,29,106,maturacao,0.2265,0.196,18.53,49.25,0.0,17.27,88.29,30.94,57407.1,0,saudavel,2.8
1078,F02-SOJ,F02,Soja,238.6,-17.38601,-49.8619,2023/2024,2024-01-30,30,107,colheita,0.2304,0.1674,23.33,46.26,3.67,20.21,,26.93,48927.4,1,saudavel,2.8
1079,F02-SOJ,F02,Soja,238.6,-17.38601,-49.8619,2023/2024,2024-01-31,31,108,colheita,0.1992,0.1818,19.69,41.66,0.0,18.87,68.82,20.12,50971.2,0,saudavel,2.8
1080,F02-SOJ,F02,Soja,238.6,-17.38601,-49.8619,2023/2024,2024-02-01,32,109,colheita,0.166,0.1254,19.95,45.38,16.0,19.08,76.7,26.43,40860.5,0,atencao,2.8
1081,F02-SOJ,F02,Soja,238.6,-17.38601,-49.8619,2024/2025,2024-10-19,293,0,germinacao,0.1802,0.2053,31.76,45.0,0.0,28.85,72.17,48.05,52641.5,0,saudavel,2.62
1082,F02-SOJ,F02,Soja,238.6,-17.38601,-49.8619,2024/2025,2024-10-20,294,1,germinacao,0.2011,0.1719,30.69,39.43,0.0,28.97,69.15,37.2,50502.9,0,saudavel,2.62
1083,F02-SOJ,F02,Soja,238.6,-17.38601,-49.8619,2024/2025,2024-10-21,295,2,germinacao,0.1883,0.1792,29.94,34.34,0.0,28.42,71.31,29.75,53360.6,1,saudavel,2.62
1084,F02-SOJ,F02,Soja,238.6,-17.38601,-49.8619,2024/2025,2024-10-22,296,3,germinacao,0.167,0.1274,29.83,29.76,0.0,27.35,66.3,23.41,52474.3,1,atencao,2.62
1085,F02-SOJ,F02,Soja,238.6,-17.38601,-49.8619,2024/2025,2024-10-23,297,4,germinacao,0.192,0.1912,31.42,25.67,0.0,26.64,68.64,17.87,42980.1,1,saudavel,2.62
1086,F02-SOJ,F02,Soja,238.6,-17.38601,-49.8619,2024/2025,2024-10-24,298,5,germinacao,0.1938,0.1506,29.69,21.78,0.0,27.73,63.43,11.78,52521.1,1,saudavel,2.62
1087,F02-SOJ,F02,Soja,238.6,-17.38601,-49.8619,2024/2025,2024-10-25,299,6,germinacao,0.1982,0.1776,32.56,17.94,0.0,29.99,76.36,7.66,49944.1,1,saudavel,2.62
1088,F02-SOJ,F02,Soja,238.6,-17.38601,-49.8619,2024/2025,2024-10-26,300,7,germinacao,0.2102,0.1734,30.26,14.54,0.0,28.98,71.95,5.88,54765.3,1,saudavel,2.62
1089,F02-SOJ,F02,Soja,238.6,-17.38601,-49.8619,2024/2025,2024-10-27,301,8,germinacao,0.179,0.1612,28.1,11.43,0.0,28.46,65.6,5.0,53335.4,1,saudavel,2.62
1090,F02-SOJ,F02,Soja,238.6,-17.38601,-49.8619,2024/2025,2024-10-28,302,9,germinacao,0.2069,0.1712,28.29,8.8,0.0,26.94,72.62,5.0,53658.5,1,saudavel,2.62
1091,F02-SOJ,F02,Soja,238.6,-17.38601,-49.8619,2024/2025,2024-10-29,303,10,germinacao,0.1617,0.1216,32.79,8.0,0.0,27.87,76.67,5.0,51316.9,1,atencao,2.62
1092,F02-SOJ,F02,Soja,238.6,-17.38601,-49.8619,2024/2025,2024-10-30,304,11,vegetativo,0.1969,0.1619,32.29,19.23,31.16,29.47,75.04,13.07,23469.1,0,saudavel,2.62
1093,F02-SOJ,F02,Soja,238.6,-17.38601,-49.8619,2024/2025,2024-10-31,305,12,vegetativo,0.1975,0.1987,32.91,15.71,0.0,29.05,65.86,9.61,51391.2,1,saudavel,2.62
1094,F02-SOJ,F02,Soja,238.6,-17.38601,-49.8619,2024/2025,2024-11-01,306,13,vegetativo,0.2363,0.2102,29.03,21.69,17.98,27.5,55.92,16.07,31694.5,0,saudavel,2.62
1095,F02-SOJ,F02,Soja,238.6,-17.38601,-49.8619,2024/2025,2024-11-02,307,14,vegetativo,0.2093,0.1521,23.98,18.56,0.0,24.22,75.69,14.43,51458.9,1,saudavel,2.62
1096,F02-SOJ,F02,Soja,238.6,-17.38601,-49.8619,2024/2025,2024-11-03,308,15,vegetativo,0.2307,0.218,27.87,15.38,0.0,27.05,67.74,11.63,49101.2,1,saudavel,2.62
1097,F02-SOJ,F02,Soja,238.6,-17.38601,-49.8619,2024/2025,2024-11-04,309,16,vegetativo,0.1904,0.144,29.95,15.55,6.37,27.27,,13.73,43732.4,1,atencao,2.62
1098,F02-SOJ,F02,Soja,238.6,-17.38601,-49.8619,2024/2025,2024-11-05,310,17,vegetativo,0.2269,0.2077,28.75,12.66,0.0,26.55,77.54,10.45,54357.6,1,saudavel,2.62
1099,F02-SOJ,F02,Soja,238.6,-17.38601,-49.8619,2024/2025,2024-11-06,311,18,vegetativo,0.2266,0.2037,29.16,11.89,3.94,27.21,78.11,7.5,52300.5,0,saudavel,2.62
1100,F02-SOJ,F02,Soja,238.6,-17.38601,-49.8619,2024/2025,2024-11-07,312,19,vegetativo,0.3043,0.2709,29.71,9.12,0.0,28.98,80.36,5.0,54409.5,1,saudavel,2.62
1101,F02-SOJ,F02,Soja,238.6,-17.38601,-49.8619,2024/2025,2024-11-08,313,20,vegetativo,0.2543,0.2532,30.27,8.0,0.0,27.62,78.78,5.0,53250.0,1,saudavel,2.62
1102,F02-SOJ,F02,Soja,238.6,-17.38601,-49.8619,2024/2025,2024-11-09,314,21,vegetativo,0.2839,0.2247,30.02,8.0,0.0,29.07,80.62,5.0,52141.0,1,saudavel,2.62
1103,F02-SOJ,F02,Soja,238.6,-17.38601,-49.8619,2024/2025,2024-11-10,315,22,vegetativo,0.3017,0.2686,26.84,8.0,0.0,25.24,81.21,5.0,54263.7,1,saudavel,2.62
1104,F02-SOJ,F02,Soja,238.6,-17.38601,-49.8619,2024/2025,2024-11-11,316,23,vegetativo,0.2862,0.2685,28.58,8.0,0.0,26.96,80.76,5.0,52975.9,1,atencao,2.62
1105,F02-SOJ,F02,Soja,238.6,-17.38601,-49.8619,2024/2025,2024-11-12,317,24,vegetativo,0.3285,0.2664,25.1,8.0,0.0,24.43,74.88,5.0,55476.5,1,saudavel,2.62
1106,F02-SOJ,F02,Soja,238.6,-17.38601,-49.8619,2024/2025,2024-11-13,318,25,vegetativo,0.3703,0.2999,26.4,8.0,0.0,26.61,67.47,,51317.9,1,saudavel,2.62
1107,F02-SOJ,F02,Soja,238.6,-17.38601,-49.8619,2024/2025,2024-11-14,319,26,vegetativo,0.3893,0.3251,25.66,8.0,17.91,25.59,87.07,6.77,41457.0,0,saudavel,2.62
1108,F02-SOJ,F02,Soja,238.6,-17.38601,-49.8619,2024/2025,2024-11-15,320,27,vegetativo,0.3687,0.3199,31.55,8.0,0.0,29.0,73.07,5.0,54601.3,1,atencao,2.62
1109,F02-SOJ,F02,Soja,238.6,-17.38601,-49.8619,2024/2025,2024-11-16,321,28,vegetativo,0.4323,0.3392,28.82,8.0,0.0,27.6,79.86,5.0,57633.4,1,saudavel,2.62
1110,F02-SOJ,F02,Soja,238.6,-17.38601,-49.8619,2024/2025,2024-11-17,322,29,vegetativo,0.4942,0.4311,28.99,12.3,24.01,28.42,70.61,18.0,36671.1,0,saudavel,2.62
1111,F02-SOJ,F02,Soja,238.6,-17.38601,-49.8619,2024/2025,2024-11-18,323,30,vegetativo,0.5166,0.4109,24.72,10.15,0.0,26.16,79.66,13.48,57877.2,1,saudavel,2.62
1112,F02-SOJ,F02,Soja,238.6,-17.38601,-49.8619,2024/2025,2024-11-19,324,31,vegetativo,0.5606,0.5024,22.7,8.36,0.0,25.18,63.32,8.88,59477.6,1,saudavel,2.62
1113,F02-SOJ,F02,Soja,238.6,-17.38601,-49.8619,2024/2025,2024-11-20,325,32,vegetativo,0.5479,0.476,25.21,8.0,0.0,25.04,73.7,7.96,51061.5,1,saudavel,2.62
1114,F02-SOJ,F02,Soja,238.6,-17.38601,-49.8619,2024/2025,2024-11-21,326,33,vegetativo,0.624,0.5686,26.21,10.74,11.33,26.92,74.25,9.44,45111.9,0,saudavel,2.62
1115,F02-SOJ,F02,Soja,238.6,-17.38601,-49.8619,2024/2025,2024-11-22,327,34,vegetativo,0.6272,0.5465,27.64,8.52,0.0,29.15,75.83,6.64,60916.7,1,saudavel,2.62
1116,F02-SOJ,F02,Soja,238.6,-17.38601,-49.8619,2024/2025,2024-11-23,328,35,vegetativo,0.6881,0.5788,24.39,8.0,0.0,26.96,80.31,5.25,59300.0,1,saudavel,2.62
1117,F02-SOJ,F02,Soja,238.6,-17.38601,-49.8619,2024/2025,2024-11-24,329,36,vegetativo,0.6828,0.5644,22.07,10.88,10.9,25.68,70.35,9.03,52956.3,0,saudavel,2.62
1118,F02-SOJ,F02,Soja,238.6,-17.38601,-49.8619,2024/2025,2024-11-25,330,37,vegetativo,0.6662,0.5711,24.73,9.11,0.0,25.86,79.12,7.69,63198.3,1,saudavel,2.62
1119,F02-SOJ,F02,Soja,238.6,-17.38601,-49.8619,2024/2025,2024-11-26,331,38,vegetativo,0.7465,0.6339,24.47,8.0,0.0,26.0,81.97,5.23,59131.9,1,saudavel,2.62
1120,F02-SOJ,F02,Soja,238.6,-17.38601,-49.8619,2024/2025,2024-11-27,332,39,floracao,0.7408,0.6534,25.65,8.45,5.29,28.99,85.88,5.39,52474.0,0,saudavel,2.62
1121,F02-SOJ,F02,Soja,238.6,-17.38601,-49.8619,2024/2025,2024-11-28,333,40,floracao,0.7601,0.6275,24.1,8.0,0.0,27.7,78.55,5.0,55636.7,1,saudavel,2.62
1122,F02-SOJ,F02,Soja,238.6,-17.38601,-49.8619,2024/2025,2024-11-29,334,41,floracao,0.7545,0.6817,24.6,15.99,21.11,26.15,73.75,14.8,36584.5,0,saudavel,2.62
1123,F02-SOJ,F02,Soja,238.6,-17.38601,-49.8619,2024/2025,2024-11-30,335,42,floracao,0.8299,0.7309,21.71,14.06,0.0,25.82,69.98,12.59,57542.9,1,saudavel,2.62
1124,F02-SOJ,F02,Soja,238.6,-17.38601,-49.8619,2024/2025,2024-12-01,336,43,floracao,0.7992,0.6752,24.59,12.21,0.0,26.01,85.46,6.41,57107.0,1,saudavel,2.62
1125,F02-SOJ,F02,Soja,238.6,-17.38601,-49.8619,2024/2025,2024-12-02,337,44,floracao,0.8516,0.7598,22.42,10.57,0.0,26.2,79.97,5.0,56244.9,1,saudavel,2.62
1126,F02-SOJ,F02,Soja,238.6,-17.38601,-49.8619,2024/2025,2024-12-03,338,45,floracao,0.8205,0.6818,20.97,9.19,0.0,24.74,77.13,5.0,60311.9,1,saudavel,2.62
1127,F02-SOJ,F02,Soja,238.6,-17.38601,-49.8619,2024/2025,2024-12-04,339,46,floracao,0.8183,0.6997,20.67,14.52,13.05,,69.67,9.81,51423.7,0,saudavel,2.62
1128,F02-SOJ,F02,Soja,238.6,-17.38601,-49.8619,2024/2025,2024-12-05,340,47,floracao,0.8698,0.7138,22.49,23.23,21.15,26.7,71.57,21.46,41203.4,0,saudavel,2.62
1129,F02-SOJ,F02,Soja,238.6,-17.38601,-49.8619,2024/2025,2024-12-06,341,48,floracao,0.8475,0.7573,22.59,20.84,0.0,25.09,80.42,16.78,58425.8,1,saudavel,2.62
1130,F02-SOJ,F02,Soja,238.6,-17.38601,-49.8619,2024/2025,2024-12-07,342,49,floracao,0.8523,0.6915,23.59,38.91,40.85,26.37,78.33,41.0,32780.3,0,saudavel,2.62
1131,F02-SOJ,F02,Soja,238.6,-17.38601,-49.8619,2024/2025,2024-12-08,343,50,floracao,0.8318,0.6783,24.92,37.85,5.77,27.32,66.34,37.13,54870.9,0,saudavel,2.62
1132,F02-SOJ,F02,Soja,238.6,-17.38601,-49.8619,2024/2025,2024-12-09,344,51,floracao,0.8264,0.6898,22.27,34.2,0.0,25.53,80.37,30.31,59502.5,1,saudavel,2.62
1133,F02-SOJ,F02,Soja,238.6,-17.38601,-49.8619,2024/2025,2024-12-10,345,52,floracao,0.8215,0.7248,21.33,30.87,0.0,25.18,69.63,24.53,59380.3,1,saudavel,2.62
1134,F02-SOJ,F02,Soja,238.6,-17.38601,-49.8619,2024/2025,2024-12-11,346,53,floracao,0.7637,0.6683,26.46,27.23,0.0,29.34,81.81,17.88,59148.7,1,atencao,2.62
1135,F02-SOJ,F02,Soja,238.6,-17.38601,-49.8619,2024/2025,2024-12-12,347,54,floracao,0.7552,0.6443,21.53,24.41,0.0,24.75,78.89,13.38,61754.4,0,atencao,2.62
1136,F02-SOJ,F02,Soja,238.6,-17.38601,-49.8619,2024/2025,2024-12-13,348,55,floracao,0.7334,0.6437,21.57,22.03,0.0,22.7,76.82,10.79,60266.7,1,atencao,2.62
1137,F02-SOJ,F02,Soja,238.6,-17.38601,-49.8619,2024/2025,2024-12-14,349,56,floracao,0.7185,0.6084,22.35,19.69,0.0,23.81,83.47,7.84,57702.8,1,atencao,2.62
1138,F02-SOJ,F02,Soja,238.6,-17.38601,-49.8619,2024/2025,2024-12-15,350,57,floracao,0.7219,0.622,23.87,17.22,0.0,26.46,78.74,6.93,57591.7,1,atencao,2.62
1139,F02-SOJ,F02,Soja,238.6,-17.38601,-49.8619,2024/2025,2024-12-16,351,58,floracao,0.6611,0.595,19.21,15.39,0.0,22.08,86.26,5.23,,1,atencao,2.62
1140,F02-SOJ,F02,Soja,238.6,-17.38601,-49.8619,2024/2025,2024-12-17,352,59,floracao,0.6279,0.5288,22.68,13.56,0.0,22.79,79.66,5.0,61258.0,1,critico,2.62
1141,F02-SOJ,F02,Soja,238.6,-17.38601,-49.8619,2024/2025,2024-12-18,353,60,floracao,0.671,0.555,23.58,11.63,0.0,25.48,78.37,5.0,59048.2,1,atencao,2.62
1142,F02-SOJ,F02,Soja,238.6,-17.38601,-49.8619,2024/2025,2024-12-19,354,61,frutificacao,0.5815,0.5037,21.94,15.43,10.92,23.31,77.59,7.68,45681.7,0,critico,2.62
1143,F02-SOJ,F02,Soja,238.6,-17.38601,-49.8619,2024/2025,2024-12-20,355,62,frutificacao,0.5603,0.4911,23.95,13.42,0.0,23.45,80.27,5.0,63752.9,1,critico,2.62
1144,F02-SOJ,F02,Soja,238.6,-17.38601,-49.8619,2024/2025,2024-12-21,356,63,frutificacao,0.5763,0.4921,23.42,11.4,0.0,25.12,86.47,5.0,63112.7,1,critico,2.62
1145,F02-SOJ,F02,Soja,238.6,-17.38601,-49.8619,2024/2025,2024-12-22,357,64,frutificacao,0.5968,0.5274,20.64,9.9,0.0,22.33,,5.0,54025.4,1,critico,2.62
1146,F02-SOJ,F02,Soja,238.6,-17.38601,-49.8619,2024/2025,2024-12-23,358,65,frutificacao,0.6224,0.525,19.27,8.71,0.0,21.1,83.68,5.0,63990.8,1,critico,2.62
1147,F02-SOJ,F02,Soja,238.6,-17.38601,-49.8619,2024/2025,2024-12-24,359,66,frutificacao,0.6573,0.5613,17.89,8.0,0.0,21.12,76.04,5.0,59323.3,1,atencao,2.62
1148,F02-SOJ,F02,Soja,238.6,-17.38601,-49.8619,2024/2025,2024-12-25,360,67,frutificacao,0.6644,0.5722,22.31,8.0,1.55,,68.41,5.0,58946.5,1,atencao,2.62
1149,F02-SOJ,F02,Soja,238.6,-17.38601,-49.8619,2024/2025,2024-12-26,361,68,frutificacao,0.6945,0.5961,20.37,8.0,0.0,23.39,80.14,5.0,63302.8,1,atencao,2.62
1150,F02-SOJ,F02,Soja,238.6,-17.38601,-49.8619,2024/2025,2024-12-27,362,69,frutificacao,0.7096,0.6355,18.9,8.0,0.0,21.86,81.88,5.0,64805.3,1,atencao,2.62
1151,F02-SOJ,F02,Soja,238.6,-17.38601,-49.8619,2024/2025,2024-12-28,363,70,frutificacao,0.7077,0.609,17.98,8.0,0.0,21.06,79.96,5.0,62809.8,1,atencao,2.62
1152,F02-SOJ,F02,Soja,238.6,-17.38601,-49.8619,2024/2025,2024-12-29,364,71,frutificacao,0.7247,0.6099,19.18,8.0,0.0,22.29,72.29,5.0,60471.6,1,atencao,2.62
1153,F02-SOJ,F02,Soja,238.6,-17.38601,-49.8619,2024/2025,2024-12-30,365,72,frutificacao,0.7515,0.6494,20.67,8.0,0.0,24.27,80.1,5.0,55562.7,1,atencao,2.62
1154,F02-SOJ,F02,Soja,238.6,-17.38601,-49.8619,2024/2025,2024-12-31,366,73,frutificacao,0.7177,0.6302,19.03,8.0,0.0,21.24,81.72,5.0,53545.9,1,atencao,2.62
1155,F02-SOJ,F02,Soja,238.6,-17.38601,-49.8619,2024/2025,2025-01-01,1,74,frutificacao,0.7986,0.6943,18.16,8.0,0.0,21.5,75.79,5.0,62259.1,1,saudavel,2.62
1156,F02-SOJ,F02,Soja,238.6,-17.38601,-49.8619,2024/2025,2025-01-02,2,75,frutificacao,0.7449,0.6475,17.95,8.0,0.0,20.61,73.99,5.0,63579.6,1,saudavel,2.62
1157,F02-SOJ,F02,Soja,238.6,-17.38601,-49.8619,2024/2025,2025-01-03,3,76,frutificacao,0.7522,0.6094,21.33,8.0,0.0,21.74,78.8,5.0,57032.4,1,saudavel,2.62
1158,F02-SOJ,F02,Soja,238.6,-17.38601,-49.8619,2024/2025,2025-01-04,4,77,frutificacao,0.7364,0.5761,19.92,14.53,27.68,22.7,82.74,12.24,31179.0,0,saudavel,2.62
1159,F02-SOJ,F02,Soja,238.6,-17.38601,-49.8619,2024/2025,2025-01-05,5,78,frutificacao,0.7182,0.636,23.41,12.61,0.0,25.27,79.99,8.43,57632.0,1,saudavel,2.62
1160,F02-SOJ,F02,Soja,238.6,-17.38601,-49.8619,2024/2025,2025-01-06,6,79,frutificacao,0.7403,0.638,20.38,11.24,0.0,22.33,75.25,6.09,57456.8,1,saudavel,2.62
1161,F02-SOJ,F02,Soja,238.6,-17.38601,-49.8619,2024/2025,2025-01-07,7,80,frutificacao,0.743,0.6312,19.07,10.03,0.0,21.82,80.61,5.62,62332.1,1,saudavel,2.62
1162,F02-SOJ,F02,Soja,238.6,-17.38601,-49.8619,2024/2025,2025-01-08,8,81,frutificacao,0.661,0.5758,21.42,27.58,37.86,23.1,83.57,28.42,30155.1,0,saudavel,2.62
1163,F02-SOJ,F02,Soja,238.6,-17.38601,-49.8619,2024/2025,2025-01-09,9,82,frutificacao,0.6521,0.5928,20.91,24.82,0.0,22.75,73.44,23.85,,1,saudavel,2.62
1164,F02-SOJ,F02,Soja,238.6,-17.38601,-49.8619,2024/2025,2025-01-10,10,83,frutificacao,0.6207,0.5559,19.36,22.47,0.0,20.75,80.79,19.16,66740.2,1,saudavel,2.62
1165,F02-SOJ,F02,Soja,238.6,-17.38601,-49.8619,2024/2025,2025-01-11,11,84,frutificacao,0.6062,0.5345,22.93,29.05,18.52,24.97,84.6,26.61,36241.2,0,saudavel,2.62
1166,F02-SOJ,F02,Soja,238.6,-17.38601,-49.8619,2024/2025,2025-01-12,12,85,frutificacao,0.5995,0.4918,19.5,26.26,0.0,21.39,73.63,20.35,60155.7,1,saudavel,2.62
1167,F02-SOJ,F02,Soja,238.6,-17.38601,-49.8619,2024/2025,2025-01-13,13,86,frutificacao,0.5541,0.4558,20.72,32.46,17.75,21.69,85.56,29.61,37963.6,0,saudavel,2.62
1168,F02-SOJ,F02,Soja,238.6,-17.38601,-49.8619,2024/2025,2025-01-14,14,87,frutificacao,0.4875,0.3667,19.71,34.12,9.96,22.07,87.6,27.52,48097.8,0,saudavel,2.62
1169,F02-SOJ,F02,Soja,238.6,-17.38601,-49.8619,2024/2025,2025-01-15,15,88,frutificacao,0.4721,0.414,22.92,30.7,0.0,21.67,78.58,22.12,58531.1,1,saudavel,2.62
1170,F02-SOJ,F02,Soja,238.6,-17.38601,-49.8619,2024/2025,2025-01-16,16,89,frutificacao,0.4444,0.3999,25.51,33.98,13.35,,76.91,25.33,47574.5,0,saudavel,2.62
1171,F02-SOJ,F02,Soja,238.6,-17.38601,-49.8619,2024/2025,2025-01-17,17,90,frutificacao,0.4032,0.3666,20.63,39.03,16.73,20.09,85.69,32.03,40875.6,0,saudavel,2.62
1172,F02-SOJ,F02,Soja,238.6,-17.38601,-49.8619,2024/2025,2025-01-18,18,91,frutificacao,0.3553,0.3155,23.52,34.99,0.0,22.06,78.35,25.05,56506.6,1,saudavel,2.62
1173,F02-SOJ,F02,Soja,238.6,-17.38601,-49.8619,2024/2025,2025-01-19,19,92,frutificacao,0.3367,0.2831,23.09,40.67,18.6,21.04,68.06,31.57,38797.3,0,saudavel,2.62
1174,F02-SOJ,F02,Soja,238.6,-17.38601,-49.8619,2024/2025,2025-01-20,20,93,frutificacao,0.3533,0.2891,21.68,47.54,22.11,22.18,78.58,38.65,32920.1,0,saudavel,2.62
1175,F02-SOJ,F02,Soja,238.6,-17.38601,-49.8619,2024/2025,2025-01-21,21,94,maturacao,0.3352,0.2684,22.21,67.32,48.64,20.3,82.48,64.45,30437.0,0,saudavel,2.62
1176,F02-SOJ,F02,Soja,238.6,-17.38601,-49.8619,2024/2025,2025-01-22,22,95,maturacao,0.2881,0.2416,20.99,61.17,0.0,20.01,83.93,,57737.6,0,saudavel,2.62
1177,F02-SOJ,F02,Soja,238.6,-17.38601,-49.8619,2024/2025,2025-01-23,23,96,maturacao,0.2815,0.2197,25.31,55.31,0.0,21.55,74.82,44.22,58007.3,0,saudavel,2.62
1178,F02-SOJ,F02,Soja,238.6,-17.38601,-49.8619,2024/2025,2025-01-24,24,97,maturacao,0.2862,0.2784,22.14,59.83,19.64,20.91,78.18,48.29,37798.6,0,saudavel,2.62
1179,F02-SOJ,F02,Soja,238.6,-17.38601,-49.8619,2024/2025,2025-01-25,25,98,maturacao,0.216,0.1575,22.02,54.17,0.0,19.06,85.44,38.49,55723.7,0,atencao,2.62
1180,F02-SOJ,F02,Soja,238.6,-17.38601,-49.8619,2024/2025,2025-01-26,26,99,maturacao,0.2306,0.1921,23.97,55.74,14.06,22.23,78.27,39.03,46478.2,0,saudavel,2.62
1181,F02-SOJ,F02,Soja,238.6,-17.38601,-49.8619,2024/2025,2025-01-27,27,100,maturacao,0.2708,0.1914,24.99,56.8,12.91,21.23,71.43,40.02,46921.8,0,saudavel,2.62
1182,F02-SOJ,F02,Soja,238.6,-17.38601,-49.8619,2024/2025,2025-01-28,28,101,maturacao,0.2286,0.2002,21.37,65.83,28.86,19.94,85.94,49.58,33130.7,0,saudavel,2.62
1183,F02-SOJ,F02,Soja,238.6,-17.38601,-49.8619,2024/2025,2025-01-29,29,102,maturacao,0.1934,0.1643,22.69,74.1,28.89,19.27,78.99,58.47,29865.7,0,atencao,2.62
1184,F02-SOJ,F02,Soja,238.6,-17.38601,-49.8619,2024/2025,2025-01-30,30,103,maturacao,0.2126,0.1736,23.16,72.55,10.63,20.44,84.71,53.65,49492.7,0,saudavel,2.62
1185,F02-SOJ,F02,Soja,238.6,-17.38601,-49.8619,2024/2025,2025-01-31,31,104,maturacao,0.2259,0.1734,23.18,65.79,0.0,20.81,71.96,43.23,53734.9,0,saudavel,2.62
1186,F02-SOJ,F02,Soja,238.6,-17.38601,-49.8619,2024/2025,2025-02-01,32,105,maturacao,0.1505,0.128,20.23,59.55,0.0,17.36,80.3,34.71,54143.8,0,critico,2.62
1187,F02-SOJ,F02,Soja,238.6,-17.38601,-49.8619,2024/2025,2025-02-02,33,106,maturacao,0.2015,0.1604,21.76,53.86,0.0,20.24,81.62,27.86,58090.2,0,saudavel,2.62
1188,F02-SOJ,F02,Soja,238.6,-17.38601,-49.8619,2024/2025,2025-02-03,34,107,colheita,0.1876,0.1567,20.31,48.56,0.0,20.58,78.31,21.7,56789.0,0,saudavel,2.62
1189,F02-SOJ,F02,Soja,238.6,-17.38601,-49.8619,2024/2025,2025-02-04,35,108,colheita,0.1598,0.175,19.64,44.93,2.42,16.01,75.47,20.48,50958.0,0,atencao,2.62
1190,F02-SOJ,F02,Soja,238.6,-17.38601,-49.8619,2024/2025,2025-02-05,36,109,colheita,0.1922,0.1668,21.54,51.23,21.62,19.76,,30.29,31249.2,0,saudavel,2.62
1191,F02-MIL,F02,Milho,125.1,-17.3783,-49.79248,2023/2024,2023-10-26,299,0,germinacao,0.2034,0.1868,31.05,45.0,0.0,27.71,78.51,43.25,49960.4,0,saudavel,4.72
1192,F02-MIL,F02,Milho,125.1,-17.3783,-49.79248,2023/2024,2023-10-27,300,1,germinacao,0.1975,0.1886,34.17,39.12,0.0,31.44,,31.52,54542.2,1,saudavel,4.72
1193,F02-MIL,F02,Milho,125.1,-17.3783,-49.79248,2023/2024,2023-10-28,301,2,germinacao,0.1923,0.1605,30.9,40.92,13.68,28.31,68.01,31.71,43353.5,0,saudavel,4.72
1194,F02-MIL,F02,Milho,125.1,-17.3783,-49.79248,2023/2024,2023-10-29,302,3,germinacao,0.1847,0.1384,34.76,35.35,0.0,31.47,63.18,,49643.3,1,saudavel,4.72
1195,F02-MIL,F02,Milho,125.1,-17.3783,-49.79248,2023/2024,2023-10-30,303,4,germinacao,0.2114,0.1864,33.35,35.05,9.59,31.56,67.68,20.11,45185.0,0,saudavel,4.72
1196,F02-MIL,F02,Milho,125.1,-17.3783,-49.79248,2023/2024,2023-10-31,304,5,germinacao,0.1616,0.1469,35.81,29.74,0.0,32.85,65.88,11.5,52394.5,1,atencao,4.72
1197,F02-MIL,F02,Milho,125.1,-17.3783,-49.79248,2023/2024,2023-11-01,305,6,germinacao,0.1639,0.164,33.05,25.07,0.0,31.15,72.25,7.69,49665.2,1,atencao,4.72
1198,F02-MIL,F02,Milho,125.1,-17.3783,-49.79248,2023/2024,2023-11-02,306,7,germinacao,0.2062,0.1617,35.01,21.47,1.42,31.75,70.31,6.03,50818.4,1,saudavel,4.72
1199,F02-MIL,F02,Milho,125.1,-17.3783,-49.79248,2023/2024,2023-11-03,307,8,germinacao,0.1849,0.1438,29.35,21.25,6.91,28.63,64.54,6.52,,0,saudavel,4.72
1200,F02-MIL,F02,Milho,125.1,-17.3783,-49.79248,2023/2024,2023-11-04,308,9,germinacao,0.1716,0.161,31.68,17.6,0.0,28.41,68.42,5.0,56982.8,1,saudavel,4.72
1201,F02-MIL,F02,Milho,125.1,-17.3783,-49.79248,2023/2024,2023-11-05,309,10,germinacao,0.1969,0.1592,30.68,14.28,0.0,28.43,71.5,5.0,58410.5,1,saudavel,4.72
1202,F02-MIL,F02,Milho,125.1,-17.3783,-49.79248,2023/2024,2023-11-06,310,11,germinacao,0.178,0.1423,31.27,11.25,0.0,27.91,75.67,5.0,52776.4,1,saudavel,4.72
1203,F02-MIL,F02,Milho,125.1,-17.3783,-49.79248,2023/2024,2023-11-07,311,12,germinacao,0.1712,0.1706,29.74,8.44,0.0,28.06,84.2,5.0,52311.5,0,atencao,4.72
1204,F02-MIL,F02,Milho,125.1,-17.3783,-49.79248,2023/2024,2023-11-08,312,13,germinacao,0.1719,0.1187,31.42,27.23,42.94,28.88,75.21,20.6,30416.2,0,atencao,4.72
1205,F02-MIL,F02,Milho,125.1,-17.3783,-49.79248,2023/2024,2023-11-09,313,14,vegetativo,0.1971,0.2086,29.26,29.04,11.46,26.97,67.92,22.67,47937.7,0,saudavel,4.72
1206,F02-MIL,F02,Milho,125.1,-17.3783,-49.79248,2023/2024,2023-11-10,314,15,vegetativo,0.1964,0.1547,28.19,25.15,0.0,25.52,73.53,17.01,51640.0,1,saudavel,4.72
1207,F02-MIL,F02,Milho,125.1,-17.3783,-49.79248,2023/2024,2023-11-11,315,16,vegetativo,0.2246,0.2083,28.98,21.31,0.0,28.05,73.54,9.99,54771.2,1,saudavel,4.72
1208,F02-MIL,F02,Milho,125.1,-17.3783,-49.79248,2023/2024,2023-11-12,316,17,vegetativo,0.1907,0.16,29.3,17.92,0.0,26.38,71.18,7.8,55265.8,1,saudavel,4.72
1209,F02-MIL,F02,Milho,125.1,-17.3783,-49.79248,2023/2024,2023-11-13,317,18,vegetativo,0.193,0.1695,26.87,27.16,24.71,26.45,76.22,19.95,30432.3,0,saudavel,4.72
1210,F02-MIL,F02,Milho,125.1,-17.3783,-49.79248,2023/2024,2023-11-14,318,19,vegetativo,0.2309,0.191,28.29,33.25,19.92,27.04,62.3,29.62,38483.2,0,saudavel,4.72
1211,F02-MIL,F02,Milho,125.1,-17.3783,-49.79248,2023/2024,2023-11-15,319,20,vegetativo,0.2253,0.2087,27.01,28.94,0.0,26.6,76.82,22.77,53995.1,1,saudavel,4.72
1212,F02-MIL,F02,Milho,125.1,-17.3783,-49.79248,2023/2024,2023-11-16,320,21,vegetativo,0.2125,0.1737,31.66,24.69,0.0,28.74,70.52,19.12,54681.6,1,saudavel,4.72
1213,F02-MIL,F02,Milho,125.1,-17.3783,-49.79248,2023/2024,2023-11-17,321,22,vegetativo,0.1829,0.144,29.49,20.98,0.0,26.73,73.69,15.18,56200.6,1,atencao,4.72
1214,F02-MIL,F02,Milho,125.1,-17.3783,-49.79248,2023/2024,2023-11-18,322,23,vegetativo,0.2031,0.2089,31.26,24.76,14.79,28.64,80.55,19.89,38262.2,0,saudavel,4.72
1215,F02-MIL,F02,Milho,125.1,-17.3783,-49.79248,2023/2024,2023-11-19,323,24,vegetativo,0.2043,0.1742,30.75,21.04,0.0,27.11,67.96,12.95,50724.3,1,atencao,4.72
1216,F02-MIL,F02,Milho,125.1,-17.3783,-49.79248,2023/2024,2023-11-20,324,25,vegetativo,0.2329,0.1844,28.17,17.71,0.0,26.58,76.07,7.44,59835.0,1,saudavel,4.72
1217,F02-MIL,F02,Milho,125.1,-17.3783,-49.79248,2023/2024,2023-11-21,325,26,vegetativo,0.2297,0.1655,29.4,14.62,0.0,26.86,78.63,5.0,,0,saudavel,4.72
1218,F02-MIL,F02,Milho,125.1,-17.3783,-49.79248,2023/2024,2023-11-22,326,27,vegetativo,0.2807,0.2759,26.13,12.12,0.0,24.59,76.99,5.0,63841.8,1,saudavel,4.72
1219,F02-MIL,F02,Milho,125.1,-17.3783,-49.79248,2023/2024,2023-11-23,327,28,vegetativo,0.2271,0.182,28.81,22.92,26.92,26.94,66.77,16.35,37672.8,0,atencao,4.72
1220,F02-MIL,F02,Milho,125.1,-17.3783,-49.79248,2023/2024,2023-11-24,328,29,vegetativo,0.2464,0.2507,30.7,19.34,0.0,27.61,81.31,12.39,56252.9,1,atencao,4.72
1221,F02-MIL,F02,Milho,125.1,-17.3783,-49.79248,2023/2024,2023-11-25,329,30,vegetativo,0.287,0.2519,31.23,16.1,0.0,27.73,73.54,,64948.7,1,saudavel,4.72
1222,F02-MIL,F02,Milho,125.1,-17.3783,-49.79248,2023/2024,2023-11-26,330,31,vegetativo,0.3064,0.2633,24.93,13.57,0.0,24.12,74.23,6.22,60897.9,1,saudavel,4.72
1223,F02-MIL,F02,Milho,125.1,-17.3783,-49.79248,2023/2024,2023-11-27,331,32,vegetativo,0.2596,0.2241,26.27,11.23,0.0,23.77,75.63,5.0,56297.2,1,atencao,4.72
1224,F02-MIL,F02,Milho,125.1,-17.3783,-49.79248,2023/2024,2023-11-28,332,33,vegetativo,0.2935,0.2938,26.82,12.92,7.94,25.15,74.54,6.51,42903.7,0,atencao,4.72
1225,F02-MIL,F02,Milho,125.1,-17.3783,-49.79248,2023/2024,2023-11-29,333,34,vegetativo,0.3414,0.2463,29.19,10.25,0.0,27.93,68.93,5.0,60576.4,1,saudavel,4.72
1226,F02-MIL,F02,Milho,125.1,-17.3783,-49.79248,2023/2024,2023-11-30,334,35,vegetativo,0.3938,0.339,26.79,20.31,24.43,26.09,76.91,,34855.0,0,saudavel,4.72
1227,F02-MIL,F02,Milho,125.1,-17.3783,-49.79248,2023/2024,2023-12-01,335,36,vegetativo,0.4259,0.3567,24.33,23.71,12.25,24.49,74.14,23.73,48063.3,0,saudavel,4.72
1228,F02-MIL,F02,Milho,125.1,-17.3783,-49.79248,2023/2024,2023-12-02,336,37,vegetativo,0.4027,0.338,20.17,20.81,0.0,23.38,81.24,18.03,58200.2,1,saudavel,4.72
1229,F02-MIL,F02,Milho,125.1,-17.3783,-49.79248,2023/2024,2023-12-03,337,38,vegetativo,0.4317,0.3699,26.08,20.8,5.49,24.43,79.93,16.69,50170.7,0,saudavel,4.72
1230,F02-MIL,F02,Milho,125.1,-17.3783,-49.79248,2023/2024,2023-12-04,338,39,vegetativo,0.4436,0.3717,23.54,18.1,0.0,24.23,85.68,15.01,57826.1,1,saudavel,4.72
1231,F02-MIL,F02,Milho,125.1,-17.3783,-49.79248,2023/2024,2023-12-05,339,40,vegetativo,0.4991,0.428,25.93,26.56,22.32,26.66,75.11,24.75,39300.5,0,saudavel,4.72
1232,F02-MIL,F02,Milho,125.1,-17.3783,-49.79248,2023/2024,2023-12-06,340,41,vegetativo,0.5436,0.4616,25.56,37.77,29.04,26.67,72.22,38.75,29541.1,0,saudavel,4.72
1233,F02-MIL,F02,Milho,125.1,-17.3783,-49.79248,2023/2024,2023-12-07,341,42,vegetativo,0.5651,0.4541,21.61,36.44,4.93,23.48,70.88,33.41,53434.3,0,saudavel,4.72
1234,F02-MIL,F02,Milho,125.1,-17.3783,-49.79248,2023/2024,2023-12-08,342,43,vegetativo,0.5663,0.489,25.22,48.38,31.86,26.08,87.71,43.91,25180.0,1,saudavel,4.72
1235,F02-MIL,F02,Milho,125.1,-17.3783,-49.79248,2023/2024,2023-12-09,343,44,vegetativo,0.5768,0.5046,24.59,47.59,8.23,25.83,80.27,38.17,51656.5,0,saudavel,4.72
1236,F02-MIL,F02,Milho,125.1,-17.3783,-49.79248,2023/2024,2023-12-10,344,45,vegetativo,0.6198,0.516,20.68,49.16,12.01,22.98,75.28,38.9,44355.5,0,saudavel,4.72
1237,F02-MIL,F02,Milho,125.1,-17.3783,-49.79248,2023/2024,2023-12-11,345,46,vegetativo,0.6725,0.6089,22.62,50.19,11.39,24.52,86.34,39.4,51115.6,0,saudavel,4.72
1238,F02-MIL,F02,Milho,125.1,-17.3783,-49.79248,2023/2024,2023-12-12,346,47,vegetativo,0.661,0.5885,23.07,56.12,21.52,25.05,84.39,45.85,36118.2,0,saudavel,4.72
1239,F02-MIL,F02,Milho,125.1,-17.3783,-49.79248,2023/2024,2023-12-13,347,48,vegetativo,0.6555,0.5741,23.71,53.41,5.12,24.68,71.13,41.63,53814.5,0,saudavel,4.72
1240,F02-MIL,F02,Milho,125.1,-17.3783,-49.79248,2023/2024,2023-12-14,348,49,floracao,0.7061,0.6168,18.07,64.91,32.27,21.77,75.92,55.24,36415.8,0,saudavel,4.72
1241,F02-MIL,F02,Milho,125.1,-17.3783,-49.79248,2023/2024,2023-12-15,349,50,floracao,0.7277,0.6191,21.07,61.78,5.4,24.43,77.48,46.81,53581.0,0,saudavel,4.72
1242,F02-MIL,F02,Milho,125.1,-17.3783,-49.79248,2023/2024,2023-12-16,350,51,floracao,0.7153,0.6308,23.37,76.21,40.22,25.08,72.45,64.46,28639.4,0,saudavel,4.72
1243,F02-MIL,F02,Milho,125.1,-17.3783,-49.79248,2023/2024,2023-12-17,351,52,floracao,0.7732,0.6886,22.8,76.18,13.74,26.4,76.57,60.99,47975.7,0,saudavel,4.72
1244,F02-MIL,F02,Milho,125.1,-17.3783,-49.79248,2023/2024,2023-12-18,352,53,floracao,0.794,0.6911,18.87,77.0,14.56,22.92,82.74,58.15,40062.4,0,saudavel,4.72
1245,F02-MIL,F02,Milho,125.1,-17.3783,-49.79248,2023/2024,2023-12-19,353,54,floracao,0.8349,0.6983,18.9,79.76,18.46,23.0,72.3,59.99,45286.6,0,saudavel,4.72
1246,F02-MIL,F02,Milho,125.1,-17.3783,-49.79248,2023/2024,2023-12-20,354,55,floracao,0.7835,0.6652,20.25,74.97,4.04,23.4,80.42,51.37,58934.5,0,saudavel,4.72
1247,F02-MIL,F02,Milho,125.1,-17.3783,-49.79248,2023/2024,2023-12-21,355,56,floracao,0.8359,0.722,20.43,68.54,0.0,24.05,84.44,40.66,61573.4,0,saudavel,4.72
1248,F02-MIL,F02,Milho,125.1,-17.3783,-49.79248,2023/2024,2023-12-22,356,57,floracao,0.8505,0.7397,19.79,71.24,17.08,23.66,80.86,43.7,32785.7,0,saudavel,4.72
1249,F02-MIL,F02,Milho,125.1,-17.3783,-49.79248,2023/2024,2023-12-23,357,58,floracao,0.8503,0.7212,19.63,72.63,15.08,24.31,78.11,47.18,44137.1,0,saudavel,4.72
1250,F02-MIL,F02,Milho,125.1,-17.3783,-49.79248,2023/2024,2023-12-24,358,59,floracao,0.8275,0.692,18.94,66.62,0.0,21.62,76.79,40.5,56153.4,0,saudavel,4.72
1251,F02-MIL,F02,Milho,125.1,-17.3783,-49.79248,2023/2024,2023-12-25,359,60,floracao,0.8331,0.7398,21.63,64.35,6.92,23.8,82.99,37.46,56405.8,0,saudavel,4.72
1252,F02-MIL,F02,Milho,125.1,-17.3783,-49.79248,2023/2024,2023-12-26,360,61,floracao,0.8622,0.7114,16.32,65.14,12.28,21.99,74.05,38.53,50817.6,0,saudavel,4.72
1253,F02-MIL,F02,Milho,125.1,-17.3783,-49.79248,2023/2024,2023-12-27,361,62,floracao,0.8673,0.7183,17.42,59.7,0.0,22.78,80.68,29.14,61052.1,1,saudavel,4.72
1254,F02-MIL,F02,Milho,125.1,-17.3783,-49.79248,2023/2024,2023-12-28,362,63,floracao,0.8588,0.7034,22.73,54.35,0.0,25.46,78.0,25.74,56238.4,1,saudavel,4.72
1255,F02-MIL,F02,Milho,125.1,-17.3783,-49.79248,2023/2024,2023-12-29,363,64,floracao,0.8997,0.7459,18.17,49.8,0.0,20.7,86.36,22.4,64284.1,1,saudavel,4.72
1256,F02-MIL,F02,Milho,125.1,-17.3783,-49.79248,2023/2024,2023-12-30,364,65,floracao,0.8692,0.7638,16.32,45.62,0.0,22.27,76.87,19.23,58961.7,0,saudavel,4.72
1257,F02-MIL,F02,Milho,125.1,-17.3783,-49.79248,2023/2024,2023-12-31,365,66,floracao,0.8423,0.7415,17.92,41.77,0.0,20.68,78.24,12.1,65105.7,1,saudavel,4.72
1258,F02-MIL,F02,Milho,125.1,-17.3783,-49.79248,2023/2024,2024-01-01,1,67,floracao,0.8781,0.7449,20.46,38.22,0.0,22.72,73.29,9.71,60420.8,1,saudavel,4.72
1259,F02-MIL,F02,Milho,125.1,-17.3783,-49.79248,2023/2024,2024-01-02,2,68,floracao,0.8943,0.7701,19.05,57.01,44.37,23.97,80.93,36.18,31297.2,0,saudavel,4.72
1260,F02-MIL,F02,Milho,125.1,-17.3783,-49.79248,2023/2024,2024-01-03,3,69,floracao,0.8934,0.7592,20.09,52.25,0.0,22.55,77.46,30.43,58095.4,1,saudavel,4.72
1261,F02-MIL,F02,Milho,125.1,-17.3783,-49.79248,2023/2024,2024-01-04,4,70,floracao,0.8947,0.7367,17.79,47.87,0.0,22.02,75.57,24.02,63614.0,1,saudavel,4.72
1262,F02-MIL,F02,Milho,125.1,-17.3783,-49.79248,2023/2024,2024-01-05,5,71,floracao,0.9192,0.8257,20.13,50.33,13.21,24.09,74.79,27.53,48071.3,0,saudavel,4.72
1263,F02-MIL,F02,Milho,125.1,-17.3783,-49.79248,2023/2024,2024-01-06,6,72,floracao,0.868,0.7653,17.96,48.83,5.44,22.49,82.24,26.77,58172.8,0,saudavel,4.72
1264,F02-MIL,F02,Milho,125.1,-17.3783,-49.79248,2023/2024,2024-01-07,7,73,floracao,0.8826,0.7573,20.19,44.67,0.0,23.13,73.63,20.47,59639.8,1,saudavel,4.72
1265,F02-MIL,F02,Milho,125.1,-17.3783,-49.79248,2023/2024,2024-01-08,8,74,floracao,0.9226,0.7671,19.41,43.28,4.78,22.88,74.19,18.77,54160.7,0,saudavel,4.72
1266,F02-MIL,F02,Milho,125.1,-17.3783,-49.79248,2023/2024,2024-01-09,9,75,floracao,0.8528,0.7204,15.45,39.62,0.0,17.4,87.0,15.42,60672.1,1,saudavel,4.72
1267,F02-MIL,F02,Milho,125.1,-17.3783,-49.79248,2023/2024,2024-01-10,10,76,floracao,0.8913,0.7438,18.92,46.52,20.55,21.5,79.19,27.75,42971.5,0,saudavel,4.72
1268,F02-MIL,F02,Milho,125.1,-17.3783,-49.79248,2023/2024,2024-01-11,11,77,frutificacao,0.9171,0.7815,15.64,42.6,0.0,19.9,85.72,23.7,61692.9,1,saudavel,4.72
1269,F02-MIL,F02,Milho,125.1,-17.3783,-49.79248,2023/2024,2024-01-12,12,78,frutificacao,0.9167,0.7854,19.04,43.11,8.23,20.18,78.93,26.14,50902.6,0,saudavel,4.72
1270,F02-MIL,F02,Milho,125.1,-17.3783,-49.79248,2023/2024,2024-01-13,13,79,frutificacao,0.9054,0.7627,20.75,39.39,0.0,23.55,78.66,21.18,52803.8,1,saudavel,4.72
1271,F02-MIL,F02,Milho,125.1,-17.3783,-49.79248,2023/2024,2024-01-14,14,80,frutificacao,0.9054,0.7405,17.07,51.03,29.99,20.68,81.12,38.84,31558.5,0,saudavel,4.72
1272,F02-MIL,F02,Milho,125.1,-17.3783,-49.79248,2023/2024,2024-01-15,15,81,frutificacao,0.8703,0.7824,19.16,51.05,8.94,23.99,85.23,34.57,45115.0,0,saudavel,4.72
1273,F02-MIL,F02,Milho,125.1,-17.3783,-49.79248,2023/2024,2024-01-16,16,82,frutificacao,0.9178,0.7849,13.16,52.17,10.82,18.95,87.79,38.15,47590.2,0,saudavel,4.72
1274,F02-MIL,F02,Milho,125.1,-17.3783,-49.79248,2023/2024,2024-01-17,17,83,frutificacao,0.8653,0.7446,14.11,58.84,22.07,19.34,86.73,48.6,36172.5,0,saudavel,4.72
1275,F02-MIL,F02,Milho,125.1,-17.3783,-49.79248,2023/2024,2024-01-18,18,84,frutificacao,0.8652,0.727,17.3,56.75,5.64,22.03,76.15,43.94,47942.2,1,saudavel,4.72
1276,F02-MIL,F02,Milho,125.1,-17.3783,-49.79248,2023/2024,2024-01-19,19,85,frutificacao,0.8943,0.7289,17.61,52.01,0.0,20.28,75.34,37.02,58554.7,1,saudavel,4.72
1277,F02-MIL,F02,Milho,125.1,-17.3783,-49.79248,2023/2024,2024-01-20,20,86,frutificacao,0.8749,0.742,17.78,71.72,48.14,21.17,83.48,61.33,35093.6,0,saudavel,4.72
1278,F02-MIL,F02,Milho,125.1,-17.3783,-49.79248,2023/2024,2024-01-21,21,87,frutificacao,0.8867,0.7473,15.86,65.78,0.0,20.45,86.92,49.72,56142.4,0,saudavel,4.72
1279,F02-MIL,F02,Milho,125.1,-17.3783,-49.79248,2023/2024,2024-01-22,22,88,frutificacao,0.8887,0.7696,16.19,60.32,0.0,20.32,85.85,39.59,59191.3,0,saudavel,4.72
1280,F02-MIL,F02,Milho,125.1,-17.3783,-49.79248,2023/2024,2024-01-23,23,89,frutificacao,0.9128,0.794,15.52,60.77,10.95,20.0,80.22,39.25,53417.5,1,saudavel,4.72
1281,F02-MIL,F02,Milho,125.1,-17.3783,-49.79248,2023/2024,2024-01-24,24,90,frutificacao,0.8825,0.7654,17.5,55.71,0.0,20.64,83.33,32.76,59092.5,1,saudavel,4.72
1282,F02-MIL,F02,Milho,125.1,-17.3783,-49.79248,2023/2024,2024-01-25,25,91,frutificacao,0.8576,0.7487,16.65,51.05,0.0,21.25,82.96,27.23,54367.9,1,saudavel,4.72
1283,F02-MIL,F02,Milho,125.1,-17.3783,-49.79248,2023/2024,2024-01-26,26,92,frutificacao,0.879,0.7832,19.07,46.77,0.0,22.63,79.07,25.05,56806.0,1,saudavel,4.72
1284,F02-MIL,F02,Milho,125.1,-17.3783,-49.79248,2023/2024,2024-01-27,27,93,frutificacao,0.8437,0.7249,16.53,42.83,0.0,19.82,80.88,20.43,57324.8,1,saudavel,4.72
1285,F02-MIL,F02,Milho,125.1,-17.3783,-49.79248,2023/2024,2024-01-28,28,94,frutificacao,0.8726,0.7637,14.76,39.2,0.0,19.46,80.53,14.26,59966.4,1,saudavel,4.72
1286,F02-MIL,F02,Milho,125.1,-17.3783,-49.79248,2023/2024,2024-01-29,29,95,frutificacao,0.8489,0.7314,17.14,35.86,0.0,19.19,76.17,13.9,59084.7,1,saudavel,4.72
1287,F02-MIL,F02,Milho,125.1,-17.3783,-49.79248,2023/2024,2024-01-30,30,96,frutificacao,0.8479,0.6827,18.17,45.74,25.9,22.1,,26.14,23072.0,0,saudavel,4.72
1288,F02-MIL,F02,Milho,125.1,-17.3783,-49.79248,2023/2024,2024-01-31,31,97,frutificacao,0.7955,0.6731,16.7,48.15,12.53,20.86,75.4,28.48,40933.0,0,saudavel,4.72
1289,F02-MIL,F02,Milho,125.1,-17.3783,-49.79248,2023/2024,2024-02-01,32,98,frutificacao,0.7763,0.6425,14.77,44.1,0.0,16.9,73.18,23.5,54536.3,1,saudavel,4.72
1290,F02-MIL,F02,Milho,125.1,-17.3783,-49.79248,2023/2024,2024-02-02,33,99,frutificacao,0.7802,0.6678,13.79,41.22,1.71,16.76,81.87,20.75,49907.2,1,saudavel,4.72
1291,F02-MIL,F02,Milho,125.1,-17.3783,-49.79248,2023/2024,2024-02-03,34,100,frutificacao,0.8327,0.6919,15.27,37.73,0.0,18.36,79.88,14.59,43158.5,1,saudavel,4.72
1292,F02-MIL,F02,Milho,125.1,-17.3783,-49.79248,2023/2024,2024-02-04,35,101,frutificacao,0.7609,0.6589,15.85,37.8,6.58,19.88,82.87,14.86,45910.2,0,saudavel,4.72
1293,F02-MIL,F02,Milho,125.1,-17.3783,-49.79248,2023/2024,2024-02-05,36,102,frutificacao,0.7832,0.6853,17.18,42.23,15.32,19.42,85.53,19.66,40017.6,0,saudavel,4.72
1294,F02-MIL,F02,Milho,125.1,-17.3783,-49.79248,2023/2024,2024-02-06,37,103,frutificacao,0.7389,0.6521,19.69,38.65,0.0,20.17,85.27,16.79,51917.8,1,saudavel,4.72
1295,F02-MIL,F02,Milho,125.1,-17.3783,-49.79248,2023/2024,2024-02-07,38,104,frutificacao,0.7285,0.6516,15.25,52.35,33.97,19.07,86.28,37.37,23624.1,0,saudavel,4.72
1296,F02-MIL,F02,Milho,125.1,-17.3783,-49.79248,2023/2024,2024-02-08,39,105,frutificacao,0.7124,0.572,19.31,59.25,22.77,21.37,73.91,43.22,32990.1,0,saudavel,4.72
1297,F02-MIL,F02,Milho,125.1,-17.3783,-49.79248,2023/2024,2024-02-09,40,106,frutificacao,0.7247,0.592,17.06,54.31,0.0,20.37,71.01,36.67,53719.1,1,saudavel,4.72
1298,F02-MIL,F02,Milho,125.1,-17.3783,-49.79248,2023/2024,2024-02-10,41,107,frutificacao,0.6807,0.6371,19.83,49.76,0.0,19.26,83.35,31.21,51007.9,1,saudavel,4.72
1299,F02-MIL,F02,Milho,125.1,-17.3783,-49.79248,2023/2024,2024-02-11,42,108,frutificacao,0.6525,0.5748,20.17,45.46,0.0,20.8,84.55,24.19,56248.9,1,saudavel,4.72
1300,F02-MIL,F02,Milho,125.1,-17.3783,-49.79248,2023/2024,2024-02-12,43,109,frutificacao,0.6456,0.5532,15.03,44.84,6.48,16.55,87.84,20.77,46420.9,0,saudavel,4.72
1301,F02-MIL,F02,Milho,125.1,-17.3783,-49.79248,2023/2024,2024-02-13,44,110,frutificacao,0.5809,0.4944,16.39,40.92,0.0,18.84,80.98,15.0,48947.3,1,saudavel,4.72
1302,F02-MIL,F02,Milho,125.1,-17.3783,-49.79248,2023/2024,2024-02-14,45,111,frutificacao,0.5883,0.4989,16.84,37.33,0.0,19.12,68.26,11.0,47896.6,1,saudavel,4.72
1303,F02-MIL,F02,Milho,125.1,-17.3783,-49.79248,2023/2024,2024-02-15,46,112,frutificacao,0.558,0.4356,19.49,33.98,0.0,19.76,79.55,10.86,50336.2,1,saudavel,4.72
1304,F02-MIL,F02,Milho,125.1,-17.3783,-49.79248,2023/2024,2024-02-16,47,113,frutificacao,0.5308,0.4358,14.1,32.28,2.84,16.24,82.47,10.05,51619.3,1,saudavel,4.72
1305,F02-MIL,F02,Milho,125.1,-17.3783,-49.79248,2023/2024,2024-02-17,48,114,frutificacao,0.4833,0.4086,16.69,36.77,15.09,18.37,84.53,15.92,35230.5,0,saudavel,4.72
1306,F02-MIL,F02,Milho,125.1,-17.3783,-49.79248,2023/2024,2024-02-18,49,115,frutificacao,0.4516,0.3695,19.25,33.3,0.0,19.31,84.71,12.6,51856.3,1,saudavel,4.72
1307,F02-MIL,F02,Milho,125.1,-17.3783,-49.79248,2023/2024,2024-02-19,50,116,frutificacao,0.4177,0.3434,19.75,30.07,0.0,19.38,81.92,7.64,50043.5,1,saudavel,4.72
1308,F02-MIL,F02,Milho,125.1,-17.3783,-49.79248,2023/2024,2024-02-20,51,117,frutificacao,0.3948,0.3868,21.22,41.46,28.92,20.39,73.67,24.98,31595.1,0,saudavel,4.72
1309,F02-MIL,F02,Milho,125.1,-17.3783,-49.79248,2023/2024,2024-02-21,52,118,frutificacao,0.3698,0.3093,19.94,37.5,0.0,19.71,71.72,18.18,50303.4,1,saudavel,4.72
1310,F02-MIL,F02,Milho,125.1,-17.3783,-49.79248,2023/2024,2024-02-22,53,119,maturacao,0.374,0.3234,19.99,33.86,0.0,18.43,80.14,12.83,46719.9,0,saudavel,4.72
1311,F02-MIL,F02,Milho,125.1,-17.3783,-49.79248,2023/2024,2024-02-23,54,120,maturacao,0.3421,0.2956,19.56,46.19,31.44,19.5,72.72,30.63,26455.9,0,saudavel,4.72
1312,F02-MIL,F02,Milho,125.1,-17.3783,-49.79248,2023/2024,2024-02-24,55,121,maturacao,0.3368,0.2981,19.74,41.8,0.0,18.14,84.71,26.84,50479.7,0,saudavel,4.72
1313,F02-MIL,F02,Milho,125.1,-17.3783,-49.79248,2023/2024,2024-02-25,56,122,maturacao,0.3211,0.2634,19.95,45.77,16.07,18.63,68.36,34.81,33839.6,0,saudavel,4.72
1314,F02-MIL,F02,Milho,125.1,-17.3783,-49.79248,2023/2024,2024-02-26,57,123,maturacao,0.2748,0.2585,21.69,41.32,0.0,19.56,78.99,25.96,44022.0,0,saudavel,4.72
1315,F02-MIL,F02,Milho,125.1,-17.3783,-49.79248,2023/2024,2024-02-27,58,124,maturacao,0.2603,0.2302,21.11,37.21,0.0,18.27,78.37,19.34,48790.3,0,saudavel,4.72
1316,F02-MIL,F02,Milho,125.1,-17.3783,-49.79248,2023/2024,2024-02-28,59,125,maturacao,0.2651,0.1996,20.0,33.43,0.0,18.84,75.22,15.59,47038.7,0,saudavel,4.72
1317,F02-MIL,F02,Milho,125.1,-17.3783,-49.79248,2023/2024,2024-02-29,60,126,maturacao,0.243,0.2044,20.86,29.92,0.0,19.71,70.94,13.45,41962.0,0,saudavel,4.72
1318,F02-MIL,F02,Milho,125.1,-17.3783,-49.79248,2023/2024,2024-03-01,61,127,maturacao,0.231,0.1929,19.54,26.67,0.0,19.31,65.33,6.67,46936.5,0,saudavel,4.72
1319,F02-MIL,F02,Milho,125.1,-17.3783,-49.79248,2023/2024,2024-03-02,62,128,maturacao,0.2738,0.2284,19.58,25.99,4.5,20.06,72.36,7.5,40480.9,0,saudavel,4.72
1320,F02-MIL,F02,Milho,125.1,-17.3783,-49.79248,2023/2024,2024-03-03,63,129,maturacao,0.2015,0.1814,23.69,22.81,0.0,21.68,71.31,5.0,40942.6,0,atencao,4.72
1321,F02-MIL,F02,Milho,125.1,-17.3783,-49.79248,2023/2024,2024-03-04,64,130,maturacao,0.2658,0.2386,20.72,20.19,0.0,19.22,80.74,5.0,44088.3,0,saudavel,4.72
1322,F02-MIL,F02,Milho,125.1,-17.3783,-49.79248,2023/2024,2024-03-05,65,131,maturacao,0.2251,0.2017,18.33,29.27,23.12,17.45,72.15,11.36,31383.5,0,saudavel,4.72
1323,F02-MIL,F02,Milho,125.1,-17.3783,-49.79248,2023/2024,2024-03-06,66,132,maturacao,0.2339,0.2056,19.91,26.08,0.0,18.88,77.29,7.36,48073.9,0,saudavel,4.72
1324,F02-MIL,F02,Milho,125.1,-17.3783,-49.79248,2023/2024,2024-03-07,67,133,maturacao,0.227,0.1946,22.28,26.04,5.8,18.8,68.43,8.78,42674.6,0,saudavel,4.72
1325,F02-MIL,F02,Milho,125.1,-17.3783,-49.79248,2023/2024,2024-03-08,68,134,maturacao,0.2179,0.1422,21.91,23.08,0.0,19.0,77.0,7.58,44556.1,0,saudavel,4.72
1326,F02-MIL,F02,Milho,125.1,-17.3783,-49.79248,2023/2024,2024-03-09,69,135,maturacao,0.2354,0.2156,20.93,20.35,0.0,20.31,62.44,5.6,45183.0,0,saudavel,4.72
1327,F02-MIL,F02,Milho,125.1,-17.3783,-49.79248,2023/2024,2024-03-10,70,136,colheita,0.1775,0.1606,17.48,17.79,0.0,15.52,86.8,5.0,43337.4,0,atencao,4.72
1328,F02-MIL,F02,Milho,125.1,-17.3783,-49.79248,2023/2024,2024-03-11,71,137,colheita,0.1934,0.1447,22.97,15.42,0.0,20.31,72.56,5.0,39371.0,0,saudavel,4.72
1329,F02-MIL,F02,Milho,125.1,-17.3783,-49.79248,2023/2024,2024-03-12,72,138,colheita,0.1772,0.1563,22.58,20.62,14.94,20.8,58.81,9.56,29074.9,0,atencao,4.72
1330,F02-MIL,F02,Milho,125.1,-17.3783,-49.79248,2023/2024,2024-03-13,73,139,colheita,0.1584,0.1476,20.64,18.01,0.0,18.87,70.17,6.31,40150.8,0,atencao,4.72
1331,F02-MIL,F02,Milho,125.1,-17.3783,-49.79248,2024/2025,2024-10-25,299,0,germinacao,0.188,0.1499,34.62,45.0,0.0,30.38,75.66,44.75,53771.5,0,saudavel,4.29
1332,F02-MIL,F02,Milho,125.1,-17.3783,-49.79248,2024/2025,2024-10-26,300,1,germinacao,0.1803,0.165,30.63,39.29,0.0,29.86,72.6,34.52,53942.8,1,saudavel,4.29
1333,F02-MIL,F02,Milho,125.1,-17.3783,-49.79248,2024/2025,2024-10-27,301,2,germinacao,0.1855,0.1633,30.75,34.2,0.0,28.51,75.44,27.44,53687.5,1,saudavel,4.29
1334,F02-MIL,F02,Milho,125.1,-17.3783,-49.79248,2024/2025,2024-10-28,302,3,germinacao,0.1719,0.1539,30.91,29.28,0.0,30.34,67.01,19.36,55038.6,1,saudavel,4.29
1335,F02-MIL,F02,Milho,125.1,-17.3783,-49.79248,2024/2025,2024-10-29,303,4,germinacao,0.1909,0.1785,30.9,32.52,14.99,28.35,67.98,23.55,30866.5,0,saudavel,4.29
1336,F02-MIL,F02,Milho,125.1,-17.3783,-49.79248,2024/2025,2024-10-30,304,5,germinacao,0.1891,0.1711,31.03,27.88,0.0,29.38,74.88,18.54,57254.1,1,saudavel,4.29
1337,F02-MIL,F02,Milho,125.1,-17.3783,-49.79248,2024/2025,2024-10-31,305,6,germinacao,0.2368,0.1985,32.49,23.62,0.0,29.81,68.73,12.37,53681.1,0,saudavel,4.29
1338,F02-MIL,F02,Milho,125.1,-17.3783,-49.79248,2024/2025,2024-11-01,306,7,germinacao,0.2052,0.1911,33.05,19.53,0.0,30.91,66.49,5.59,56965.9,1,saudavel,4.29
1339,F02-MIL,F02,Milho,125.1,-17.3783,-49.79248,2024/2025,2024-11-02,307,8,germinacao,0.1947,0.1877,31.81,16.08,0.0,28.21,66.76,5.0,49706.0,1,saudavel,4.29
1340,F02-MIL,F02,Milho,125.1,-17.3783,-49.79248,2024/2025,2024-11-03,308,9,germinacao,0.1966,0.156,29.47,24.21,22.49,27.67,69.25,16.98,28177.5,0,saudavel,4.29
1341,F02-MIL,F02,Milho,125.1,-17.3783,-49.79248,2024/2025,2024-11-04,309,10,germinacao,0.2227,0.1892,30.47,24.59,8.78,30.08,74.89,18.86,51248.9,0,saudavel,4.29
1342,F02-MIL,F02,Milho,125.1,-17.3783,-49.79248,2024/2025,2024-11-05,310,11,germinacao,0.1674,0.1069,32.85,20.46,0.0,30.12,63.1,13.73,51228.6,1,atencao,4.29
1343,F02-MIL,F02,Milho,125.1,-17.3783,-49.79248,2024/2025,2024-11-06,311,12,germinacao,0.1843,0.1683,29.26,22.22,10.36,27.17,75.72,12.16,43953.9,0,saudavel,4.29
1344,F02-MIL,F02,Milho,125.1,-17.3783,-49.79248,2024/2025,2024-11-07,312,13,germinacao,0.151,0.1528,27.07,18.72,0.0,26.24,69.73,6.77,56087.2,0,atencao,4.29
1345,F02-MIL,F02,Milho,125.1,-17.3783,-49.79248,2024/2025,2024-11-08,313,14,vegetativo,0.2018,0.1664,30.78,15.17,0.0,29.65,70.33,5.0,57065.0,1,saudavel,4.29
1346,F02-MIL,F02,Milho,125.1,-17.3783,-49.79248,2024/2025,2024-11-09,314,15,vegetativo,0.2093,0.1806,26.66,12.43,0.0,25.28,73.42,5.0,58218.4,1,saudavel,4.29
1347,F02-MIL,F02,Milho,125.1,-17.3783,-49.79248,2024/2025,2024-11-10,315,16,vegetativo,0.1744,0.1438,29.1,14.08,8.39,25.12,73.29,5.75,48163.3,0,atencao,4.29
1348,F02-MIL,F02,Milho,125.1,-17.3783,-49.79248,2024/2025,2024-11-11,316,17,vegetativo,0.2252,0.1838,29.85,16.26,10.05,27.17,71.87,7.39,42991.1,0,saudavel,4.29
1349,F02-MIL,F02,Milho,125.1,-17.3783,-49.79248,2024/2025,2024-11-12,317,18,vegetativo,0.1848,0.1617,29.48,13.14,0.0,27.49,71.03,7.06,57784.9,1,saudavel,4.29
1350,F02-MIL,F02,Milho,125.1,-17.3783,-49.79248,2024/2025,2024-11-13,318,19,vegetativo,0.1953,0.1503,28.37,10.5,0.0,25.66,71.63,5.0,58050.2,1,saudavel,4.29
1351,F02-MIL,F02,Milho,125.1,-17.3783,-49.79248,2024/2025,2024-11-14,319,20,vegetativo,0.208,0.1721,27.58,8.0,0.0,27.5,80.12,5.0,50649.9,1,saudavel,4.29
1352,F02-MIL,F02,Milho,125.1,-17.3783,-49.79248,2024/2025,2024-11-15,320,21,vegetativo,0.2415,0.1872,28.74,8.0,2.77,27.47,73.79,5.0,57957.5,1,saudavel,4.29
1353,F02-MIL,F02,Milho,125.1,-17.3783,-49.79248,2024/2025,2024-11-16,321,22,vegetativo,0.197,0.1792,28.89,14.46,19.55,26.26,73.89,12.01,30629.7,0,atencao,4.29
1354,F02-MIL,F02,Milho,125.1,-17.3783,-49.79248,2024/2025,2024-11-17,322,23,vegetativo,0.2252,0.1962,32.08,11.25,0.0,29.95,69.22,8.15,59805.0,1,saudavel,4.29
1355,F02-MIL,F02,Milho,125.1,-17.3783,-49.79248,2024/2025,2024-11-18,323,24,vegetativo,0.2408,0.1961,28.74,8.62,0.0,27.45,72.02,5.0,54991.3,1,saudavel,4.29
1356,F02-MIL,F02,Milho,125.1,-17.3783,-49.79248,2024/2025,2024-11-19,324,25,vegetativo,0.2435,0.2077,30.18,8.0,0.0,28.41,70.41,5.0,59196.7,1,saudavel,4.29
1357,F02-MIL,F02,Milho,125.1,-17.3783,-49.79248,2024/2025,2024-11-20,325,26,vegetativo,0.252,0.2098,26.51,8.0,0.0,24.44,79.94,5.0,58792.0,1,saudavel,4.29
1358,F02-MIL,F02,Milho,125.1,-17.3783,-49.79248,2024/2025,2024-11-21,326,27,vegetativo,0.2639,0.2472,25.95,8.0,0.0,24.33,72.53,5.0,57325.8,1,saudavel,4.29
1359,F02-MIL,F02,Milho,125.1,-17.3783,-49.79248,2024/2025,2024-11-22,327,28,vegetativo,0.2475,0.2015,29.76,8.0,0.0,27.12,63.5,5.0,58960.7,1,saudavel,4.29
1360,F02-MIL,F02,Milho,125.1,-17.3783,-49.79248,2024/2025,2024-11-23,328,29,vegetativo,0.3034,0.2706,30.71,8.0,0.0,29.12,73.94,5.0,57512.9,1,saudavel,4.29
1361,F02-MIL,F02,Milho,125.1,-17.3783,-49.79248,2024/2025,2024-11-24,329,30,vegetativo,0.2799,0.2238,26.72,8.0,0.0,24.73,75.0,5.0,60073.4,1,saudavel,4.29
1362,F02-MIL,F02,Milho,125.1,-17.3783,-49.79248,2024/2025,2024-11-25,330,31,vegetativo,0.2911,0.2637,29.45,8.0,0.0,26.36,72.59,5.0,64641.0,1,saudavel,4.29
1363,F02-MIL,F02,Milho,125.1,-17.3783,-49.79248,2024/2025,2024-11-26,331,32,vegetativo,0.3383,0.3083,25.98,8.0,14.26,24.2,81.48,5.0,40371.2,1,saudavel,4.29
1364,F02-MIL,F02,Milho,125.1,-17.3783,-49.79248,2024/2025,2024-11-27,332,33,vegetativo,0.3156,0.29,27.77,8.0,0.0,24.87,62.95,5.0,48811.0,1,saudavel,4.29
1365,F02-MIL,F02,Milho,125.1,-17.3783,-49.79248,2024/2025,2024-11-28,333,34,vegetativo,0.3531,0.3295,26.29,8.0,0.0,26.14,83.83,5.0,57264.9,1,saudavel,4.29
1366,F02-MIL,F02,Milho,125.1,-17.3783,-49.79248,2024/2025,2024-11-29,334,35,vegetativo,0.3522,0.3052,24.25,8.0,0.0,25.02,82.0,5.0,57190.6,1,saudavel,4.29
1367,F02-MIL,F02,Milho,125.1,-17.3783,-49.79248,2024/2025,2024-11-30,335,36,vegetativo,0.4385,0.3975,23.61,20.12,45.48,23.7,74.47,25.99,28251.1,0,saudavel,4.29
1368,F02-MIL,F02,Milho,125.1,-17.3783,-49.79248,2024/2025,2024-12-01,336,37,vegetativo,0.4572,0.4211,23.23,34.36,33.57,23.57,75.52,43.51,26664.1,0,saudavel,4.29
1369,F02-MIL,F02,Milho,125.1,-17.3783,-49.79248,2024/2025,2024-12-02,337,38,vegetativo,0.4329,0.3455,24.19,30.74,0.0,22.63,80.95,33.88,61617.2,1,saudavel,4.29
1370,F02-MIL,F02,Milho,125.1,-17.3783,-49.79248,2024/2025,2024-12-03,338,39,vegetativo,0.4707,0.3881,24.71,27.06,0.0,26.07,79.1,26.24,54963.2,1,saudavel,4.29
1371,F02-MIL,F02,Milho,125.1,-17.3783,-49.79248,2024/2025,2024-12-04,339,40,vegetativo,0.4865,0.3836,25.69,32.03,16.68,26.15,73.31,30.07,44102.5,0,saudavel,4.29
1372,F02-MIL,F02,Milho,125.1,-17.3783,-49.79248,2024/2025,2024-12-05,340,41,vegetativo,0.5061,0.4514,25.89,34.77,12.94,26.04,68.53,32.38,48425.8,0,saudavel,4.29
1373,F02-MIL,F02,Milho,125.1,-17.3783,-49.79248,2024/2025,2024-12-06,341,42,vegetativo,0.5424,0.4308,22.91,31.16,0.0,23.69,88.67,25.18,60342.5,1,saudavel,4.29
1374,F02-MIL,F02,Milho,125.1,-17.3783,-49.79248,2024/2025,2024-12-07,342,43,vegetativo,0.5661,0.4456,25.19,27.54,0.0,26.46,81.29,18.56,60937.8,1,saudavel,4.29
1375,F02-MIL,F02,Milho,125.1,-17.3783,-49.79248,2024/2025,2024-12-08,343,44,vegetativo,0.5632,0.4567,25.2,26.78,5.02,25.91,77.7,17.16,57420.0,0,saudavel,4.29
1376,F02-MIL,F02,Milho,125.1,-17.3783,-49.79248,2024/2025,2024-12-09,344,45,vegetativo,0.6249,0.4964,24.21,33.31,19.0,24.76,78.55,22.97,40900.8,0,saudavel,4.29
1377,F02-MIL,F02,Milho,125.1,-17.3783,-49.79248,2024/2025,2024-12-10,345,46,vegetativo,0.644,0.5528,24.15,33.13,6.49,24.41,81.05,21.95,52189.8,0,saudavel,4.29
1378,F02-MIL,F02,Milho,125.1,-17.3783,-49.79248,2024/2025,2024-12-11,346,47,vegetativo,0.6752,0.5522,21.52,39.02,18.32,23.57,82.21,30.08,42964.1,0,saudavel,4.29
1379,F02-MIL,F02,Milho,125.1,-17.3783,-49.79248,2024/2025,2024-12-12,347,48,vegetativo,0.6903,0.5529,21.7,38.79,7.24,24.73,67.43,28.63,54389.1,0,saudavel,4.29
1380,F02-MIL,F02,Milho,125.1,-17.3783,-49.79248,2024/2025,2024-12-13,348,49,floracao,0.7061,0.5993,25.94,34.73,0.0,26.76,74.94,23.66,62516.8,1,saudavel,4.29
1381,F02-MIL,F02,Milho,125.1,-17.3783,-49.79248,2024/2025,2024-12-14,349,50,floracao,0.7508,0.6385,22.1,31.17,0.0,25.94,74.96,17.82,54750.9,1,saudavel,4.29
1382,F02-MIL,F02,Milho,125.1,-17.3783,-49.79248,2024/2025,2024-12-15,350,51,floracao,0.7624,0.6106,22.67,34.54,12.74,23.74,77.79,21.54,46646.2,0,saudavel,4.29
1383,F02-MIL,F02,Milho,125.1,-17.3783,-49.79248,2024/2025,2024-12-16,351,52,floracao,0.7965,0.6627,23.01,38.07,13.75,24.83,81.84,24.17,43012.0,0,saudavel,4.29
1384,F02-MIL,F02,Milho,125.1,-17.3783,-49.79248,2024/2025,2024-12-17,352,53,floracao,0.7938,0.6732,20.62,34.74,0.0,22.27,70.62,18.84,61654.9,1,saudavel,4.29
1385,F02-MIL,F02,Milho,125.1,-17.3783,-49.79248,2024/2025,2024-12-18,353,54,floracao,0.7938,0.6676,22.46,34.31,5.89,24.91,71.27,21.45,56276.3,0,saudavel,4.29
1386,F02-MIL,F02,Milho,125.1,-17.3783,-49.79248,2024/2025,2024-12-19,354,55,floracao,0.8225,0.6926,16.95,31.3,0.0,22.47,76.11,17.66,59173.7,1,saudavel,4.29
1387,F02-MIL,F02,Milho,125.1,-17.3783,-49.79248,2024/2025,2024-12-20,355,56,floracao,0.7817,0.688,20.57,35.31,14.2,24.65,79.01,22.08,43608.7,0,saudavel,4.29
1388,F02-MIL,F02,Milho,125.1,-17.3783,-49.79248,2024/2025,2024-12-21,356,57,floracao,0.8732,0.7852,24.41,31.64,0.0,27.96,80.44,15.49,61787.8,1,saudavel,4.29
1389,F02-MIL,F02,Milho,125.1,-17.3783,-49.79248,2024/2025,2024-12-22,357,58,floracao,0.8454,0.7123,18.27,28.87,0.0,22.55,87.7,10.0,59587.8,1,saudavel,4.29
1390,F02-MIL,F02,Milho,125.1,-17.3783,-49.79248,2024/2025,2024-12-23,358,59,floracao,0.8913,0.7312,23.35,55.64,59.73,27.69,75.05,44.75,34265.4,0,saudavel,4.29
1391,F02-MIL,F02,Milho,125.1,-17.3783,-49.79248,2024/2025,2024-12-24,359,60,floracao,0.837,0.7067,21.02,50.77,0.0,23.94,82.9,37.29,65269.1,1,saudavel,4.29
1392,F02-MIL,F02,Milho,125.1,-17.3783,-49.79248,2024/2025,2024-12-25,360,61,floracao,0.8379,0.7161,18.26,46.51,0.0,21.98,,29.68,62924.4,1,saudavel,4.29
1393,F02-MIL,F02,Milho,125.1,-17.3783,-49.79248,2024/2025,2024-12-26,361,62,floracao,0.8728,0.7408,16.73,48.17,11.16,21.8,82.76,29.9,49445.3,0,saudavel,4.29
1394,F02-MIL,F02,Milho,125.1,-17.3783,-49.79248,2024/2025,2024-12-27,362,63,floracao,0.8772,0.7578,23.43,43.66,0.0,26.44,77.15,22.39,65324.4,1,saudavel,4.29
1395,F02-MIL,F02,Milho,125.1,-17.3783,-49.79248,2024/2025,2024-12-28,363,64,floracao,0.8806,0.7928,20.12,46.03,12.34,23.53,77.03,26.96,48222.9,0,saudavel,4.29
1396,F02-MIL,F02,Milho,125.1,-17.3783,-49.79248,2024/2025,2024-12-29,364,65,floracao,0.8809,0.7145,17.67,55.83,27.37,21.84,74.71,39.51,31060.0,0,saudavel,4.29
1397,F02-MIL,F02,Milho,125.1,-17.3783,-49.79248,2024/2025,2024-12-30,365,66,floracao,0.8676,0.7273,19.19,51.17,0.0,22.29,74.11,31.2,57663.6,1,saudavel,4.29
1398,F02-MIL,F02,Milho,125.1,-17.3783,-49.79248,2024/2025,2024-12-31,366,67,floracao,0.8529,0.7558,19.56,49.41,5.28,23.14,80.99,28.16,52271.3,0,saudavel,4.29
1399,F02-MIL,F02,Milho,125.1,-17.3783,-49.79248,2024/2025,2025-01-01,1,68,floracao,0.8904,0.7464,19.8,53.82,17.12,22.48,79.37,37.27,42597.4,0,saudavel,4.29
1400,F02-MIL,F02,Milho,125.1,-17.3783,-49.79248,2024/2025,2025-01-02,2,69,floracao,0.8609,0.7475,19.32,63.57,28.64,22.91,77.3,50.67,32519.3,0,saudavel,4.29
1401,F02-MIL,F02,Milho,125.1,-17.3783,-49.79248,2024/2025,2025-01-03,3,70,floracao,0.8605,0.744,22.53,57.98,0.0,24.95,81.46,43.1,55230.9,0,saudavel,4.29
1402,F02-MIL,F02,Milho,125.1,-17.3783,-49.79248,2024/2025,2025-01-04,4,71,floracao,0.8817,0.7742,14.69,57.74,9.18,20.5,79.79,38.42,48954.9,0,saudavel,4.29
1403,F02-MIL,F02,Milho,125.1,-17.3783,-49.79248,2024/2025,2025-01-05,5,72,floracao,0.8989,0.8024,19.43,55.11,4.41,23.06,74.67,33.86,55581.1,0,saudavel,4.29
1404,F02-MIL,F02,Milho,125.1,-17.3783,-49.79248,2024/2025,2025-01-06,6,73,floracao,0.9309,0.7979,17.11,50.5,0.0,21.89,78.58,26.54,61139.4,1,saudavel,4.29
1405,F02-MIL,F02,Milho,125.1,-17.3783,-49.79248,2024/2025,2025-01-07,7,74,floracao,0.9113,0.7397,16.09,46.26,0.0,21.15,84.43,22.32,59029.4,1,saudavel,4.29
1406,F02-MIL,F02,Milho,125.1,-17.3783,-49.79248,2024/2025,2025-01-08,8,75,floracao,0.9208,0.7687,20.29,47.4,10.14,23.41,73.83,26.18,49766.3,0,saudavel,4.29
1407,F02-MIL,F02,Milho,125.1,-17.3783,-49.79248,2024/2025,2025-01-09,9,76,floracao,0.9055,0.8134,16.26,43.4,0.0,19.52,82.3,21.7,55171.2,1,saudavel,4.29
1408,F02-MIL,F02,Milho,125.1,-17.3783,-49.79248,2024/2025,2025-01-10,10,77,frutificacao,0.8998,0.7366,11.96,46.44,13.42,18.07,81.81,24.95,,0,saudavel,4.29
1409,F02-MIL,F02,Milho,125.1,-17.3783,-49.79248,2024/2025,2025-01-11,11,78,frutificacao,0.9425,0.8111,18.09,42.53,0.0,21.86,75.96,19.2,58460.1,1,saudavel,4.29
1410,F02-MIL,F02,Milho,125.1,-17.3783,-49.79248,2024/2025,2025-01-12,12,79,frutificacao,0.8657,0.6855,18.02,38.92,0.0,21.22,78.64,16.42,60043.6,1,saudavel,4.29
1411,F02-MIL,F02,Milho,125.1,-17.3783,-49.79248,2024/2025,2025-01-13,13,80,frutificacao,0.8835,0.7239,14.63,44.44,17.66,19.3,73.35,25.76,41890.0,0,saudavel,4.29
1412,F02-MIL,F02,Milho,125.1,-17.3783,-49.79248,2024/2025,2025-01-14,14,81,frutificacao,0.8844,0.7695,13.88,40.68,0.0,18.68,82.09,21.08,55686.7,1,saudavel,4.29
1413,F02-MIL,F02,Milho,125.1,-17.3783,-49.79248,2024/2025,2025-01-15,15,82,frutificacao,0.9082,0.7727,18.28,37.11,0.0,24.05,71.44,17.06,57375.5,1,saudavel,4.29
1414,F02-MIL,F02,Milho,125.1,-17.3783,-49.79248,2024/2025,2025-01-16,16,83,frutificacao,0.8697,0.7317,17.59,42.86,17.85,21.75,84.94,25.41,,0,saudavel,4.29
1415,F02-MIL,F02,Milho,125.1,-17.3783,-49.79248,2024/2025,2025-01-17,17,84,frutificacao,0.9033,0.7515,16.69,55.32,32.16,21.0,79.52,41.88,30518.9,0,saudavel,4.29
1416,F02-MIL,F02,Milho,125.1,-17.3783,-49.79248,2024/2025,2025-01-18,18,85,frutificacao,0.8981,0.7235,20.89,65.38,29.68,24.17,75.15,54.25,28626.7,0,saudavel,4.29
1417,F02-MIL,F02,Milho,125.1,-17.3783,-49.79248,2024/2025,2025-01-19,19,86,frutificacao,0.901,0.7797,18.49,59.95,0.0,22.33,84.85,45.17,54359.7,0,saudavel,4.29
1418,F02-MIL,F02,Milho,125.1,-17.3783,-49.79248,2024/2025,2025-01-20,20,87,frutificacao,0.8985,0.7581,18.21,62.31,14.84,23.36,73.2,46.38,40961.3,0,saudavel,4.29
1419,F02-MIL,F02,Milho,125.1,-17.3783,-49.79248,2024/2025,2025-01-21,21,88,frutificacao,0.9109,0.7438,14.89,57.13,0.0,18.85,77.26,37.7,57100.0,1,saudavel,4.29
1420,F02-MIL,F02,Milho,125.1,-17.3783,-49.79248,2024/2025,2025-01-22,22,89,frutificacao,0.8762,0.7454,14.57,59.8,14.88,18.71,71.86,40.2,43609.7,0,saudavel,4.29
1421,F02-MIL,F02,Milho,125.1,-17.3783,-49.79248,2024/2025,2025-01-23,23,90,frutificacao,0.8845,0.7634,16.48,54.81,0.0,21.38,85.87,31.53,58398.5,1,saudavel,4.29
1422,F02-MIL,F02,Milho,125.1,-17.3783,-49.79248,2024/2025,2025-01-24,24,91,frutificacao,0.8552,0.7229,15.7,50.23,0.0,20.99,88.84,24.41,57668.6,1,saudavel,4.29
1423,F02-MIL,F02,Milho,125.1,-17.3783,-49.79248,2024/2025,2025-01-25,25,92,frutificacao,0.8462,0.7216,19.17,49.97,7.92,22.16,70.32,25.72,47762.9,0,saudavel,4.29
1424,F02-MIL,F02,Milho,125.1,-17.3783,-49.79248,2024/2025,2025-01-26,26,93,frutificacao,0.8956,0.762,14.15,58.88,26.21,17.76,77.17,36.79,30056.8,0,saudavel,4.29
1425,F02-MIL,F02,Milho,125.1,-17.3783,-49.79248,2024/2025,2025-01-27,27,94,frutificacao,0.8381,0.6983,18.2,53.97,0.0,21.18,79.45,31.13,62023.5,1,saudavel,4.29
1426,F02-MIL,F02,Milho,125.1,-17.3783,-49.79248,2024/2025,2025-01-28,28,95,frutificacao,0.8604,0.7324,17.06,55.71,12.52,21.53,76.22,33.33,42384.6,1,saudavel,4.29
1427,F02-MIL,F02,Milho,125.1,-17.3783,-49.79248,2024/2025,2025-01-29,29,96,frutificacao,0.8505,0.7376,17.89,54.8,7.49,21.38,78.64,33.17,44645.2,0,saudavel,4.29
1428,F02-MIL,F02,Milho,125.1,-17.3783,-49.79248,2024/2025,2025-01-30,30,97,frutificacao,0.8547,0.7472,14.22,50.21,0.0,19.29,,27.89,50299.1,1,saudavel,4.29
1429,F02-MIL,F02,Milho,125.1,-17.3783,-49.79248,2024/2025,2025-01-31,31,98,frutificacao,0.7881,0.6857,16.52,46.0,0.0,20.6,81.1,23.88,53923.6,1,saudavel,4.29
1430,F02-MIL,F02,Milho,125.1,-17.3783,-49.79248,2024/2025,2025-02-01,32,99,frutificacao,0.828,0.6903,15.17,42.12,0.0,18.58,,18.6,57566.3,1,saudavel,4.29
1431,F02-MIL,F02,Milho,125.1,-17.3783,-49.79248,2024/2025,2025-02-02,33,100,frutificacao,0.7966,0.6898,16.33,38.55,0.0,19.24,80.63,15.61,52777.0,1,saudavel,4.29
1432,F02-MIL,F02,Milho,125.1,-17.3783,-49.79248,2024/2025,2025-02-03,34,101,frutificacao,0.7719,0.6654,13.46,35.26,0.0,18.04,74.7,13.65,58691.3,1,saudavel,4.29
1433,F02-MIL,F02,Milho,125.1,-17.3783,-49.79248,2024/2025,2025-02-04,35,102,frutificacao,0.7635,0.6348,14.47,32.24,0.0,18.4,77.89,8.6,53986.3,1,saudavel,4.29
1434,F02-MIL,F02,Milho,125.1,-17.3783,-49.79248,2024/2025,2025-02-05,36,103,frutificacao,0.7724,0.6473,15.79,37.82,16.72,19.11,70.73,20.21,42103.1,0,saudavel,4.29
1435,F02-MIL,F02,Milho,125.1,-17.3783,-49.79248,2024/2025,2025-02-06,37,104,frutificacao,0.7479,0.6493,16.89,34.6,0.0,18.66,77.53,19.71,51220.5,1,saudavel,4.29
1436,F02-MIL,F02,Milho,125.1,-17.3783,-49.79248,2024/2025,2025-02-07,38,105,frutificacao,0.7107,0.6317,14.99,31.63,0.0,18.2,76.85,17.33,51003.3,1,saudavel,4.29
1437,F02-MIL,F02,Milho,125.1,-17.3783,-49.79248,2024/2025,2025-02-08,39,106,frutificacao,0.6691,0.5325,15.44,28.9,0.0,17.32,84.84,15.16,53235.1,1,saudavel,4.29
1438,F02-MIL,F02,Milho,125.1,-17.3783,-49.79248,2024/2025,2025-02-09,40,107,frutificacao,0.6476,0.5833,20.57,26.1,0.0,22.15,76.8,12.68,54137.5,1,saudavel,4.29
1439,F02-MIL,F02,Milho,125.1,-17.3783,-49.79248,2024/2025,2025-02-10,41,108,frutificacao,0.6599,0.5842,16.21,34.86,22.11,18.4,79.83,24.01,32558.1,0,saudavel,4.29
1440,F02-MIL,F02,Milho,125.1,-17.3783,-49.79248,2024/2025,2025-02-11,42,109,frutificacao,0.5941,0.5089,18.5,31.76,0.0,19.58,78.26,19.12,53011.0,1,saudavel,4.29
1441,F02-MIL,F02,Milho,125.1,-17.3783,-49.79248,2024/2025,2025-02-12,43,110,frutificacao,0.5912,0.4977,13.72,35.63,13.45,16.39,69.51,25.46,41992.6,0,saudavel,4.29
1442,F02-MIL,F02,Milho,125.1,-17.3783,-49.79248,2024/2025,2025-02-13,44,111,frutificacao,0.6205,0.5353,18.77,39.56,14.34,21.01,67.27,28.23,34980.9,1,saudavel,4.29
1443,F02-MIL,F02,Milho,125.1,-17.3783,-49.79248,2024/2025,2025-02-14,45,112,frutificacao,0.5492,0.454,19.66,38.28,4.52,19.17,76.63,24.01,46386.1,0,saudavel,4.29
1444,F02-MIL,F02,Milho,125.1,-17.3783,-49.79248,2024/2025,2025-02-15,46,113,frutificacao,0.5279,0.4451,18.95,34.81,0.0,18.19,80.05,18.56,49419.0,1,saudavel,4.29
1445,F02-MIL,F02,Milho,125.1,-17.3783,-49.79248,2024/2025,2025-02-16,47,114,frutificacao,0.4652,0.3659,18.81,41.67,20.29,18.16,77.37,28.74,32126.0,0,saudavel,4.29
1446,F02-MIL,F02,Milho,125.1,-17.3783,-49.79248,2024/2025,2025-02-17,48,115,frutificacao,0.4358,0.3356,21.24,37.78,0.0,20.06,72.93,21.55,51594.8,1,saudavel,4.29
1447,F02-MIL,F02,Milho,125.1,-17.3783,-49.79248,2024/2025,2025-02-18,49,116,frutificacao,0.451,0.43,12.39,34.23,0.0,14.28,79.38,16.65,,1,saudavel,4.29
1448,F02-MIL,F02,Milho,125.1,-17.3783,-49.79248,2024/2025,2025-02-19,50,117,frutificacao,0.4053,0.3458,16.83,30.9,0.0,17.42,76.91,12.72,43744.6,1,saudavel,4.29
1449,F02-MIL,F02,Milho,125.1,-17.3783,-49.79248,2024/2025,2025-02-20,51,118,frutificacao,0.4116,0.3539,18.42,27.85,0.0,18.43,81.68,8.16,48738.2,1,saudavel,4.29
1450,F02-MIL,F02,Milho,125.1,-17.3783,-49.79248,2024/2025,2025-02-21,52,119,maturacao,0.3695,0.3135,21.46,29.83,9.71,18.37,81.28,8.51,37984.5,0,saudavel,4.29
1451,F02-MIL,F02,Milho,125.1,-17.3783,-49.79248,2024/2025,2025-02-22,53,120,maturacao,0.4178,0.3386,22.21,43.79,34.38,22.28,72.4,26.68,25896.3,0,saudavel,4.29
1452,F02-MIL,F02,Milho,125.1,-17.3783,-49.79248,2024/2025,2025-02-23,54,121,maturacao,0.3188,0.2648,19.85,39.56,0.0,17.98,77.34,21.33,50910.6,0,saudavel,4.29
1453,F02-MIL,F02,Milho,125.1,-17.3783,-49.79248,2024/2025,2025-02-24,55,122,maturacao,0.3191,0.2731,21.44,41.81,12.26,19.93,77.64,25.25,31805.3,1,saudavel,4.29
1454,F02-MIL,F02,Milho,125.1,-17.3783,-49.79248,2024/2025,2025-02-25,56,123,maturacao,0.2801,0.2342,22.96,37.55,0.0,21.12,77.51,20.26,45520.4,0,saudavel,4.29
1455,F02-MIL,F02,Milho,125.1,-17.3783,-49.79248,2024/2025,2025-02-26,57,124,maturacao,0.3048,0.244,20.61,40.23,12.86,19.38,84.53,24.92,38393.7,1,saudavel,4.29
1456,F02-MIL,F02,Milho,125.1,-17.3783,-49.79248,2024/2025,2025-02-27,58,125,maturacao,0.2805,0.248,17.6,37.46,2.46,17.32,77.19,20.08,41021.0,0,saudavel,4.29
1457,F02-MIL,F02,Milho,125.1,-17.3783,-49.79248,2024/2025,2025-02-28,59,126,maturacao,0.2413,0.2089,15.5,33.63,0.0,16.37,83.58,14.11,49196.1,0,saudavel,4.29
1458,F02-MIL,F02,Milho,125.1,-17.3783,-49.79248,2024/2025,2025-03-01,60,127,maturacao,0.2443,0.2155,22.47,30.1,0.0,19.39,69.96,11.05,49659.6,0,saudavel,4.29
1459,F02-MIL,F02,Milho,125.1,-17.3783,-49.79248,2024/2025,2025-03-02,61,128,maturacao,0.2693,0.243,21.67,26.81,0.0,20.71,71.61,7.6,45686.9,0,saudavel,4.29
1460,F02-MIL,F02,Milho,125.1,-17.3783,-49.79248,2024/2025,2025-03-03,62,129,maturacao,0.2592,0.2169,18.83,32.8,17.89,19.03,64.96,18.17,29842.6,0,saudavel,4.29
1461,F02-MIL,F02,Milho,125.1,-17.3783,-49.79248,2024/2025,2025-03-04,63,130,maturacao,0.1991,0.1658,22.68,29.27,0.0,20.04,75.62,14.29,38557.7,0,atencao,4.29
1462,F02-MIL,F02,Milho,125.1,-17.3783,-49.79248,2024/2025,2025-03-05,64,131,maturacao,0.2121,0.2099,24.56,25.8,0.0,22.05,76.72,12.18,47586.7,0,saudavel,4.29
1463,F02-MIL,F02,Milho,125.1,-17.3783,-49.79248,2024/2025,2025-03-06,65,132,maturacao,0.2526,0.1958,21.89,22.92,0.0,19.39,62.12,8.22,50805.6,0,saudavel,4.29
1464,F02-MIL,F02,Milho,125.1,-17.3783,-49.79248,2024/2025,2025-03-07,66,133,maturacao,0.2082,0.1395,19.71,35.52,30.65,16.47,77.42,27.11,27611.8,0,saudavel,4.29
1465,F02-MIL,F02,Milho,125.1,-17.3783,-49.79248,2024/2025,2025-03-08,67,134,maturacao,0.2113,0.1907,19.35,39.73,15.87,18.17,78.29,34.45,31852.9,0,saudavel,4.29
1466,F02-MIL,F02,Milho,125.1,-17.3783,-49.79248,2024/2025,2025-03-09,68,135,maturacao,0.2247,0.1784,21.24,35.67,0.0,20.14,76.65,27.19,40470.4,0,saudavel,4.29
1467,F02-MIL,F02,Milho,125.1,-17.3783,-49.79248,2024/2025,2025-03-10,69,136,colheita,0.1745,0.1268,19.8,31.88,0.0,17.69,69.22,21.82,45908.5,0,atencao,4.29
1468,F02-MIL,F02,Milho,125.1,-17.3783,-49.79248,2024/2025,2025-03-11,70,137,colheita,0.1797,0.1705,23.51,30.22,3.72,20.31,77.31,17.66,39991.3,0,atencao,4.29
1469,F02-MIL,F02,Milho,125.1,-17.3783,-49.79248,2024/2025,2025-03-12,71,138,colheita,0.1898,0.1584,18.13,34.75,15.71,17.94,74.73,24.84,32943.1,0,saudavel,4.29
1470,F02-MIL,F02,Milho,125.1,-17.3783,-49.79248,2024/2025,2025-03-13,72,139,colheita,0.2184,0.1604,20.69,31.1,0.0,18.53,77.1,20.93,43238.0,0,saudavel,4.29
1471,F02-ALG,F02,Algodao,226.8,-17.34439,-49.77897,2023/2024,2023-11-09,313,0,germinacao,0.1474,0.1497,30.89,45.0,19.28,28.01,74.98,43.35,37467.9,0,atencao,2.99
1472,F02-ALG,F02,Algodao,226.8,-17.34439,-49.77897,2023/2024,2023-11-10,314,1,germinacao,0.1809,0.1457,28.58,39.65,0.0,26.81,71.8,32.89,52631.1,0,saudavel,2.99
1473,F02-ALG,F02,Algodao,226.8,-17.34439,-49.77897,2023/2024,2023-11-11,315,2,germinacao,0.1843,0.1648,29.21,34.86,0.0,25.85,67.41,23.14,52788.2,1,saudavel,2.99
1474,F02-ALG,F02,Algodao,226.8,-17.34439,-49.77897,2023/2024,2023-11-12,316,3,germinacao,0.1932,0.1559,31.04,35.45,10.6,28.36,67.41,24.44,47786.3,0,saudavel,2.99
1475,F02-ALG,F02,Algodao,226.8,-17.34439,-49.77897,2023/2024,2023-11-13,317,4,germinacao,0.1526,0.1441,30.51,30.82,0.0,26.85,67.17,17.25,53757.9,1,atencao,2.99
1476,F02-ALG,F02,Algodao,226.8,-17.34439,-49.77897,2023/2024,2023-11-14,318,5,germinacao,0.1774,0.1727,29.73,35.29,17.68,28.07,70.42,20.99,34846.4,0,saudavel,2.99
1477,F02-ALG,F02,Algodao,226.8,-17.34439,-49.77897,2023/2024,2023-11-15,319,6,germinacao,0.2015,0.166,28.54,30.64,0.0,27.73,75.8,14.0,56462.2,1,saudavel,2.99
1478,F02-ALG,F02,Algodao,226.8,-17.34439,-49.77897,2023/2024,2023-11-16,320,7,germinacao,0.1826,0.1346,29.2,26.5,0.0,26.4,70.75,9.43,54763.1,1,saudavel,2.99
1479,F02-ALG,F02,Algodao,226.8,-17.34439,-49.77897,2023/2024,2023-11-17,321,8,germinacao,0.1791,0.1231,30.02,28.12,11.42,28.59,78.0,11.93,42154.3,1,saudavel,2.99
1480,F02-ALG,F02,Algodao,226.8,-17.34439,-49.77897,2023/2024,2023-11-18,322,9,germinacao,0.224,0.2089,29.04,24.29,0.0,26.0,74.21,8.32,56917.0,1,saudavel,2.99
1481,F02-ALG,F02,Algodao,226.8,-17.34439,-49.77897,2023/2024,2023-11-19,323,10,germinacao,0.1652,0.1177,28.98,20.36,0.0,28.59,71.93,5.11,59195.5,1,atencao,2.99
1482,F02-ALG,F02,Algodao,226.8,-17.34439,-49.77897,2023/2024,2023-11-20,324,11,germinacao,0.2121,0.1877,30.32,32.1,30.58,28.69,73.52,25.17,28600.5,1,saudavel,2.99
1483,F02-ALG,F02,Algodao,226.8,-17.34439,-49.77897,2023/2024,2023-11-21,325,12,germinacao,0.2088,0.193,29.7,27.66,0.0,28.2,80.83,19.93,54062.7,1,saudavel,2.99
1484,F02-ALG,F02,Algodao,226.8,-17.34439,-49.77897,2023/2024,2023-11-22,326,13,germinacao,0.185,0.1472,28.26,33.91,20.27,26.26,,24.89,39480.0,0,saudavel,2.99
1485,F02-ALG,F02,Algodao,226.8,-17.34439,-49.77897,2023/2024,2023-11-23,327,14,germinacao,0.19,0.1582,32.8,30.19,2.27,30.25,81.14,18.56,58532.2,1,saudavel,2.99
1486,F02-ALG,F02,Algodao,226.8,-17.34439,-49.77897,2023/2024,2023-11-24,328,15,vegetativo,0.1912,0.1825,29.24,26.07,0.0,26.57,79.98,12.6,64411.4,1,saudavel,2.99
1487,F02-ALG,F02,Algodao,226.8,-17.34439,-49.77897,2023/2024,2023-11-25,329,16,vegetativo,0.1971,0.1514,29.47,24.06,3.54,26.6,75.16,11.29,58841.5,0,saudavel,2.99
1488,F02-ALG,F02,Algodao,226.8,-17.34439,-49.77897,2023/2024,2023-11-26,330,17,vegetativo,0.1833,0.1376,29.22,20.47,0.0,26.11,81.58,5.7,55069.1,1,saudavel,2.99
1489,F02-ALG,F02,Algodao,226.8,-17.34439,-49.77897,2023/2024,2023-11-27,331,18,vegetativo,0.1885,0.1555,26.49,17.4,0.0,,75.22,5.0,60807.4,1,saudavel,2.99
1490,F02-ALG,F02,Algodao,226.8,-17.34439,-49.77897,2023/2024,2023-11-28,332,19,vegetativo,0.192,0.1888,32.28,14.15,0.0,27.89,76.23,5.0,59145.0,0,saudavel,2.99
1491,F02-ALG,F02,Algodao,226.8,-17.34439,-49.77897,2023/2024,2023-11-29,333,20,vegetativo,0.195,0.198,28.63,11.51,0.0,25.0,73.94,5.0,55055.7,1,saudavel,2.99
1492,F02-ALG,F02,Algodao,226.8,-17.34439,-49.77897,2023/2024,2023-11-30,334,21,vegetativo,0.1979,0.1662,29.04,8.83,0.0,27.14,80.29,5.0,59494.1,1,saudavel,2.99
1493,F02-ALG,F02,Algodao,226.8,-17.34439,-49.77897,2023/2024,2023-12-01,335,22,vegetativo,0.1622,0.1237,29.8,8.0,0.0,27.4,71.85,5.0,64523.7,1,atencao,2.99
1494,F02-ALG,F02,Algodao,226.8,-17.34439,-49.77897,2023/2024,2023-12-02,336,23,vegetativo,0.2123,0.2017,28.22,8.0,0.0,26.46,75.78,5.0,62474.3,1,saudavel,2.99
1495,F02-ALG,F02,Algodao,226.8,-17.34439,-49.77897,2023/2024,2023-12-03,337,24,vegetativo,0.2035,0.1396,26.95,8.0,0.0,24.42,80.75,5.0,55959.6,1,saudavel,2.99
1496,F02-ALG,F02,Algodao,226.8,-17.34439,-49.77897,2023/2024,2023-12-04,338,25,vegetativo,0.1808,0.1586,26.25,8.0,0.0,24.85,82.42,5.0,59148.3,1,atencao,2.99
1497,F02-ALG,F02,Algodao,226.8,-17.34439,-49.77897,2023/2024,2023-12-05,339,26,vegetativo,0.2156,0.1824,22.51,8.0,7.01,21.24,75.32,5.0,53762.7,0,saudavel,2.99
1498,F02-ALG,F02,Algodao,226.8,-17.34439,-49.77897,2023/2024,2023-12-06,340,27,vegetativo,0.22,0.2129,24.83,9.2,15.64,24.98,81.02,5.0,38657.1,0,saudavel,2.99
1499,F02-ALG,F02,Algodao,226.8,-17.34439,-49.77897,2023/2024,2023-12-07,341,28,vegetativo,0.2587,0.2478,27.53,18.64,23.49,26.26,71.65,13.4,31055.3,0,saudavel,2.99
1500,F02-ALG,F02,Algodao,226.8,-17.34439,-49.77897,2023/2024,2023-12-08,342,29,vegetativo,0.2286,0.1755,27.6,24.43,17.38,24.6,66.88,22.46,42713.3,0,saudavel,2.99
1501,F02-ALG,F02,Algodao,226.8,-17.34439,-49.77897,2023/2024,2023-12-09,343,30,vegetativo,0.2595,0.2239,25.48,24.63,6.88,23.96,74.34,23.64,53230.5,0,saudavel,2.99
1502,F02-ALG,F02,Algodao,226.8,-17.34439,-49.77897,2023/2024,2023-12-10,344,31,vegetativo,0.2813,0.2277,25.67,27.33,11.92,24.3,82.12,25.37,42260.9,0,saudavel,2.99
1503,F02-ALG,F02,Algodao,226.8,-17.34439,-49.77897,2023/2024,2023-12-11,345,32,vegetativo,0.2493,0.206,28.5,26.57,6.07,26.47,76.64,21.38,54817.1,0,saudavel,2.99
1504,F02-ALG,F02,Algodao,226.8,-17.34439,-49.77897,2023/2024,2023-12-12,346,33,vegetativo,0.2698,0.2417,25.03,23.12,0.0,24.46,75.29,14.81,63009.4,1,saudavel,2.99
1505,F02-ALG,F02,Algodao,226.8,-17.34439,-49.77897,2023/2024,2023-12-13,347,34,vegetativo,0.3151,0.2611,28.41,19.67,0.0,27.23,76.64,9.39,59146.3,1,saudavel,2.99
1506,F02-ALG,F02,Algodao,226.8,-17.34439,-49.77897,2023/2024,2023-12-14,348,35,vegetativo,0.2957,0.2552,25.71,21.89,9.93,23.48,78.78,12.47,50122.5,0,saudavel,2.99
1507,F02-ALG,F02,Algodao,226.8,-17.34439,-49.77897,2023/2024,2023-12-15,349,36,vegetativo,0.31,0.2827,26.07,18.86,0.0,24.56,81.18,10.61,61602.3,1,saudavel,2.99
1508,F02-ALG,F02,Algodao,226.8,-17.34439,-49.77897,2023/2024,2023-12-16,350,37,vegetativo,0.3068,0.291,25.7,16.19,0.0,23.48,70.7,8.63,61239.3,1,saudavel,2.99
1509,F02-ALG,F02,Algodao,226.8,-17.34439,-49.77897,2023/2024,2023-12-17,351,38,vegetativo,0.3419,0.2964,29.32,13.35,0.0,27.14,76.1,6.53,54944.4,1,saudavel,2.99
1510,F02-ALG,F02,Algodao,226.8,-17.34439,-49.77897,2023/2024,2023-12-18,352,39,vegetativo,0.3414,0.2926,25.78,14.71,7.23,24.19,79.04,8.76,50032.3,0,saudavel,2.99
1511,F02-ALG,F02,Algodao,226.8,-17.34439,-49.77897,2023/2024,2023-12-19,353,40,vegetativo,0.3205,0.2503,27.41,18.53,13.13,27.01,69.93,11.96,45673.3,0,atencao,2.99
1512,F02-ALG,F02,Algodao,226.8,-17.34439,-49.77897,2023/2024,2023-12-20,354,41,vegetativo,0.3658,0.3427,23.45,23.23,14.39,23.09,72.25,16.68,43022.6,0,saudavel,2.99
1513,F02-ALG,F02,Algodao,226.8,-17.34439,-49.77897,2023/2024,2023-12-21,355,42,vegetativo,0.3658,0.3209,28.54,20.01,0.0,25.9,75.66,12.0,64400.9,1,saudavel,2.99
1514,F02-ALG,F02,Algodao,226.8,-17.34439,-49.77897,2023/2024,2023-12-22,356,43,vegetativo,0.409,0.3504,24.32,17.38,0.0,23.69,78.88,6.7,61900.3,1,saudavel,2.99
1515,F02-ALG,F02,Algodao,226.8,-17.34439,-49.77897,2023/2024,2023-12-23,357,44,vegetativo,0.4063,0.347,25.19,14.84,0.0,24.66,78.34,5.0,56658.4,1,saudavel,2.99
1516,F02-ALG,F02,Algodao,226.8,-17.34439,-49.77897,2023/2024,2023-12-24,358,45,vegetativo,0.4525,0.3919,20.54,12.95,0.0,21.47,77.43,5.0,59329.0,1,saudavel,2.99
1517,F02-ALG,F02,Algodao,226.8,-17.34439,-49.77897,2023/2024,2023-12-25,359,46,vegetativo,0.4626,0.4087,23.47,10.96,0.0,23.72,75.89,5.0,63341.4,1,saudavel,2.99
1518,F02-ALG,F02,Algodao,226.8,-17.34439,-49.77897,2023/2024,2023-12-26,360,47,vegetativo,0.4558,0.4053,22.11,9.39,0.0,21.5,,5.0,57983.5,1,saudavel,2.99
1519,F02-ALG,F02,Algodao,226.8,-17.34439,-49.77897,2023/2024,2023-12-27,361,48,vegetativo,0.4901,0.4488,22.99,8.0,0.0,23.38,80.6,5.0,62442.8,1,saudavel,2.99
1520,F02-ALG,F02,Algodao,226.8,-17.34439,-49.77897,2023/2024,2023-12-28,362,49,vegetativo,0.5315,0.4566,19.32,8.0,0.0,20.62,86.99,5.0,63997.3,1,saudavel,2.99
1521,F02-ALG,F02,Algodao,226.8,-17.34439,-49.77897,2023/2024,2023-12-29,363,50,vegetativo,0.5611,0.512,21.32,26.77,42.62,22.65,68.45,24.15,33549.0,0,saudavel,2.99
1522,F02-ALG,F02,Algodao,226.8,-17.34439,-49.77897,2023/2024,2023-12-30,364,51,vegetativo,0.5388,0.4792,24.68,23.71,0.0,24.34,81.66,18.39,60289.7,1,saudavel,2.99
1523,F02-ALG,F02,Algodao,226.8,-17.34439,-49.77897,2023/2024,2023-12-31,365,52,vegetativo,0.5533,0.4691,23.1,22.62,3.16,23.41,78.54,17.05,60301.6,0,saudavel,2.99
1524,F02-ALG,F02,Algodao,226.8,-17.34439,-49.77897,2023/2024,2024-01-01,1,53,floracao,0.6321,0.5039,19.49,25.84,10.72,20.64,83.38,21.06,47402.1,0,saudavel,2.99
1525,F02-ALG,F02,Algodao,226.8,-17.34439,-49.77897,2023/2024,2024-01-02,2,54,floracao,0.6101,0.5203,18.5,23.49,0.0,19.55,87.32,14.98,67011.2,1,saudavel,2.99
1526,F02-ALG,F02,Algodao,226.8,-17.34439,-49.77897,2023/2024,2024-01-03,3,55,floracao,0.6287,0.5655,20.2,27.09,12.21,23.04,75.51,17.76,48096.9,0,saudavel,2.99
1527,F02-ALG,F02,Algodao,226.8,-17.34439,-49.77897,2023/2024,2024-01-04,4,56,floracao,0.6278,0.5181,23.19,28.73,9.23,24.57,83.08,19.95,53692.8,0,saudavel,2.99
1528,F02-ALG,F02,Algodao,226.8,-17.34439,-49.77897,2023/2024,2024-01-05,5,57,floracao,0.6618,0.5642,19.76,26.15,0.0,20.65,74.41,16.75,58217.8,1,saudavel,2.99
1529,F02-ALG,F02,Algodao,226.8,-17.34439,-49.77897,2023/2024,2024-01-06,6,58,floracao,0.7059,0.6033,22.53,30.59,14.59,25.15,78.6,20.57,46313.2,0,saudavel,2.99
1530,F02-ALG,F02,Algodao,226.8,-17.34439,-49.77897,2023/2024,2024-01-07,7,59,floracao,0.6899,0.6052,20.66,42.77,30.04,21.89,78.67,36.47,31184.0,0,saudavel,2.99
1531,F02-ALG,F02,Algodao,226.8,-17.34439,-49.77897,2023/2024,2024-01-08,8,60,floracao,0.7184,0.6029,16.95,43.65,9.01,18.87,81.9,33.23,47354.7,0,saudavel,2.99
1532,F02-ALG,F02,Algodao,226.8,-17.34439,-49.77897,2023/2024,2024-01-09,9,61,floracao,0.7091,0.5853,17.81,48.27,16.61,19.37,76.39,38.72,39707.7,0,saudavel,2.99
1533,F02-ALG,F02,Algodao,226.8,-17.34439,-49.77897,2023/2024,2024-01-10,10,62,floracao,0.6985,0.6051,20.53,50.16,12.48,22.77,81.45,37.91,45929.2,1,saudavel,2.99
1534,F02-ALG,F02,Algodao,226.8,-17.34439,-49.77897,2023/2024,2024-01-11,11,63,floracao,0.7151,0.5929,20.17,55.54,19.45,21.71,87.79,43.42,42949.6,0,saudavel,2.99
1535,F02-ALG,F02,Algodao,226.8,-17.34439,-49.77897,2023/2024,2024-01-12,12,64,floracao,0.7153,0.5713,19.75,50.53,0.0,23.65,73.79,34.73,53017.7,0,saudavel,2.99
1536,F02-ALG,F02,Algodao,226.8,-17.34439,-49.77897,2023/2024,2024-01-13,13,65,floracao,0.7501,0.6744,16.82,50.27,7.95,19.54,82.02,35.13,49549.2,0,saudavel,2.99
1537,F02-ALG,F02,Algodao,226.8,-17.34439,-49.77897,2023/2024,2024-01-14,14,66,floracao,0.7776,0.6795,19.13,46.04,0.0,21.42,84.17,28.91,62162.8,1,saudavel,2.99
1538,F02-ALG,F02,Algodao,226.8,-17.34439,-49.77897,2023/2024,2024-01-15,15,67,floracao,0.7631,0.6863,18.59,56.78,29.25,21.16,78.51,41.56,26069.5,0,saudavel,2.99
1539,F02-ALG,F02,Algodao,226.8,-17.34439,-49.77897,2023/2024,2024-01-16,16,68,floracao,0.7597,0.6633,19.1,58.89,13.7,20.85,86.93,43.26,48464.9,0,saudavel,2.99
1540,F02-ALG,F02,Algodao,226.8,-17.34439,-49.77897,2023/2024,2024-01-17,17,69,floracao,0.7556,0.6558,17.44,53.98,0.0,20.4,78.19,38.43,54388.9,0,saudavel,2.99
1541,F02-ALG,F02,Algodao,226.8,-17.34439,-49.77897,2023/2024,2024-01-18,18,70,floracao,0.7834,0.6733,16.74,63.78,28.64,20.34,79.73,50.98,27363.1,0,saudavel,2.99
1542,F02-ALG,F02,Algodao,226.8,-17.34439,-49.77897,2023/2024,2024-01-19,19,71,floracao,0.7559,0.6388,16.61,74.61,32.26,21.06,74.85,,28276.9,0,saudavel,2.99
1543,F02-ALG,F02,Algodao,226.8,-17.34439,-49.77897,2023/2024,2024-01-20,20,72,floracao,0.7619,0.6579,18.03,69.05,1.23,21.16,80.31,50.47,61709.9,0,saudavel,2.99
1544,F02-ALG,F02,Algodao,226.8,-17.34439,-49.77897,2023/2024,2024-01-21,21,73,floracao,0.8061,0.6741,18.26,65.23,3.79,21.0,79.72,42.67,51552.0,0,saudavel,2.99
1545,F02-ALG,F02,Algodao,226.8,-17.34439,-49.77897,2023/2024,2024-01-22,22,74,floracao,0.7856,0.6464,20.04,71.28,23.15,22.35,82.0,50.66,29744.7,0,saudavel,2.99
1546,F02-ALG,F02,Algodao,226.8,-17.34439,-49.77897,2023/2024,2024-01-23,23,75,floracao,0.7879,0.6631,14.16,72.47,14.18,18.65,77.78,49.17,39095.1,0,saudavel,2.99
1547,F02-ALG,F02,Algodao,226.8,-17.34439,-49.77897,2023/2024,2024-01-24,24,76,floracao,0.7929,0.6998,15.69,82.64,32.34,17.65,78.07,61.09,31048.2,0,saudavel,2.99
1548,F02-ALG,F02,Algodao,226.8,-17.34439,-49.77897,2023/2024,2024-01-25,25,77,floracao,0.8128,0.6663,17.52,77.24,2.82,21.81,81.21,53.82,49593.2,0,saudavel,2.99
1549,F02-ALG,F02,Algodao,226.8,-17.34439,-49.77897,2023/2024,2024-01-26,26,78,floracao,0.8034,0.6586,15.44,78.72,15.73,18.79,87.61,54.32,44953.8,0,saudavel,2.99
1550,F02-ALG,F02,Algodao,226.8,-17.34439,-49.77897,2023/2024,2024-01-27,27,79,floracao,0.7868,0.6806,15.91,72.23,0.0,19.56,83.22,42.66,56091.9,0,saudavel,2.99
1551,F02-ALG,F02,Algodao,226.8,-17.34439,-49.77897,2023/2024,2024-01-28,28,80,floracao,0.7887,0.6621,16.45,71.44,10.38,19.13,89.48,44.74,45936.9,0,saudavel,2.99
1552,F02-ALG,F02,Algodao,226.8,-17.34439,-49.77897,2023/2024,2024-01-29,29,81,floracao,0.8,0.6897,15.92,65.52,0.0,19.02,82.99,39.07,56334.5,0,saudavel,2.99
1553,F02-ALG,F02,Algodao,226.8,-17.34439,-49.77897,2023/2024,2024-01-30,30,82,floracao,0.8108,0.7089,15.09,60.08,0.0,17.71,83.49,32.53,52812.5,1,saudavel,2.99
1554,F02-ALG,F02,Algodao,226.8,-17.34439,-49.77897,2023/2024,2024-01-31,31,83,frutificacao,0.8046,0.6931,17.57,61.37,12.6,18.97,83.44,36.51,43854.3,0,saudavel,2.99
1555,F02-ALG,F02,Algodao,226.8,-17.34439,-49.77897,2023/2024,2024-02-01,32,84,frutificacao,0.8032,0.6701,17.89,62.24,11.95,20.72,86.33,37.05,40266.6,0,saudavel,2.99
1556,F02-ALG,F02,Algodao,226.8,-17.34439,-49.77897,2023/2024,2024-02-02,33,85,frutificacao,0.8068,0.7115,15.83,69.58,25.05,19.67,85.6,47.49,35794.0,0,saudavel,2.99
1557,F02-ALG,F02,Algodao,226.8,-17.34439,-49.77897,2023/2024,2024-02-03,34,86,frutificacao,0.8052,0.6993,17.58,71.57,15.51,20.36,73.46,48.13,37150.5,0,saudavel,2.99
1558,F02-ALG,F02,Algodao,226.8,-17.34439,-49.77897,2023/2024,2024-02-04,35,87,frutificacao,0.7901,0.6721,17.63,75.24,19.2,18.79,83.72,49.65,,0,saudavel,2.99
1559,F02-ALG,F02,Algodao,226.8,-17.34439,-49.77897,2023/2024,2024-02-05,36,88,frutificacao,0.8275,0.7029,18.03,76.75,15.45,20.82,79.71,54.38,36806.0,0,saudavel,2.99
1560,F02-ALG,F02,Algodao,226.8,-17.34439,-49.77897,2023/2024,2024-02-06,37,89,frutificacao,0.7951,0.6833,16.43,70.41,0.0,18.64,78.6,42.23,51894.0,0,saudavel,2.99
1561,F02-ALG,F02,Algodao,226.8,-17.34439,-49.77897,2023/2024,2024-02-07,38,90,frutificacao,0.8065,0.6793,11.32,64.58,0.0,16.17,72.07,34.81,52108.4,0,saudavel,2.99
1562,F02-ALG,F02,Algodao,226.8,-17.34439,-49.77897,2023/2024,2024-02-08,39,91,frutificacao,0.7617,0.6148,17.28,69.26,20.1,19.75,70.96,41.78,44160.0,0,saudavel,2.99
1563,F02-ALG,F02,Algodao,226.8,-17.34439,-49.77897,2023/2024,2024-02-09,40,92,frutificacao,0.7973,0.6927,16.91,63.52,0.0,20.36,76.35,34.77,52646.5,0,saudavel,2.99
1564,F02-ALG,F02,Algodao,226.8,-17.34439,-49.77897,2023/2024,2024-02-10,41,93,frutificacao,0.7781,0.6752,14.62,59.72,2.97,18.31,71.95,30.05,47356.9,1,saudavel,2.99
1565,F02-ALG,F02,Algodao,226.8,-17.34439,-49.77897,2023/2024,2024-02-11,42,94,frutificacao,0.7787,0.6159,17.85,61.42,13.35,20.88,75.88,32.94,39203.0,0,saudavel,2.99
1566,F02-ALG,F02,Algodao,226.8,-17.34439,-49.77897,2023/2024,2024-02-12,43,95,frutificacao,0.8447,0.7282,14.26,72.64,32.67,17.75,82.91,48.19,21410.8,0,saudavel,2.99
1567,F02-ALG,F02,Algodao,226.8,-17.34439,-49.77897,2023/2024,2024-02-13,44,96,frutificacao,0.7989,0.7142,16.16,66.63,0.0,19.98,74.97,39.98,51073.4,0,saudavel,2.99
1568,F02-ALG,F02,Algodao,226.8,-17.34439,-49.77897,2023/2024,2024-02-14,45,97,frutificacao,0.8157,0.6708,18.38,66.65,11.09,21.53,77.22,39.73,47345.2,0,saudavel,2.99
1569,F02-ALG,F02,Algodao,226.8,-17.34439,-49.77897,2023/2024,2024-02-15,46,98,frutificacao,0.8052,0.6829,15.5,61.11,0.0,18.92,72.88,32.22,51983.2,0,saudavel,2.99
1570,F02-ALG,F02,Algodao,226.8,-17.34439,-49.77897,2023/2024,2024-02-16,47,99,frutificacao,0.8042,0.68,15.93,56.03,0.0,18.47,79.85,24.17,53386.6,1,saudavel,2.99
1571,F02-ALG,F02,Algodao,226.8,-17.34439,-49.77897,2023/2024,2024-02-17,48,100,frutificacao,0.7767,0.6934,15.84,51.34,0.0,18.6,80.67,22.58,47644.4,1,saudavel,2.99
1572,F02-ALG,F02,Algodao,226.8,-17.34439,-49.77897,2023/2024,2024-02-18,49,101,frutificacao,0.8084,0.7096,18.25,61.88,29.69,21.15,69.34,38.36,24686.9,0,saudavel,2.99
1573,F02-ALG,F02,Algodao,226.8,-17.34439,-49.77897,2023/2024,2024-02-19,50,102,frutificacao,0.7883,0.6525,17.15,61.09,8.71,19.26,73.68,37.17,43144.3,0,saudavel,2.99
1574,F02-ALG,F02,Algodao,226.8,-17.34439,-49.77897,2023/2024,2024-02-20,51,103,frutificacao,0.7667,0.6586,19.48,55.93,0.0,21.83,69.41,29.19,47271.9,1,saudavel,2.99
1575,F02-ALG,F02,Algodao,226.8,-17.34439,-49.77897,2023/2024,2024-02-21,52,104,frutificacao,0.7651,0.6964,16.1,56.55,10.58,18.99,79.84,29.05,41667.9,0,saudavel,2.99
1576,F02-ALG,F02,Algodao,226.8,-17.34439,-49.77897,2023/2024,2024-02-22,53,105,frutificacao,0.7504,0.6254,12.7,51.82,0.0,17.55,78.83,24.85,50660.8,1,saudavel,2.99
1577,F02-ALG,F02,Algodao,226.8,-17.34439,-49.77897,2023/2024,2024-02-23,54,106,frutificacao,0.7468,0.6346,15.4,62.83,30.71,17.61,77.56,39.84,25875.3,0,saudavel,2.99
1578,F02-ALG,F02,Algodao,226.8,-17.34439,-49.77897,2023/2024,2024-02-24,55,107,frutificacao,0.7368,0.6365,14.99,57.61,0.0,18.54,76.46,33.34,47716.4,0,saudavel,2.99
1579,F02-ALG,F02,Algodao,226.8,-17.34439,-49.77897,2023/2024,2024-02-25,56,108,frutificacao,0.7364,0.6137,12.63,52.8,0.0,15.34,80.47,25.05,51115.9,1,saudavel,2.99
1580,F02-ALG,F02,Algodao,226.8,-17.34439,-49.77897,2023/2024,2024-02-26,57,109,frutificacao,0.7538,0.676,15.24,48.37,0.0,17.66,79.01,22.6,46741.1,1,saudavel,2.99
1581,F02-ALG,F02,Algodao,226.8,-17.34439,-49.77897,2023/2024,2024-02-27,58,110,frutificacao,0.6844,0.5723,16.83,44.3,0.0,17.66,74.66,19.63,46135.8,1,saudavel,2.99
1582,F02-ALG,F02,Algodao,226.8,-17.34439,-49.77897,2023/2024,2024-02-28,59,111,frutificacao,0.7199,0.5842,18.02,54.49,27.87,18.66,73.19,33.83,29412.3,0,saudavel,2.99
1583,F02-ALG,F02,Algodao,226.8,-17.34439,-49.77897,2023/2024,2024-02-29,60,112,frutificacao,0.6774,0.5653,18.16,54.39,9.16,21.18,74.39,33.97,36088.0,0,saudavel,2.99
1584,F02-ALG,F02,Algodao,226.8,-17.34439,-49.77897,2023/2024,2024-03-01,61,113,frutificacao,0.697,0.6055,14.73,59.5,19.33,18.32,75.28,41.27,26191.1,0,saudavel,2.99
1585,F02-ALG,F02,Algodao,226.8,-17.34439,-49.77897,2023/2024,2024-03-02,62,114,frutificacao,0.6509,0.5373,13.8,54.52,0.0,15.33,88.16,31.55,43228.7,1,saudavel,2.99
1586,F02-ALG,F02,Algodao,226.8,-17.34439,-49.77897,2023/2024,2024-03-03,63,115,frutificacao,0.6508,0.5593,15.2,55.11,10.36,16.82,74.87,34.82,38799.6,0,saudavel,2.99
1587,F02-ALG,F02,Algodao,226.8,-17.34439,-49.77897,2023/2024,2024-03-04,64,116,frutificacao,0.6237,0.5414,15.74,61.71,22.54,18.55,77.02,43.59,32034.2,0,saudavel,2.99
1588,F02-ALG,F02,Algodao,226.8,-17.34439,-49.77897,2023/2024,2024-03-05,65,117,frutificacao,0.5757,0.4652,17.08,66.25,19.63,18.28,77.89,47.01,28156.5,0,saudavel,2.99
1589,F02-ALG,F02,Algodao,226.8,-17.34439,-49.77897,2023/2024,2024-03-06,66,118,frutificacao,0.6279,0.5224,19.5,77.08,32.91,20.55,81.02,57.87,27669.4,0,saudavel,2.99
1590,F02-ALG,F02,Algodao,226.8,-17.34439,-49.77897,2023/2024,2024-03-07,67,119,frutificacao,0.5564,0.4799,17.3,70.55,0.0,19.54,70.4,48.46,44181.4,0,saudavel,2.99
1591,F02-ALG,F02,Algodao,226.8,-17.34439,-49.77897,2023/2024,2024-03-08,68,120,frutificacao,0.5586,0.4888,17.45,64.54,0.0,19.48,81.01,39.59,43401.8,0,saudavel,2.99
1592,F02-ALG,F02,Algodao,226.8,-17.34439,-49.77897,2023/2024,2024-03-09,69,121,frutificacao,0.5171,0.4287,16.44,66.02,14.12,17.74,74.44,41.81,30633.9,0,saudavel,2.99
1593,F02-ALG,F02,Algodao,226.8,-17.34439,-49.77897,2023/2024,2024-03-10,70,122,frutificacao,0.4923,0.4215,19.06,69.0,17.46,19.7,86.32,45.07,36372.0,0,saudavel,2.99
1594,F02-ALG,F02,Algodao,226.8,-17.34439,-49.77897,2023/2024,2024-03-11,71,123,frutificacao,0.4958,0.4158,16.93,63.03,0.0,16.69,77.25,34.86,42235.3,0,saudavel,2.99
1595,F02-ALG,F02,Algodao,226.8,-17.34439,-49.77897,2023/2024,2024-03-12,72,124,frutificacao,0.4689,0.4131,18.93,57.49,0.0,19.48,67.43,28.7,38333.8,1,saudavel,2.99
1596,F02-ALG,F02,Algodao,226.8,-17.34439,-49.77897,2023/2024,2024-03-13,73,125,frutificacao,0.4383,0.383,17.7,52.35,0.0,17.59,73.54,22.54,49345.4,1,saudavel,2.99
1597,F02-ALG,F02,Algodao,226.8,-17.34439,-49.77897,2023/2024,2024-03-14,74,126,frutificacao,0.4423,0.3684,18.1,47.62,0.0,15.84,82.07,17.75,42795.1,1,saudavel,2.99
1598,F02-ALG,F02,Algodao,226.8,-17.34439,-49.77897,2023/2024,2024-03-15,75,127,frutificacao,0.395,0.3453,18.38,43.2,0.0,18.9,73.78,17.33,43651.5,1,saudavel,2.99
1599,F02-ALG,F02,Algodao,226.8,-17.34439,-49.77897,2023/2024,2024-03-16,76,128,maturacao,0.4092,0.3396,19.76,39.15,0.0,20.1,72.16,14.74,45940.0,0,saudavel,2.99
1600,F02-ALG,F02,Algodao,226.8,-17.34439,-49.77897,2023/2024,2024-03-17,77,129,maturacao,0.3869,0.3381,18.59,35.4,0.0,17.39,77.49,12.67,42378.4,0,saudavel,2.99
1601,F02-ALG,F02,Algodao,226.8,-17.34439,-49.77897,2023/2024,2024-03-18,78,130,maturacao,0.3233,0.2843,22.42,31.81,0.0,20.34,70.21,13.49,43098.9,0,atencao,2.99
1602,F02-ALG,F02,Algodao,226.8,-17.34439,-49.77897,2023/2024,2024-03-19,79,131,maturacao,0.3467,0.3421,16.81,28.59,0.0,15.52,73.59,10.75,39976.1,0,saudavel,2.99
1603,F02-ALG,F02,Algodao,226.8,-17.34439,-49.77897,2023/2024,2024-03-20,80,132,maturacao,0.3516,0.2921,18.86,25.63,0.0,16.21,69.31,8.12,41653.0,0,saudavel,2.99
1604,F02-ALG,F02,Algodao,226.8,-17.34439,-49.77897,2023/2024,2024-03-21,81,133,maturacao,0.3068,0.258,19.35,31.19,16.7,17.79,81.54,15.54,28106.7,0,saudavel,2.99
1605,F02-ALG,F02,Algodao,226.8,-17.34439,-49.77897,2023/2024,2024-03-22,82,134,maturacao,0.3251,0.2634,16.56,31.36,6.76,17.46,66.79,15.53,34302.3,0,saudavel,2.99
1606,F02-ALG,F02,Algodao,226.8,-17.34439,-49.77897,2023/2024,2024-03-23,83,135,maturacao,0.3112,0.2439,18.32,28.12,0.0,17.03,73.82,8.71,38726.6,0,saudavel,2.99
1607,F02-ALG,F02,Algodao,226.8,-17.34439,-49.77897,2023/2024,2024-03-24,84,136,maturacao,0.2708,0.221,19.23,25.08,0.0,18.24,74.45,7.3,36815.8,0,saudavel,2.99
1608,F02-ALG,F02,Algodao,226.8,-17.34439,-49.77897,2023/2024,2024-03-25,85,137,maturacao,0.2803,0.2515,20.12,31.12,17.66,17.26,72.38,14.55,28075.5,0,saudavel,2.99
1609,F02-ALG,F02,Algodao,226.8,-17.34439,-49.77897,2023/2024,2024-03-26,86,138,maturacao,0.2873,0.2589,19.9,27.86,0.0,17.53,65.82,12.29,38790.3,0,saudavel,2.99
1610,F02-ALG,F02,Algodao,226.8,-17.34439,-49.77897,2023/2024,2024-03-27,87,139,maturacao,0.2443,0.2136,18.71,28.64,7.68,18.5,66.32,13.92,34656.2,0,saudavel,2.99
1611,F02-ALG,F02,Algodao,226.8,-17.34439,-49.77897,2023/2024,2024-03-28,88,140,maturacao,0.2495,0.2062,20.2,30.83,10.61,17.1,74.58,17.43,32017.9,0,saudavel,2.99
1612,F02-ALG,F02,Algodao,226.8,-17.34439,-49.77897,2023/2024,2024-03-29,89,141,maturacao,0.2692,0.2189,20.47,27.57,0.0,17.96,67.35,13.19,42206.8,0,saudavel,2.99
1613,F02-ALG,F02,Algodao,226.8,-17.34439,-49.77897,2023/2024,2024-03-30,90,142,maturacao,0.2222,0.1706,18.85,24.49,0.0,17.17,61.17,11.77,39006.7,0,saudavel,2.99
1614,F02-ALG,F02,Algodao,226.8,-17.34439,-49.77897,2023/2024,2024-03-31,91,143,maturacao,0.2424,0.1949,18.09,21.7,0.0,16.35,73.76,10.38,34870.2,0,saudavel,2.99
1615,F02-ALG,F02,Algodao,226.8,-17.34439,-49.77897,2023/2024,2024-04-01,92,144,maturacao,0.2061,0.1493,22.87,27.93,17.71,19.33,65.49,18.82,26124.7,0,atencao,2.99
1616,F02-ALG,F02,Algodao,226.8,-17.34439,-49.77897,2023/2024,2024-04-02,93,145,maturacao,0.2194,0.2137,20.83,24.73,0.0,20.77,71.95,12.83,39019.4,0,saudavel,2.99
1617,F02-ALG,F02,Algodao,226.8,-17.34439,-49.77897,2023/2024,2024-04-03,94,146,colheita,0.227,0.2297,22.24,22.81,1.84,19.84,68.15,11.99,30520.2,0,saudavel,2.99
1618,F02-ALG,F02,Algodao,226.8,-17.34439,-49.77897,2023/2024,2024-04-04,95,147,colheita,0.1659,0.1023,22.37,20.04,0.0,18.77,68.36,7.13,40118.4,0,atencao,2.99
1619,F02-ALG,F02,Algodao,226.8,-17.34439,-49.77897,2023/2024,2024-04-05,96,148,colheita,0.1997,0.1755,19.45,17.53,0.0,17.34,70.53,5.0,31401.1,0,saudavel,2.99
1620,F02-ALG,F02,Algodao,226.8,-17.34439,-49.77897,2023/2024,2024-04-06,97,149,colheita,0.2156,0.1888,20.61,20.91,11.31,17.9,64.05,8.88,29784.2,1,saudavel,2.99
1621,F02-ALG,F02,Algodao,226.8,-17.34439,-49.77897,2024/2025,2024-11-01,306,0,germinacao,0.204,0.1615,30.2,45.0,3.64,26.67,76.07,43.34,48547.4,0,saudavel,3.39
1622,F02-ALG,F02,Algodao,226.8,-17.34439,-49.77897,2024/2025,2024-11-02,307,1,germinacao,0.207,0.1483,29.18,39.63,0.0,,74.78,34.24,52495.2,0,saudavel,3.39
1623,F02-ALG,F02,Algodao,226.8,-17.34439,-49.77897,2024/2025,2024-11-03,308,2,germinacao,0.228,0.1771,32.36,34.62,0.0,28.19,69.45,27.22,58770.5,1,saudavel,3.39
1624,F02-ALG,F02,Algodao,226.8,-17.34439,-49.77897,2024/2025,2024-11-04,309,3,germinacao,0.1821,0.1464,29.5,29.91,0.0,28.41,72.79,16.9,60023.8,1,saudavel,3.39
1625,F02-ALG,F02,Algodao,226.8,-17.34439,-49.77897,2024/2025,2024-11-05,310,4,germinacao,0.193,0.1611,30.17,25.85,0.0,26.34,65.0,11.09,45830.0,1,saudavel,3.39
1626,F02-ALG,F02,Algodao,226.8,-17.34439,-49.77897,2024/2025,2024-11-06,311,5,germinacao,0.1694,0.1307,29.91,21.87,0.0,28.04,71.95,5.0,55723.3,1,saudavel,3.39
1627,F02-ALG,F02,Algodao,226.8,-17.34439,-49.77897,2024/2025,2024-11-07,312,6,germinacao,0.134,0.1577,32.01,18.12,0.0,28.35,64.71,5.0,57369.7,1,critico,3.39
1628,F02-ALG,F02,Algodao,226.8,-17.34439,-49.77897,2024/2025,2024-11-08,313,7,germinacao,0.1838,0.131,27.81,15.05,0.0,25.76,76.25,5.0,54098.1,1,saudavel,3.39
1629,F02-ALG,F02,Algodao,226.8,-17.34439,-49.77897,2024/2025,2024-11-09,314,8,germinacao,0.1621,0.162,30.57,22.12,20.35,27.91,66.99,6.57,39120.6,0,atencao,3.39
1630,F02-ALG,F02,Algodao,226.8,-17.34439,-49.77897,2024/2025,2024-11-10,315,9,germinacao,0.1988,0.1657,29.24,18.68,0.0,26.43,74.42,5.0,60177.8,1,saudavel,3.39
1631,F02-ALG,F02,Algodao,226.8,-17.34439,-49.77897,2024/2025,2024-11-11,316,10,germinacao,0.149,0.1135,29.65,15.29,0.0,27.61,74.64,5.0,,1,atencao,3.39
1632,F02-ALG,F02,Algodao,226.8,-17.34439,-49.77897,2024/2025,2024-11-12,317,11,germinacao,0.1727,0.1585,31.67,39.78,55.33,28.42,73.07,34.41,28233.8,0,saudavel,3.39
1633,F02-ALG,F02,Algodao,226.8,-17.34439,-49.77897,2024/2025,2024-11-13,318,12,germinacao,0.1938,0.1556,28.98,37.66,5.62,26.99,70.53,30.24,56516.3,0,saudavel,3.39
1634,F02-ALG,F02,Algodao,226.8,-17.34439,-49.77897,2024/2025,2024-11-14,319,13,germinacao,0.1969,0.1512,30.94,53.02,40.6,28.53,71.85,50.14,24334.2,0,saudavel,3.39
1635,F02-ALG,F02,Algodao,226.8,-17.34439,-49.77897,2024/2025,2024-11-15,320,14,germinacao,0.1897,0.197,27.91,46.87,0.0,28.26,79.1,38.01,55956.7,0,saudavel,3.39
1636,F02-ALG,F02,Algodao,226.8,-17.34439,-49.77897,2024/2025,2024-11-16,321,15,vegetativo,0.2293,0.151,29.95,52.82,23.11,28.35,71.15,43.18,33400.2,0,saudavel,3.39
1637,F02-ALG,F02,Algodao,226.8,-17.34439,-49.77897,2024/2025,2024-11-17,322,16,vegetativo,0.2249,0.1862,30.74,63.83,33.99,27.5,74.01,54.62,31506.6,0,saudavel,3.39
1638,F02-ALG,F02,Algodao,226.8,-17.34439,-49.77897,2024/2025,2024-11-18,323,17,vegetativo,0.1815,0.158,31.52,61.35,9.15,28.46,70.68,49.83,51792.9,0,saudavel,3.39
1639,F02-ALG,F02,Algodao,226.8,-17.34439,-49.77897,2024/2025,2024-11-19,324,18,vegetativo,0.2292,0.223,30.11,54.71,0.0,,79.38,38.51,57567.2,0,saudavel,3.39
1640,F02-ALG,F02,Algodao,226.8,-17.34439,-49.77897,2024/2025,2024-11-20,325,19,vegetativo,0.2344,0.1912,26.06,48.99,0.0,24.12,76.69,29.4,57358.0,1,saudavel,3.39
1641,F02-ALG,F02,Algodao,226.8,-17.34439,-49.77897,2024/2025,2024-11-21,326,20,vegetativo,0.199,0.2224,29.22,43.53,0.0,25.34,71.87,22.69,52279.7,1,saudavel,3.39
1642,F02-ALG,F02,Algodao,226.8,-17.34439,-49.77897,2024/2025,2024-11-22,327,21,vegetativo,0.205,0.1895,28.56,38.42,0.0,26.12,75.37,19.24,61876.5,1,saudavel,3.39
1643,F02-ALG,F02,Algodao,226.8,-17.34439,-49.77897,2024/2025,2024-11-23,328,22,vegetativo,0.206,0.1278,27.69,44.7,21.97,26.21,74.19,28.04,35555.1,0,saudavel,3.39
1644,F02-ALG,F02,Algodao,226.8,-17.34439,-49.77897,2024/2025,2024-11-24,329,23,vegetativo,0.1974,0.1388,29.86,55.64,32.47,26.78,82.13,41.46,28538.8,0,saudavel,3.39
1645,F02-ALG,F02,Algodao,226.8,-17.34439,-49.77897,2024/2025,2024-11-25,330,24,vegetativo,0.2031,0.1774,28.03,49.7,0.0,24.94,76.15,34.98,61000.0,0,saudavel,3.39
1646,F02-ALG,F02,Algodao,226.8,-17.34439,-49.77897,2024/2025,2024-11-26,331,25,vegetativo,0.2445,0.1849,31.49,43.81,0.0,29.06,67.09,28.18,58825.9,1,saudavel,3.39
1647,F02-ALG,F02,Algodao,226.8,-17.34439,-49.77897,2024/2025,2024-11-27,332,26,vegetativo,0.2314,0.2076,27.31,38.75,0.0,25.8,78.56,22.87,61387.0,1,saudavel,3.39
1648,F02-ALG,F02,Algodao,226.8,-17.34439,-49.77897,2024/2025,2024-11-28,333,27,vegetativo,0.2166,0.175,28.17,51.26,34.37,25.84,85.06,38.29,31066.2,0,saudavel,3.39
1649,F02-ALG,F02,Algodao,226.8,-17.34439,-49.77897,2024/2025,2024-11-29,334,28,vegetativo,0.2147,0.1586,28.21,45.71,0.0,24.75,82.87,28.62,59254.1,1,saudavel,3.39
1650,F02-ALG,F02,Algodao,226.8,-17.34439,-49.77897,2024/2025,2024-11-30,335,29,vegetativo,0.2242,0.1713,26.61,46.34,11.29,24.15,71.82,26.28,48641.4,0,saudavel,3.39
1651,F02-ALG,F02,Algodao,226.8,-17.34439,-49.77897,2024/2025,2024-12-01,336,30,vegetativo,0.2429,0.2235,25.7,41.15,0.0,25.37,75.35,21.08,55518.4,1,saudavel,3.39
1652,F02-ALG,F02,Algodao,226.8,-17.34439,-49.77897,2024/2025,2024-12-02,337,31,vegetativo,0.2719,0.1907,26.42,36.41,0.0,25.5,76.55,15.51,58553.0,1,saudavel,3.39
1653,F02-ALG,F02,Algodao,226.8,-17.34439,-49.77897,2024/2025,2024-12-03,338,32,vegetativo,0.2446,0.2288,26.35,32.03,0.0,25.23,76.86,8.12,62359.3,1,saudavel,3.39
1654,F02-ALG,F02,Algodao,226.8,-17.34439,-49.77897,2024/2025,2024-12-04,339,33,vegetativo,0.2888,0.267,28.39,27.78,0.0,27.74,77.43,6.26,56512.6,1,saudavel,3.39
1655,F02-ALG,F02,Algodao,226.8,-17.34439,-49.77897,2024/2025,2024-12-05,340,34,vegetativo,0.2845,0.2352,24.29,24.18,0.0,24.97,75.55,5.0,57158.0,1,saudavel,3.39
1656,F02-ALG,F02,Algodao,226.8,-17.34439,-49.77897,2024/2025,2024-12-06,341,35,vegetativo,0.294,0.2218,28.17,20.9,0.0,24.92,72.79,,56754.2,1,saudavel,3.39
1657,F02-ALG,F02,Algodao,226.8,-17.34439,-49.77897,2024/2025,2024-12-07,342,36,vegetativo,0.3231,0.2857,26.39,17.77,0.0,26.17,81.44,5.0,59936.5,1,saudavel,3.39
1658,F02-ALG,F02,Algodao,226.8,-17.34439,-49.77897,2024/2025,2024-12-08,343,37,vegetativo,0.3318,0.2723,24.8,21.44,12.68,24.59,72.09,5.0,51171.8,0,saudavel,3.39
1659,F02-ALG,F02,Algodao,226.8,-17.34439,-49.77897,2024/2025,2024-12-09,344,38,vegetativo,0.3,0.2247,24.91,23.08,9.55,25.56,73.18,8.49,51777.0,0,atencao,3.39
1660,F02-ALG,F02,Algodao,226.8,-17.34439,-49.77897,2024/2025,2024-12-10,345,39,vegetativo,0.3205,0.3106,24.71,20.19,0.0,22.73,73.3,5.53,53158.7,1,saudavel,3.39
1661,F02-ALG,F02,Algodao,226.8,-17.34439,-49.77897,2024/2025,2024-12-11,346,40,vegetativo,0.3526,0.282,23.37,17.59,0.0,22.63,82.12,5.0,61694.4,1,saudavel,3.39
1662,F02-ALG,F02,Algodao,226.8,-17.34439,-49.77897,2024/2025,2024-12-12,347,41,vegetativo,0.3801,0.2936,24.85,14.99,0.0,24.62,78.46,5.0,58474.9,1,saudavel,3.39
1663,F02-ALG,F02,Algodao,226.8,-17.34439,-49.77897,2024/2025,2024-12-13,348,42,vegetativo,0.4168,0.36,23.94,23.06,20.64,23.99,82.78,13.97,40786.6,0,saudavel,3.39
1664,F02-ALG,F02,Algodao,226.8,-17.34439,-49.77897,2024/2025,2024-12-14,349,43,vegetativo,0.408,0.3455,23.93,43.14,45.76,23.02,75.06,38.88,29495.5,0,saudavel,3.39
1665,F02-ALG,F02,Algodao,226.8,-17.34439,-49.77897,2024/2025,2024-12-15,350,44,vegetativo,0.4587,0.4196,23.7,39.42,1.5,24.31,72.0,32.59,55839.5,0,saudavel,3.39
1666,F02-ALG,F02,Algodao,226.8,-17.34439,-49.77897,2024/2025,2024-12-16,351,45,vegetativo,0.4288,0.3569,22.49,35.18,0.0,24.34,76.07,,59735.8,1,saudavel,3.39
1667,F02-ALG,F02,Algodao,226.8,-17.34439,-49.77897,2024/2025,2024-12-17,352,46,vegetativo,0.451,0.3759,21.51,41.93,20.85,22.86,78.3,30.31,37802.6,0,saudavel,3.39
1668,F02-ALG,F02,Algodao,226.8,-17.34439,-49.77897,2024/2025,2024-12-18,353,47,vegetativo,0.4746,0.4101,21.43,47.86,20.27,23.04,80.19,38.62,40641.2,0,saudavel,3.39
1669,F02-ALG,F02,Algodao,226.8,-17.34439,-49.77897,2024/2025,2024-12-19,354,48,vegetativo,0.4836,0.415,23.96,55.23,24.31,24.04,70.16,47.13,33029.9,0,saudavel,3.39
1670,F02-ALG,F02,Algodao,226.8,-17.34439,-49.77897,2024/2025,2024-12-20,355,49,vegetativo,0.5423,0.4655,22.13,66.23,32.12,22.08,82.17,59.42,26625.7,0,saudavel,3.39
1671,F02-ALG,F02,Algodao,226.8,-17.34439,-49.77897,2024/2025,2024-12-21,356,50,vegetativo,0.4827,0.4158,23.73,78.25,36.22,22.6,75.02,71.52,32194.7,0,atencao,3.39
1672,F02-ALG,F02,Algodao,226.8,-17.34439,-49.77897,2024/2025,2024-12-22,357,51,vegetativo,0.5468,0.4681,21.65,71.11,0.0,24.21,75.32,56.46,,0,saudavel,3.39
1673,F02-ALG,F02,Algodao,226.8,-17.34439,-49.77897,2024/2025,2024-12-23,358,52,vegetativo,0.5982,0.5001,22.51,65.76,2.06,23.27,85.0,46.35,59650.7,1,saudavel,3.39
1674,F02-ALG,F02,Algodao,226.8,-17.34439,-49.77897,2024/2025,2024-12-24,359,53,floracao,0.5868,0.5155,20.59,75.16,30.57,22.49,68.71,56.96,28028.8,0,saudavel,3.39
1675,F02-ALG,F02,Algodao,226.8,-17.34439,-49.77897,2024/2025,2024-12-25,360,54,floracao,0.6318,0.5298,22.98,83.34,29.31,21.75,81.69,66.43,28427.9,0,saudavel,3.39
1676,F02-ALG,F02,Algodao,226.8,-17.34439,-49.77897,2024/2025,2024-12-26,361,55,floracao,0.6708,0.5863,20.82,79.57,6.53,21.48,81.84,58.87,51323.6,1,saudavel,3.39
1677,F02-ALG,F02,Algodao,226.8,-17.34439,-49.77897,2024/2025,2024-12-27,362,56,floracao,0.6442,0.5753,22.6,72.65,0.0,22.7,75.43,46.16,62518.9,0,saudavel,3.39
1678,F02-ALG,F02,Algodao,226.8,-17.34439,-49.77897,2024/2025,2024-12-28,363,57,floracao,0.6809,0.5652,24.51,65.96,0.0,25.83,75.41,37.89,57326.0,0,saudavel,3.39
1679,F02-ALG,F02,Algodao,226.8,-17.34439,-49.77897,2024/2025,2024-12-29,364,58,floracao,0.72,0.6601,21.44,60.14,0.0,23.54,85.12,27.84,62400.6,1,saudavel,3.39
1680,F02-ALG,F02,Algodao,226.8,-17.34439,-49.77897,2024/2025,2024-12-30,365,59,floracao,0.6928,0.5746,17.96,55.09,0.0,20.59,90.6,22.05,61600.3,1,saudavel,3.39
1681,F02-ALG,F02,Algodao,226.8,-17.34439,-49.77897,2024/2025,2024-12-31,366,60,floracao,0.6961,0.5776,20.69,72.15,44.09,23.55,84.33,44.27,33525.5,0,saudavel,3.39
1682,F02-ALG,F02,Algodao,226.8,-17.34439,-49.77897,2024/2025,2025-01-01,1,61,floracao,0.7265,0.6284,18.02,66.1,0.0,21.35,89.75,34.66,62814.1,0,saudavel,3.39
1683,F02-ALG,F02,Algodao,226.8,-17.34439,-49.77897,2024/2025,2025-01-02,2,62,floracao,0.7427,0.6401,20.32,70.08,19.28,22.39,76.24,43.36,42045.0,0,saudavel,3.39
1684,F02-ALG,F02,Algodao,226.8,-17.34439,-49.77897,2024/2025,2025-01-03,3,63,floracao,0.728,0.6202,20.42,64.2,0.0,21.41,72.36,32.99,55070.3,0,saudavel,3.39
1685,F02-ALG,F02,Algodao,226.8,-17.34439,-49.77897,2024/2025,2025-01-04,4,64,floracao,0.728,0.6351,22.32,58.33,0.0,25.23,77.69,24.86,61223.5,1,saudavel,3.39
1686,F02-ALG,F02,Algodao,226.8,-17.34439,-49.77897,2024/2025,2025-01-05,5,65,floracao,0.7801,0.6681,16.65,72.53,38.14,20.4,84.86,45.69,29998.3,0,saudavel,3.39
1687,F02-ALG,F02,Algodao,226.8,-17.34439,-49.77897,2024/2025,2025-01-06,6,66,floracao,0.7477,0.6769,18.26,66.83,0.95,22.47,70.29,36.89,57151.9,0,saudavel,3.39
1688,F02-ALG,F02,Algodao,226.8,-17.34439,-49.77897,2024/2025,2025-01-07,7,67,floracao,0.7837,0.6651,18.07,62.6,2.64,20.87,75.87,31.94,60591.2,1,saudavel,3.39
1689,F02-ALG,F02,Algodao,226.8,-17.34439,-49.77897,2024/2025,2025-01-08,8,68,floracao,0.7712,0.6384,21.2,83.09,51.77,,75.17,61.48,29046.0,0,saudavel,3.39
1690,F02-ALG,F02,Algodao,226.8,-17.34439,-49.77897,2024/2025,2025-01-09,9,69,floracao,0.8079,0.6757,20.16,79.58,6.77,22.15,81.45,55.48,50649.9,0,saudavel,3.39
1691,F02-ALG,F02,Algodao,226.8,-17.34439,-49.77897,2024/2025,2025-01-10,10,70,floracao,0.7593,0.6548,22.04,72.73,0.0,23.5,79.96,44.16,62139.8,0,saudavel,3.39
1692,F02-ALG,F02,Algodao,226.8,-17.34439,-49.77897,2024/2025,2025-01-11,11,71,floracao,0.7636,0.6588,20.14,76.76,20.41,22.6,75.45,48.8,37476.0,0,saudavel,3.39
1693,F02-ALG,F02,Algodao,226.8,-17.34439,-49.77897,2024/2025,2025-01-12,12,72,floracao,0.8017,0.6855,17.26,70.42,0.0,20.39,81.51,40.56,56773.5,0,saudavel,3.39
1694,F02-ALG,F02,Algodao,226.8,-17.34439,-49.77897,2024/2025,2025-01-13,13,73,floracao,0.7655,0.6336,24.1,72.72,17.35,25.71,71.64,44.53,38109.3,0,saudavel,3.39
1695,F02-ALG,F02,Algodao,226.8,-17.34439,-49.77897,2024/2025,2025-01-14,14,74,floracao,0.7935,0.6966,17.82,71.39,9.49,22.07,77.37,42.38,46559.5,0,saudavel,3.39
1696,F02-ALG,F02,Algodao,226.8,-17.34439,-49.77897,2024/2025,2025-01-15,15,75,floracao,0.8248,0.7399,16.46,67.78,4.59,20.32,74.17,38.01,51440.6,0,saudavel,3.39
1697,F02-ALG,F02,Algodao,226.8,-17.34439,-49.77897,2024/2025,2025-01-16,16,76,floracao,0.7606,0.6471,20.23,68.05,11.84,21.37,79.06,39.12,48361.4,0,saudavel,3.39
1698,F02-ALG,F02,Algodao,226.8,-17.34439,-49.77897,2024/2025,2025-01-17,17,77,floracao,0.8064,0.7216,17.58,66.48,8.19,21.92,75.42,36.98,46829.5,0,saudavel,3.39
1699,F02-ALG,F02,Algodao,226.8,-17.34439,-49.77897,2024/2025,2025-01-18,18,78,floracao,0.8243,0.718,18.32,63.1,4.28,21.77,82.9,31.94,47922.6,0,saudavel,3.39
1700,F02-ALG,F02,Algodao,226.8,-17.34439,-49.77897,2024/2025,2025-01-19,19,79,floracao,0.8011,0.7253,18.96,68.49,21.26,21.54,79.39,40.86,37992.0,0,saudavel,3.39
1701,F02-ALG,F02,Algodao,226.8,-17.34439,-49.77897,2024/2025,2025-01-20,20,80,floracao,0.7843,0.6761,19.18,70.3,15.15,22.16,77.95,43.43,40898.2,0,saudavel,3.39
1702,F02-ALG,F02,Algodao,226.8,-17.34439,-49.77897,2024/2025,2025-01-21,21,81,floracao,0.7987,0.6816,19.88,64.45,0.0,21.92,87.99,32.19,57031.4,0,saudavel,3.39
1703,F02-ALG,F02,Algodao,226.8,-17.34439,-49.77897,2024/2025,2025-01-22,22,82,floracao,0.788,0.6866,17.7,59.09,0.0,19.26,82.59,24.89,60740.9,1,saudavel,3.39
1704,F02-ALG,F02,Algodao,226.8,-17.34439,-49.77897,2024/2025,2025-01-23,23,83,frutificacao,0.8067,0.677,20.83,58.9,9.93,23.61,76.14,25.59,47536.7,0,saudavel,3.39
1705,F02-ALG,F02,Algodao,226.8,-17.34439,-49.77897,2024/2025,2025-01-24,24,84,frutificacao,0.8002,0.6883,21.51,53.79,0.0,23.32,75.16,20.17,61033.5,1,saudavel,3.39
1706,F02-ALG,F02,Algodao,226.8,-17.34439,-49.77897,2024/2025,2025-01-25,25,85,frutificacao,0.7956,0.7029,17.4,49.29,0.0,21.49,73.19,18.08,56097.9,1,saudavel,3.39
1707,F02-ALG,F02,Algodao,226.8,-17.34439,-49.77897,2024/2025,2025-01-26,26,86,frutificacao,0.8152,0.7093,16.77,51.18,12.07,20.27,79.41,27.22,47830.5,0,saudavel,3.39
1708,F02-ALG,F02,Algodao,226.8,-17.34439,-49.77897,2024/2025,2025-01-27,27,87,frutificacao,0.8373,0.7111,19.08,66.78,39.79,20.21,81.22,44.24,26299.0,0,saudavel,3.39
1709,F02-ALG,F02,Algodao,226.8,-17.34439,-49.77897,2024/2025,2025-01-28,28,88,frutificacao,0.8119,0.6941,18.2,73.14,23.8,19.56,70.41,51.94,33907.1,0,saudavel,3.39
1710,F02-ALG,F02,Algodao,226.8,-17.34439,-49.77897,2024/2025,2025-01-29,29,89,frutificacao,0.8316,0.722,14.92,70.11,6.04,19.68,72.99,46.36,47060.6,0,saudavel,3.39
1711,F02-ALG,F02,Algodao,226.8,-17.34439,-49.77897,2024/2025,2025-01-30,30,90,frutificacao,0.8355,0.7247,13.08,64.3,0.0,16.62,78.97,37.49,52772.7,0,saudavel,3.39
1712,F02-ALG,F02,Algodao,226.8,-17.34439,-49.77897,2024/2025,2025-01-31,31,91,frutificacao,0.7911,0.6875,19.13,58.89,0.0,22.12,72.66,31.21,54309.2,1,saudavel,3.39
1713,F02-ALG,F02,Algodao,226.8,-17.34439,-49.77897,2024/2025,2025-02-01,32,92,frutificacao,0.8071,0.6928,18.67,53.98,0.0,21.51,78.63,25.55,50760.8,1,saudavel,3.39
1714,F02-ALG,F02,Algodao,226.8,-17.34439,-49.77897,2024/2025,2025-02-02,33,93,frutificacao,0.7916,0.6564,15.31,50.57,2.23,17.16,81.82,21.6,52959.5,1,saudavel,3.39
1715,F02-ALG,F02,Algodao,226.8,-17.34439,-49.77897,2024/2025,2025-02-03,34,94,frutificacao,0.7687,0.6401,19.86,46.33,0.0,20.94,77.92,17.5,53350.5,1,saudavel,3.39
1716,F02-ALG,F02,Algodao,226.8,-17.34439,-49.77897,2024/2025,2025-02-04,35,95,frutificacao,0.8034,0.6921,16.33,48.83,12.83,19.52,82.02,23.26,43167.0,0,saudavel,3.39
1717,F02-ALG,F02,Algodao,226.8,-17.34439,-49.77897,2024/2025,2025-02-05,36,96,frutificacao,0.7728,0.6735,17.34,50.6,11.75,19.17,76.45,27.14,39287.8,0,saudavel,3.39
1718,F02-ALG,F02,Algodao,226.8,-17.34439,-49.77897,2024/2025,2025-02-06,37,97,frutificacao,0.8008,0.6948,17.58,57.31,21.91,20.14,78.44,36.52,36060.4,0,saudavel,3.39
1719,F02-ALG,F02,Algodao,226.8,-17.34439,-49.77897,2024/2025,2025-02-07,38,98,frutificacao,0.7569,0.6299,13.89,52.53,0.0,16.72,75.58,28.81,58322.8,1,saudavel,3.39
1720,F02-ALG,F02,Algodao,226.8,-17.34439,-49.77897,2024/2025,2025-02-08,39,99,frutificacao,0.788,0.6668,14.46,48.12,0.0,19.25,80.38,27.6,57421.6,1,saudavel,3.39
1721,F02-ALG,F02,Algodao,226.8,-17.34439,-49.77897,2024/2025,2025-02-09,40,100,frutificacao,0.7492,0.6134,17.6,44.07,0.0,19.33,,22.91,58401.6,1,saudavel,3.39
1722,F02-ALG,F02,Algodao,226.8,-17.34439,-49.77897,2024/2025,2025-02-10,41,101,frutificacao,0.7897,0.6435,16.76,40.35,0.0,19.27,72.7,19.67,52541.0,1,saudavel,3.39
1723,F02-ALG,F02,Algodao,226.8,-17.34439,-49.77897,2024/2025,2025-02-11,42,102,frutificacao,0.7635,0.6506,14.55,37.84,1.84,17.03,79.13,16.3,49474.7,1,saudavel,3.39
1724,F02-ALG,F02,Algodao,226.8,-17.34439,-49.77897,2024/2025,2025-02-12,43,103,frutificacao,0.7561,0.6699,15.91,47.66,26.09,19.7,77.98,30.35,30765.8,0,saudavel,3.39
1725,F02-ALG,F02,Algodao,226.8,-17.34439,-49.77897,2024/2025,2025-02-13,44,104,frutificacao,0.7824,0.667,19.48,43.65,0.0,20.56,78.93,24.9,50847.1,1,saudavel,3.39
1726,F02-ALG,F02,Algodao,226.8,-17.34439,-49.77897,2024/2025,2025-02-14,45,105,frutificacao,0.7467,0.6729,16.96,39.96,0.0,19.53,79.59,17.29,46049.0,1,saudavel,3.39
1727,F02-ALG,F02,Algodao,226.8,-17.34439,-49.77897,2024/2025,2025-02-15,46,106,frutificacao,0.748,0.6325,14.64,36.56,0.0,18.52,74.86,12.84,53433.0,1,saudavel,3.39
1728,F02-ALG,F02,Algodao,226.8,-17.34439,-49.77897,2024/2025,2025-02-16,47,107,frutificacao,0.7337,0.6242,18.94,38.19,9.99,22.84,79.55,15.35,41535.2,0,saudavel,3.39
1729,F02-ALG,F02,Algodao,226.8,-17.34439,-49.77897,2024/2025,2025-02-17,48,108,frutificacao,0.7389,0.6082,15.4,34.93,0.0,17.37,81.48,11.43,45972.1,1,saudavel,3.39
1730,F02-ALG,F02,Algodao,226.8,-17.34439,-49.77897,2024/2025,2025-02-18,49,109,frutificacao,0.7399,0.622,17.92,37.94,12.01,19.87,73.6,15.31,38525.8,0,saudavel,3.39
1731,F02-ALG,F02,Algodao,226.8,-17.34439,-49.77897,2024/2025,2025-02-19,50,110,frutificacao,0.7252,0.5926,16.03,40.4,11.39,19.02,71.87,19.76,39682.7,0,saudavel,3.39
1732,F02-ALG,F02,Algodao,226.8,-17.34439,-49.77897,2024/2025,2025-02-20,51,111,frutificacao,0.6877,0.5537,19.9,41.65,9.69,21.63,72.62,24.12,41499.4,0,saudavel,3.39
1733,F02-ALG,F02,Algodao,226.8,-17.34439,-49.77897,2024/2025,2025-02-21,52,112,frutificacao,0.709,0.5792,17.44,43.68,11.14,19.15,69.84,26.95,40084.3,0,saudavel,3.39
1734,F02-ALG,F02,Algodao,226.8,-17.34439,-49.77897,2024/2025,2025-02-22,53,113,frutificacao,0.6533,0.557,17.69,39.97,0.0,19.43,77.92,20.04,52921.6,1,saudavel,3.39
1735,F02-ALG,F02,Algodao,226.8,-17.34439,-49.77897,2024/2025,2025-02-23,54,114,frutificacao,0.6427,0.5315,16.76,36.54,0.0,19.24,82.75,14.58,44627.9,1,saudavel,3.39
1736,F02-ALG,F02,Algodao,226.8,-17.34439,-49.77897,2024/2025,2025-02-24,55,115,frutificacao,0.64,0.534,16.06,35.75,4.76,16.86,85.21,14.17,43895.3,0,saudavel,3.39
1737,F02-ALG,F02,Algodao,226.8,-17.34439,-49.77897,2024/2025,2025-02-25,56,116,frutificacao,0.6478,0.5588,16.11,38.79,12.26,17.1,72.35,17.17,35427.3,0,saudavel,3.39
1738,F02-ALG,F02,Algodao,226.8,-17.34439,-49.77897,2024/2025,2025-02-26,57,117,frutificacao,0.5869,0.4679,17.24,35.37,0.0,17.96,81.05,14.12,51282.4,1,saudavel,3.39
1739,F02-ALG,F02,Algodao,226.8,-17.34439,-49.77897,2024/2025,2025-02-27,58,118,frutificacao,0.6109,0.5209,17.44,40.54,16.57,19.77,76.29,24.01,32467.4,0,saudavel,3.39
1740,F02-ALG,F02,Algodao,226.8,-17.34439,-49.77897,2024/2025,2025-02-28,59,119,frutificacao,0.5741,0.505,16.15,42.73,11.53,18.65,64.39,25.88,36811.9,0,saudavel,3.39
1741,F02-ALG,F02,Algodao,226.8,-17.34439,-49.77897,2024/2025,2025-03-01,60,120,frutificacao,0.5482,0.4847,17.1,48.05,18.24,17.96,74.96,32.7,35521.9,1,saudavel,3.39
1742,F02-ALG,F02,Algodao,226.8,-17.34439,-49.77897,2024/2025,2025-03-02,61,121,frutificacao,0.5601,0.4864,20.19,43.81,0.0,20.3,72.83,25.66,50147.3,1,saudavel,3.39
1743,F02-ALG,F02,Algodao,226.8,-17.34439,-49.77897,2024/2025,2025-03-03,62,122,frutificacao,0.503,0.4265,15.75,39.86,0.0,15.24,83.97,19.52,50250.1,1,saudavel,3.39
1744,F02-ALG,F02,Algodao,226.8,-17.34439,-49.77897,2024/2025,2025-03-04,63,123,frutificacao,0.5456,0.4513,15.92,48.24,23.91,16.24,72.78,31.33,22434.2,0,saudavel,3.39
1745,F02-ALG,F02,Algodao,226.8,-17.34439,-49.77897,2024/2025,2025-03-05,64,124,frutificacao,0.4772,0.404,13.67,43.9,0.0,14.42,80.87,24.07,46593.3,1,saudavel,3.39
1746,F02-ALG,F02,Algodao,226.8,-17.34439,-49.77897,2024/2025,2025-03-06,65,125,frutificacao,0.4647,0.4281,18.96,39.89,0.0,19.95,,17.87,45608.4,1,saudavel,3.39
1747,F02-ALG,F02,Algodao,226.8,-17.34439,-49.77897,2024/2025,2025-03-07,66,126,frutificacao,0.4738,0.4082,17.69,41.34,10.28,17.97,68.34,18.27,36681.2,0,saudavel,3.39
1748,F02-ALG,F02,Algodao,226.8,-17.34439,-49.77897,2024/2025,2025-03-08,67,127,frutificacao,0.4281,0.3618,19.69,37.48,0.0,19.55,71.69,14.35,44299.5,1,saudavel,3.39
1749,F02-ALG,F02,Algodao,226.8,-17.34439,-49.77897,2024/2025,2025-03-09,68,128,maturacao,0.4305,0.3772,19.15,33.93,0.0,17.92,82.91,12.65,47605.8,0,saudavel,3.39
1750,F02-ALG,F02,Algodao,226.8,-17.34439,-49.77897,2024/2025,2025-03-10,69,129,maturacao,0.3504,0.2989,19.97,30.54,0.0,19.6,73.19,10.56,46511.4,0,atencao,3.39
1751,F02-ALG,F02,Algodao,226.8,-17.34439,-49.77897,2024/2025,2025-03-11,70,130,maturacao,0.3641,0.314,18.19,27.44,0.0,17.86,79.45,,45732.2,0,saudavel,3.39
1752,F02-ALG,F02,Algodao,226.8,-17.34439,-49.77897,2024/2025,2025-03-12,71,131,maturacao,0.3651,0.3054,21.42,38.04,26.89,18.65,78.51,23.85,24179.0,0,saudavel,3.39
1753,F02-ALG,F02,Algodao,226.8,-17.34439,-49.77897,2024/2025,2025-03-13,72,132,maturacao,0.3638,0.301,20.7,34.34,0.0,18.42,71.97,19.98,49141.5,0,saudavel,3.39
1754,F02-ALG,F02,Algodao,226.8,-17.34439,-49.77897,2024/2025,2025-03-14,73,133,maturacao,0.3435,0.3119,18.55,30.91,0.0,18.52,67.55,13.84,40770.5,0,saudavel,3.39
1755,F02-ALG,F02,Algodao,226.8,-17.34439,-49.77897,2024/2025,2025-03-15,74,134,maturacao,0.3284,0.2402,23.05,31.53,7.73,20.54,66.81,16.44,31406.2,0,saudavel,3.39
1756,F02-ALG,F02,Algodao,226.8,-17.34439,-49.77897,2024/2025,2025-03-16,75,135,maturacao,0.3238,0.2848,15.53,28.29,0.0,15.57,82.62,15.01,40459.3,0,saudavel,3.39
1757,F02-ALG,F02,Algodao,226.8,-17.34439,-49.77897,2024/2025,2025-03-17,76,136,maturacao,0.3006,0.246,18.76,25.28,0.0,,74.54,12.09,41068.5,0,saudavel,3.39
1758,F02-ALG,F02,Algodao,226.8,-17.34439,-49.77897,2024/2025,2025-03-18,77,137,maturacao,0.2377,0.1639,19.84,22.41,0.0,18.3,64.68,11.31,44444.6,1,atencao,3.39
1759,F02-ALG,F02,Algodao,226.8,-17.34439,-49.77897,2024/2025,2025-03-19,78,138,maturacao,0.2996,0.2352,19.3,19.87,0.0,18.07,77.47,7.4,38641.3,0,saudavel,3.39
1760,F02-ALG,F02,Algodao,226.8,-17.34439,-49.77897,2024/2025,2025-03-20,79,139,maturacao,0.2451,0.2076,19.82,21.93,8.96,17.41,64.57,10.61,35339.7,0,saudavel,3.39
1761,F02-ALG,F02,Algodao,226.8,-17.34439,-49.77897,2024/2025,2025-03-21,80,140,maturacao,0.2599,0.2229,18.97,25.23,11.73,17.2,69.31,13.9,27305.4,0,saudavel,3.39
1762,F02-ALG,F02,Algodao,226.8,-17.34439,-49.77897,2024/2025,2025-03-22,81,141,maturacao,0.2498,0.2271,22.67,31.62,18.55,20.31,71.79,22.39,30249.4,0,saudavel,3.39
1763,F02-ALG,F02,Algodao,226.8,-17.34439,-49.77897,2024/2025,2025-03-23,82,142,maturacao,0.2403,0.2204,19.35,28.26,0.0,17.91,85.23,17.67,38933.8,0,saudavel,3.39
1764,F02-ALG,F02,Algodao,226.8,-17.34439,-49.77897,2024/2025,2025-03-24,83,143,maturacao,0.2111,0.1485,24.16,24.91,0.0,21.68,74.26,13.12,37525.8,0,atencao,3.39
1765,F02-ALG,F02,Algodao,226.8,-17.34439,-49.77897,2024/2025,2025-03-25,84,144,maturacao,0.1889,0.1681,21.21,22.0,0.0,18.83,69.28,8.85,44401.2,0,atencao,3.39
1766,F02-ALG,F02,Algodao,226.8,-17.34439,-49.77897,2024/2025,2025-03-26,85,145,maturacao,0.2026,0.1868,18.4,23.85,9.0,17.62,72.37,11.21,35206.1,0,atencao,3.39
1767,F02-ALG,F02,Algodao,226.8,-17.34439,-49.77897,2024/2025,2025-03-27,86,146,colheita,0.2346,0.2038,21.26,21.09,0.0,18.89,75.87,8.61,34165.3,0,saudavel,3.39
1768,F02-ALG,F02,Algodao,226.8,-17.34439,-49.77897,2024/2025,2025-03-28,87,147,colheita,0.1851,0.1674,20.67,18.48,0.0,18.24,78.58,5.62,36596.6,0,atencao,3.39
1769,F02-ALG,F02,Algodao,226.8,-17.34439,-49.77897,2024/2025,2025-03-29,88,148,colheita,0.1927,0.1252,21.66,16.08,0.0,20.11,68.92,5.0,44774.3,0,atencao,3.39
1770,F02-ALG,F02,Algodao,226.8,-17.34439,-49.77897,2024/2025,2025-03-30,89,149,colheita,0.2154,0.1633,18.0,13.91,0.0,16.37,71.12,5.0,42143.1,0,saudavel,3.39
1771,F02-FEI,F02,Feijao,50.5,-17.422,-49.82161,2023/2024,2023-10-09,282,0,germinacao,0.2118,0.1717,34.67,45.0,10.21,31.11,72.98,44.19,39099.6,0,saudavel,0.82
1772,F02-FEI,F02,Feijao,50.5,-17.422,-49.82161,2023/2024,2023-10-10,283,1,germinacao,0.192,0.1767,29.95,39.68,0.0,26.75,69.17,38.21,47404.4,1,saudavel,0.82
1773,F02-FEI,F02,Feijao,50.5,-17.422,-49.82161,2023/2024,2023-10-11,284,2,germinacao,0.2006,0.1616,33.36,34.3,0.0,30.89,70.15,25.43,43991.4,1,saudavel,0.82
1774,F02-FEI,F02,Feijao,50.5,-17.422,-49.82161,2023/2024,2023-10-12,285,3,germinacao,0.2134,0.1901,32.66,31.22,4.14,32.73,67.36,19.25,42561.7,0,saudavel,0.82
1775,F02-FEI,F02,Feijao,50.5,-17.422,-49.82161,2023/2024,2023-10-13,286,4,germinacao,0.1911,0.1627,31.23,26.82,0.0,28.24,65.98,13.61,44306.2,1,saudavel,0.82
1776,F02-FEI,F02,Feijao,50.5,-17.422,-49.82161,2023/2024,2023-10-14,287,5,germinacao,0.2016,0.1502,31.06,28.44,11.72,29.94,65.75,16.89,39529.8,1,saudavel,0.82
1777,F02-FEI,F02,Feijao,50.5,-17.422,-49.82161,2023/2024,2023-10-15,288,6,germinacao,0.2155,0.2156,30.56,24.25,0.0,28.72,65.73,11.07,47683.7,1,saudavel,0.82
1778,F02-FEI,F02,Feijao,50.5,-17.422,-49.82161,2023/2024,2023-10-16,289,7,germinacao,0.1745,0.1602,32.95,20.11,0.0,30.51,68.14,5.48,44345.8,1,atencao,0.82
1779,F02-FEI,F02,Feijao,50.5,-17.422,-49.82161,2023/2024,2023-10-17,290,8,germinacao,0.1883,0.1667,31.63,16.69,0.0,27.43,66.56,5.45,48141.0,1,saudavel,0.82
1780,F02-FEI,F02,Feijao,50.5,-17.422,-49.82161,2023/2024,2023-10-18,291,9,vegetativo,0.2509,0.2244,30.46,13.45,0.0,28.97,70.28,5.0,46294.4,1,saudavel,0.82
1781,F02-FEI,F02,Feijao,50.5,-17.422,-49.82161,2023/2024,2023-10-19,292,10,vegetativo,0.2163,0.148,31.42,10.21,0.0,30.79,69.2,5.0,53197.7,1,saudavel,0.82
1782,F02-FEI,F02,Feijao,50.5,-17.422,-49.82161,2023/2024,2023-10-20,293,11,vegetativo,0.2139,0.172,32.53,29.39,43.91,28.98,69.48,25.76,,0,saudavel,0.82
1783,F02-FEI,F02,Feijao,50.5,-17.422,-49.82161,2023/2024,2023-10-21,294,12,vegetativo,0.2271,0.1625,29.24,25.39,0.0,26.56,71.21,20.26,49080.9,1,saudavel,0.82
1784,F02-FEI,F02,Feijao,50.5,-17.422,-49.82161,2023/2024,2023-10-22,295,13,vegetativo,0.1893,0.1634,33.87,21.15,0.0,30.81,64.89,15.38,50003.0,1,atencao,0.82
1785,F02-FEI,F02,Feijao,50.5,-17.422,-49.82161,2023/2024,2023-10-23,296,14,vegetativo,0.2113,0.1861,30.53,17.74,0.0,26.94,68.81,10.67,53110.0,1,saudavel,0.82
1786,F02-FEI,F02,Feijao,50.5,-17.422,-49.82161,2023/2024,2023-10-24,297,15,vegetativo,0.2139,0.1847,32.74,14.37,0.0,28.94,60.85,5.0,49853.4,1,atencao,0.82
1787,F02-FEI,F02,Feijao,50.5,-17.422,-49.82161,2023/2024,2023-10-25,298,16,vegetativo,0.2544,0.2398,30.45,11.24,0.0,29.64,68.36,5.0,52951.5,1,saudavel,0.82
1788,F02-FEI,F02,Feijao,50.5,-17.422,-49.82161,2023/2024,2023-10-26,299,17,vegetativo,0.2527,0.1849,29.21,8.46,0.0,28.88,64.66,5.0,55407.2,1,saudavel,0.82
1789,F02-FEI,F02,Feijao,50.5,-17.422,-49.82161,2023/2024,2023-10-27,300,18,vegetativo,0.2785,0.2208,34.77,8.0,0.0,32.44,68.12,5.0,49797.6,1,saudavel,0.82
1790,F02-FEI,F02,Feijao,50.5,-17.422,-49.82161,2023/2024,2023-10-28,301,19,vegetativo,0.2896,0.2545,30.8,8.0,0.0,29.67,65.88,5.0,56500.2,1,saudavel,0.82
1791,F02-FEI,F02,Feijao,50.5,-17.422,-49.82161,2023/2024,2023-10-29,302,20,vegetativo,0.2853,0.2477,29.46,13.45,24.62,28.2,60.26,10.17,34635.5,0,atencao,0.82
1792,F02-FEI,F02,Feijao,50.5,-17.422,-49.82161,2023/2024,2023-10-30,303,21,vegetativo,0.3602,0.2799,28.97,10.59,0.0,29.33,81.26,5.89,52879.3,1,saudavel,0.82
1793,F02-FEI,F02,Feijao,50.5,-17.422,-49.82161,2023/2024,2023-10-31,304,22,vegetativo,0.3346,0.3083,30.25,8.0,0.0,28.67,69.4,5.0,51082.0,1,atencao,0.82
1794,F02-FEI,F02,Feijao,50.5,-17.422,-49.82161,2023/2024,2023-11-01,305,23,vegetativo,0.3849,0.358,29.29,8.0,1.06,28.35,78.15,5.0,52469.4,1,saudavel,0.82
1795,F02-FEI,F02,Feijao,50.5,-17.422,-49.82161,2023/2024,2023-11-02,306,24,vegetativo,0.4045,0.3524,28.78,15.6,22.91,28.58,68.3,14.44,32001.8,0,saudavel,0.82
1796,F02-FEI,F02,Feijao,50.5,-17.422,-49.82161,2023/2024,2023-11-03,307,25,vegetativo,0.4458,0.3488,26.09,12.92,0.0,27.49,80.24,10.99,50851.6,1,saudavel,0.82
1797,F02-FEI,F02,Feijao,50.5,-17.422,-49.82161,2023/2024,2023-11-04,308,26,vegetativo,0.5004,0.4285,29.09,38.75,56.64,28.39,65.62,42.73,28343.6,0,saudavel,0.82
1798,F02-FEI,F02,Feijao,50.5,-17.422,-49.82161,2023/2024,2023-11-05,309,27,vegetativo,0.5536,0.4773,26.5,36.54,4.25,27.23,73.1,36.99,46876.8,0,saudavel,0.82
1799,F02-FEI,F02,Feijao,50.5,-17.422,-49.82161,2023/2024,2023-11-06,310,28,vegetativo,0.529,0.4442,25.42,45.88,26.56,25.07,68.22,47.91,,0,saudavel,0.82
1800,F02-FEI,F02,Feijao,50.5,-17.422,-49.82161,2023/2024,2023-11-07,311,29,vegetativo,0.5787,0.5188,26.23,40.73,0.0,29.54,84.15,37.48,53282.6,1,saudavel,0.82
1801,F02-FEI,F02,Feijao,50.5,-17.422,-49.82161,2023/2024,2023-11-08,312,30,floracao,0.5821,0.4925,25.72,37.98,3.33,26.9,71.63,30.16,47384.8,0,saudavel,0.82
1802,F02-FEI,F02,Feijao,50.5,-17.422,-49.82161,2023/2024,2023-11-09,313,31,floracao,0.6296,0.5773,25.5,33.74,0.0,27.88,76.58,23.44,56721.8,1,saudavel,0.82
1803,F02-FEI,F02,Feijao,50.5,-17.422,-49.82161,2023/2024,2023-11-10,314,32,floracao,0.665,0.5809,24.5,40.59,21.05,26.45,75.7,32.46,35008.0,0,saudavel,0.82
1804,F02-FEI,F02,Feijao,50.5,-17.422,-49.82161,2023/2024,2023-11-11,315,33,floracao,0.698,0.5988,25.07,39.96,7.07,26.41,73.49,28.77,52607.8,0,saudavel,0.82
1805,F02-FEI,F02,Feijao,50.5,-17.422,-49.82161,2023/2024,2023-11-12,316,34,floracao,0.6566,0.5766,24.32,39.47,7.26,25.86,76.67,25.6,48001.8,1,saudavel,0.82
1806,F02-FEI,F02,Feijao,50.5,-17.422,-49.82161,2023/2024,2023-11-13,317,35,floracao,0.7239,0.6459,26.26,49.55,28.81,28.76,79.28,38.99,27718.3,0,saudavel,0.82
1807,F02-FEI,F02,Feijao,50.5,-17.422,-49.82161,2023/2024,2023-11-14,318,36,floracao,0.705,0.6173,26.7,44.36,0.0,29.03,75.8,31.61,53168.6,1,saudavel,0.82
1808,F02-FEI,F02,Feijao,50.5,-17.422,-49.82161,2023/2024,2023-11-15,319,37,floracao,0.7097,0.6018,23.25,53.34,27.05,27.2,74.51,45.43,30922.9,0,saudavel,0.82
1809,F02-FEI,F02,Feijao,50.5,-17.422,-49.82161,2023/2024,2023-11-16,320,38,floracao,0.7432,0.6185,22.67,48.23,0.0,26.27,76.98,37.16,56436.4,1,saudavel,0.82
1810,F02-FEI,F02,Feijao,50.5,-17.422,-49.82161,2023/2024,2023-11-17,321,39,floracao,0.7607,0.6241,22.72,43.78,0.0,24.45,85.19,27.89,58730.0,1,saudavel,0.82
1811,F02-FEI,F02,Feijao,50.5,-17.422,-49.82161,2023/2024,2023-11-18,322,40,floracao,0.7511,0.5896,24.82,41.68,4.89,28.09,71.47,27.75,52286.1,0,saudavel,0.82
1812,F02-FEI,F02,Feijao,50.5,-17.422,-49.82161,2023/2024,2023-11-19,323,41,floracao,0.735,0.6282,24.32,48.93,22.75,25.79,65.79,38.09,41603.6,0,saudavel,0.82
1813,F02-FEI,F02,Feijao,50.5,-17.422,-49.82161,2023/2024,2023-11-20,324,42,floracao,0.7575,0.6361,23.05,44.34,0.0,25.04,70.15,27.36,58448.8,1,saudavel,0.82
1814,F02-FEI,F02,Feijao,50.5,-17.422,-49.82161,2023/2024,2023-11-21,325,43,floracao,0.7468,0.6281,24.82,44.81,9.78,26.66,69.67,26.1,44970.0,0,saudavel,0.82
1815,F02-FEI,F02,Feijao,50.5,-17.422,-49.82161,2023/2024,2023-11-22,326,44,floracao,0.7743,0.6788,23.39,40.46,0.0,26.03,70.87,19.68,54222.7,1,saudavel,0.82
1816,F02-FEI,F02,Feijao,50.5,-17.422,-49.82161,2023/2024,2023-11-23,327,45,floracao,0.7839,0.664,20.66,36.7,0.0,24.16,72.28,16.71,59211.9,1,saudavel,0.82
1817,F02-FEI,F02,Feijao,50.5,-17.422,-49.82161,2023/2024,2023-11-24,328,46,floracao,0.7819,0.7025,21.08,34.34,2.22,24.27,76.44,10.88,52576.4,1,saudavel,0.82
1818,F02-FEI,F02,Feijao,50.5,-17.422,-49.82161,2023/2024,2023-11-25,329,47,frutificacao,0.7597,0.6343,24.55,39.43,17.41,26.75,76.42,18.93,42902.5,0,saudavel,0.82
1819,F02-FEI,F02,Feijao,50.5,-17.422,-49.82161,2023/2024,2023-11-26,330,48,frutificacao,0.78,0.6436,20.02,43.59,15.93,25.16,77.42,26.2,45349.9,0,saudavel,0.82
1820,F02-FEI,F02,Feijao,50.5,-17.422,-49.82161,2023/2024,2023-11-27,331,49,frutificacao,0.7337,0.5985,25.46,41.43,4.5,26.81,71.7,18.97,56626.3,0,saudavel,0.82
1821,F02-FEI,F02,Feijao,50.5,-17.422,-49.82161,2023/2024,2023-11-28,332,50,frutificacao,0.7851,0.6818,22.61,51.05,27.4,26.17,80.81,33.49,29112.9,0,saudavel,0.82
1822,F02-FEI,F02,Feijao,50.5,-17.422,-49.82161,2023/2024,2023-11-29,333,51,frutificacao,0.723,0.6376,24.83,45.96,0.0,27.43,77.86,27.45,61276.4,1,saudavel,0.82
1823,F02-FEI,F02,Feijao,50.5,-17.422,-49.82161,2023/2024,2023-11-30,334,52,frutificacao,0.6956,0.5793,22.17,41.59,0.0,24.51,84.94,20.34,59610.5,1,saudavel,0.82
1824,F02-FEI,F02,Feijao,50.5,-17.422,-49.82161,2023/2024,2023-12-01,335,53,frutificacao,0.7544,0.6199,23.18,37.47,0.0,26.01,80.46,13.92,56944.1,0,saudavel,0.82
1825,F02-FEI,F02,Feijao,50.5,-17.422,-49.82161,2023/2024,2023-12-02,336,54,frutificacao,0.7018,0.6271,22.88,61.38,55.66,26.51,74.26,45.09,28965.2,0,saudavel,0.82
1826,F02-FEI,F02,Feijao,50.5,-17.422,-49.82161,2023/2024,2023-12-03,337,55,frutificacao,0.705,0.5703,22.32,56.98,2.4,24.52,83.82,33.64,58053.6,1,saudavel,0.82
1827,F02-FEI,F02,Feijao,50.5,-17.422,-49.82161,2023/2024,2023-12-04,338,56,frutificacao,0.6664,0.5866,25.64,51.38,0.0,27.05,77.23,25.73,57088.6,1,saudavel,0.82
1828,F02-FEI,F02,Feijao,50.5,-17.422,-49.82161,2023/2024,2023-12-05,339,57,frutificacao,0.7159,0.5971,18.27,53.83,14.03,22.76,82.5,29.96,46268.9,0,saudavel,0.82
1829,F02-FEI,F02,Feijao,50.5,-17.422,-49.82161,2023/2024,2023-12-06,340,58,frutificacao,0.6839,0.5893,20.45,48.88,0.0,23.91,81.5,21.9,,1,saudavel,0.82
1830,F02-FEI,F02,Feijao,50.5,-17.422,-49.82161,2023/2024,2023-12-07,341,59,frutificacao,0.6544,0.5778,21.5,44.45,0.0,22.5,78.2,18.74,62285.3,1,saudavel,0.82
1831,F02-FEI,F02,Feijao,50.5,-17.422,-49.82161,2023/2024,2023-12-08,342,60,frutificacao,0.5986,0.5184,23.17,43.48,6.71,23.85,78.6,18.89,53070.7,0,saudavel,0.82
1832,F02-FEI,F02,Feijao,50.5,-17.422,-49.82161,2023/2024,2023-12-09,343,61,frutificacao,0.5875,0.4934,23.63,43.93,9.59,24.62,77.03,20.98,50736.2,0,saudavel,0.82
1833,F02-FEI,F02,Feijao,50.5,-17.422,-49.82161,2023/2024,2023-12-10,344,62,frutificacao,0.5358,0.4833,24.49,39.3,0.0,25.99,72.66,15.15,58010.4,1,saudavel,0.82
1834,F02-FEI,F02,Feijao,50.5,-17.422,-49.82161,2023/2024,2023-12-11,345,63,frutificacao,0.527,0.4537,24.38,35.22,0.0,24.41,67.22,12.32,58159.9,1,saudavel,0.82
1835,F02-FEI,F02,Feijao,50.5,-17.422,-49.82161,2023/2024,2023-12-12,346,64,frutificacao,0.4634,0.4676,22.27,37.33,11.76,23.65,,18.45,43429.9,0,saudavel,0.82
1836,F02-FEI,F02,Feijao,50.5,-17.422,-49.82161,2023/2024,2023-12-13,347,65,frutificacao,0.4706,0.3659,21.74,58.3,49.4,22.11,80.43,45.66,30653.9,0,saudavel,0.82
1837,F02-FEI,F02,Feijao,50.5,-17.422,-49.82161,2023/2024,2023-12-14,348,66,frutificacao,0.3979,0.3038,21.63,59.14,12.82,22.51,84.67,45.74,49106.1,0,saudavel,0.82
1838,F02-FEI,F02,Feijao,50.5,-17.422,-49.82161,2023/2024,2023-12-15,349,67,frutificacao,0.3701,0.3345,25.2,53.2,0.0,24.7,81.96,37.09,59675.6,1,saudavel,0.82
1839,F02-FEI,F02,Feijao,50.5,-17.422,-49.82161,2023/2024,2023-12-16,350,68,frutificacao,0.3398,0.2882,25.36,51.22,7.23,25.45,76.18,34.0,50065.2,0,saudavel,0.82
1840,F02-FEI,F02,Feijao,50.5,-17.422,-49.82161,2023/2024,2023-12-17,351,69,frutificacao,0.3276,0.2943,25.2,46.0,0.0,23.4,75.45,28.94,60148.6,1,saudavel,0.82
1841,F02-FEI,F02,Feijao,50.5,-17.422,-49.82161,2023/2024,2023-12-18,352,70,frutificacao,0.2933,0.2273,27.53,40.87,0.0,25.74,76.59,20.76,63997.3,1,saudavel,0.82
1842,F02-FEI,F02,Feijao,50.5,-17.422,-49.82161,2023/2024,2023-12-19,353,71,frutificacao,0.2909,0.2484,23.21,36.55,0.0,22.39,74.65,15.02,62681.5,1,saudavel,0.82
1843,F02-FEI,F02,Feijao,50.5,-17.422,-49.82161,2023/2024,2023-12-20,354,72,frutificacao,0.2544,0.2254,25.93,41.82,18.78,23.13,68.54,21.81,41132.5,0,saudavel,0.82
1844,F02-FEI,F02,Feijao,50.5,-17.422,-49.82161,2023/2024,2023-12-21,355,73,maturacao,0.2651,0.2145,23.81,60.06,45.53,23.15,71.41,47.03,36142.3,0,saudavel,0.82
1845,F02-FEI,F02,Feijao,50.5,-17.422,-49.82161,2023/2024,2023-12-22,356,74,maturacao,0.2673,0.2318,27.36,53.76,0.0,25.8,84.45,36.21,68093.0,0,saudavel,0.82
1846,F02-FEI,F02,Feijao,50.5,-17.422,-49.82161,2023/2024,2023-12-23,357,75,maturacao,0.2281,0.1667,24.94,48.17,0.0,23.61,88.2,26.97,58547.1,0,saudavel,0.82
1847,F02-FEI,F02,Feijao,50.5,-17.422,-49.82161,2023/2024,2023-12-24,358,76,maturacao,0.2623,0.2309,22.99,51.43,15.98,20.61,84.5,33.86,,0,saudavel,0.82
1848,F02-FEI,F02,Feijao,50.5,-17.422,-49.82161,2023/2024,2023-12-25,359,77,maturacao,0.2334,0.2273,27.17,45.91,0.0,24.63,78.04,28.65,62030.2,0,saudavel,0.82
1849,F02-FEI,F02,Feijao,50.5,-17.422,-49.82161,2023/2024,2023-12-26,360,78,maturacao,0.2478,0.1859,28.94,40.7,0.0,25.87,70.64,21.01,57183.3,0,saudavel,0.82
1850,F02-FEI,F02,Feijao,50.5,-17.422,-49.82161,2023/2024,2023-12-27,361,79,maturacao,0.199,0.1432,24.91,36.23,0.0,22.62,78.76,13.59,62435.5,1,saudavel,0.82
1851,F02-FEI,F02,Feijao,50.5,-17.422,-49.82161,2023/2024,2023-12-28,362,80,maturacao,0.1631,0.1624,21.12,32.19,0.0,21.55,83.27,12.46,60152.1,0,atencao,0.82
1852,F02-FEI,F02,Feijao,50.5,-17.422,-49.82161,2023/2024,2023-12-29,363,81,maturacao,0.1791,0.1259,26.05,28.19,0.0,24.09,82.84,9.07,60916.1,0,saudavel,0.82
1853,F02-FEI,F02,Feijao,50.5,-17.422,-49.82161,2023/2024,2023-12-30,364,82,maturacao,0.1785,0.1686,29.6,26.76,4.86,25.64,81.21,9.14,53186.1,0,saudavel,0.82
1854,F02-FEI,F02,Feijao,50.5,-17.422,-49.82161,2023/2024,2023-12-31,365,83,colheita,0.1695,0.1452,26.02,35.71,25.01,23.87,84.87,22.07,32448.2,1,atencao,0.82
1855,F02-FEI,F02,Feijao,50.5,-17.422,-49.82161,2023/2024,2024-01-01,1,84,colheita,0.143,0.1132,20.85,31.86,0.0,20.06,90.81,15.61,53668.2,0,atencao,0.82
1856,F02-FEI,F02,Feijao,50.5,-17.422,-49.82161,2024/2025,2024-10-09,283,0,germinacao,0.2093,0.1579,32.29,45.0,0.0,29.17,66.72,45.64,46451.5,0,saudavel,0.92
1857,F02-FEI,F02,Feijao,50.5,-17.422,-49.82161,2024/2025,2024-10-10,284,1,germinacao,0.1804,0.1508,32.41,41.11,3.91,30.98,64.81,37.64,44510.9,1,saudavel,0.92
1858,F02-FEI,F02,Feijao,50.5,-17.422,-49.82161,2024/2025,2024-10-11,285,2,germinacao,0.1705,0.1446,30.74,39.51,7.08,27.51,67.09,34.45,41503.5,0,saudavel,0.92
1859,F02-FEI,F02,Feijao,50.5,-17.422,-49.82161,2024/2025,2024-10-12,286,3,germinacao,0.1928,0.1532,32.27,41.55,14.44,29.31,65.37,36.38,36873.4,0,saudavel,0.92
1860,F02-FEI,F02,Feijao,50.5,-17.422,-49.82161,2024/2025,2024-10-13,287,4,germinacao,0.1723,0.1833,30.49,36.19,0.0,29.05,71.26,27.97,46064.5,1,saudavel,0.92
1861,F02-FEI,F02,Feijao,50.5,-17.422,-49.82161,2024/2025,2024-10-14,288,5,germinacao,0.2042,0.1793,28.99,31.57,0.0,26.95,68.93,22.96,50679.5,1,saudavel,0.92
1862,F02-FEI,F02,Feijao,50.5,-17.422,-49.82161,2024/2025,2024-10-15,289,6,germinacao,0.1966,0.149,32.6,27.12,0.0,28.5,64.88,16.36,46268.5,1,saudavel,0.92
1863,F02-FEI,F02,Feijao,50.5,-17.422,-49.82161,2024/2025,2024-10-16,290,7,germinacao,0.2435,0.1782,31.03,22.91,0.0,30.03,67.54,9.85,45459.8,1,saudavel,0.92
1864,F02-FEI,F02,Feijao,50.5,-17.422,-49.82161,2024/2025,2024-10-17,291,8,germinacao,0.222,0.1968,29.35,19.38,0.0,26.94,62.93,5.19,43421.0,1,saudavel,0.92
1865,F02-FEI,F02,Feijao,50.5,-17.422,-49.82161,2024/2025,2024-10-18,292,9,vegetativo,0.1739,0.1293,34.0,15.54,0.0,31.23,69.31,5.0,48101.4,1,atencao,0.92
1866,F02-FEI,F02,Feijao,50.5,-17.422,-49.82161,2024/2025,2024-10-19,293,10,vegetativo,0.1888,0.2035,32.02,12.21,0.0,29.76,64.59,5.0,52935.2,1,saudavel,0.92
1867,F02-FEI,F02,Feijao,50.5,-17.422,-49.82161,2024/2025,2024-10-20,294,11,vegetativo,0.1654,0.1492,30.3,9.14,0.0,29.52,65.2,5.0,48075.7,1,atencao,0.92
1868,F02-FEI,F02,Feijao,50.5,-17.422,-49.82161,2024/2025,2024-10-21,295,12,vegetativo,0.1665,0.1527,32.29,10.47,8.17,28.96,71.4,5.0,38851.5,0,atencao,0.92
1869,F02-FEI,F02,Feijao,50.5,-17.422,-49.82161,2024/2025,2024-10-22,296,13,vegetativo,0.2183,0.1905,29.29,11.09,6.4,27.25,68.0,5.0,45580.3,0,saudavel,0.92
1870,F02-FEI,F02,Feijao,50.5,-17.422,-49.82161,2024/2025,2024-10-23,297,14,vegetativo,0.2004,0.1928,31.15,8.36,0.0,27.85,68.1,5.0,48421.0,1,atencao,0.92
1871,F02-FEI,F02,Feijao,50.5,-17.422,-49.82161,2024/2025,2024-10-24,298,15,vegetativo,0.267,0.179,31.13,8.0,0.0,29.3,74.99,5.0,55321.2,1,saudavel,0.92
1872,F02-FEI,F02,Feijao,50.5,-17.422,-49.82161,2024/2025,2024-10-25,299,16,vegetativo,0.2692,0.2047,29.36,8.94,10.7,27.72,65.41,5.0,45105.3,0,saudavel,0.92
1873,F02-FEI,F02,Feijao,50.5,-17.422,-49.82161,2024/2025,2024-10-26,300,17,vegetativo,0.2547,0.2372,31.0,11.81,10.94,28.92,72.23,5.46,38110.5,0,saudavel,0.92
1874,F02-FEI,F02,Feijao,50.5,-17.422,-49.82161,2024/2025,2024-10-27,301,18,vegetativo,0.2701,0.2596,27.8,9.2,0.0,27.22,75.67,5.0,51040.1,1,saudavel,0.92
1875,F02-FEI,F02,Feijao,50.5,-17.422,-49.82161,2024/2025,2024-10-28,302,19,vegetativo,0.3255,0.252,31.8,8.0,0.0,29.18,75.75,5.0,49583.8,1,saudavel,0.92
1876,F02-FEI,F02,Feijao,50.5,-17.422,-49.82161,2024/2025,2024-10-29,303,20,vegetativo,0.3521,0.2629,29.68,8.0,0.0,29.22,80.94,5.0,48652.1,1,saudavel,0.92
1877,F02-FEI,F02,Feijao,50.5,-17.422,-49.82161,2024/2025,2024-10-30,304,21,vegetativo,0.3238,0.2786,26.64,8.0,0.0,25.92,69.0,5.0,52245.9,1,saudavel,0.92
1878,F02-FEI,F02,Feijao,50.5,-17.422,-49.82161,2024/2025,2024-10-31,305,22,vegetativo,0.3486,0.306,30.54,8.0,0.0,28.39,66.55,5.0,55144.6,1,saudavel,0.92
1879,F02-FEI,F02,Feijao,50.5,-17.422,-49.82161,2024/2025,2024-11-01,306,23,vegetativo,0.3934,0.3374,26.64,8.0,0.0,25.93,76.61,5.0,52716.8,1,saudavel,0.92
1880,F02-FEI,F02,Feijao,50.5,-17.422,-49.82161,2024/2025,2024-11-02,307,24,vegetativo,0.4395,0.3724,25.16,8.0,0.0,25.35,77.74,5.0,51681.5,1,saudavel,0.92
1881,F02-FEI,F02,Feijao,50.5,-17.422,-49.82161,2024/2025,2024-11-03,308,25,vegetativo,0.4531,0.3481,27.51,8.76,23.64,27.17,68.15,6.26,,0,saudavel,0.92
1882,F02-FEI,F02,Feijao,50.5,-17.422,-49.82161,2024/2025,2024-11-04,309,26,vegetativo,0.5054,0.4221,32.26,8.0,0.0,32.18,71.68,5.0,51755.6,1,saudavel,0.92
1883,F02-FEI,F02,Feijao,50.5,-17.422,-49.82161,2024/2025,2024-11-05,310,27,vegetativo,0.5679,0.4782,27.85,8.0,0.0,29.07,84.89,5.0,55663.6,1,saudavel,0.92
1884,F02-FEI,F02,Feijao,50.5,-17.422,-49.82161,2024/2025,2024-11-06,311,28,vegetativo,0.5321,0.4413,30.05,8.0,0.0,29.92,71.44,5.0,50232.9,1,saudavel,0.92
1885,F02-FEI,F02,Feijao,50.5,-17.422,-49.82161,2024/2025,2024-11-07,312,29,vegetativo,0.5809,0.4554,26.17,8.0,0.0,28.67,76.44,5.0,58352.5,1,saudavel,0.92
1886,F02-FEI,F02,Feijao,50.5,-17.422,-49.82161,2024/2025,2024-11-08,313,30,floracao,0.5894,0.5126,26.94,14.13,29.43,27.98,80.27,10.99,26140.8,0,saudavel,0.92
1887,F02-FEI,F02,Feijao,50.5,-17.422,-49.82161,2024/2025,2024-11-09,314,31,floracao,0.625,0.5486,28.11,11.66,0.0,28.93,84.48,5.0,55564.3,1,saudavel,0.92
1888,F02-FEI,F02,Feijao,50.5,-17.422,-49.82161,2024/2025,2024-11-10,315,32,floracao,0.6577,0.5431,25.25,9.73,0.0,26.55,74.76,5.0,54017.9,1,saudavel,0.92
1889,F02-FEI,F02,Feijao,50.5,-17.422,-49.82161,2024/2025,2024-11-11,316,33,floracao,0.6681,0.5642,23.87,19.6,23.64,28.13,78.99,20.16,30072.2,0,saudavel,0.92
1890,F02-FEI,F02,Feijao,50.5,-17.422,-49.82161,2024/2025,2024-11-12,317,34,floracao,0.7094,0.5931,26.59,18.46,3.31,29.1,68.34,18.62,53919.2,0,saudavel,0.92
1891,F02-FEI,F02,Feijao,50.5,-17.422,-49.82161,2024/2025,2024-11-13,318,35,floracao,0.7159,0.5988,24.64,15.86,0.0,28.3,73.03,15.51,54088.4,1,saudavel,0.92
1892,F02-FEI,F02,Feijao,50.5,-17.422,-49.82161,2024/2025,2024-11-14,319,36,floracao,0.7305,0.6308,27.74,20.01,13.21,29.03,70.37,20.7,41243.9,0,saudavel,0.92
1893,F02-FEI,F02,Feijao,50.5,-17.422,-49.82161,2024/2025,2024-11-15,320,37,floracao,0.7279,0.6291,24.41,17.42,0.0,27.35,64.31,16.08,49173.9,1,saudavel,0.92
1894,F02-FEI,F02,Feijao,50.5,-17.422,-49.82161,2024/2025,2024-11-16,321,38,floracao,0.7376,0.6484,28.06,14.79,0.0,29.52,64.55,11.71,60412.7,1,saudavel,0.92
1895,F02-FEI,F02,Feijao,50.5,-17.422,-49.82161,2024/2025,2024-11-17,322,39,floracao,0.7411,0.651,22.7,12.73,0.0,26.58,76.61,7.09,,1,saudavel,0.92
1896,F02-FEI,F02,Feijao,50.5,-17.422,-49.82161,2024/2025,2024-11-18,323,40,floracao,0.7481,0.6324,27.64,10.43,0.0,29.98,74.79,5.19,60213.3,1,saudavel,0.92
1897,F02-FEI,F02,Feijao,50.5,-17.422,-49.82161,2024/2025,2024-11-19,324,41,floracao,0.7652,0.7073,24.69,8.64,0.0,27.57,,5.0,58940.8,1,saudavel,0.92
1898,F02-FEI,F02,Feijao,50.5,-17.422,-49.82161,2024/2025,2024-11-20,325,42,floracao,0.7211,0.6439,26.32,8.0,0.0,26.04,82.94,5.0,60580.7,1,saudavel,0.92
1899,F02-FEI,F02,Feijao,50.5,-17.422,-49.82161,2024/2025,2024-11-21,326,43,floracao,0.7671,0.6389,23.03,28.13,44.43,24.76,70.49,30.05,,0,saudavel,0.92
1900,F02-FEI,F02,Feijao,50.5,-17.422,-49.82161,2024/2025,2024-11-22,327,44,floracao,0.7449,0.6357,23.63,31.06,11.78,25.22,77.16,30.34,42178.3,0,saudavel,0.92
1901,F02-FEI,F02,Feijao,50.5,-17.422,-49.82161,2024/2025,2024-11-23,328,45,floracao,0.7556,0.6025,24.13,52.53,49.22,24.9,74.1,55.08,31174.2,0,saudavel,0.92
1902,F02-FEI,F02,Feijao,50.5,-17.422,-49.82161,2024/2025,2024-11-24,329,46,floracao,0.7304,0.6214,23.82,47.49,0.0,26.11,76.1,45.24,58322.1,0,saudavel,0.92
1903,F02-FEI,F02,Feijao,50.5,-17.422,-49.82161,2024/2025,2024-11-25,330,47,frutificacao,0.7529,0.6734,21.36,43.11,0.0,24.24,81.29,36.99,56686.1,1,saudavel,0.92
1904,F02-FEI,F02,Feijao,50.5,-17.422,-49.82161,2024/2025,2024-11-26,331,48,frutificacao,0.7631,0.7043,24.91,38.65,0.0,27.99,78.43,28.66,60461.3,1,saudavel,0.92
1905,F02-FEI,F02,Feijao,50.5,-17.422,-49.82161,2024/2025,2024-11-27,332,49,frutificacao,0.7632,0.6463,23.58,37.77,6.0,26.12,79.41,25.86,53462.9,0,saudavel,0.92
1906,F02-FEI,F02,Feijao,50.5,-17.422,-49.82161,2024/2025,2024-11-28,333,50,frutificacao,0.7258,0.6236,20.66,33.92,0.0,25.96,78.96,20.39,60428.8,1,saudavel,0.92
1907,F02-FEI,F02,Feijao,50.5,-17.422,-49.82161,2024/2025,2024-11-29,334,51,frutificacao,0.7518,0.6511,21.24,30.65,0.0,24.01,70.97,13.25,55575.5,1,saudavel,0.92
1908,F02-FEI,F02,Feijao,50.5,-17.422,-49.82161,2024/2025,2024-11-30,335,52,frutificacao,0.759,0.6847,21.9,27.6,0.0,24.5,82.8,8.94,61700.5,1,saudavel,0.92
1909,F02-FEI,F02,Feijao,50.5,-17.422,-49.82161,2024/2025,2024-12-01,336,53,frutificacao,0.7172,0.5899,19.62,25.0,0.0,22.23,73.28,5.0,58872.9,1,saudavel,0.92
1910,F02-FEI,F02,Feijao,50.5,-17.422,-49.82161,2024/2025,2024-12-02,337,54,frutificacao,0.716,0.6617,23.91,21.93,0.0,27.88,74.74,5.0,62254.5,0,saudavel,0.92
1911,F02-FEI,F02,Feijao,50.5,-17.422,-49.82161,2024/2025,2024-12-03,338,55,frutificacao,0.6613,0.5558,21.13,19.58,0.0,23.23,76.39,5.0,62011.9,1,saudavel,0.92
1912,F02-FEI,F02,Feijao,50.5,-17.422,-49.82161,2024/2025,2024-12-04,339,56,frutificacao,0.669,0.5453,19.69,37.61,40.36,23.24,79.97,28.68,31663.1,0,saudavel,0.92
1913,F02-FEI,F02,Feijao,50.5,-17.422,-49.82161,2024/2025,2024-12-05,340,57,frutificacao,0.674,0.5666,26.98,33.54,0.0,27.27,73.46,21.37,58970.4,1,saudavel,0.92
1914,F02-FEI,F02,Feijao,50.5,-17.422,-49.82161,2024/2025,2024-12-06,341,58,frutificacao,0.6666,0.5504,23.38,32.37,4.78,25.63,76.15,18.44,56787.9,0,saudavel,0.92
1915,F02-FEI,F02,Feijao,50.5,-17.422,-49.82161,2024/2025,2024-12-07,342,59,frutificacao,0.6115,0.5282,21.57,57.01,56.25,25.13,85.41,49.38,33070.5,1,saudavel,0.92
1916,F02-FEI,F02,Feijao,50.5,-17.422,-49.82161,2024/2025,2024-12-08,343,60,frutificacao,0.6503,0.5197,23.3,60.82,18.47,25.36,70.77,54.37,43037.2,1,saudavel,0.92
1917,F02-FEI,F02,Feijao,50.5,-17.422,-49.82161,2024/2025,2024-12-09,344,61,frutificacao,0.5741,0.4908,25.91,60.06,10.38,26.18,76.8,50.03,49918.8,0,saudavel,0.92
1918,F02-FEI,F02,Feijao,50.5,-17.422,-49.82161,2024/2025,2024-12-10,345,62,frutificacao,0.5114,0.448,24.37,56.25,4.0,24.79,72.14,42.61,57845.8,0,saudavel,0.92
1919,F02-FEI,F02,Feijao,50.5,-17.422,-49.82161,2024/2025,2024-12-11,346,63,frutificacao,0.5303,0.4804,20.54,51.08,0.0,22.23,82.68,30.9,58171.4,0,saudavel,0.92
1920,F02-FEI,F02,Feijao,50.5,-17.422,-49.82161,2024/2025,2024-12-12,347,64,frutificacao,0.4466,0.3932,24.84,45.79,0.0,25.54,73.74,22.02,64343.2,1,saudavel,0.92
1921,F02-FEI,F02,Feijao,50.5,-17.422,-49.82161,2024/2025,2024-12-13,348,65,frutificacao,0.4455,0.4071,24.67,42.53,3.05,24.97,77.96,18.5,51757.9,0,saudavel,0.92
1922,F02-FEI,F02,Feijao,50.5,-17.422,-49.82161,2024/2025,2024-12-14,349,66,frutificacao,0.3886,0.3182,26.05,39.98,4.38,25.99,70.58,15.54,55615.2,1,saudavel,0.92
1923,F02-FEI,F02,Feijao,50.5,-17.422,-49.82161,2024/2025,2024-12-15,350,67,frutificacao,0.3499,0.3053,21.85,35.84,0.0,22.26,85.95,11.71,58704.4,1,saudavel,0.92
1924,F02-FEI,F02,Feijao,50.5,-17.422,-49.82161,2024/2025,2024-12-16,351,68,frutificacao,0.3683,0.2685,23.55,31.97,0.0,22.93,79.49,8.48,58027.6,1,saudavel,0.92
1925,F02-FEI,F02,Feijao,50.5,-17.422,-49.82161,2024/2025,2024-12-17,352,69,frutificacao,0.3185,0.2685,24.31,28.15,0.0,24.51,78.91,6.22,60887.6,1,saudavel,0.92
1926,F02-FEI,F02,Feijao,50.5,-17.422,-49.82161,2024/2025,2024-12-18,353,70,frutificacao,0.3356,0.293,24.33,33.25,16.68,22.4,83.67,11.85,39937.8,1,saudavel,0.92
1927,F02-FEI,F02,Feijao,50.5,-17.422,-49.82161,2024/2025,2024-12-19,354,71,frutificacao,0.2608,0.2312,22.91,29.76,0.0,20.19,74.63,6.98,66452.7,1,saudavel,0.92
1928,F02-FEI,F02,Feijao,50.5,-17.422,-49.82161,2024/2025,2024-12-20,355,72,frutificacao,0.2328,0.1664,24.81,30.01,7.9,23.91,75.61,9.0,48041.2,0,atencao,0.92
1929,F02-FEI,F02,Feijao,50.5,-17.422,-49.82161,2024/2025,2024-12-21,356,73,maturacao,0.2397,0.196,25.98,26.19,0.0,24.85,78.99,5.0,57143.1,0,saudavel,0.92
1930,F02-FEI,F02,Feijao,50.5,-17.422,-49.82161,2024/2025,2024-12-22,357,74,maturacao,0.2947,0.2455,24.14,30.15,14.4,23.21,70.34,11.15,42450.4,0,saudavel,0.92
1931,F02-FEI,F02,Feijao,50.5,-17.422,-49.82161,2024/2025,2024-12-23,358,75,maturacao,0.2432,0.1982,25.91,28.71,4.61,24.13,70.35,10.57,55964.2,0,saudavel,0.92
1932,F02-FEI,F02,Feijao,50.5,-17.422,-49.82161,2024/2025,2024-12-24,359,76,maturacao,0.229,0.2092,26.0,25.1,0.0,23.81,74.72,5.84,62993.9,0,saudavel,0.92
1933,F02-FEI,F02,Feijao,50.5,-17.422,-49.82161,2024/2025,2024-12-25,360,77,maturacao,0.2226,0.1849,25.58,21.85,0.0,23.12,73.55,5.0,61500.3,0,saudavel,0.92
1934,F02-FEI,F02,Feijao,50.5,-17.422,-49.82161,2024/2025,2024-12-26,361,78,maturacao,0.1953,0.168,25.88,30.24,22.85,23.2,77.5,16.83,41493.4,0,saudavel,0.92
1935,F02-FEI,F02,Feijao,50.5,-17.422,-49.82161,2024/2025,2024-12-27,362,79,maturacao,0.2548,0.2068,28.18,33.1,13.38,24.92,80.8,20.77,44024.4,0,saudavel,0.92
1936,F02-FEI,F02,Feijao,50.5,-17.422,-49.82161,2024/2025,2024-12-28,363,80,maturacao,0.2055,0.196,23.56,29.4,0.0,21.35,84.09,16.74,61777.3,0,saudavel,0.92
1937,F02-FEI,F02,Feijao,50.5,-17.422,-49.82161,2024/2025,2024-12-29,364,81,maturacao,0.2005,0.1932,24.75,39.43,27.48,23.85,87.88,26.56,31472.3,0,saudavel,0.92
1938,F02-FEI,F02,Feijao,50.5,-17.422,-49.82161,2024/2025,2024-12-30,365,82,maturacao,0.2103,0.1726,21.32,35.29,0.0,20.82,80.54,19.62,60373.8,0,saudavel,0.92
1939,F02-FEI,F02,Feijao,50.5,-17.422,-49.82161,2024/2025,2024-12-31,366,83,colheita,0.1631,0.1956,25.47,39.42,16.12,21.3,81.13,26.46,46927.2,0,atencao,0.92
1940,F02-FEI,F02,Feijao,50.5,-17.422,-49.82161,2024/2025,2025-01-01,1,84,colheita,0.1693,0.1286,27.27,52.6,35.6,24.29,78.44,41.64,24735.5,0,atencao,0.92
1941,F03-SOJ,F03,Soja,118.2,-18.0898,-48.4041,2023/2024,2023-10-13,286,0,germinacao,0.1675,0.0967,29.9,45.0,0.0,27.45,66.5,44.12,47992.0,0,atencao,2.84
1942,F03-SOJ,F03,Soja,118.2,-18.0898,-48.4041,2023/2024,2023-10-14,287,1,germinacao,0.1739,0.1273,30.89,39.5,0.0,28.0,62.87,33.36,44839.8,1,saudavel,2.84
1943,F03-SOJ,F03,Soja,118.2,-18.0898,-48.4041,2023/2024,2023-10-15,288,2,germinacao,0.1733,0.1207,29.39,34.43,0.0,28.06,70.08,23.01,44479.7,1,saudavel,2.84
1944,F03-SOJ,F03,Soja,118.2,-18.0898,-48.4041,2023/2024,2023-10-16,289,3,germinacao,0.1482,0.133,31.42,29.67,0.0,28.58,62.57,,47700.9,1,atencao,2.84
1945,F03-SOJ,F03,Soja,118.2,-18.0898,-48.4041,2023/2024,2023-10-17,290,4,germinacao,0.1883,0.1572,30.58,25.41,0.0,28.1,73.31,9.56,44130.6,1,saudavel,2.84
1946,F03-SOJ,F03,Soja,118.2,-18.0898,-48.4041,2023/2024,2023-10-18,291,5,germinacao,0.191,0.1627,33.98,21.18,0.0,30.71,68.12,5.8,46347.4,0,saudavel,2.84
1947,F03-SOJ,F03,Soja,118.2,-18.0898,-48.4041,2023/2024,2023-10-19,292,6,germinacao,0.1843,0.1376,30.73,17.52,0.0,,,5.0,48082.0,1,saudavel,2.84
1948,F03-SOJ,F03,Soja,118.2,-18.0898,-48.4041,2023/2024,2023-10-20,293,7,germinacao,0.1945,0.1683,33.64,13.89,0.0,30.95,55.16,5.0,47867.0,1,saudavel,2.84
1949,F03-SOJ,F03,Soja,118.2,-18.0898,-48.4041,2023/2024,2023-10-21,294,8,germinacao,0.1965,0.1386,29.83,11.0,0.0,27.31,60.85,5.0,51628.5,1,saudavel,2.84
1950,F03-SOJ,F03,Soja,118.2,-18.0898,-48.4041,2023/2024,2023-10-22,295,9,germinacao,0.1672,0.1404,31.78,22.77,29.22,28.41,75.62,13.49,23314.8,0,atencao,2.84
1951,F03-SOJ,F03,Soja,118.2,-18.0898,-48.4041,2023/2024,2023-10-23,296,10,germinacao,0.202,0.1883,30.4,18.97,0.0,29.04,65.36,9.1,42658.7,1,saudavel,2.84
1952,F03-SOJ,F03,Soja,118.2,-18.0898,-48.4041,2023/2024,2023-10-24,297,11,vegetativo,0.2105,0.1716,29.07,15.36,0.0,30.04,61.21,6.26,45316.9,1,saudavel,2.84
1953,F03-SOJ,F03,Soja,118.2,-18.0898,-48.4041,2023/2024,2023-10-25,298,12,vegetativo,0.171,0.1542,32.7,13.41,2.96,30.48,67.44,5.0,48122.9,1,atencao,2.84
1954,F03-SOJ,F03,Soja,118.2,-18.0898,-48.4041,2023/2024,2023-10-26,299,13,vegetativo,0.2366,0.1615,29.53,10.55,0.0,27.89,71.39,5.0,49214.7,1,saudavel,2.84
1955,F03-SOJ,F03,Soja,118.2,-18.0898,-48.4041,2023/2024,2023-10-27,300,14,vegetativo,0.1877,0.1184,31.28,8.0,0.84,30.12,68.22,5.0,46845.0,1,atencao,2.84
1956,F03-SOJ,F03,Soja,118.2,-18.0898,-48.4041,2023/2024,2023-10-28,301,15,vegetativo,0.1957,0.1729,26.77,29.39,47.35,26.04,73.97,30.19,31656.3,0,atencao,2.84
1957,F03-SOJ,F03,Soja,118.2,-18.0898,-48.4041,2023/2024,2023-10-29,302,16,vegetativo,0.2296,0.2161,31.16,25.01,0.0,29.81,71.2,22.95,54335.9,1,saudavel,2.84
1958,F03-SOJ,F03,Soja,118.2,-18.0898,-48.4041,2023/2024,2023-10-30,303,17,vegetativo,0.2446,0.2031,28.1,27.82,12.83,26.42,73.14,24.46,40811.0,0,saudavel,2.84
1959,F03-SOJ,F03,Soja,118.2,-18.0898,-48.4041,2023/2024,2023-10-31,304,18,vegetativo,0.2591,0.2631,30.79,23.7,0.0,29.03,77.08,17.15,53113.6,1,saudavel,2.84
1960,F03-SOJ,F03,Soja,118.2,-18.0898,-48.4041,2023/2024,2023-11-01,305,19,vegetativo,0.266,0.1972,29.3,34.87,30.14,29.98,69.86,34.09,25549.5,0,saudavel,2.84
1961,F03-SOJ,F03,Soja,118.2,-18.0898,-48.4041,2023/2024,2023-11-02,306,20,vegetativo,0.2572,0.2051,29.48,31.68,3.12,29.55,70.14,26.9,46449.4,0,saudavel,2.84
1962,F03-SOJ,F03,Soja,118.2,-18.0898,-48.4041,2023/2024,2023-11-03,307,21,vegetativo,0.2846,0.2447,28.25,27.69,0.0,25.68,76.85,21.05,56322.1,1,saudavel,2.84
1963,F03-SOJ,F03,Soja,118.2,-18.0898,-48.4041,2023/2024,2023-11-04,308,22,vegetativo,0.2928,0.2582,28.57,23.83,0.0,27.39,74.73,14.76,56047.6,1,saudavel,2.84
1964,F03-SOJ,F03,Soja,118.2,-18.0898,-48.4041,2023/2024,2023-11-05,309,23,vegetativo,0.3215,0.2616,30.17,20.12,0.0,29.06,66.61,11.38,47821.1,1,saudavel,2.84
1965,F03-SOJ,F03,Soja,118.2,-18.0898,-48.4041,2023/2024,2023-11-06,310,24,vegetativo,0.3404,0.2682,28.55,25.07,16.65,28.94,70.89,19.56,39698.8,0,saudavel,2.84
1966,F03-SOJ,F03,Soja,118.2,-18.0898,-48.4041,2023/2024,2023-11-07,311,25,vegetativo,0.3522,0.3117,29.07,21.4,0.0,28.25,74.11,13.84,55269.3,1,saudavel,2.84
1967,F03-SOJ,F03,Soja,118.2,-18.0898,-48.4041,2023/2024,2023-11-08,312,26,vegetativo,0.3806,0.3262,24.65,18.53,0.0,24.45,71.42,9.23,53539.7,1,saudavel,2.84
1968,F03-SOJ,F03,Soja,118.2,-18.0898,-48.4041,2023/2024,2023-11-09,313,27,vegetativo,0.3777,0.3141,29.45,21.72,12.88,29.47,68.79,12.99,49286.6,0,atencao,2.84
1969,F03-SOJ,F03,Soja,118.2,-18.0898,-48.4041,2023/2024,2023-11-10,314,28,vegetativo,0.4602,0.4011,28.05,18.31,0.0,29.65,64.57,5.89,60949.4,1,saudavel,2.84
1970,F03-SOJ,F03,Soja,118.2,-18.0898,-48.4041,2023/2024,2023-11-11,315,29,vegetativo,0.4797,0.405,26.57,15.44,0.0,27.75,58.4,5.0,54082.8,1,saudavel,2.84
1971,F03-SOJ,F03,Soja,118.2,-18.0898,-48.4041,2023/2024,2023-11-12,316,30,vegetativo,0.4587,0.3871,29.61,12.76,0.0,27.76,71.07,5.0,54774.1,1,atencao,2.84
1972,F03-SOJ,F03,Soja,118.2,-18.0898,-48.4041,2023/2024,2023-11-13,317,31,vegetativo,0.5521,0.4658,26.77,10.39,0.0,28.09,73.53,5.0,54644.2,1,saudavel,2.84
1973,F03-SOJ,F03,Soja,118.2,-18.0898,-48.4041,2023/2024,2023-11-14,318,32,vegetativo,0.5665,0.4651,29.13,8.08,0.0,29.44,66.74,5.0,54048.5,1,saudavel,2.84
1974,F03-SOJ,F03,Soja,118.2,-18.0898,-48.4041,2023/2024,2023-11-15,319,33,vegetativo,0.5796,0.4742,26.13,8.0,1.26,27.54,,,52157.4,1,saudavel,2.84
1975,F03-SOJ,F03,Soja,118.2,-18.0898,-48.4041,2023/2024,2023-11-16,320,34,vegetativo,0.6075,0.5059,25.01,8.0,0.0,26.79,68.84,5.0,57823.0,1,saudavel,2.84
1976,F03-SOJ,F03,Soja,118.2,-18.0898,-48.4041,2023/2024,2023-11-17,321,35,vegetativo,0.6425,0.5468,25.14,8.0,0.0,27.56,78.31,5.0,62389.0,1,saudavel,2.84
1977,F03-SOJ,F03,Soja,118.2,-18.0898,-48.4041,2023/2024,2023-11-18,322,36,vegetativo,0.6641,0.527,26.25,8.0,0.0,26.88,76.37,5.0,61352.0,1,saudavel,2.84
1978,F03-SOJ,F03,Soja,118.2,-18.0898,-48.4041,2023/2024,2023-11-19,323,37,vegetativo,0.6912,0.6064,24.96,8.0,0.0,26.8,85.33,5.0,59261.2,1,saudavel,2.84
1979,F03-SOJ,F03,Soja,118.2,-18.0898,-48.4041,2023/2024,2023-11-20,324,38,vegetativo,0.7635,0.6493,20.4,8.0,5.92,24.06,78.92,5.0,44229.8,0,saudavel,2.84
1980,F03-SOJ,F03,Soja,118.2,-18.0898,-48.4041,2023/2024,2023-11-21,325,39,floracao,0.757,0.6222,24.2,8.0,0.0,27.4,67.1,5.0,51667.7,1,saudavel,2.84
1981,F03-SOJ,F03,Soja,118.2,-18.0898,-48.4041,2023/2024,2023-11-22,326,40,floracao,0.8083,0.7194,26.08,8.0,0.0,28.28,79.19,5.0,60629.7,0,saudavel,2.84
1982,F03-SOJ,F03,Soja,118.2,-18.0898,-48.4041,2023/2024,2023-11-23,327,41,floracao,0.788,0.6707,22.03,8.0,6.99,27.96,82.72,5.0,55750.3,0,saudavel,2.84
1983,F03-SOJ,F03,Soja,118.2,-18.0898,-48.4041,2023/2024,2023-11-24,328,42,floracao,0.809,0.661,24.79,8.0,0.0,27.76,65.6,5.0,59433.5,1,saudavel,2.84
1984,F03-SOJ,F03,Soja,118.2,-18.0898,-48.4041,2023/2024,2023-11-25,329,43,floracao,0.792,0.7046,23.57,8.0,0.0,26.16,78.73,5.0,57014.8,1,saudavel,2.84
1985,F03-SOJ,F03,Soja,118.2,-18.0898,-48.4041,2023/2024,2023-11-26,330,44,floracao,0.8167,0.7213,22.26,8.0,0.0,26.36,79.82,5.0,62142.1,1,saudavel,2.84
1986,F03-SOJ,F03,Soja,118.2,-18.0898,-48.4041,2023/2024,2023-11-27,331,45,floracao,0.8275,0.6852,24.54,8.0,0.0,27.84,73.67,5.0,60493.9,1,saudavel,2.84
1987,F03-SOJ,F03,Soja,118.2,-18.0898,-48.4041,2023/2024,2023-11-28,332,46,floracao,0.8492,0.7154,24.11,8.0,5.54,27.25,63.08,5.0,56398.2,0,saudavel,2.84
1988,F03-SOJ,F03,Soja,118.2,-18.0898,-48.4041,2023/2024,2023-11-29,333,47,floracao,0.8424,0.7069,23.27,8.0,7.59,28.08,73.31,5.0,45537.6,0,saudavel,2.84
1989,F03-SOJ,F03,Soja,118.2,-18.0898,-48.4041,2023/2024,2023-11-30,334,48,floracao,0.856,0.6898,21.88,10.2,13.36,24.75,73.98,11.71,46613.9,0,saudavel,2.84
1990,F03-SOJ,F03,Soja,118.2,-18.0898,-48.4041,2023/2024,2023-12-01,335,49,floracao,0.8599,0.7374,21.2,8.92,0.0,24.64,84.69,12.03,64091.4,1,saudavel,2.84
1991,F03-SOJ,F03,Soja,118.2,-18.0898,-48.4041,2023/2024,2023-12-02,336,50,floracao,0.8514,0.7406,21.24,10.83,6.32,25.06,76.44,11.49,,0,saudavel,2.84
1992,F03-SOJ,F03,Soja,118.2,-18.0898,-48.4041,2023/2024,2023-12-03,337,51,floracao,0.8526,0.7378,20.47,9.56,0.0,24.04,75.52,11.35,61844.7,1,saudavel,2.84
1993,F03-SOJ,F03,Soja,118.2,-18.0898,-48.4041,2023/2024,2023-12-04,338,52,floracao,0.8499,0.7231,20.43,8.46,0.0,23.37,75.13,,59216.3,1,saudavel,2.84
1994,F03-SOJ,F03,Soja,118.2,-18.0898,-48.4041,2023/2024,2023-12-05,339,53,floracao,0.8871,0.7729,24.29,8.0,0.0,25.96,78.22,6.23,59526.7,0,saudavel,2.84
1995,F03-SOJ,F03,Soja,118.2,-18.0898,-48.4041,2023/2024,2023-12-06,340,54,floracao,0.8611,0.7092,22.62,12.55,13.05,25.76,77.08,14.64,50608.8,0,saudavel,2.84
1996,F03-SOJ,F03,Soja,118.2,-18.0898,-48.4041,2023/2024,2023-12-07,341,55,floracao,0.875,0.7801,22.36,23.42,24.81,25.42,73.12,30.47,32823.2,0,saudavel,2.84
1997,F03-SOJ,F03,Soja,118.2,-18.0898,-48.4041,2023/2024,2023-12-08,342,56,floracao,0.8662,0.7208,21.88,20.99,0.0,25.48,78.42,24.89,57173.4,1,saudavel,2.84
1998,F03-SOJ,F03,Soja,118.2,-18.0898,-48.4041,2023/2024,2023-12-09,343,57,floracao,0.8911,0.7442,20.54,19.11,0.0,22.65,76.08,21.9,58118.9,1,saudavel,2.84
1999,F03-SOJ,F03,Soja,118.2,-18.0898,-48.4041,2023/2024,2023-12-10,344,58,floracao,0.8304,0.6943,19.09,19.78,5.27,24.03,65.15,19.43,54456.8,0,saudavel,2.84
2000,F03-SOJ,F03,Soja,118.2,-18.0898,-48.4041,2023/2024,2023-12-11,345,59,floracao,0.8761,0.7318,18.58,26.55,17.5,24.2,81.4,26.01,37452.4,0,saudavel,2.84
2001,F03-SOJ,F03,Soja,118.2,-18.0898,-48.4041,2023/2024,2023-12-12,346,60,floracao,0.8446,0.7141,21.17,23.94,0.0,24.61,80.74,18.66,61941.7,1,saudavel,2.84
2002,F03-SOJ,F03,Soja,118.2,-18.0898,-48.4041,2023/2024,2023-12-13,347,61,frutificacao,0.8768,0.7407,19.02,21.83,0.0,22.25,80.35,14.27,59308.4,1,saudavel,2.84
2003,F03-SOJ,F03,Soja,118.2,-18.0898,-48.4041,2023/2024,2023-12-14,348,62,frutificacao,0.865,0.7379,16.58,19.82,0.0,22.94,76.77,12.22,62408.8,1,saudavel,2.84
2004,F03-SOJ,F03,Soja,118.2,-18.0898,-48.4041,2023/2024,2023-12-15,349,63,frutificacao,0.8369,0.695,20.04,30.86,25.98,23.58,78.29,26.74,27598.1,0,saudavel,2.84
2005,F03-SOJ,F03,Soja,118.2,-18.0898,-48.4041,2023/2024,2023-12-16,350,64,frutificacao,0.8714,0.744,21.69,27.81,0.0,25.72,81.51,23.76,62494.8,1,saudavel,2.84
2006,F03-SOJ,F03,Soja,118.2,-18.0898,-48.4041,2023/2024,2023-12-17,351,65,frutificacao,0.8668,0.715,21.36,34.3,18.29,24.42,75.08,33.9,45685.6,0,saudavel,2.84
2007,F03-SOJ,F03,Soja,118.2,-18.0898,-48.4041,2023/2024,2023-12-18,352,66,frutificacao,0.8549,0.7413,22.19,30.98,0.0,25.45,81.95,26.85,61287.6,1,saudavel,2.84
2008,F03-SOJ,F03,Soja,118.2,-18.0898,-48.4041,2023/2024,2023-12-19,353,67,frutificacao,0.8539,0.7402,18.14,39.83,23.36,23.64,71.41,35.72,36725.8,0,saudavel,2.84
2009,F03-SOJ,F03,Soja,118.2,-18.0898,-48.4041,2023/2024,2023-12-20,354,68,frutificacao,0.8551,0.7267,18.94,52.26,31.96,23.72,79.61,51.33,32594.1,0,saudavel,2.84
2010,F03-SOJ,F03,Soja,118.2,-18.0898,-48.4041,2023/2024,2023-12-21,355,69,frutificacao,0.8704,0.7268,19.72,55.62,15.91,24.36,78.54,53.79,47901.0,0,saudavel,2.84
2011,F03-SOJ,F03,Soja,118.2,-18.0898,-48.4041,2023/2024,2023-12-22,356,70,frutificacao,0.8346,0.7156,20.47,64.02,26.38,23.24,84.12,61.48,35184.3,0,saudavel,2.84
2012,F03-SOJ,F03,Soja,118.2,-18.0898,-48.4041,2023/2024,2023-12-23,357,71,frutificacao,0.8542,0.7083,19.16,63.47,9.58,22.47,75.0,57.41,52205.3,0,saudavel,2.84
2013,F03-SOJ,F03,Soja,118.2,-18.0898,-48.4041,2023/2024,2023-12-24,358,72,frutificacao,0.8249,0.7019,17.02,58.19,0.0,21.07,76.41,47.64,64942.8,1,saudavel,2.84
2014,F03-SOJ,F03,Soja,118.2,-18.0898,-48.4041,2023/2024,2023-12-25,359,73,frutificacao,0.842,0.7127,18.87,86.75,66.85,22.31,72.76,80.76,32258.6,0,saudavel,2.84
2015,F03-SOJ,F03,Soja,118.2,-18.0898,-48.4041,2023/2024,2023-12-26,360,74,frutificacao,0.8003,0.7328,20.09,79.29,0.0,24.35,75.68,63.71,57521.5,0,saudavel,2.84
2016,F03-SOJ,F03,Soja,118.2,-18.0898,-48.4041,2023/2024,2023-12-27,361,75,frutificacao,0.7788,0.6374,23.93,80.68,16.7,24.89,79.48,62.22,47016.8,0,saudavel,2.84
2017,F03-SOJ,F03,Soja,118.2,-18.0898,-48.4041,2023/2024,2023-12-28,362,76,frutificacao,0.7554,0.5888,19.51,84.57,21.25,21.74,71.11,64.17,38283.6,0,saudavel,2.84
2018,F03-SOJ,F03,Soja,118.2,-18.0898,-48.4041,2023/2024,2023-12-29,363,77,frutificacao,0.76,0.6332,18.14,83.88,12.55,20.19,78.81,60.94,47391.0,0,saudavel,2.84
2019,F03-SOJ,F03,Soja,118.2,-18.0898,-48.4041,2023/2024,2023-12-30,364,78,frutificacao,0.726,0.5828,22.93,76.57,0.0,24.08,81.75,48.99,60069.1,0,saudavel,2.84
2020,F03-SOJ,F03,Soja,118.2,-18.0898,-48.4041,2023/2024,2023-12-31,365,79,frutificacao,0.7489,0.622,20.97,77.22,14.36,22.7,79.01,46.43,48313.1,0,saudavel,2.84
2021,F03-SOJ,F03,Soja,118.2,-18.0898,-48.4041,2023/2024,2024-01-01,1,80,frutificacao,0.6802,0.5522,18.38,70.81,0.0,20.47,81.23,34.6,64871.2,1,saudavel,2.84
2022,F03-SOJ,F03,Soja,118.2,-18.0898,-48.4041,2023/2024,2024-01-02,2,81,frutificacao,0.6586,0.5417,15.61,66.56,3.26,17.73,74.96,31.32,56393.7,0,saudavel,2.84
2023,F03-SOJ,F03,Soja,118.2,-18.0898,-48.4041,2023/2024,2024-01-03,3,82,frutificacao,0.6568,0.537,20.23,64.17,6.5,20.85,80.1,28.5,58231.5,0,saudavel,2.84
2024,F03-SOJ,F03,Soja,118.2,-18.0898,-48.4041,2023/2024,2024-01-04,4,83,frutificacao,0.64,0.5633,19.77,64.74,12.26,21.5,80.34,30.44,47749.3,0,saudavel,2.84
2025,F03-SOJ,F03,Soja,118.2,-18.0898,-48.4041,2023/2024,2024-01-05,5,84,frutificacao,0.6008,0.5097,18.21,59.22,0.0,20.37,80.03,23.68,63510.3,1,saudavel,2.84
2026,F03-SOJ,F03,Soja,118.2,-18.0898,-48.4041,2023/2024,2024-01-06,6,85,frutificacao,0.5763,0.5114,23.82,60.92,14.27,23.04,79.99,26.41,45723.3,0,saudavel,2.84
2027,F03-SOJ,F03,Soja,118.2,-18.0898,-48.4041,2023/2024,2024-01-07,7,86,frutificacao,0.5221,0.4446,19.05,59.66,8.24,20.68,79.07,,49517.0,0,saudavel,2.84
2028,F03-SOJ,F03,Soja,118.2,-18.0898,-48.4041,2023/2024,2024-01-08,8,87,frutificacao,0.491,0.4359,19.67,73.0,37.58,21.82,77.62,45.53,35266.3,0,saudavel,2.84
2029,F03-SOJ,F03,Soja,118.2,-18.0898,-48.4041,2023/2024,2024-01-09,9,88,frutificacao,0.5018,0.4205,25.75,74.25,16.35,25.27,72.6,46.2,41074.3,0,saudavel,2.84
2030,F03-SOJ,F03,Soja,118.2,-18.0898,-48.4041,2023/2024,2024-01-10,10,89,frutificacao,0.4657,0.4277,20.87,72.61,10.03,21.79,84.72,44.42,46979.9,0,saudavel,2.84
2031,F03-SOJ,F03,Soja,118.2,-18.0898,-48.4041,2023/2024,2024-01-11,11,90,frutificacao,0.4179,0.3647,22.02,66.07,0.0,21.35,73.94,36.63,54874.6,0,saudavel,2.84
2032,F03-SOJ,F03,Soja,118.2,-18.0898,-48.4041,2023/2024,2024-01-12,12,91,frutificacao,0.3993,0.3238,23.51,60.03,0.0,21.29,80.86,29.53,62313.8,1,saudavel,2.84
2033,F03-SOJ,F03,Soja,118.2,-18.0898,-48.4041,2023/2024,2024-01-13,13,92,frutificacao,0.3699,0.3268,21.63,62.64,16.68,22.34,88.46,35.05,46659.4,0,saudavel,2.84
2034,F03-SOJ,F03,Soja,118.2,-18.0898,-48.4041,2023/2024,2024-01-14,14,93,frutificacao,0.3063,0.2609,23.26,60.55,7.82,22.06,85.01,32.56,51762.3,0,saudavel,2.84
2035,F03-SOJ,F03,Soja,118.2,-18.0898,-48.4041,2023/2024,2024-01-15,15,94,maturacao,0.3094,0.259,22.34,68.24,26.54,19.64,83.45,45.04,29444.4,0,saudavel,2.84
2036,F03-SOJ,F03,Soja,118.2,-18.0898,-48.4041,2023/2024,2024-01-16,16,95,maturacao,0.3221,0.2757,22.23,62.01,0.0,20.44,81.62,37.17,57911.2,0,saudavel,2.84
2037,F03-SOJ,F03,Soja,118.2,-18.0898,-48.4041,2023/2024,2024-01-17,17,96,maturacao,0.2907,0.2621,21.17,56.28,0.0,19.97,79.95,30.92,56864.4,0,saudavel,2.84
2038,F03-SOJ,F03,Soja,118.2,-18.0898,-48.4041,2023/2024,2024-01-18,18,97,maturacao,0.261,0.1795,24.5,52.8,3.77,20.46,75.73,25.27,50894.3,0,saudavel,2.84
2039,F03-SOJ,F03,Soja,118.2,-18.0898,-48.4041,2023/2024,2024-01-19,19,98,maturacao,0.2802,0.2312,24.92,47.38,0.0,23.53,77.06,19.56,55970.5,0,saudavel,2.84
2040,F03-SOJ,F03,Soja,118.2,-18.0898,-48.4041,2023/2024,2024-01-20,20,99,maturacao,0.2469,0.2235,23.81,53.0,20.89,21.63,82.27,25.53,38843.8,1,saudavel,2.84
2041,F03-SOJ,F03,Soja,118.2,-18.0898,-48.4041,2023/2024,2024-01-21,21,100,maturacao,0.2455,0.2137,23.94,50.79,5.83,20.5,81.95,25.67,49714.5,0,saudavel,2.84
2042,F03-SOJ,F03,Soja,118.2,-18.0898,-48.4041,2023/2024,2024-01-22,22,101,maturacao,0.2301,0.1731,25.31,45.58,0.0,22.4,82.73,18.63,57768.8,0,saudavel,2.84
2043,F03-SOJ,F03,Soja,118.2,-18.0898,-48.4041,2023/2024,2024-01-23,23,102,maturacao,0.2268,0.1454,24.02,40.99,0.0,20.74,85.81,13.31,51372.8,0,saudavel,2.84
2044,F03-SOJ,F03,Soja,118.2,-18.0898,-48.4041,2023/2024,2024-01-24,24,103,maturacao,0.2225,0.2232,19.01,36.84,0.0,17.91,80.53,7.74,61542.2,0,saudavel,2.84
2045,F03-SOJ,F03,Soja,118.2,-18.0898,-48.4041,2023/2024,2024-01-25,25,104,maturacao,0.2315,0.193,25.93,32.71,0.0,22.78,79.28,5.0,55128.1,0,saudavel,2.84
2046,F03-SOJ,F03,Soja,118.2,-18.0898,-48.4041,2023/2024,2024-01-26,26,105,maturacao,0.23,0.2258,22.07,29.24,0.0,19.97,70.42,5.0,58705.7,1,saudavel,2.84
2047,F03-SOJ,F03,Soja,118.2,-18.0898,-48.4041,2023/2024,2024-01-27,27,106,maturacao,0.189,0.1765,18.3,28.82,5.68,16.74,93.05,7.18,51162.1,0,saudavel,2.84
2048,F03-SOJ,F03,Soja,118.2,-18.0898,-48.4041,2023/2024,2024-01-28,28,107,colheita,0.2022,0.156,20.05,36.3,21.37,17.65,79.06,19.91,37045.6,0,saudavel,2.84
2049,F03-SOJ,F03,Soja,118.2,-18.0898,-48.4041,2023/2024,2024-01-29,29,108,colheita,0.2181,0.1353,23.89,36.38,8.1,21.66,81.88,19.42,44559.7,0,saudavel,2.84
2050,F03-SOJ,F03,Soja,118.2,-18.0898,-48.4041,2023/2024,2024-01-30,30,109,colheita,0.188,0.1505,21.7,32.55,0.0,17.52,78.94,12.23,52933.6,0,saudavel,2.84
2051,F03-SOJ,F03,Soja,118.2,-18.0898,-48.4041,2024/2025,2024-10-17,291,0,germinacao,0.1719,0.1471,34.59,45.0,0.0,32.05,60.49,44.16,48809.2,0,saudavel,2.64
2052,F03-SOJ,F03,Soja,118.2,-18.0898,-48.4041,2024/2025,2024-10-18,292,1,germinacao,0.1717,0.1267,33.29,39.08,0.0,31.51,67.94,32.19,44666.7,1,saudavel,2.64
2053,F03-SOJ,F03,Soja,118.2,-18.0898,-48.4041,2024/2025,2024-10-19,293,2,germinacao,0.151,0.1312,32.1,33.92,0.0,28.79,67.3,24.55,49656.3,1,atencao,2.64
2054,F03-SOJ,F03,Soja,118.2,-18.0898,-48.4041,2024/2025,2024-10-20,294,3,germinacao,0.1999,0.1069,31.88,31.0,3.79,30.05,65.9,19.37,49906.5,0,saudavel,2.64
2055,F03-SOJ,F03,Soja,118.2,-18.0898,-48.4041,2024/2025,2024-10-21,295,4,germinacao,0.2016,0.1753,34.24,26.18,0.0,32.02,63.54,14.16,44083.4,1,saudavel,2.64
2056,F03-SOJ,F03,Soja,118.2,-18.0898,-48.4041,2024/2025,2024-10-22,296,5,germinacao,0.18,0.1673,33.3,32.54,21.36,30.74,64.81,22.28,38261.3,0,saudavel,2.64
2057,F03-SOJ,F03,Soja,118.2,-18.0898,-48.4041,2024/2025,2024-10-23,297,6,germinacao,0.1874,0.1571,31.53,28.02,0.0,,75.82,14.1,48542.6,1,saudavel,2.64
2058,F03-SOJ,F03,Soja,118.2,-18.0898,-48.4041,2024/2025,2024-10-24,298,7,germinacao,0.1918,0.1397,32.83,23.83,0.0,28.63,67.74,11.16,45729.0,1,saudavel,2.64
2059,F03-SOJ,F03,Soja,118.2,-18.0898,-48.4041,2024/2025,2024-10-25,299,8,germinacao,0.1963,0.2059,27.62,29.58,18.61,26.12,76.96,20.97,35583.6,0,saudavel,2.64
2060,F03-SOJ,F03,Soja,118.2,-18.0898,-48.4041,2024/2025,2024-10-26,300,9,germinacao,0.1666,0.1647,32.35,25.09,0.0,29.8,69.86,13.0,53763.5,0,atencao,2.64
2061,F03-SOJ,F03,Soja,118.2,-18.0898,-48.4041,2024/2025,2024-10-27,301,10,germinacao,0.2059,0.1644,31.09,20.94,0.0,30.43,63.33,8.46,50720.5,1,saudavel,2.64
2062,F03-SOJ,F03,Soja,118.2,-18.0898,-48.4041,2024/2025,2024-10-28,302,11,vegetativo,0.1758,0.1442,34.27,33.99,33.81,30.37,70.16,25.59,26859.6,0,atencao,2.64
2063,F03-SOJ,F03,Soja,118.2,-18.0898,-48.4041,2024/2025,2024-10-29,303,12,vegetativo,0.2166,0.1445,31.58,29.26,0.0,29.48,63.97,19.3,58492.8,1,saudavel,2.64
2064,F03-SOJ,F03,Soja,118.2,-18.0898,-48.4041,2024/2025,2024-10-30,304,13,vegetativo,0.186,0.1676,30.91,24.93,0.0,28.89,73.46,11.92,53030.7,1,atencao,2.64
2065,F03-SOJ,F03,Soja,118.2,-18.0898,-48.4041,2024/2025,2024-10-31,305,14,vegetativo,0.1864,0.1311,29.17,32.36,22.32,26.79,70.81,23.34,42032.9,0,atencao,2.64
2066,F03-SOJ,F03,Soja,118.2,-18.0898,-48.4041,2024/2025,2024-11-01,306,15,vegetativo,0.2179,0.1986,30.84,27.86,0.0,28.69,75.15,18.44,56755.9,1,saudavel,2.64
2067,F03-SOJ,F03,Soja,118.2,-18.0898,-48.4041,2024/2025,2024-11-02,307,16,vegetativo,0.2246,0.2114,28.44,39.99,32.17,27.19,79.1,32.37,26769.6,0,saudavel,2.64
2068,F03-SOJ,F03,Soja,118.2,-18.0898,-48.4041,2024/2025,2024-11-03,308,17,vegetativo,0.236,0.1992,31.92,36.44,3.13,28.85,62.42,26.2,51579.4,0,saudavel,2.64
2069,F03-SOJ,F03,Soja,118.2,-18.0898,-48.4041,2024/2025,2024-11-04,309,18,vegetativo,0.2257,0.1706,29.46,31.85,0.0,26.84,70.15,21.12,52794.8,1,saudavel,2.64
2070,F03-SOJ,F03,Soja,118.2,-18.0898,-48.4041,2024/2025,2024-11-05,310,19,vegetativo,0.2588,0.245,31.14,45.63,36.36,28.69,65.46,37.04,27752.8,0,saudavel,2.64
2071,F03-SOJ,F03,Soja,118.2,-18.0898,-48.4041,2024/2025,2024-11-06,311,20,vegetativo,0.2736,0.2326,30.67,40.01,0.0,29.82,81.77,26.81,55943.4,1,saudavel,2.64
2072,F03-SOJ,F03,Soja,118.2,-18.0898,-48.4041,2024/2025,2024-11-07,312,21,vegetativo,0.3057,0.2617,28.83,51.37,32.62,28.32,69.83,41.92,26040.0,0,saudavel,2.64
2073,F03-SOJ,F03,Soja,118.2,-18.0898,-48.4041,2024/2025,2024-11-08,313,22,vegetativo,0.3029,0.2388,29.32,62.74,34.4,28.16,65.7,54.25,23233.3,0,saudavel,2.64
2074,F03-SOJ,F03,Soja,118.2,-18.0898,-48.4041,2024/2025,2024-11-09,314,23,vegetativo,0.306,0.264,31.0,55.9,0.0,28.96,83.14,39.76,58947.0,0,saudavel,2.64
2075,F03-SOJ,F03,Soja,118.2,-18.0898,-48.4041,2024/2025,2024-11-10,315,24,vegetativo,0.3121,0.2612,31.85,56.93,14.9,30.16,67.73,39.27,44425.8,0,saudavel,2.64
2076,F03-SOJ,F03,Soja,118.2,-18.0898,-48.4041,2024/2025,2024-11-11,316,25,vegetativo,0.3316,0.2553,27.5,50.8,0.0,27.26,65.14,32.77,51191.3,1,atencao,2.64
2077,F03-SOJ,F03,Soja,118.2,-18.0898,-48.4041,2024/2025,2024-11-12,317,26,vegetativo,0.394,0.3617,29.24,49.25,8.2,28.12,67.08,33.24,48571.5,0,saudavel,2.64
2078,F03-SOJ,F03,Soja,118.2,-18.0898,-48.4041,2024/2025,2024-11-13,318,27,vegetativo,0.4306,0.4012,28.67,43.62,0.0,29.52,72.89,24.1,58963.7,1,saudavel,2.64
2079,F03-SOJ,F03,Soja,118.2,-18.0898,-48.4041,2024/2025,2024-11-14,319,28,vegetativo,0.4258,0.3823,27.67,50.77,24.37,28.17,73.35,32.23,36079.8,0,saudavel,2.64
2080,F03-SOJ,F03,Soja,118.2,-18.0898,-48.4041,2024/2025,2024-11-15,320,29,vegetativo,0.4789,0.4244,23.92,54.53,17.58,24.07,71.53,35.91,37721.5,0,saudavel,2.64
2081,F03-SOJ,F03,Soja,118.2,-18.0898,-48.4041,2024/2025,2024-11-16,321,30,vegetativo,0.5013,0.4614,24.23,49.01,0.0,25.91,72.31,30.64,59451.0,1,saudavel,2.64
2082,F03-SOJ,F03,Soja,118.2,-18.0898,-48.4041,2024/2025,2024-11-17,322,31,vegetativo,0.5506,0.4471,26.1,53.48,19.44,28.02,73.86,37.29,38374.0,0,saudavel,2.64
2083,F03-SOJ,F03,Soja,118.2,-18.0898,-48.4041,2024/2025,2024-11-18,323,32,vegetativo,0.5849,0.476,26.49,48.13,0.0,26.2,81.43,31.39,58059.7,1,saudavel,2.64
2084,F03-SOJ,F03,Soja,118.2,-18.0898,-48.4041,2024/2025,2024-11-19,324,33,vegetativo,0.553,0.4618,29.26,42.84,0.0,28.87,75.0,25.37,54321.7,1,saudavel,2.64
2085,F03-SOJ,F03,Soja,118.2,-18.0898,-48.4041,2024/2025,2024-11-20,325,34,vegetativo,0.6487,0.5573,29.86,38.06,0.0,29.41,70.32,17.06,44490.3,1,saudavel,2.64
2086,F03-SOJ,F03,Soja,118.2,-18.0898,-48.4041,2024/2025,2024-11-21,326,35,vegetativo,0.6613,0.5563,24.14,39.53,10.8,25.64,74.37,18.43,44770.8,0,saudavel,2.64
2087,F03-SOJ,F03,Soja,118.2,-18.0898,-48.4041,2024/2025,2024-11-22,327,36,vegetativo,0.6721,0.5509,23.48,35.59,0.0,24.88,79.93,13.06,59217.2,1,saudavel,2.64
2088,F03-SOJ,F03,Soja,118.2,-18.0898,-48.4041,2024/2025,2024-11-23,328,37,vegetativo,0.6971,0.5926,23.37,38.29,12.79,25.8,84.04,17.14,44840.0,0,saudavel,2.64
2089,F03-SOJ,F03,Soja,118.2,-18.0898,-48.4041,2024/2025,2024-11-24,329,38,vegetativo,0.7301,0.6187,22.69,41.6,14.31,25.61,70.34,21.32,46069.0,0,saudavel,2.64
2090,F03-SOJ,F03,Soja,118.2,-18.0898,-48.4041,2024/2025,2024-11-25,330,39,floracao,0.7395,0.6454,26.67,37.17,0.0,28.45,79.84,15.2,61403.6,1,saudavel,2.64
2091,F03-SOJ,F03,Soja,118.2,-18.0898,-48.4041,2024/2025,2024-11-26,331,40,floracao,0.7489,0.6374,23.12,36.8,6.45,24.5,75.18,16.82,50985.7,0,saudavel,2.64
2092,F03-SOJ,F03,Soja,118.2,-18.0898,-48.4041,2024/2025,2024-11-27,332,41,floracao,0.7694,0.6159,24.93,40.13,14.34,27.07,67.18,22.15,43137.7,0,saudavel,2.64
2093,F03-SOJ,F03,Soja,118.2,-18.0898,-48.4041,2024/2025,2024-11-28,333,42,floracao,0.7767,0.6679,24.11,35.93,0.0,27.94,65.77,18.71,51951.4,1,saudavel,2.64
2094,F03-SOJ,F03,Soja,118.2,-18.0898,-48.4041,2024/2025,2024-11-29,334,43,floracao,0.8365,0.7427,23.85,38.95,13.35,26.98,82.22,23.38,40952.6,0,saudavel,2.64
2095,F03-SOJ,F03,Soja,118.2,-18.0898,-48.4041,2024/2025,2024-11-30,335,44,floracao,0.8212,0.6986,22.15,42.61,15.01,26.31,83.31,26.97,40043.9,0,saudavel,2.64
2096,F03-SOJ,F03,Soja,118.2,-18.0898,-48.4041,2024/2025,2024-12-01,336,45,floracao,0.8742,0.7628,21.12,38.68,0.0,25.31,73.88,21.71,60556.7,1,saudavel,2.64
2097,F03-SOJ,F03,Soja,118.2,-18.0898,-48.4041,2024/2025,2024-12-02,337,46,floracao,0.8443,0.7075,26.27,38.37,7.42,28.23,74.0,19.16,50742.9,0,saudavel,2.64
2098,F03-SOJ,F03,Soja,118.2,-18.0898,-48.4041,2024/2025,2024-12-03,338,47,floracao,0.8552,0.7382,20.09,34.79,0.0,24.99,68.18,11.58,57504.5,1,saudavel,2.64
2099,F03-SOJ,F03,Soja,118.2,-18.0898,-48.4041,2024/2025,2024-12-04,339,48,floracao,0.8277,0.6887,25.4,31.24,0.0,26.68,79.97,9.47,57262.3,1,saudavel,2.64
2100,F03-SOJ,F03,Soja,118.2,-18.0898,-48.4041,2024/2025,2024-12-05,340,49,floracao,0.8492,0.7169,21.82,34.02,11.59,24.92,77.15,16.15,45512.9,0,saudavel,2.64
2101,F03-SOJ,F03,Soja,118.2,-18.0898,-48.4041,2024/2025,2024-12-06,341,50,floracao,0.8589,0.7253,18.09,40.1,18.0,22.29,71.18,24.79,44346.6,0,saudavel,2.64
2102,F03-SOJ,F03,Soja,118.2,-18.0898,-48.4041,2024/2025,2024-12-07,342,51,floracao,0.8479,0.7303,20.98,38.08,3.32,24.55,78.69,21.29,56462.8,0,saudavel,2.64
2103,F03-SOJ,F03,Soja,118.2,-18.0898,-48.4041,2024/2025,2024-12-08,343,52,floracao,0.854,0.7094,20.24,48.42,27.72,,70.74,32.85,35011.9,0,saudavel,2.64
2104,F03-SOJ,F03,Soja,118.2,-18.0898,-48.4041,2024/2025,2024-12-09,344,53,floracao,0.8739,0.7135,20.12,72.73,57.24,24.53,80.59,65.33,23232.2,1,saudavel,2.64
2105,F03-SOJ,F03,Soja,118.2,-18.0898,-48.4041,2024/2025,2024-12-10,345,54,floracao,0.8759,0.7539,19.84,66.59,0.0,23.65,72.98,53.88,61287.8,0,saudavel,2.64
2106,F03-SOJ,F03,Soja,118.2,-18.0898,-48.4041,2024/2025,2024-12-11,346,55,floracao,0.8417,0.7241,21.58,64.19,7.05,25.48,79.04,48.43,51272.8,0,saudavel,2.64
2107,F03-SOJ,F03,Soja,118.2,-18.0898,-48.4041,2024/2025,2024-12-12,347,56,floracao,0.875,0.746,20.74,58.51,0.0,25.54,74.11,38.99,58956.8,0,saudavel,2.64
2108,F03-SOJ,F03,Soja,118.2,-18.0898,-48.4041,2024/2025,2024-12-13,348,57,floracao,0.8809,0.7675,19.73,60.32,13.68,23.88,66.6,39.71,50257.0,0,saudavel,2.64
2109,F03-SOJ,F03,Soja,118.2,-18.0898,-48.4041,2024/2025,2024-12-14,349,58,floracao,0.8583,0.7255,18.72,69.49,28.71,23.76,83.53,49.08,30066.8,0,saudavel,2.64
2110,F03-SOJ,F03,Soja,118.2,-18.0898,-48.4041,2024/2025,2024-12-15,350,59,floracao,0.8562,0.7334,17.58,72.99,18.57,22.55,84.57,52.41,42856.1,0,saudavel,2.64
2111,F03-SOJ,F03,Soja,118.2,-18.0898,-48.4041,2024/2025,2024-12-16,351,60,floracao,0.8785,0.7398,19.22,70.88,8.28,24.41,75.64,47.01,48624.9,0,saudavel,2.64
2112,F03-SOJ,F03,Soja,118.2,-18.0898,-48.4041,2024/2025,2024-12-17,352,61,frutificacao,0.8175,0.6897,24.3,64.52,0.0,25.99,78.71,37.01,60080.3,0,saudavel,2.64
2113,F03-SOJ,F03,Soja,118.2,-18.0898,-48.4041,2024/2025,2024-12-18,353,62,frutificacao,0.868,0.7446,22.48,58.75,0.0,25.89,79.62,32.14,55213.8,1,saudavel,2.64
2114,F03-SOJ,F03,Soja,118.2,-18.0898,-48.4041,2024/2025,2024-12-19,354,63,frutificacao,0.8992,0.8097,19.32,53.85,0.0,22.82,81.66,26.02,59825.0,1,saudavel,2.64
2115,F03-SOJ,F03,Soja,118.2,-18.0898,-48.4041,2024/2025,2024-12-20,355,64,frutificacao,0.8127,0.7057,23.3,53.57,9.61,26.6,85.7,22.9,51546.8,0,saudavel,2.64
2116,F03-SOJ,F03,Soja,118.2,-18.0898,-48.4041,2024/2025,2024-12-21,356,65,frutificacao,0.8788,0.7579,19.56,52.39,6.68,22.97,81.36,22.01,56633.8,0,saudavel,2.64
2117,F03-SOJ,F03,Soja,118.2,-18.0898,-48.4041,2024/2025,2024-12-22,357,66,frutificacao,0.8704,0.7553,19.23,48.0,0.0,21.88,78.16,16.29,,1,saudavel,2.64
2118,F03-SOJ,F03,Soja,118.2,-18.0898,-48.4041,2024/2025,2024-12-23,358,67,frutificacao,0.8272,0.6562,18.22,43.96,0.0,21.26,82.48,12.89,58385.1,1,saudavel,2.64
2119,F03-SOJ,F03,Soja,118.2,-18.0898,-48.4041,2024/2025,2024-12-24,359,68,frutificacao,0.8622,0.7393,19.47,43.83,7.17,21.59,78.01,12.83,50852.9,0,saudavel,2.64
2120,F03-SOJ,F03,Soja,118.2,-18.0898,-48.4041,2024/2025,2024-12-25,360,69,frutificacao,0.8669,0.755,19.76,43.87,7.76,23.6,73.64,15.79,51408.8,0,saudavel,2.64
2121,F03-SOJ,F03,Soja,118.2,-18.0898,-48.4041,2024/2025,2024-12-26,361,70,frutificacao,0.8174,0.6965,19.85,43.46,6.77,22.61,85.67,16.53,50240.3,0,saudavel,2.64
2122,F03-SOJ,F03,Soja,118.2,-18.0898,-48.4041,2024/2025,2024-12-27,362,71,frutificacao,0.8198,0.6959,19.27,47.73,15.91,21.95,82.64,22.92,37504.6,0,saudavel,2.64
2123,F03-SOJ,F03,Soja,118.2,-18.0898,-48.4041,2024/2025,2024-12-28,363,72,frutificacao,0.8262,0.6835,17.16,43.71,0.0,21.52,70.92,18.75,56673.0,1,saudavel,2.64
2124,F03-SOJ,F03,Soja,118.2,-18.0898,-48.4041,2024/2025,2024-12-29,364,73,frutificacao,0.8356,0.7016,17.59,44.06,8.09,21.06,77.09,20.26,51544.2,0,saudavel,2.64
2125,F03-SOJ,F03,Soja,118.2,-18.0898,-48.4041,2024/2025,2024-12-30,365,74,frutificacao,0.7941,0.6583,16.27,40.34,0.0,21.26,84.17,16.15,59245.3,1,saudavel,2.64
2126,F03-SOJ,F03,Soja,118.2,-18.0898,-48.4041,2024/2025,2024-12-31,366,75,frutificacao,0.7913,0.6926,20.76,40.88,8.53,24.02,70.91,17.81,52799.9,0,saudavel,2.64
2127,F03-SOJ,F03,Soja,118.2,-18.0898,-48.4041,2024/2025,2025-01-01,1,76,frutificacao,0.7641,0.6795,22.04,36.94,0.0,25.2,74.25,13.7,62151.2,1,saudavel,2.64
2128,F03-SOJ,F03,Soja,118.2,-18.0898,-48.4041,2024/2025,2025-01-02,2,77,frutificacao,0.7612,0.6857,22.0,41.79,16.97,25.19,91.32,21.89,41358.9,0,saudavel,2.64
2129,F03-SOJ,F03,Soja,118.2,-18.0898,-48.4041,2024/2025,2025-01-03,3,78,frutificacao,0.7628,0.6313,20.05,37.99,0.0,23.32,77.46,17.69,54719.1,1,saudavel,2.64
2130,F03-SOJ,F03,Soja,118.2,-18.0898,-48.4041,2024/2025,2025-01-04,4,79,frutificacao,0.7229,0.6011,19.46,34.66,0.0,21.46,85.63,15.82,60602.8,1,saudavel,2.64
2131,F03-SOJ,F03,Soja,118.2,-18.0898,-48.4041,2024/2025,2025-01-05,5,80,frutificacao,0.6905,0.5719,17.99,38.59,14.0,21.1,87.92,20.86,45441.1,0,saudavel,2.64
2132,F03-SOJ,F03,Soja,118.2,-18.0898,-48.4041,2024/2025,2025-01-06,6,81,frutificacao,0.6717,0.5506,22.95,38.05,6.24,23.13,74.63,20.78,52275.3,0,saudavel,2.64
2133,F03-SOJ,F03,Soja,118.2,-18.0898,-48.4041,2024/2025,2025-01-07,7,82,frutificacao,0.6292,0.5147,20.44,37.32,5.51,21.53,81.44,23.72,57339.0,0,saudavel,2.64
2134,F03-SOJ,F03,Soja,118.2,-18.0898,-48.4041,2024/2025,2025-01-08,8,83,frutificacao,0.5964,0.4967,20.25,44.58,21.67,22.42,89.83,32.7,39038.8,0,saudavel,2.64
2135,F03-SOJ,F03,Soja,118.2,-18.0898,-48.4041,2024/2025,2025-01-09,9,84,frutificacao,0.6102,0.5362,23.76,40.18,0.0,24.61,80.49,25.72,59255.4,1,saudavel,2.64
2136,F03-SOJ,F03,Soja,118.2,-18.0898,-48.4041,2024/2025,2025-01-10,10,85,frutificacao,0.5879,0.4853,21.64,36.41,0.0,21.94,91.59,18.48,59259.3,1,saudavel,2.64
2137,F03-SOJ,F03,Soja,118.2,-18.0898,-48.4041,2024/2025,2025-01-11,11,86,frutificacao,0.4878,0.4357,24.92,32.44,0.0,24.94,74.74,12.71,61191.8,1,saudavel,2.64
2138,F03-SOJ,F03,Soja,118.2,-18.0898,-48.4041,2024/2025,2025-01-12,12,87,frutificacao,0.504,0.4557,18.19,32.6,6.41,19.74,89.98,13.85,50197.1,0,saudavel,2.64
2139,F03-SOJ,F03,Soja,118.2,-18.0898,-48.4041,2024/2025,2025-01-13,13,88,frutificacao,0.4787,0.4126,23.93,29.27,0.0,22.0,79.67,11.21,55734.8,1,saudavel,2.64
2140,F03-SOJ,F03,Soja,118.2,-18.0898,-48.4041,2024/2025,2025-01-14,14,89,frutificacao,0.4076,0.3711,22.68,26.13,0.0,21.71,78.08,9.14,57530.7,1,saudavel,2.64
2141,F03-SOJ,F03,Soja,118.2,-18.0898,-48.4041,2024/2025,2025-01-15,15,90,frutificacao,0.3942,0.3079,18.88,36.57,26.27,19.67,84.09,24.26,29122.4,0,saudavel,2.64
2142,F03-SOJ,F03,Soja,118.2,-18.0898,-48.4041,2024/2025,2025-01-16,16,91,frutificacao,0.3656,0.2996,23.18,32.72,0.0,22.26,78.72,19.9,57795.3,1,saudavel,2.64
2143,F03-SOJ,F03,Soja,118.2,-18.0898,-48.4041,2024/2025,2025-01-17,17,92,frutificacao,0.3907,0.3359,23.53,35.6,13.0,23.27,78.19,21.97,45542.4,0,saudavel,2.64
2144,F03-SOJ,F03,Soja,118.2,-18.0898,-48.4041,2024/2025,2025-01-18,18,93,frutificacao,0.3634,0.3134,24.92,36.54,9.88,24.19,80.43,23.67,47911.1,0,saudavel,2.64
2145,F03-SOJ,F03,Soja,118.2,-18.0898,-48.4041,2024/2025,2025-01-19,19,94,maturacao,0.2918,0.2766,21.59,32.68,0.0,21.41,70.56,18.22,56352.9,0,saudavel,2.64
2146,F03-SOJ,F03,Soja,118.2,-18.0898,-48.4041,2024/2025,2025-01-20,20,95,maturacao,0.263,0.2036,19.54,31.87,5.21,17.86,77.67,17.47,57244.3,0,atencao,2.64
2147,F03-SOJ,F03,Soja,118.2,-18.0898,-48.4041,2024/2025,2025-01-21,21,96,maturacao,0.2917,0.2372,21.88,33.81,10.84,21.34,83.12,19.62,49592.0,0,saudavel,2.64
2148,F03-SOJ,F03,Soja,118.2,-18.0898,-48.4041,2024/2025,2025-01-22,22,97,maturacao,0.2731,0.2305,22.84,41.29,22.34,21.65,84.2,27.9,35418.1,0,saudavel,2.64
2149,F03-SOJ,F03,Soja,118.2,-18.0898,-48.4041,2024/2025,2025-01-23,23,98,maturacao,0.275,0.2233,22.01,37.19,0.0,20.1,81.88,20.01,56980.9,0,saudavel,2.64
2150,F03-SOJ,F03,Soja,118.2,-18.0898,-48.4041,2024/2025,2025-01-24,24,99,maturacao,0.2183,0.1647,22.25,37.61,8.71,20.69,81.04,21.31,52427.5,0,atencao,2.64
2151,F03-SOJ,F03,Soja,118.2,-18.0898,-48.4041,2024/2025,2025-01-25,25,100,maturacao,0.2449,0.1986,21.07,36.83,6.11,19.56,82.26,21.11,48815.7,0,saudavel,2.64
2152,F03-SOJ,F03,Soja,118.2,-18.0898,-48.4041,2024/2025,2025-01-26,26,101,maturacao,0.208,0.1719,22.96,48.3,30.62,20.01,84.69,35.86,25150.7,0,saudavel,2.64
2153,F03-SOJ,F03,Soja,118.2,-18.0898,-48.4041,2024/2025,2025-01-27,27,102,maturacao,0.2284,0.2231,22.71,45.24,3.73,21.65,71.69,30.44,53092.5,0,saudavel,2.64
2154,F03-SOJ,F03,Soja,118.2,-18.0898,-48.4041,2024/2025,2025-01-28,28,103,maturacao,0.2095,0.1577,23.6,57.23,33.49,22.13,,44.16,29074.2,0,saudavel,2.64
2155,F03-SOJ,F03,Soja,118.2,-18.0898,-48.4041,2024/2025,2025-01-29,29,104,maturacao,0.2435,0.2233,18.62,51.82,0.0,18.07,80.41,35.88,56908.1,0,saudavel,2.64
2156,F03-SOJ,F03,Soja,118.2,-18.0898,-48.4041,2024/2025,2025-01-30,30,105,maturacao,0.2104,0.2042,20.41,46.79,0.0,19.13,81.02,28.36,57698.6,0,saudavel,2.64
2157,F03-SOJ,F03,Soja,118.2,-18.0898,-48.4041,2024/2025,2025-01-31,31,106,maturacao,0.1917,0.1527,19.84,42.13,0.0,17.44,70.41,21.52,52785.5,1,saudavel,2.64
2158,F03-SOJ,F03,Soja,118.2,-18.0898,-48.4041,2024/2025,2025-02-01,32,107,colheita,0.1978,0.1734,25.36,37.56,0.0,22.51,71.53,17.38,50521.0,0,saudavel,2.64
2159,F03-SOJ,F03,Soja,118.2,-18.0898,-48.4041,2024/2025,2025-02-02,33,108,colheita,0.1906,0.1736,22.46,40.34,13.64,,78.54,22.75,40356.3,0,saudavel,2.64
2160,F03-SOJ,F03,Soja,118.2,-18.0898,-48.4041,2024/2025,2025-02-03,34,109,colheita,0.1675,0.1506,19.71,44.98,17.62,16.6,86.2,26.57,40069.8,0,atencao,2.64
2161,F03-MIL,F03,Milho,85.5,-18.12723,-48.4539,2023/2024,2023-10-24,297,0,germinacao,0.2097,0.1669,28.95,45.0,0.0,28.57,69.81,47.17,55009.7,0,saudavel,4.33
2162,F03-MIL,F03,Milho,85.5,-18.12723,-48.4539,2023/2024,2023-10-25,298,1,germinacao,0.2084,0.1799,30.81,39.57,0.0,27.86,63.23,38.73,50393.0,0,saudavel,4.33
2163,F03-MIL,F03,Milho,85.5,-18.12723,-48.4539,2023/2024,2023-10-26,299,2,germinacao,0.1745,0.1545,30.05,34.5,0.0,28.09,67.92,27.1,51780.4,1,saudavel,4.33
2164,F03-MIL,F03,Milho,85.5,-18.12723,-48.4539,2023/2024,2023-10-27,300,3,germinacao,0.1804,0.1713,31.57,34.51,9.67,29.46,62.12,25.47,43836.8,0,saudavel,4.33
2165,F03-MIL,F03,Milho,85.5,-18.12723,-48.4539,2023/2024,2023-10-28,301,4,germinacao,0.1978,0.1953,27.65,30.07,0.0,26.44,69.91,20.44,44622.3,1,saudavel,4.33
2166,F03-MIL,F03,Milho,85.5,-18.12723,-48.4539,2023/2024,2023-10-29,302,5,germinacao,0.2084,0.179,29.66,33.01,14.54,28.62,73.66,23.82,41954.8,1,saudavel,4.33
2167,F03-MIL,F03,Milho,85.5,-18.12723,-48.4539,2023/2024,2023-10-30,303,6,germinacao,0.1669,0.12,33.0,28.24,0.0,29.86,71.94,16.03,55853.3,1,atencao,4.33
2168,F03-MIL,F03,Milho,85.5,-18.12723,-48.4539,2023/2024,2023-10-31,304,7,germinacao,0.1628,0.1242,30.75,24.03,0.0,28.23,78.77,10.9,57924.1,1,atencao,4.33
2169,F03-MIL,F03,Milho,85.5,-18.12723,-48.4539,2023/2024,2023-11-01,305,8,germinacao,0.1898,0.1642,31.1,20.01,0.0,29.87,71.48,6.76,51377.0,1,saudavel,4.33
2170,F03-MIL,F03,Milho,85.5,-18.12723,-48.4539,2023/2024,2023-11-02,306,9,germinacao,0.1626,0.1607,33.55,16.23,0.0,30.23,57.56,5.0,49556.6,1,atencao,4.33
2171,F03-MIL,F03,Milho,85.5,-18.12723,-48.4539,2023/2024,2023-11-03,307,10,germinacao,0.147,0.096,33.35,12.81,0.0,29.5,80.3,5.0,57305.6,1,atencao,4.33
2172,F03-MIL,F03,Milho,85.5,-18.12723,-48.4539,2023/2024,2023-11-04,308,11,germinacao,0.1704,0.1214,29.62,13.58,7.22,27.26,67.85,5.0,48555.9,0,atencao,4.33
2173,F03-MIL,F03,Milho,85.5,-18.12723,-48.4539,2023/2024,2023-11-05,309,12,germinacao,0.1963,0.182,31.17,10.63,0.0,27.94,72.61,5.0,56377.1,1,saudavel,4.33
2174,F03-MIL,F03,Milho,85.5,-18.12723,-48.4539,2023/2024,2023-11-06,310,13,germinacao,0.2202,0.1613,29.45,8.0,0.0,28.43,72.17,5.0,52066.9,1,saudavel,4.33
2175,F03-MIL,F03,Milho,85.5,-18.12723,-48.4539,2023/2024,2023-11-07,311,14,vegetativo,0.1765,0.1275,30.12,8.0,0.0,27.13,73.8,5.0,55073.4,1,saudavel,4.33
2176,F03-MIL,F03,Milho,85.5,-18.12723,-48.4539,2023/2024,2023-11-08,312,15,vegetativo,0.1898,0.1841,29.45,11.86,17.16,27.0,73.06,5.0,35757.9,0,saudavel,4.33
2177,F03-MIL,F03,Milho,85.5,-18.12723,-48.4539,2023/2024,2023-11-09,313,16,vegetativo,0.1974,0.1634,28.26,11.41,4.43,26.83,73.4,5.0,50689.1,0,saudavel,4.33
2178,F03-MIL,F03,Milho,85.5,-18.12723,-48.4539,2023/2024,2023-11-10,314,17,vegetativo,0.1836,0.1501,35.81,8.2,0.0,31.4,63.87,5.0,53939.5,1,saudavel,4.33
2179,F03-MIL,F03,Milho,85.5,-18.12723,-48.4539,2023/2024,2023-11-11,315,18,vegetativo,0.1846,0.1843,29.67,8.0,0.0,27.1,86.14,5.0,62246.0,1,saudavel,4.33
2180,F03-MIL,F03,Milho,85.5,-18.12723,-48.4539,2023/2024,2023-11-12,316,19,vegetativo,0.2089,0.1563,30.55,8.0,0.0,29.02,75.45,5.0,57088.5,1,saudavel,4.33
2181,F03-MIL,F03,Milho,85.5,-18.12723,-48.4539,2023/2024,2023-11-13,317,20,vegetativo,0.1817,0.1291,28.42,8.0,0.0,26.03,74.38,5.0,49209.0,1,atencao,4.33
2182,F03-MIL,F03,Milho,85.5,-18.12723,-48.4539,2023/2024,2023-11-14,318,21,vegetativo,0.1942,0.1977,31.18,8.0,0.0,29.8,81.21,5.0,55877.8,1,saudavel,4.33
2183,F03-MIL,F03,Milho,85.5,-18.12723,-48.4539,2023/2024,2023-11-15,319,22,vegetativo,0.2101,0.1832,27.55,8.0,0.0,26.59,68.7,5.0,57199.5,1,saudavel,4.33
2184,F03-MIL,F03,Milho,85.5,-18.12723,-48.4539,2023/2024,2023-11-16,320,23,vegetativo,0.2258,0.2055,28.67,8.0,0.0,27.15,78.2,5.0,54880.5,1,saudavel,4.33
2185,F03-MIL,F03,Milho,85.5,-18.12723,-48.4539,2023/2024,2023-11-17,321,24,vegetativo,0.195,0.1596,26.1,8.0,0.0,24.24,72.96,5.0,53196.4,0,atencao,4.33
2186,F03-MIL,F03,Milho,85.5,-18.12723,-48.4539,2023/2024,2023-11-18,322,25,vegetativo,0.2295,0.193,29.7,8.0,3.85,28.57,75.28,5.0,55044.8,0,saudavel,4.33
2187,F03-MIL,F03,Milho,85.5,-18.12723,-48.4539,2023/2024,2023-11-19,323,26,vegetativo,0.2141,0.1679,32.13,8.0,0.0,28.8,75.37,5.0,54009.5,1,atencao,4.33
2188,F03-MIL,F03,Milho,85.5,-18.12723,-48.4539,2023/2024,2023-11-20,324,27,vegetativo,0.235,0.2061,26.05,8.0,0.0,24.93,64.01,5.0,58806.5,1,saudavel,4.33
2189,F03-MIL,F03,Milho,85.5,-18.12723,-48.4539,2023/2024,2023-11-21,325,28,vegetativo,0.2743,0.2498,28.98,8.0,5.98,28.38,66.59,5.0,48420.6,0,saudavel,4.33
2190,F03-MIL,F03,Milho,85.5,-18.12723,-48.4539,2023/2024,2023-11-22,326,29,vegetativo,0.2682,0.2319,24.92,8.0,0.0,24.52,84.11,5.0,55835.5,1,saudavel,4.33
2191,F03-MIL,F03,Milho,85.5,-18.12723,-48.4539,2023/2024,2023-11-23,327,30,vegetativo,0.3155,0.2894,27.26,8.0,0.0,27.38,73.32,5.0,60475.9,1,saudavel,4.33
2192,F03-MIL,F03,Milho,85.5,-18.12723,-48.4539,2023/2024,2023-11-24,328,31,vegetativo,0.2946,0.2636,28.28,8.0,12.26,,85.58,5.0,47435.6,0,saudavel,4.33
2193,F03-MIL,F03,Milho,85.5,-18.12723,-48.4539,2023/2024,2023-11-25,329,32,vegetativo,0.3307,0.2601,29.53,8.0,8.44,28.25,80.83,5.0,49872.7,0,saudavel,4.33
2194,F03-MIL,F03,Milho,85.5,-18.12723,-48.4539,2023/2024,2023-11-26,330,33,vegetativo,0.3441,0.2896,28.11,8.0,0.0,26.52,74.32,5.0,57995.5,1,saudavel,4.33
2195,F03-MIL,F03,Milho,85.5,-18.12723,-48.4539,2023/2024,2023-11-27,331,34,vegetativo,0.3464,0.2855,29.35,8.0,0.0,27.45,73.43,5.0,58504.8,1,saudavel,4.33
2196,F03-MIL,F03,Milho,85.5,-18.12723,-48.4539,2023/2024,2023-11-28,332,35,vegetativo,0.3403,0.3043,28.41,14.47,36.66,27.81,83.1,22.67,26813.1,0,saudavel,4.33
2197,F03-MIL,F03,Milho,85.5,-18.12723,-48.4539,2023/2024,2023-11-29,333,36,vegetativo,0.386,0.3373,27.42,12.05,0.0,25.42,86.9,17.57,53961.9,1,saudavel,4.33
2198,F03-MIL,F03,Milho,85.5,-18.12723,-48.4539,2023/2024,2023-11-30,334,37,vegetativo,0.4003,0.3428,25.48,9.8,0.0,25.71,74.87,13.35,60350.2,1,saudavel,4.33
2199,F03-MIL,F03,Milho,85.5,-18.12723,-48.4539,2023/2024,2023-12-01,335,38,vegetativo,0.4237,0.3804,23.08,10.2,4.46,23.99,85.12,10.98,58989.8,0,saudavel,4.33
2200,F03-MIL,F03,Milho,85.5,-18.12723,-48.4539,2023/2024,2023-12-02,336,39,vegetativo,0.4634,0.3566,25.31,15.26,13.98,25.11,82.0,16.63,46975.0,0,saudavel,4.33
2201,F03-MIL,F03,Milho,85.5,-18.12723,-48.4539,2023/2024,2023-12-03,337,40,vegetativo,0.4574,0.3767,28.38,17.36,9.68,28.35,81.01,21.38,50241.8,0,saudavel,4.33
2202,F03-MIL,F03,Milho,85.5,-18.12723,-48.4539,2023/2024,2023-12-04,338,41,vegetativo,0.4956,0.4109,26.17,14.74,0.0,26.49,76.7,18.31,55481.6,1,saudavel,4.33
2203,F03-MIL,F03,Milho,85.5,-18.12723,-48.4539,2023/2024,2023-12-05,339,42,vegetativo,0.5197,0.4468,24.03,14.75,4.12,23.69,74.59,16.8,57779.1,0,saudavel,4.33
2204,F03-MIL,F03,Milho,85.5,-18.12723,-48.4539,2023/2024,2023-12-06,340,43,vegetativo,0.5618,0.4886,26.65,12.3,0.0,27.6,70.41,11.58,60748.0,1,saudavel,4.33
2205,F03-MIL,F03,Milho,85.5,-18.12723,-48.4539,2023/2024,2023-12-07,341,44,vegetativo,0.5782,0.4915,24.75,10.31,0.0,25.64,70.42,5.0,61673.5,1,saudavel,4.33
2206,F03-MIL,F03,Milho,85.5,-18.12723,-48.4539,2023/2024,2023-12-08,342,45,vegetativo,0.6056,0.4884,26.11,8.45,0.0,26.2,86.23,5.0,62578.0,1,saudavel,4.33
2207,F03-MIL,F03,Milho,85.5,-18.12723,-48.4539,2023/2024,2023-12-09,343,46,vegetativo,0.6475,0.5585,24.02,8.0,0.0,25.59,77.16,5.0,64311.6,1,saudavel,4.33
2208,F03-MIL,F03,Milho,85.5,-18.12723,-48.4539,2023/2024,2023-12-10,344,47,vegetativo,0.6601,0.5636,23.93,8.0,0.0,25.38,71.57,5.0,56280.5,1,saudavel,4.33
2209,F03-MIL,F03,Milho,85.5,-18.12723,-48.4539,2023/2024,2023-12-11,345,48,vegetativo,0.6919,0.5588,18.0,8.0,0.0,21.65,84.61,5.0,55822.7,1,saudavel,4.33
2210,F03-MIL,F03,Milho,85.5,-18.12723,-48.4539,2023/2024,2023-12-12,346,49,floracao,0.691,0.5814,27.7,8.0,4.07,26.2,74.53,5.0,56136.0,0,saudavel,4.33
2211,F03-MIL,F03,Milho,85.5,-18.12723,-48.4539,2023/2024,2023-12-13,347,50,floracao,0.7167,0.6167,17.02,8.0,5.91,21.06,76.81,5.0,51146.5,1,saudavel,4.33
2212,F03-MIL,F03,Milho,85.5,-18.12723,-48.4539,2023/2024,2023-12-14,348,51,floracao,0.7925,0.7067,22.19,8.49,4.25,25.86,,5.0,52321.8,0,saudavel,4.33
2213,F03-MIL,F03,Milho,85.5,-18.12723,-48.4539,2023/2024,2023-12-15,349,52,floracao,0.7546,0.6196,21.02,13.86,13.29,24.38,71.52,11.33,50283.8,0,saudavel,4.33
2214,F03-MIL,F03,Milho,85.5,-18.12723,-48.4539,2023/2024,2023-12-16,350,53,floracao,0.7418,0.6463,24.81,26.34,28.64,25.38,78.79,25.63,28289.7,0,saudavel,4.33
2215,F03-MIL,F03,Milho,85.5,-18.12723,-48.4539,2023/2024,2023-12-17,351,54,floracao,0.8046,0.6624,20.42,32.11,16.76,24.26,75.38,33.76,43172.5,0,saudavel,4.33
2216,F03-MIL,F03,Milho,85.5,-18.12723,-48.4539,2023/2024,2023-12-18,352,55,floracao,0.796,0.6512,22.77,35.84,13.92,25.49,73.88,37.0,41159.8,0,saudavel,4.33
2217,F03-MIL,F03,Milho,85.5,-18.12723,-48.4539,2023/2024,2023-12-19,353,56,floracao,0.8262,0.678,19.85,32.55,0.0,23.84,71.34,28.61,60176.7,1,saudavel,4.33
2218,F03-MIL,F03,Milho,85.5,-18.12723,-48.4539,2023/2024,2023-12-20,354,57,floracao,0.8294,0.7171,19.63,29.49,0.0,24.14,78.81,23.65,63545.3,1,saudavel,4.33
2219,F03-MIL,F03,Milho,85.5,-18.12723,-48.4539,2023/2024,2023-12-21,355,58,floracao,0.8509,0.7259,21.13,32.16,10.92,24.22,74.13,23.84,52722.2,0,saudavel,4.33
2220,F03-MIL,F03,Milho,85.5,-18.12723,-48.4539,2023/2024,2023-12-22,356,59,floracao,0.8456,0.7125,22.0,30.51,3.23,26.33,80.21,19.76,59899.4,0,saudavel,4.33
2221,F03-MIL,F03,Milho,85.5,-18.12723,-48.4539,2023/2024,2023-12-23,357,60,floracao,0.8498,0.7315,20.87,27.63,0.0,24.31,78.26,17.62,59752.4,1,saudavel,4.33
2222,F03-MIL,F03,Milho,85.5,-18.12723,-48.4539,2023/2024,2023-12-24,358,61,floracao,0.8832,0.7516,18.01,27.72,4.99,21.33,78.74,17.96,58314.0,0,saudavel,4.33
2223,F03-MIL,F03,Milho,85.5,-18.12723,-48.4539,2023/2024,2023-12-25,359,62,floracao,0.8211,0.7001,20.87,25.25,0.0,22.36,75.36,14.81,61240.5,1,saudavel,4.33
2224,F03-MIL,F03,Milho,85.5,-18.12723,-48.4539,2023/2024,2023-12-26,360,63,floracao,0.8434,0.7109,19.14,30.92,16.2,24.0,85.88,23.62,42425.5,0,saudavel,4.33
2225,F03-MIL,F03,Milho,85.5,-18.12723,-48.4539,2023/2024,2023-12-27,361,64,floracao,0.8573,0.7082,21.02,28.8,1.72,24.89,81.88,20.75,59316.8,1,saudavel,4.33
2226,F03-MIL,F03,Milho,85.5,-18.12723,-48.4539,2023/2024,2023-12-28,362,65,floracao,0.8434,0.7507,18.11,26.3,0.0,21.81,76.65,16.35,62504.7,1,saudavel,4.33
2227,F03-MIL,F03,Milho,85.5,-18.12723,-48.4539,2023/2024,2023-12-29,363,66,floracao,0.8705,0.768,22.32,30.91,14.7,26.15,70.66,23.55,41166.9,0,saudavel,4.33
2228,F03-MIL,F03,Milho,85.5,-18.12723,-48.4539,2023/2024,2023-12-30,364,67,floracao,0.8711,0.7722,21.69,28.19,0.0,22.96,69.93,16.45,56567.2,1,saudavel,4.33
2229,F03-MIL,F03,Milho,85.5,-18.12723,-48.4539,2023/2024,2023-12-31,365,68,floracao,0.9042,0.7578,18.91,34.13,16.85,23.22,84.89,23.14,42496.5,0,saudavel,4.33
2230,F03-MIL,F03,Milho,85.5,-18.12723,-48.4539,2023/2024,2024-01-01,1,69,floracao,0.8848,0.7384,14.13,33.11,3.83,20.61,85.31,21.06,52156.2,0,saudavel,4.33
2231,F03-MIL,F03,Milho,85.5,-18.12723,-48.4539,2023/2024,2024-01-02,2,70,floracao,0.8838,0.7429,19.91,42.11,24.02,24.07,83.92,33.23,32009.0,0,saudavel,4.33
2232,F03-MIL,F03,Milho,85.5,-18.12723,-48.4539,2023/2024,2024-01-03,3,71,floracao,0.8817,0.7709,17.57,38.54,0.0,21.63,79.53,26.5,58214.6,1,saudavel,4.33
2233,F03-MIL,F03,Milho,85.5,-18.12723,-48.4539,2023/2024,2024-01-04,4,72,floracao,0.8693,0.7389,17.01,40.03,9.55,21.08,84.48,25.0,52918.0,1,saudavel,4.33
2234,F03-MIL,F03,Milho,85.5,-18.12723,-48.4539,2023/2024,2024-01-05,5,73,floracao,0.9089,0.7617,16.72,38.68,4.1,21.62,85.24,20.02,58170.1,0,saudavel,4.33
2235,F03-MIL,F03,Milho,85.5,-18.12723,-48.4539,2023/2024,2024-01-06,6,74,floracao,0.9159,0.7858,18.51,35.27,0.0,24.07,78.26,15.9,60171.7,1,saudavel,4.33
2236,F03-MIL,F03,Milho,85.5,-18.12723,-48.4539,2023/2024,2024-01-07,7,75,floracao,0.8679,0.723,20.95,32.24,0.0,22.6,77.67,12.05,59648.0,1,saudavel,4.33
2237,F03-MIL,F03,Milho,85.5,-18.12723,-48.4539,2023/2024,2024-01-08,8,76,floracao,0.9248,0.759,16.47,33.67,8.42,20.47,75.83,13.73,56982.2,0,saudavel,4.33
2238,F03-MIL,F03,Milho,85.5,-18.12723,-48.4539,2023/2024,2024-01-09,9,77,frutificacao,0.8791,0.7498,16.81,30.78,0.0,20.91,82.54,9.38,57268.7,1,saudavel,4.33
2239,F03-MIL,F03,Milho,85.5,-18.12723,-48.4539,2023/2024,2024-01-10,10,78,frutificacao,0.8773,0.7354,21.96,27.98,0.0,23.73,81.48,7.46,59490.9,1,saudavel,4.33
2240,F03-MIL,F03,Milho,85.5,-18.12723,-48.4539,2023/2024,2024-01-11,11,79,frutificacao,0.9016,0.7661,16.18,25.54,0.0,21.17,78.15,7.81,56875.8,1,saudavel,4.33
2241,F03-MIL,F03,Milho,85.5,-18.12723,-48.4539,2023/2024,2024-01-12,12,80,frutificacao,0.903,0.7138,18.74,36.27,25.94,22.27,78.04,23.21,29350.1,0,saudavel,4.33
2242,F03-MIL,F03,Milho,85.5,-18.12723,-48.4539,2023/2024,2024-01-13,13,81,frutificacao,0.8897,0.7384,17.29,33.17,0.0,22.54,78.18,20.75,61930.1,1,saudavel,4.33
2243,F03-MIL,F03,Milho,85.5,-18.12723,-48.4539,2023/2024,2024-01-14,14,82,frutificacao,0.8834,0.75,12.91,31.48,2.34,16.11,87.03,17.71,55048.4,1,saudavel,4.33
2244,F03-MIL,F03,Milho,85.5,-18.12723,-48.4539,2023/2024,2024-01-15,15,83,frutificacao,0.9127,0.7455,17.7,39.29,21.04,23.05,71.99,28.6,39801.5,0,saudavel,4.33
2245,F03-MIL,F03,Milho,85.5,-18.12723,-48.4539,2023/2024,2024-01-16,16,84,frutificacao,0.8756,0.7146,16.37,40.24,8.6,19.78,75.24,30.82,48886.6,0,saudavel,4.33
2246,F03-MIL,F03,Milho,85.5,-18.12723,-48.4539,2023/2024,2024-01-17,17,85,frutificacao,0.8852,0.7532,18.42,39.94,6.22,20.43,74.89,28.82,55518.8,0,saudavel,4.33
2247,F03-MIL,F03,Milho,85.5,-18.12723,-48.4539,2023/2024,2024-01-18,18,86,frutificacao,0.9186,0.7949,19.02,36.54,0.0,23.19,77.86,23.4,54615.8,1,saudavel,4.33
2248,F03-MIL,F03,Milho,85.5,-18.12723,-48.4539,2023/2024,2024-01-19,19,87,frutificacao,0.8559,0.7097,17.07,33.34,0.0,22.96,80.24,18.28,60928.9,1,saudavel,4.33
2249,F03-MIL,F03,Milho,85.5,-18.12723,-48.4539,2023/2024,2024-01-20,20,88,frutificacao,0.871,0.7351,17.64,35.58,10.2,21.45,74.17,22.25,50204.9,0,saudavel,4.33
2250,F03-MIL,F03,Milho,85.5,-18.12723,-48.4539,2023/2024,2024-01-21,21,89,frutificacao,0.8977,0.7583,18.11,36.66,8.25,21.71,83.82,24.7,43848.5,0,saudavel,4.33
2251,F03-MIL,F03,Milho,85.5,-18.12723,-48.4539,2023/2024,2024-01-22,22,90,frutificacao,0.8844,0.7205,18.94,44.54,22.03,,86.34,34.84,34456.2,0,saudavel,4.33
2252,F03-MIL,F03,Milho,85.5,-18.12723,-48.4539,2023/2024,2024-01-23,23,91,frutificacao,0.8878,0.7783,20.08,40.77,0.0,22.6,80.66,27.96,59764.3,1,saudavel,4.33
2253,F03-MIL,F03,Milho,85.5,-18.12723,-48.4539,2023/2024,2024-01-24,24,92,frutificacao,0.839,0.7095,20.68,46.44,18.39,22.71,84.06,32.28,44101.5,0,saudavel,4.33
2254,F03-MIL,F03,Milho,85.5,-18.12723,-48.4539,2023/2024,2024-01-25,25,93,frutificacao,0.8667,0.7333,16.52,42.52,0.0,20.45,75.14,26.14,58448.9,0,saudavel,4.33
2255,F03-MIL,F03,Milho,85.5,-18.12723,-48.4539,2023/2024,2024-01-26,26,94,frutificacao,0.8487,0.7288,14.8,52.18,26.52,19.1,75.98,38.12,30113.7,0,saudavel,4.33
2256,F03-MIL,F03,Milho,85.5,-18.12723,-48.4539,2023/2024,2024-01-27,27,95,frutificacao,0.893,0.7279,14.59,47.81,0.0,19.75,82.54,31.36,52977.5,1,saudavel,4.33
2257,F03-MIL,F03,Milho,85.5,-18.12723,-48.4539,2023/2024,2024-01-28,28,96,frutificacao,0.8561,0.7461,16.0,43.78,0.0,20.24,79.38,25.63,57365.0,1,saudavel,4.33
2258,F03-MIL,F03,Milho,85.5,-18.12723,-48.4539,2023/2024,2024-01-29,29,97,frutificacao,0.8307,0.7271,16.89,47.36,14.57,19.89,75.22,32.58,40705.4,0,saudavel,4.33
2259,F03-MIL,F03,Milho,85.5,-18.12723,-48.4539,2023/2024,2024-01-30,30,98,frutificacao,0.827,0.7058,13.59,43.37,0.0,18.38,87.62,25.41,54064.6,1,saudavel,4.33
2260,F03-MIL,F03,Milho,85.5,-18.12723,-48.4539,2023/2024,2024-01-31,31,99,frutificacao,0.8113,0.6988,16.25,39.7,0.0,20.48,80.63,18.21,54310.7,1,saudavel,4.33
2261,F03-MIL,F03,Milho,85.5,-18.12723,-48.4539,2023/2024,2024-02-01,32,100,frutificacao,0.8117,0.6834,14.65,54.23,35.82,17.4,84.39,36.24,30018.4,0,saudavel,4.33
2262,F03-MIL,F03,Milho,85.5,-18.12723,-48.4539,2023/2024,2024-02-02,33,101,frutificacao,0.7668,0.669,16.26,61.75,24.12,19.8,75.96,44.18,38017.2,0,saudavel,4.33
2263,F03-MIL,F03,Milho,85.5,-18.12723,-48.4539,2023/2024,2024-02-03,34,102,frutificacao,0.7959,0.66,17.04,56.61,0.0,19.83,87.6,37.59,57339.4,1,saudavel,4.33
2264,F03-MIL,F03,Milho,85.5,-18.12723,-48.4539,2023/2024,2024-02-04,35,103,frutificacao,0.7252,0.6158,16.37,70.46,37.15,19.71,78.38,52.77,27032.7,0,saudavel,4.33
2265,F03-MIL,F03,Milho,85.5,-18.12723,-48.4539,2023/2024,2024-02-05,36,104,frutificacao,0.7374,0.6273,18.4,64.62,0.0,20.74,83.52,41.26,51055.5,0,saudavel,4.33
2266,F03-MIL,F03,Milho,85.5,-18.12723,-48.4539,2023/2024,2024-02-06,37,105,frutificacao,0.6968,0.5915,17.43,59.24,0.0,20.48,75.55,34.18,55496.5,1,saudavel,4.33
2267,F03-MIL,F03,Milho,85.5,-18.12723,-48.4539,2023/2024,2024-02-07,38,106,frutificacao,0.6927,0.6102,18.53,54.02,0.0,22.67,77.88,28.68,58226.2,0,saudavel,4.33
2268,F03-MIL,F03,Milho,85.5,-18.12723,-48.4539,2023/2024,2024-02-08,39,107,frutificacao,0.6887,0.6292,17.25,49.5,0.0,18.49,82.2,20.93,55972.6,1,saudavel,4.33
2269,F03-MIL,F03,Milho,85.5,-18.12723,-48.4539,2023/2024,2024-02-09,40,108,frutificacao,0.6106,0.5168,17.44,57.48,24.46,19.63,88.59,30.03,31835.4,0,saudavel,4.33
2270,F03-MIL,F03,Milho,85.5,-18.12723,-48.4539,2023/2024,2024-02-10,41,109,frutificacao,0.6162,0.5332,17.67,63.77,22.31,19.47,76.38,37.59,31453.3,0,saudavel,4.33
2271,F03-MIL,F03,Milho,85.5,-18.12723,-48.4539,2023/2024,2024-02-11,42,110,frutificacao,0.5648,0.464,17.56,58.31,0.0,19.34,79.54,31.35,53169.1,0,saudavel,4.33
2272,F03-MIL,F03,Milho,85.5,-18.12723,-48.4539,2023/2024,2024-02-12,43,111,frutificacao,0.5613,0.4978,16.62,70.1,33.63,17.13,82.67,47.32,29388.5,0,saudavel,4.33
2273,F03-MIL,F03,Milho,85.5,-18.12723,-48.4539,2023/2024,2024-02-13,44,112,frutificacao,0.5111,0.4241,16.93,77.82,27.53,17.2,72.47,55.0,28602.9,0,saudavel,4.33
2274,F03-MIL,F03,Milho,85.5,-18.12723,-48.4539,2023/2024,2024-02-14,45,113,frutificacao,0.5163,0.5017,18.82,71.17,0.0,18.92,67.49,45.66,50960.0,0,saudavel,4.33
2275,F03-MIL,F03,Milho,85.5,-18.12723,-48.4539,2023/2024,2024-02-15,46,114,frutificacao,0.4779,0.3728,15.65,70.71,11.43,16.5,74.7,44.43,39202.5,0,saudavel,4.33
2276,F03-MIL,F03,Milho,85.5,-18.12723,-48.4539,2023/2024,2024-02-16,47,115,frutificacao,0.4753,0.4469,17.98,64.57,0.0,18.31,83.29,35.64,58444.6,1,saudavel,4.33
2277,F03-MIL,F03,Milho,85.5,-18.12723,-48.4539,2023/2024,2024-02-17,48,116,frutificacao,0.4597,0.4106,18.07,60.33,2.89,17.79,87.2,28.01,45277.0,1,saudavel,4.33
2278,F03-MIL,F03,Milho,85.5,-18.12723,-48.4539,2023/2024,2024-02-18,49,117,frutificacao,0.4112,0.3271,20.11,54.92,0.0,18.26,73.57,21.06,47118.6,1,saudavel,4.33
2279,F03-MIL,F03,Milho,85.5,-18.12723,-48.4539,2023/2024,2024-02-19,50,118,frutificacao,0.406,0.3915,21.01,49.9,0.0,,70.7,19.38,50252.1,1,saudavel,4.33
2280,F03-MIL,F03,Milho,85.5,-18.12723,-48.4539,2023/2024,2024-02-20,51,119,maturacao,0.3943,0.3166,16.44,59.98,29.36,17.0,86.32,33.68,24641.9,0,saudavel,4.33
2281,F03-MIL,F03,Milho,85.5,-18.12723,-48.4539,2023/2024,2024-02-21,52,120,maturacao,0.3282,0.2727,21.19,67.97,26.99,19.87,73.94,42.81,30098.7,0,saudavel,4.33
2282,F03-MIL,F03,Milho,85.5,-18.12723,-48.4539,2023/2024,2024-02-22,53,121,maturacao,0.3569,0.2775,18.29,64.24,4.74,17.67,76.07,36.75,48127.0,0,saudavel,4.33
2283,F03-MIL,F03,Milho,85.5,-18.12723,-48.4539,2023/2024,2024-02-23,54,122,maturacao,0.3106,0.2611,17.02,58.37,0.0,17.81,84.98,29.36,44850.6,0,saudavel,4.33
2284,F03-MIL,F03,Milho,85.5,-18.12723,-48.4539,2023/2024,2024-02-24,55,123,maturacao,0.2764,0.2339,18.81,60.34,14.85,19.14,83.21,34.03,33979.5,0,saudavel,4.33
2285,F03-MIL,F03,Milho,85.5,-18.12723,-48.4539,2023/2024,2024-02-25,56,124,maturacao,0.2881,0.2615,19.34,55.94,2.4,18.0,81.93,29.4,43301.8,0,saudavel,4.33
2286,F03-MIL,F03,Milho,85.5,-18.12723,-48.4539,2023/2024,2024-02-26,57,125,maturacao,0.2682,0.2768,18.63,50.67,0.0,17.03,69.12,22.06,49867.5,1,saudavel,4.33
2287,F03-MIL,F03,Milho,85.5,-18.12723,-48.4539,2023/2024,2024-02-27,58,126,maturacao,0.2304,0.1856,19.41,45.76,0.0,17.78,70.77,18.88,48467.3,0,atencao,4.33
2288,F03-MIL,F03,Milho,85.5,-18.12723,-48.4539,2023/2024,2024-02-28,59,127,maturacao,0.2266,0.1376,18.48,42.44,2.39,15.64,83.78,17.14,43867.0,0,atencao,4.33
2289,F03-MIL,F03,Milho,85.5,-18.12723,-48.4539,2023/2024,2024-02-29,60,128,maturacao,0.2726,0.2447,19.45,38.25,0.0,18.84,77.68,12.36,47160.9,0,saudavel,4.33
2290,F03-MIL,F03,Milho,85.5,-18.12723,-48.4539,2023/2024,2024-03-01,61,129,maturacao,0.2377,0.1911,14.06,34.35,0.0,13.59,75.18,8.85,42794.2,0,saudavel,4.33
2291,F03-MIL,F03,Milho,85.5,-18.12723,-48.4539,2023/2024,2024-03-02,62,130,maturacao,0.255,0.2531,20.42,30.78,0.0,19.54,73.61,7.09,43604.5,0,saudavel,4.33
2292,F03-MIL,F03,Milho,85.5,-18.12723,-48.4539,2023/2024,2024-03-03,63,131,maturacao,0.211,0.1787,20.6,27.44,0.0,19.11,80.97,6.28,41589.3,0,saudavel,4.33
2293,F03-MIL,F03,Milho,85.5,-18.12723,-48.4539,2023/2024,2024-03-04,64,132,maturacao,0.1981,0.1532,22.72,24.27,0.0,20.56,82.01,5.0,45581.1,0,saudavel,4.33
2294,F03-MIL,F03,Milho,85.5,-18.12723,-48.4539,2023/2024,2024-03-05,65,133,maturacao,0.1759,0.1293,23.03,21.22,0.0,21.41,73.66,5.0,45223.1,0,atencao,4.33
2295,F03-MIL,F03,Milho,85.5,-18.12723,-48.4539,2023/2024,2024-03-06,66,134,maturacao,0.225,0.2037,19.35,18.66,0.0,19.52,71.21,5.0,41496.6,0,saudavel,4.33
2296,F03-MIL,F03,Milho,85.5,-18.12723,-48.4539,2023/2024,2024-03-07,67,135,maturacao,0.2104,0.1733,16.69,24.84,17.1,17.16,74.5,8.15,32793.3,0,saudavel,4.33
2297,F03-MIL,F03,Milho,85.5,-18.12723,-48.4539,2023/2024,2024-03-08,68,136,colheita,0.191,0.1917,23.74,21.78,0.0,21.34,79.91,5.0,46919.8,0,saudavel,4.33
2298,F03-MIL,F03,Milho,85.5,-18.12723,-48.4539,2023/2024,2024-03-09,69,137,colheita,0.1807,0.1494,17.52,19.1,0.0,16.27,82.67,5.0,40304.2,0,atencao,4.33
2299,F03-MIL,F03,Milho,85.5,-18.12723,-48.4539,2023/2024,2024-03-10,70,138,colheita,0.2168,0.2126,15.24,18.37,3.34,15.2,77.49,5.12,,0,saudavel,4.33
2300,F03-MIL,F03,Milho,85.5,-18.12723,-48.4539,2023/2024,2024-03-11,71,139,colheita,0.1888,0.1329,23.74,15.89,0.0,20.82,70.31,6.04,44227.0,0,saudavel,4.33
2301,F03-MIL,F03,Milho,85.5,-18.12723,-48.4539,2024/2025,2024-10-24,298,0,germinacao,0.1479,0.1127,30.12,45.0,0.0,28.88,68.47,44.62,,0,atencao,4.62
2302,F03-MIL,F03,Milho,85.5,-18.12723,-48.4539,2024/2025,2024-10-25,299,1,germinacao,0.1861,0.1668,28.8,39.77,0.0,25.95,68.5,35.49,51049.4,1,saudavel,4.62
2303,F03-MIL,F03,Milho,85.5,-18.12723,-48.4539,2024/2025,2024-10-26,300,2,germinacao,0.2086,0.1913,30.64,38.93,8.72,29.42,60.59,30.33,44535.7,0,saudavel,4.62
2304,F03-MIL,F03,Milho,85.5,-18.12723,-48.4539,2024/2025,2024-10-27,301,3,germinacao,0.1954,0.1657,30.57,33.68,0.0,30.19,69.05,21.82,54248.7,1,saudavel,4.62
2305,F03-MIL,F03,Milho,85.5,-18.12723,-48.4539,2024/2025,2024-10-28,302,4,germinacao,0.1699,0.1268,29.98,29.09,0.0,27.92,66.42,17.17,44878.1,1,saudavel,4.62
2306,F03-MIL,F03,Milho,85.5,-18.12723,-48.4539,2024/2025,2024-10-29,303,5,germinacao,0.1883,0.1471,27.49,25.09,0.0,26.3,77.9,15.11,51756.0,1,saudavel,4.62
2307,F03-MIL,F03,Milho,85.5,-18.12723,-48.4539,2024/2025,2024-10-30,304,6,germinacao,0.1582,0.1212,34.51,23.46,5.19,30.48,68.47,10.84,47352.0,0,atencao,4.62
2308,F03-MIL,F03,Milho,85.5,-18.12723,-48.4539,2024/2025,2024-10-31,305,7,germinacao,0.1865,0.1158,31.07,19.63,0.0,28.62,74.49,6.85,52497.0,1,saudavel,4.62
2309,F03-MIL,F03,Milho,85.5,-18.12723,-48.4539,2024/2025,2024-11-01,306,8,germinacao,0.1778,0.1526,30.21,16.01,0.0,29.28,68.11,5.0,53058.8,1,saudavel,4.62
2310,F03-MIL,F03,Milho,85.5,-18.12723,-48.4539,2024/2025,2024-11-02,307,9,germinacao,0.1643,0.1063,29.25,13.04,0.0,26.16,69.17,5.0,50739.6,1,atencao,4.62
2311,F03-MIL,F03,Milho,85.5,-18.12723,-48.4539,2024/2025,2024-11-03,308,10,germinacao,0.1984,0.1701,28.39,18.43,16.13,26.09,75.78,7.05,34469.7,0,saudavel,4.62
2312,F03-MIL,F03,Milho,85.5,-18.12723,-48.4539,2024/2025,2024-11-04,309,11,germinacao,0.1473,0.096,31.05,17.96,6.04,28.61,72.79,8.22,48995.5,0,atencao,4.62
2313,F03-MIL,F03,Milho,85.5,-18.12723,-48.4539,2024/2025,2024-11-05,310,12,germinacao,0.1642,0.1154,33.55,14.44,0.0,29.45,72.66,5.08,51025.4,1,atencao,4.62
2314,F03-MIL,F03,Milho,85.5,-18.12723,-48.4539,2024/2025,2024-11-06,311,13,germinacao,0.1679,0.1561,27.65,11.6,0.0,26.14,72.72,5.76,55467.0,1,atencao,4.62
2315,F03-MIL,F03,Milho,85.5,-18.12723,-48.4539,2024/2025,2024-11-07,312,14,vegetativo,0.1805,0.154,31.01,8.83,0.0,27.6,76.41,5.0,51693.2,1,saudavel,4.62
2316,F03-MIL,F03,Milho,85.5,-18.12723,-48.4539,2024/2025,2024-11-08,313,15,vegetativo,0.2183,0.1479,26.92,8.0,0.0,25.29,77.22,5.0,56824.5,1,saudavel,4.62
2317,F03-MIL,F03,Milho,85.5,-18.12723,-48.4539,2024/2025,2024-11-09,314,16,vegetativo,0.2094,0.1668,28.63,8.0,0.0,26.54,62.51,5.0,54819.8,1,saudavel,4.62
2318,F03-MIL,F03,Milho,85.5,-18.12723,-48.4539,2024/2025,2024-11-10,315,17,vegetativo,0.1986,0.1741,28.58,8.0,7.93,27.12,71.9,5.0,47966.4,0,saudavel,4.62
2319,F03-MIL,F03,Milho,85.5,-18.12723,-48.4539,2024/2025,2024-11-11,316,18,vegetativo,0.2003,0.1579,29.67,8.0,0.0,28.15,77.78,5.0,54703.5,1,saudavel,4.62
2320,F03-MIL,F03,Milho,85.5,-18.12723,-48.4539,2024/2025,2024-11-12,317,19,vegetativo,0.2019,0.1648,25.92,8.26,12.16,24.18,,5.0,43167.9,0,saudavel,4.62
2321,F03-MIL,F03,Milho,85.5,-18.12723,-48.4539,2024/2025,2024-11-13,318,20,vegetativo,0.233,0.203,29.23,8.0,0.0,,63.88,5.0,55183.5,1,saudavel,4.62
2322,F03-MIL,F03,Milho,85.5,-18.12723,-48.4539,2024/2025,2024-11-14,319,21,vegetativo,0.1733,0.1482,29.69,8.0,0.0,26.91,73.18,5.0,59639.9,1,atencao,4.62
2323,F03-MIL,F03,Milho,85.5,-18.12723,-48.4539,2024/2025,2024-11-15,320,22,vegetativo,0.2296,0.1753,31.06,11.33,20.24,29.02,75.34,8.31,32702.5,0,saudavel,4.62
2324,F03-MIL,F03,Milho,85.5,-18.12723,-48.4539,2024/2025,2024-11-16,321,23,vegetativo,0.2092,0.1783,28.65,10.13,3.11,28.03,71.16,8.04,51633.6,0,saudavel,4.62
2325,F03-MIL,F03,Milho,85.5,-18.12723,-48.4539,2024/2025,2024-11-17,322,24,vegetativo,0.2354,0.1943,30.71,8.0,0.0,28.17,79.97,5.51,59871.8,1,saudavel,4.62
2326,F03-MIL,F03,Milho,85.5,-18.12723,-48.4539,2024/2025,2024-11-18,323,25,vegetativo,0.2423,0.2404,33.11,8.0,0.0,29.83,81.85,5.0,59352.9,1,saudavel,4.62
2327,F03-MIL,F03,Milho,85.5,-18.12723,-48.4539,2024/2025,2024-11-19,324,26,vegetativo,0.2545,0.2143,26.58,8.0,9.27,25.54,65.71,7.09,52295.0,0,saudavel,4.62
2328,F03-MIL,F03,Milho,85.5,-18.12723,-48.4539,2024/2025,2024-11-20,325,27,vegetativo,0.2803,0.241,27.52,14.54,18.23,26.82,72.76,17.99,39685.7,0,saudavel,4.62
2329,F03-MIL,F03,Milho,85.5,-18.12723,-48.4539,2024/2025,2024-11-21,326,28,vegetativo,0.2311,0.2017,28.07,11.92,0.0,25.04,64.46,13.72,53482.3,1,atencao,4.62
2330,F03-MIL,F03,Milho,85.5,-18.12723,-48.4539,2024/2025,2024-11-22,327,29,vegetativo,0.2898,0.2399,28.07,10.99,3.09,26.28,78.55,10.48,51321.4,0,saudavel,4.62
2331,F03-MIL,F03,Milho,85.5,-18.12723,-48.4539,2024/2025,2024-11-23,328,30,vegetativo,0.2809,0.2243,28.75,12.16,7.44,27.42,71.27,10.05,49714.9,0,saudavel,4.62
2332,F03-MIL,F03,Milho,85.5,-18.12723,-48.4539,2024/2025,2024-11-24,329,31,vegetativo,0.2868,0.253,30.17,9.46,0.0,27.93,72.09,5.0,60213.6,1,saudavel,4.62
2333,F03-MIL,F03,Milho,85.5,-18.12723,-48.4539,2024/2025,2024-11-25,330,32,vegetativo,0.352,0.3086,26.68,11.62,8.51,25.57,81.73,8.73,49086.4,0,saudavel,4.62
2334,F03-MIL,F03,Milho,85.5,-18.12723,-48.4539,2024/2025,2024-11-26,331,33,vegetativo,0.3423,0.3326,26.59,18.82,18.65,24.24,70.25,15.73,39137.5,0,saudavel,4.62
2335,F03-MIL,F03,Milho,85.5,-18.12723,-48.4539,2024/2025,2024-11-27,332,34,vegetativo,0.3383,0.3024,27.0,20.11,8.42,26.06,68.01,,51370.5,0,saudavel,4.62
2336,F03-MIL,F03,Milho,85.5,-18.12723,-48.4539,2024/2025,2024-11-28,333,35,vegetativo,0.3858,0.3431,25.53,17.33,0.0,24.58,65.51,10.97,58595.1,1,saudavel,4.62
2337,F03-MIL,F03,Milho,85.5,-18.12723,-48.4539,2024/2025,2024-11-29,334,36,vegetativo,0.3872,0.3435,26.5,14.73,0.0,24.89,83.15,5.55,57321.0,1,saudavel,4.62
2338,F03-MIL,F03,Milho,85.5,-18.12723,-48.4539,2024/2025,2024-11-30,335,37,vegetativo,0.4023,0.3282,24.6,22.09,19.87,26.66,81.02,14.01,36302.5,0,saudavel,4.62
2339,F03-MIL,F03,Milho,85.5,-18.12723,-48.4539,2024/2025,2024-12-01,336,38,vegetativo,0.423,0.3344,27.61,32.71,27.4,26.29,74.68,27.55,34836.4,0,saudavel,4.62
2340,F03-MIL,F03,Milho,85.5,-18.12723,-48.4539,2024/2025,2024-12-02,337,39,vegetativo,0.4664,0.3764,26.01,34.87,12.18,26.71,69.6,29.95,50169.4,0,saudavel,4.62
2341,F03-MIL,F03,Milho,85.5,-18.12723,-48.4539,2024/2025,2024-12-03,338,40,vegetativo,0.4741,0.4168,25.08,40.32,18.61,24.85,81.35,34.25,37601.2,0,saudavel,4.62
2342,F03-MIL,F03,Milho,85.5,-18.12723,-48.4539,2024/2025,2024-12-04,339,41,vegetativo,0.5161,0.4672,27.79,42.77,13.83,26.77,89.88,32.35,44356.0,0,saudavel,4.62
2343,F03-MIL,F03,Milho,85.5,-18.12723,-48.4539,2024/2025,2024-12-05,340,42,vegetativo,0.5577,0.4887,23.85,45.77,14.82,25.18,75.96,39.61,46660.5,0,saudavel,4.62
2344,F03-MIL,F03,Milho,85.5,-18.12723,-48.4539,2024/2025,2024-12-06,341,43,vegetativo,0.5691,0.4804,23.05,41.21,0.0,24.63,71.53,32.99,55980.1,1,saudavel,4.62
2345,F03-MIL,F03,Milho,85.5,-18.12723,-48.4539,2024/2025,2024-12-07,342,44,vegetativo,0.6331,0.5717,21.55,40.62,6.72,23.3,84.62,31.97,53911.2,0,saudavel,4.62
2346,F03-MIL,F03,Milho,85.5,-18.12723,-48.4539,2024/2025,2024-12-08,343,45,vegetativo,0.6199,0.518,18.68,36.9,0.0,21.71,73.77,28.04,58574.1,0,saudavel,4.62
2347,F03-MIL,F03,Milho,85.5,-18.12723,-48.4539,2024/2025,2024-12-09,344,46,vegetativo,0.6718,0.5481,22.55,33.47,0.0,22.4,77.25,22.51,55974.4,1,saudavel,4.62
2348,F03-MIL,F03,Milho,85.5,-18.12723,-48.4539,2024/2025,2024-12-10,345,47,vegetativo,0.6885,0.5903,22.73,42.38,24.7,24.97,64.41,33.32,40447.8,0,saudavel,4.62
2349,F03-MIL,F03,Milho,85.5,-18.12723,-48.4539,2024/2025,2024-12-11,346,48,vegetativo,0.7223,0.6398,22.32,38.49,0.0,23.18,77.22,,58724.2,1,saudavel,4.62
2350,F03-MIL,F03,Milho,85.5,-18.12723,-48.4539,2024/2025,2024-12-12,347,49,floracao,0.7527,0.623,18.86,35.1,0.0,21.97,73.13,25.16,61374.1,1,saudavel,4.62
2351,F03-MIL,F03,Milho,85.5,-18.12723,-48.4539,2024/2025,2024-12-13,348,50,floracao,0.698,0.5592,21.46,40.68,17.97,23.71,84.82,32.46,38561.3,0,saudavel,4.62
2352,F03-MIL,F03,Milho,85.5,-18.12723,-48.4539,2024/2025,2024-12-14,349,51,floracao,0.757,0.6442,22.78,43.57,13.54,24.65,73.13,35.93,51034.9,0,saudavel,4.62
2353,F03-MIL,F03,Milho,85.5,-18.12723,-48.4539,2024/2025,2024-12-15,350,52,floracao,0.7663,0.6668,20.75,39.46,0.0,24.75,81.9,26.8,65764.4,1,saudavel,4.62
2354,F03-MIL,F03,Milho,85.5,-18.12723,-48.4539,2024/2025,2024-12-16,351,53,floracao,0.7861,0.6089,20.8,74.27,76.93,23.98,77.98,70.94,25468.6,0,saudavel,4.62
2355,F03-MIL,F03,Milho,85.5,-18.12723,-48.4539,2024/2025,2024-12-17,352,54,floracao,0.7898,0.6909,21.63,67.85,0.0,23.83,79.26,60.11,59478.3,0,saudavel,4.62
2356,F03-MIL,F03,Milho,85.5,-18.12723,-48.4539,2024/2025,2024-12-18,353,55,floracao,0.7993,0.6521,19.6,62.06,0.0,23.01,81.77,,63971.2,1,saudavel,4.62
2357,F03-MIL,F03,Milho,85.5,-18.12723,-48.4539,2024/2025,2024-12-19,354,56,floracao,0.7993,0.6939,20.99,64.53,15.99,24.67,77.93,48.49,42603.0,0,saudavel,4.62
2358,F03-MIL,F03,Milho,85.5,-18.12723,-48.4539,2024/2025,2024-12-20,355,57,floracao,0.8331,0.6682,20.96,59.02,0.0,23.35,75.78,38.51,61227.9,0,saudavel,4.62
2359,F03-MIL,F03,Milho,85.5,-18.12723,-48.4539,2024/2025,2024-12-21,356,58,floracao,0.8586,0.7003,21.07,53.98,0.0,23.4,74.96,33.47,54955.9,1,saudavel,4.62
2360,F03-MIL,F03,Milho,85.5,-18.12723,-48.4539,2024/2025,2024-12-22,357,59,floracao,0.8377,0.7244,22.98,52.45,6.66,24.96,80.64,31.76,50965.6,0,saudavel,4.62
2361,F03-MIL,F03,Milho,85.5,-18.12723,-48.4539,2024/2025,2024-12-23,358,60,floracao,0.8478,0.7449,20.19,58.56,21.55,24.49,68.89,39.71,39348.6,0,saudavel,4.62
2362,F03-MIL,F03,Milho,85.5,-18.12723,-48.4539,2024/2025,2024-12-24,359,61,floracao,0.8463,0.7192,18.73,56.93,6.68,22.92,87.75,36.86,51508.7,0,saudavel,4.62
2363,F03-MIL,F03,Milho,85.5,-18.12723,-48.4539,2024/2025,2024-12-25,360,62,floracao,0.8456,0.7666,18.53,52.13,0.0,22.61,80.22,29.78,58840.7,1,saudavel,4.62
2364,F03-MIL,F03,Milho,85.5,-18.12723,-48.4539,2024/2025,2024-12-26,361,63,floracao,0.8652,0.715,19.43,47.76,0.0,22.5,77.95,23.37,55341.4,1,saudavel,4.62
2365,F03-MIL,F03,Milho,85.5,-18.12723,-48.4539,2024/2025,2024-12-27,362,64,floracao,0.8807,0.7279,14.74,52.92,18.35,19.86,82.55,29.58,43504.0,0,saudavel,4.62
2366,F03-MIL,F03,Milho,85.5,-18.12723,-48.4539,2024/2025,2024-12-28,363,65,floracao,0.9024,0.761,19.18,48.3,0.0,24.44,75.51,25.28,55782.4,1,saudavel,4.62
2367,F03-MIL,F03,Milho,85.5,-18.12723,-48.4539,2024/2025,2024-12-29,364,66,floracao,0.8563,0.7208,17.25,44.24,0.0,21.67,79.25,20.83,64370.6,1,saudavel,4.62
2368,F03-MIL,F03,Milho,85.5,-18.12723,-48.4539,2024/2025,2024-12-30,365,67,floracao,0.882,0.7554,19.0,50.46,20.19,23.87,73.16,30.82,37551.7,0,saudavel,4.62
2369,F03-MIL,F03,Milho,85.5,-18.12723,-48.4539,2024/2025,2024-12-31,366,68,floracao,0.9083,0.7572,19.26,46.22,0.0,22.56,81.48,25.83,62026.7,1,saudavel,4.62
2370,F03-MIL,F03,Milho,85.5,-18.12723,-48.4539,2024/2025,2025-01-01,1,69,floracao,0.863,0.7449,21.63,56.5,28.86,24.58,77.99,41.46,33053.1,0,saudavel,4.62
2371,F03-MIL,F03,Milho,85.5,-18.12723,-48.4539,2024/2025,2025-01-02,2,70,floracao,0.9134,0.7872,18.49,55.4,7.27,23.19,80.15,39.13,49378.2,0,saudavel,4.62
2372,F03-MIL,F03,Milho,85.5,-18.12723,-48.4539,2024/2025,2025-01-03,3,71,floracao,0.8805,0.7807,19.54,51.67,2.03,23.66,86.33,34.23,55732.0,1,saudavel,4.62
2373,F03-MIL,F03,Milho,85.5,-18.12723,-48.4539,2024/2025,2025-01-04,4,72,floracao,0.9045,0.759,14.63,58.04,21.4,21.31,76.29,41.97,36833.9,0,saudavel,4.62
2374,F03-MIL,F03,Milho,85.5,-18.12723,-48.4539,2024/2025,2025-01-05,5,73,floracao,0.8868,0.7605,15.73,53.19,0.0,20.17,80.33,32.74,58134.8,1,saudavel,4.62
2375,F03-MIL,F03,Milho,85.5,-18.12723,-48.4539,2024/2025,2025-01-06,6,74,floracao,0.9009,0.7779,19.36,58.67,19.87,22.22,71.46,39.16,35705.0,0,saudavel,4.62
2376,F03-MIL,F03,Milho,85.5,-18.12723,-48.4539,2024/2025,2025-01-07,7,75,floracao,0.9243,0.7855,14.2,53.78,0.0,19.03,84.36,32.74,60708.8,1,saudavel,4.62
2377,F03-MIL,F03,Milho,85.5,-18.12723,-48.4539,2024/2025,2025-01-08,8,76,floracao,0.89,0.7522,16.0,49.56,0.57,21.1,80.24,27.97,56377.0,1,saudavel,4.62
2378,F03-MIL,F03,Milho,85.5,-18.12723,-48.4539,2024/2025,2025-01-09,9,77,frutificacao,0.9124,0.7343,17.09,46.4,2.0,19.93,81.09,26.15,56579.6,1,saudavel,4.62
2379,F03-MIL,F03,Milho,85.5,-18.12723,-48.4539,2024/2025,2025-01-10,10,78,frutificacao,0.8837,0.7528,15.29,42.48,0.0,20.36,79.92,20.5,61786.7,1,saudavel,4.62
2380,F03-MIL,F03,Milho,85.5,-18.12723,-48.4539,2024/2025,2025-01-11,11,79,frutificacao,0.848,0.7327,20.33,38.87,0.0,22.41,76.54,16.86,60358.1,1,saudavel,4.62
2381,F03-MIL,F03,Milho,85.5,-18.12723,-48.4539,2024/2025,2025-01-12,12,80,frutificacao,0.8463,0.7182,21.49,35.56,0.0,22.22,91.99,13.37,56648.1,0,saudavel,4.62
2382,F03-MIL,F03,Milho,85.5,-18.12723,-48.4539,2024/2025,2025-01-13,13,81,frutificacao,0.8302,0.6901,17.51,32.51,0.0,21.09,80.33,13.14,61498.2,1,saudavel,4.62
2383,F03-MIL,F03,Milho,85.5,-18.12723,-48.4539,2024/2025,2025-01-14,14,82,frutificacao,0.7913,0.639,19.84,39.86,20.34,21.72,81.19,24.28,40491.1,0,atencao,4.62
2384,F03-MIL,F03,Milho,85.5,-18.12723,-48.4539,2024/2025,2025-01-15,15,83,frutificacao,0.8136,0.7006,15.35,36.47,0.0,20.34,74.79,20.24,55967.6,1,atencao,4.62
2385,F03-MIL,F03,Milho,85.5,-18.12723,-48.4539,2024/2025,2025-01-16,16,84,frutificacao,0.8023,0.6826,19.77,35.71,5.43,24.7,82.24,19.34,51150.7,0,atencao,4.62
2386,F03-MIL,F03,Milho,85.5,-18.12723,-48.4539,2024/2025,2025-01-17,17,85,frutificacao,0.79,0.6993,17.52,32.65,0.0,21.42,79.1,15.26,60773.8,1,atencao,4.62
2387,F03-MIL,F03,Milho,85.5,-18.12723,-48.4539,2024/2025,2025-01-18,18,86,frutificacao,0.7867,0.6397,17.74,29.84,0.0,20.0,82.74,10.08,59943.5,1,atencao,4.62
2388,F03-MIL,F03,Milho,85.5,-18.12723,-48.4539,2024/2025,2025-01-19,19,87,frutificacao,0.7613,0.6377,19.26,27.14,0.0,22.11,,5.97,52929.5,1,atencao,4.62
2389,F03-MIL,F03,Milho,85.5,-18.12723,-48.4539,2024/2025,2025-01-20,20,88,frutificacao,0.714,0.5805,19.95,24.53,0.0,22.57,78.32,5.0,54244.6,1,atencao,4.62
2390,F03-MIL,F03,Milho,85.5,-18.12723,-48.4539,2024/2025,2025-01-21,21,89,frutificacao,0.7019,0.6172,15.85,22.37,0.0,19.46,77.25,5.0,59166.3,1,atencao,4.62
2391,F03-MIL,F03,Milho,85.5,-18.12723,-48.4539,2024/2025,2025-01-22,22,90,frutificacao,0.7099,0.6282,15.89,20.38,0.0,18.41,69.55,5.0,53370.5,1,atencao,4.62
2392,F03-MIL,F03,Milho,85.5,-18.12723,-48.4539,2024/2025,2025-01-23,23,91,frutificacao,0.684,0.6198,15.82,18.55,0.0,18.62,79.04,5.0,59116.6,1,atencao,4.62
2393,F03-MIL,F03,Milho,85.5,-18.12723,-48.4539,2024/2025,2025-01-24,24,92,frutificacao,0.6586,0.5702,16.52,16.85,0.0,19.36,77.04,5.0,62312.0,1,atencao,4.62
2394,F03-MIL,F03,Milho,85.5,-18.12723,-48.4539,2024/2025,2025-01-25,25,93,frutificacao,0.6238,0.546,17.58,15.22,0.0,20.21,74.15,5.0,57422.3,1,critico,4.62
2395,F03-MIL,F03,Milho,85.5,-18.12723,-48.4539,2024/2025,2025-01-26,26,94,frutificacao,0.6127,0.5295,16.44,13.72,0.0,17.76,88.51,5.0,53326.0,1,critico,4.62
2396,F03-MIL,F03,Milho,85.5,-18.12723,-48.4539,2024/2025,2025-01-27,27,95,frutificacao,0.6165,0.5355,17.23,12.35,0.0,19.5,85.02,5.0,56412.0,1,critico,4.62
2397,F03-MIL,F03,Milho,85.5,-18.12723,-48.4539,2024/2025,2025-01-28,28,96,frutificacao,0.547,0.4659,18.81,10.98,0.0,19.74,70.73,5.0,58768.8,1,critico,4.62
2398,F03-MIL,F03,Milho,85.5,-18.12723,-48.4539,2024/2025,2025-01-29,29,97,frutificacao,0.5199,0.4543,18.01,9.62,0.0,20.46,80.11,5.0,55739.3,1,critico,4.62
2399,F03-MIL,F03,Milho,85.5,-18.12723,-48.4539,2024/2025,2025-01-30,30,98,frutificacao,0.5608,0.5195,20.27,8.4,0.0,20.81,74.95,5.0,56666.8,1,critico,4.62
2400,F03-MIL,F03,Milho,85.5,-18.12723,-48.4539,2024/2025,2025-01-31,31,99,frutificacao,0.5159,0.4429,20.02,8.0,0.0,20.42,81.0,5.0,52585.0,1,critico,4.62
2401,F03-MIL,F03,Milho,85.5,-18.12723,-48.4539,2024/2025,2025-02-01,32,100,frutificacao,0.5465,0.465,21.29,8.0,0.0,22.44,73.86,5.0,52575.3,1,critico,4.62
2402,F03-MIL,F03,Milho,85.5,-18.12723,-48.4539,2024/2025,2025-02-02,33,101,frutificacao,0.5776,0.495,20.28,8.0,0.0,21.32,75.73,5.0,57223.0,1,critico,4.62
2403,F03-MIL,F03,Milho,85.5,-18.12723,-48.4539,2024/2025,2025-02-03,34,102,frutificacao,0.5331,0.4502,20.07,8.0,0.0,19.94,83.95,5.0,52122.6,1,critico,4.62
2404,F03-MIL,F03,Milho,85.5,-18.12723,-48.4539,2024/2025,2025-02-04,35,103,frutificacao,0.5254,0.4515,15.9,8.0,0.0,18.08,84.24,5.0,46249.5,1,critico,4.62
2405,F03-MIL,F03,Milho,85.5,-18.12723,-48.4539,2024/2025,2025-02-05,36,104,frutificacao,0.5566,0.4695,17.51,8.0,0.0,18.45,87.35,5.0,52834.1,1,atencao,4.62
2406,F03-MIL,F03,Milho,85.5,-18.12723,-48.4539,2024/2025,2025-02-06,37,105,frutificacao,0.5498,0.4902,15.0,8.0,0.0,17.26,79.31,5.0,54436.2,1,atencao,4.62
2407,F03-MIL,F03,Milho,85.5,-18.12723,-48.4539,2024/2025,2025-02-07,38,106,frutificacao,0.5622,0.4987,18.59,8.0,0.0,19.56,71.62,5.0,56405.4,1,atencao,4.62
2408,F03-MIL,F03,Milho,85.5,-18.12723,-48.4539,2024/2025,2025-02-08,39,107,frutificacao,0.5705,0.5282,18.37,8.0,0.0,19.77,83.26,5.0,57899.3,1,atencao,4.62
2409,F03-MIL,F03,Milho,85.5,-18.12723,-48.4539,2024/2025,2025-02-09,40,108,frutificacao,0.5611,0.4765,19.47,8.0,0.0,20.55,82.69,5.0,52944.0,1,atencao,4.62
2410,F03-MIL,F03,Milho,85.5,-18.12723,-48.4539,2024/2025,2025-02-10,41,109,frutificacao,0.5483,0.4718,19.46,8.0,0.0,19.55,81.67,5.0,54389.6,1,atencao,4.62
2411,F03-MIL,F03,Milho,85.5,-18.12723,-48.4539,2024/2025,2025-02-11,42,110,frutificacao,0.5593,0.4804,20.45,8.0,0.0,20.67,74.01,5.0,52495.5,1,saudavel,4.62
2412,F03-MIL,F03,Milho,85.5,-18.12723,-48.4539,2024/2025,2025-02-12,43,111,frutificacao,0.5407,0.4635,20.86,8.0,0.0,20.64,72.25,5.0,52911.8,1,saudavel,4.62
2413,F03-MIL,F03,Milho,85.5,-18.12723,-48.4539,2024/2025,2025-02-13,44,112,frutificacao,0.5112,0.4571,16.43,8.0,0.0,17.43,82.08,5.0,51001.2,1,saudavel,4.62
2414,F03-MIL,F03,Milho,85.5,-18.12723,-48.4539,2024/2025,2025-02-14,45,113,frutificacao,0.5138,0.4042,18.22,8.0,0.0,18.14,74.41,5.0,52429.6,1,saudavel,4.62
2415,F03-MIL,F03,Milho,85.5,-18.12723,-48.4539,2024/2025,2025-02-15,46,114,frutificacao,0.4555,0.3964,19.25,16.43,36.43,18.84,76.73,20.34,23297.8,0,saudavel,4.62
2416,F03-MIL,F03,Milho,85.5,-18.12723,-48.4539,2024/2025,2025-02-16,47,115,frutificacao,0.4816,0.4493,17.04,21.11,12.95,17.75,93.32,21.6,45679.4,0,saudavel,4.62
2417,F03-MIL,F03,Milho,85.5,-18.12723,-48.4539,2024/2025,2025-02-17,48,116,frutificacao,0.4356,0.3975,18.59,18.88,0.0,18.39,88.9,16.07,43200.5,1,saudavel,4.62
2418,F03-MIL,F03,Milho,85.5,-18.12723,-48.4539,2024/2025,2025-02-18,49,117,frutificacao,0.387,0.3539,19.54,16.75,0.0,19.16,81.61,10.75,51781.3,1,saudavel,4.62
2419,F03-MIL,F03,Milho,85.5,-18.12723,-48.4539,2024/2025,2025-02-19,50,118,frutificacao,0.3798,0.3397,20.45,19.39,9.22,18.48,74.6,14.49,43071.5,0,saudavel,4.62
2420,F03-MIL,F03,Milho,85.5,-18.12723,-48.4539,2024/2025,2025-02-20,51,119,maturacao,0.3874,0.3174,19.94,17.22,0.0,18.61,74.06,8.63,50561.6,0,saudavel,4.62
2421,F03-MIL,F03,Milho,85.5,-18.12723,-48.4539,2024/2025,2025-02-21,52,120,maturacao,0.3313,0.2666,17.84,17.51,4.75,17.15,81.98,7.78,41694.3,0,saudavel,4.62
2422,F03-MIL,F03,Milho,85.5,-18.12723,-48.4539,2024/2025,2025-02-22,53,121,maturacao,0.3364,0.2711,19.85,15.42,0.0,19.29,84.45,5.0,43780.1,0,saudavel,4.62
2423,F03-MIL,F03,Milho,85.5,-18.12723,-48.4539,2024/2025,2025-02-23,54,122,maturacao,0.3289,0.2568,21.13,13.48,0.0,19.13,74.34,5.0,50310.8,0,saudavel,4.62
2424,F03-MIL,F03,Milho,85.5,-18.12723,-48.4539,2024/2025,2025-02-24,55,123,maturacao,0.2965,0.2709,19.97,11.64,0.0,17.3,75.55,6.54,52192.7,0,saudavel,4.62
2425,F03-MIL,F03,Milho,85.5,-18.12723,-48.4539,2024/2025,2025-02-25,56,124,maturacao,0.2648,0.2545,18.4,9.91,0.0,16.47,78.62,5.0,48503.8,0,saudavel,4.62
2426,F03-MIL,F03,Milho,85.5,-18.12723,-48.4539,2024/2025,2025-02-26,57,125,maturacao,0.2684,0.2368,22.46,8.29,0.0,20.22,68.82,5.0,49929.7,0,saudavel,4.62
2427,F03-MIL,F03,Milho,85.5,-18.12723,-48.4539,2024/2025,2025-02-27,58,126,maturacao,0.2304,0.2119,24.19,19.93,26.54,20.96,68.36,16.03,24941.1,0,atencao,4.62
2428,F03-MIL,F03,Milho,85.5,-18.12723,-48.4539,2024/2025,2025-02-28,59,127,maturacao,0.2389,0.2089,20.33,17.49,0.0,18.65,70.49,13.04,47842.8,0,saudavel,4.62
2429,F03-MIL,F03,Milho,85.5,-18.12723,-48.4539,2024/2025,2025-03-01,60,128,maturacao,0.2177,0.1965,19.85,22.59,14.75,17.73,79.49,17.12,38757.2,0,atencao,4.62
2430,F03-MIL,F03,Milho,85.5,-18.12723,-48.4539,2024/2025,2025-03-02,61,129,maturacao,0.2312,0.1542,22.22,25.84,11.81,19.81,76.7,22.25,36144.0,0,saudavel,4.62
2431,F03-MIL,F03,Milho,85.5,-18.12723,-48.4539,2024/2025,2025-03-03,62,130,maturacao,0.2,0.1763,20.69,26.94,8.14,18.92,81.39,22.78,43170.5,1,atencao,4.62
2432,F03-MIL,F03,Milho,85.5,-18.12723,-48.4539,2024/2025,2025-03-04,63,131,maturacao,0.221,0.1794,21.58,23.92,0.0,17.87,67.47,17.36,40585.6,0,saudavel,4.62
2433,F03-MIL,F03,Milho,85.5,-18.12723,-48.4539,2024/2025,2025-03-05,64,132,maturacao,0.2368,0.2005,21.04,21.16,0.0,19.61,67.35,10.61,43305.6,0,saudavel,4.62
2434,F03-MIL,F03,Milho,85.5,-18.12723,-48.4539,2024/2025,2025-03-06,65,133,maturacao,0.2335,0.203,18.88,18.62,0.0,16.92,78.66,8.98,46435.8,0,saudavel,4.62
2435,F03-MIL,F03,Milho,85.5,-18.12723,-48.4539,2024/2025,2025-03-07,66,134,maturacao,0.1807,0.1393,21.37,16.2,0.0,17.08,71.75,5.01,50158.2,0,atencao,4.62
2436,F03-MIL,F03,Milho,85.5,-18.12723,-48.4539,2024/2025,2025-03-08,67,135,maturacao,0.1888,0.139,19.08,13.99,0.0,18.64,70.99,5.0,44142.7,0,saudavel,4.62
2437,F03-MIL,F03,Milho,85.5,-18.12723,-48.4539,2024/2025,2025-03-09,68,136,colheita,0.2162,0.1689,20.52,11.99,0.0,18.25,80.11,5.0,40646.7,0,saudavel,4.62
2438,F03-MIL,F03,Milho,85.5,-18.12723,-48.4539,2024/2025,2025-03-10,69,137,colheita,0.2106,0.1501,20.46,10.15,0.0,19.02,71.64,5.0,49035.8,0,saudavel,4.62
2439,F03-MIL,F03,Milho,85.5,-18.12723,-48.4539,2024/2025,2025-03-11,70,138,colheita,0.182,0.1316,22.2,17.14,17.47,19.84,71.55,7.73,30130.7,0,saudavel,4.62
2440,F03-MIL,F03,Milho,85.5,-18.12723,-48.4539,2024/2025,2025-03-12,71,139,colheita,0.1826,0.1349,16.86,14.85,0.0,15.71,74.77,5.0,44680.5,0,saudavel,4.62
2441,F03-ALG,F03,Algodao,94.5,-18.15128,-48.45328,2023/2024,2023-11-07,311,0,germinacao,0.1703,0.1095,30.99,45.0,5.1,29.46,66.38,47.06,49917.6,0,saudavel,3.23
2442,F03-ALG,F03,Algodao,94.5,-18.15128,-48.45328,2023/2024,2023-11-08,312,1,germinacao,0.1991,0.147,27.15,39.8,0.0,25.84,76.71,37.42,50338.5,0,saudavel,3.23
2443,F03-ALG,F03,Algodao,94.5,-18.15128,-48.45328,2023/2024,2023-11-09,313,2,germinacao,0.1924,0.1538,28.85,34.83,0.0,27.24,68.66,27.77,51588.5,1,saudavel,3.23
2444,F03-ALG,F03,Algodao,94.5,-18.15128,-48.45328,2023/2024,2023-11-10,314,3,germinacao,0.1958,0.1929,28.87,30.29,0.0,27.09,71.51,18.86,,1,saudavel,3.23
2445,F03-ALG,F03,Algodao,94.5,-18.15128,-48.45328,2023/2024,2023-11-11,315,4,germinacao,0.2012,0.2184,28.97,32.91,13.77,27.88,75.36,19.66,44296.0,0,saudavel,3.23
2446,F03-ALG,F03,Algodao,94.5,-18.15128,-48.45328,2023/2024,2023-11-12,316,5,germinacao,0.2235,0.1901,29.36,32.07,7.19,27.82,72.28,18.49,49821.5,0,saudavel,3.23
2447,F03-ALG,F03,Algodao,94.5,-18.15128,-48.45328,2023/2024,2023-11-13,317,6,germinacao,0.1671,0.143,31.87,27.58,0.0,28.14,70.41,12.29,52321.4,1,atencao,3.23
2448,F03-ALG,F03,Algodao,94.5,-18.15128,-48.45328,2023/2024,2023-11-14,318,7,germinacao,0.2016,0.1225,31.99,34.81,23.1,30.1,64.81,24.13,28756.1,0,saudavel,3.23
2449,F03-ALG,F03,Algodao,94.5,-18.15128,-48.45328,2023/2024,2023-11-15,319,8,germinacao,0.1932,0.1823,26.88,32.23,3.63,25.86,79.19,21.53,52675.1,0,saudavel,3.23
2450,F03-ALG,F03,Algodao,94.5,-18.15128,-48.45328,2023/2024,2023-11-16,320,9,germinacao,0.2071,0.1851,25.56,41.54,26.92,25.69,72.9,33.17,25339.6,0,saudavel,3.23
2451,F03-ALG,F03,Algodao,94.5,-18.15128,-48.45328,2023/2024,2023-11-17,321,10,germinacao,0.1888,0.1662,31.49,36.42,0.0,27.36,76.96,24.74,59337.9,1,saudavel,3.23
2452,F03-ALG,F03,Algodao,94.5,-18.15128,-48.45328,2023/2024,2023-11-18,322,11,germinacao,0.211,0.1544,32.31,40.33,17.6,29.07,75.39,27.43,36827.5,0,saudavel,3.23
2453,F03-ALG,F03,Algodao,94.5,-18.15128,-48.45328,2023/2024,2023-11-19,323,12,germinacao,0.1626,0.1778,27.43,41.52,11.85,24.61,81.22,29.83,52357.6,0,atencao,3.23
2454,F03-ALG,F03,Algodao,94.5,-18.15128,-48.45328,2023/2024,2023-11-20,324,13,germinacao,0.1694,0.1744,30.85,36.39,0.0,27.21,73.15,22.02,54194.2,1,atencao,3.23
2455,F03-ALG,F03,Algodao,94.5,-18.15128,-48.45328,2023/2024,2023-11-21,325,14,germinacao,0.1793,0.1583,29.23,45.26,26.95,26.32,73.25,34.28,32934.2,0,saudavel,3.23
2456,F03-ALG,F03,Algodao,94.5,-18.15128,-48.45328,2023/2024,2023-11-22,326,15,vegetativo,0.1905,0.1817,30.02,42.29,5.0,27.81,68.67,30.72,50443.1,0,saudavel,3.23
2457,F03-ALG,F03,Algodao,94.5,-18.15128,-48.45328,2023/2024,2023-11-23,327,16,vegetativo,0.1944,0.1663,28.39,52.73,31.23,27.37,71.87,42.31,28299.2,0,saudavel,3.23
2458,F03-ALG,F03,Algodao,94.5,-18.15128,-48.45328,2023/2024,2023-11-24,328,17,vegetativo,0.1803,0.1697,30.7,54.12,14.62,26.41,76.98,40.74,44251.1,0,saudavel,3.23
2459,F03-ALG,F03,Algodao,94.5,-18.15128,-48.45328,2023/2024,2023-11-25,329,18,vegetativo,0.1772,0.1245,28.94,49.69,3.34,26.97,70.96,36.98,57290.3,0,atencao,3.23
2460,F03-ALG,F03,Algodao,94.5,-18.15128,-48.45328,2023/2024,2023-11-26,330,19,vegetativo,0.186,0.1126,27.1,45.42,2.51,25.16,77.82,30.84,58718.5,1,saudavel,3.23
2461,F03-ALG,F03,Algodao,94.5,-18.15128,-48.45328,2023/2024,2023-11-27,331,20,vegetativo,0.1673,0.1168,29.78,39.97,0.0,27.25,82.43,22.51,60415.1,1,atencao,3.23
2462,F03-ALG,F03,Algodao,94.5,-18.15128,-48.45328,2023/2024,2023-11-28,332,21,vegetativo,0.1984,0.1525,30.3,39.15,8.49,28.03,72.5,23.41,53224.4,0,saudavel,3.23
2463,F03-ALG,F03,Algodao,94.5,-18.15128,-48.45328,2023/2024,2023-11-29,333,22,vegetativo,0.2059,0.1621,28.73,35.73,2.64,26.0,69.47,18.36,54087.5,1,saudavel,3.23
2464,F03-ALG,F03,Algodao,94.5,-18.15128,-48.45328,2023/2024,2023-11-30,334,23,vegetativo,0.2192,0.1953,27.63,31.38,0.0,25.14,74.58,13.61,60589.1,1,saudavel,3.23
2465,F03-ALG,F03,Algodao,94.5,-18.15128,-48.45328,2023/2024,2023-12-01,335,24,vegetativo,0.2173,0.1796,26.91,27.35,0.0,25.44,69.45,8.32,57745.0,1,saudavel,3.23
2466,F03-ALG,F03,Algodao,94.5,-18.15128,-48.45328,2023/2024,2023-12-02,336,25,vegetativo,0.254,0.2153,28.48,33.77,20.48,26.74,82.54,17.99,41742.9,0,saudavel,3.23
2467,F03-ALG,F03,Algodao,94.5,-18.15128,-48.45328,2023/2024,2023-12-03,337,26,vegetativo,0.2389,0.1793,27.79,29.58,0.0,25.39,77.19,12.41,59346.7,1,saudavel,3.23
2468,F03-ALG,F03,Algodao,94.5,-18.15128,-48.45328,2023/2024,2023-12-04,338,27,vegetativo,0.2424,0.1806,24.71,25.95,0.0,23.56,74.31,7.4,60968.0,1,saudavel,3.23
2469,F03-ALG,F03,Algodao,94.5,-18.15128,-48.45328,2023/2024,2023-12-05,339,28,vegetativo,0.2405,0.2053,29.97,22.23,0.0,26.68,73.36,5.0,60082.9,1,saudavel,3.23
2470,F03-ALG,F03,Algodao,94.5,-18.15128,-48.45328,2023/2024,2023-12-06,340,29,vegetativo,0.2501,0.2017,25.41,31.64,24.9,23.68,72.13,17.11,36975.4,0,saudavel,3.23
2471,F03-ALG,F03,Algodao,94.5,-18.15128,-48.45328,2023/2024,2023-12-07,341,30,vegetativo,0.2418,0.2056,29.11,37.22,19.26,25.69,81.96,25.44,37901.0,0,saudavel,3.23
2472,F03-ALG,F03,Algodao,94.5,-18.15128,-48.45328,2023/2024,2023-12-08,342,31,vegetativo,0.2556,0.2282,22.46,41.11,15.89,22.15,88.29,29.33,39010.4,0,saudavel,3.23
2473,F03-ALG,F03,Algodao,94.5,-18.15128,-48.45328,2023/2024,2023-12-09,343,32,vegetativo,0.3003,0.288,26.96,36.47,0.0,25.01,,19.72,62520.4,1,saudavel,3.23
2474,F03-ALG,F03,Algodao,94.5,-18.15128,-48.45328,2023/2024,2023-12-10,344,33,vegetativo,0.2694,0.2286,25.33,32.2,0.0,24.64,82.95,15.34,63659.6,1,saudavel,3.23
2475,F03-ALG,F03,Algodao,94.5,-18.15128,-48.45328,2023/2024,2023-12-11,345,34,vegetativo,0.2539,0.2521,22.77,28.6,0.0,21.69,78.34,12.21,59341.9,1,atencao,3.23
2476,F03-ALG,F03,Algodao,94.5,-18.15128,-48.45328,2023/2024,2023-12-12,346,35,vegetativo,0.3051,0.2674,27.2,32.27,14.61,25.04,83.96,21.13,47635.9,0,saudavel,3.23
2477,F03-ALG,F03,Algodao,94.5,-18.15128,-48.45328,2023/2024,2023-12-13,347,36,vegetativo,0.3201,0.2859,23.68,28.63,0.0,22.79,69.86,15.98,54913.2,1,saudavel,3.23
2478,F03-ALG,F03,Algodao,94.5,-18.15128,-48.45328,2023/2024,2023-12-14,348,37,vegetativo,0.318,0.2914,28.2,25.08,0.0,24.46,79.2,11.75,57983.1,1,saudavel,3.23
2479,F03-ALG,F03,Algodao,94.5,-18.15128,-48.45328,2023/2024,2023-12-15,349,38,vegetativo,0.2906,0.2614,25.52,21.88,0.0,23.61,76.59,8.79,60134.0,1,atencao,3.23
2480,F03-ALG,F03,Algodao,94.5,-18.15128,-48.45328,2023/2024,2023-12-16,350,39,vegetativo,0.3679,0.2967,21.9,19.25,0.0,21.91,83.0,7.6,54716.5,1,saudavel,3.23
2481,F03-ALG,F03,Algodao,94.5,-18.15128,-48.45328,2023/2024,2023-12-17,351,40,vegetativo,0.3618,0.3292,23.72,25.27,17.03,22.46,79.72,17.5,38346.4,0,saudavel,3.23
2482,F03-ALG,F03,Algodao,94.5,-18.15128,-48.45328,2023/2024,2023-12-18,352,41,vegetativo,0.3667,0.3042,22.94,22.64,0.68,22.47,79.56,14.04,59768.8,1,saudavel,3.23
2483,F03-ALG,F03,Algodao,94.5,-18.15128,-48.45328,2023/2024,2023-12-19,353,42,vegetativo,0.4133,0.3573,26.41,19.62,0.0,25.29,77.26,9.88,58170.5,1,saudavel,3.23
2484,F03-ALG,F03,Algodao,94.5,-18.15128,-48.45328,2023/2024,2023-12-20,354,43,vegetativo,0.3662,0.314,25.38,32.73,31.85,24.97,85.83,28.45,28958.4,0,atencao,3.23
2485,F03-ALG,F03,Algodao,94.5,-18.15128,-48.45328,2023/2024,2023-12-21,355,44,vegetativo,0.4268,0.3857,27.47,28.72,0.0,26.9,76.01,21.41,58781.1,0,saudavel,3.23
2486,F03-ALG,F03,Algodao,94.5,-18.15128,-48.45328,2023/2024,2023-12-22,356,45,vegetativo,0.4321,0.3752,23.05,25.54,0.0,22.74,83.73,14.48,56146.2,1,saudavel,3.23
2487,F03-ALG,F03,Algodao,94.5,-18.15128,-48.45328,2023/2024,2023-12-23,357,46,vegetativo,0.4916,0.3901,22.25,22.72,0.0,22.59,82.67,8.61,59335.0,1,saudavel,3.23
2488,F03-ALG,F03,Algodao,94.5,-18.15128,-48.45328,2023/2024,2023-12-24,358,47,vegetativo,0.4856,0.4546,24.18,52.64,65.25,23.51,83.44,47.87,29944.9,0,saudavel,3.23
2489,F03-ALG,F03,Algodao,94.5,-18.15128,-48.45328,2023/2024,2023-12-25,359,48,vegetativo,0.4826,0.4269,20.52,47.63,0.0,22.67,74.44,38.4,58202.1,1,saudavel,3.23
2490,F03-ALG,F03,Algodao,94.5,-18.15128,-48.45328,2023/2024,2023-12-26,360,49,vegetativo,0.5419,0.4496,21.45,47.52,8.7,22.23,83.33,,49727.6,0,saudavel,3.23
2491,F03-ALG,F03,Algodao,94.5,-18.15128,-48.45328,2023/2024,2023-12-27,361,50,vegetativo,0.4889,0.3928,21.98,42.88,0.0,23.08,80.97,31.53,59276.2,1,atencao,3.23
2492,F03-ALG,F03,Algodao,94.5,-18.15128,-48.45328,2023/2024,2023-12-28,362,51,vegetativo,0.567,0.501,21.5,40.89,4.53,23.95,72.82,27.81,57783.7,0,saudavel,3.23
2493,F03-ALG,F03,Algodao,94.5,-18.15128,-48.45328,2023/2024,2023-12-29,363,52,vegetativo,0.55,0.4471,17.84,37.25,0.0,19.63,80.31,21.71,59517.8,0,saudavel,3.23
2494,F03-ALG,F03,Algodao,94.5,-18.15128,-48.45328,2023/2024,2023-12-30,364,53,floracao,0.5838,0.5123,19.96,33.72,0.0,21.84,91.52,18.02,53969.5,1,saudavel,3.23
2495,F03-ALG,F03,Algodao,94.5,-18.15128,-48.45328,2023/2024,2023-12-31,365,54,floracao,0.6055,0.5361,18.8,41.82,22.3,20.49,78.89,29.24,33921.7,0,saudavel,3.23
2496,F03-ALG,F03,Algodao,94.5,-18.15128,-48.45328,2023/2024,2024-01-01,1,55,floracao,0.645,0.5353,20.79,46.04,16.14,22.26,77.94,32.85,46385.9,0,saudavel,3.23
2497,F03-ALG,F03,Algodao,94.5,-18.15128,-48.45328,2023/2024,2024-01-02,2,56,floracao,0.6867,0.5689,21.4,47.16,10.67,23.04,81.55,31.66,46910.3,0,saudavel,3.23
2498,F03-ALG,F03,Algodao,94.5,-18.15128,-48.45328,2023/2024,2024-01-03,3,57,floracao,0.6219,0.5192,21.96,42.64,0.0,23.97,76.02,24.39,59210.9,1,saudavel,3.23
2499,F03-ALG,F03,Algodao,94.5,-18.15128,-48.45328,2023/2024,2024-01-04,4,58,floracao,0.6805,0.5587,21.0,38.86,0.0,21.54,80.87,18.26,65167.8,1,saudavel,3.23
2500,F03-ALG,F03,Algodao,94.5,-18.15128,-48.45328,2023/2024,2024-01-05,5,59,floracao,0.7288,0.6241,19.33,35.38,0.0,22.26,77.48,14.14,61199.3,1,saudavel,3.23
2501,F03-ALG,F03,Algodao,94.5,-18.15128,-48.45328,2023/2024,2024-01-06,6,60,floracao,0.6856,0.5902,15.36,39.43,14.16,19.48,83.38,20.75,38788.2,0,saudavel,3.23
2502,F03-ALG,F03,Algodao,94.5,-18.15128,-48.45328,2023/2024,2024-01-07,7,61,floracao,0.6958,0.606,18.0,48.15,24.21,20.61,80.35,31.7,39595.4,0,saudavel,3.23
2503,F03-ALG,F03,Algodao,94.5,-18.15128,-48.45328,2023/2024,2024-01-08,8,62,floracao,0.7238,0.5985,19.65,53.55,19.25,22.12,89.48,40.21,,0,saudavel,3.23
2504,F03-ALG,F03,Algodao,94.5,-18.15128,-48.45328,2023/2024,2024-01-09,9,63,floracao,0.7453,0.6503,13.69,49.3,0.46,19.67,81.39,34.75,59544.1,0,saudavel,3.23
2505,F03-ALG,F03,Algodao,94.5,-18.15128,-48.45328,2023/2024,2024-01-10,10,64,floracao,0.7508,0.6184,21.92,44.87,0.0,23.47,77.73,27.51,59680.2,1,saudavel,3.23
2506,F03-ALG,F03,Algodao,94.5,-18.15128,-48.45328,2023/2024,2024-01-11,11,65,floracao,0.7386,0.6446,19.56,44.71,7.6,22.31,84.65,25.58,53951.8,0,saudavel,3.23
2507,F03-ALG,F03,Algodao,94.5,-18.15128,-48.45328,2023/2024,2024-01-12,12,66,floracao,0.7371,0.5968,16.28,45.16,8.45,20.07,73.84,26.16,50034.9,0,saudavel,3.23
2508,F03-ALG,F03,Algodao,94.5,-18.15128,-48.45328,2023/2024,2024-01-13,13,67,floracao,0.7862,0.6996,15.07,41.34,0.0,19.11,89.79,20.99,53930.7,1,saudavel,3.23
2509,F03-ALG,F03,Algodao,94.5,-18.15128,-48.45328,2023/2024,2024-01-14,14,68,floracao,0.7504,0.6274,18.17,42.25,8.84,20.16,75.7,22.6,50628.1,0,saudavel,3.23
2510,F03-ALG,F03,Algodao,94.5,-18.15128,-48.45328,2023/2024,2024-01-15,15,69,floracao,0.733,0.6351,18.09,38.67,0.0,19.8,86.77,17.68,53939.7,1,saudavel,3.23
2511,F03-ALG,F03,Algodao,94.5,-18.15128,-48.45328,2023/2024,2024-01-16,16,70,floracao,0.7472,0.6487,15.86,37.3,3.85,,88.38,15.16,59667.9,0,saudavel,3.23
2512,F03-ALG,F03,Algodao,94.5,-18.15128,-48.45328,2023/2024,2024-01-17,17,71,floracao,0.7691,0.6284,14.58,38.83,9.42,18.86,78.63,18.35,47614.7,0,saudavel,3.23
2513,F03-ALG,F03,Algodao,94.5,-18.15128,-48.45328,2023/2024,2024-01-18,18,72,floracao,0.8144,0.709,17.34,46.98,22.92,20.54,78.04,29.16,35441.7,0,saudavel,3.23
2514,F03-ALG,F03,Algodao,94.5,-18.15128,-48.45328,2023/2024,2024-01-19,19,73,floracao,0.7643,0.6386,19.33,54.82,23.76,21.89,78.77,38.59,32668.6,0,saudavel,3.23
2515,F03-ALG,F03,Algodao,94.5,-18.15128,-48.45328,2023/2024,2024-01-20,20,74,floracao,0.8216,0.6922,16.81,50.24,0.0,19.64,83.7,31.53,58278.9,1,saudavel,3.23
2516,F03-ALG,F03,Algodao,94.5,-18.15128,-48.45328,2023/2024,2024-01-21,21,75,floracao,0.82,0.6836,17.35,46.02,0.0,21.29,74.54,25.49,58443.3,1,saudavel,3.23
2517,F03-ALG,F03,Algodao,94.5,-18.15128,-48.45328,2023/2024,2024-01-22,22,76,floracao,0.8008,0.7129,16.72,49.72,15.18,20.04,79.66,30.61,40467.0,0,saudavel,3.23
2518,F03-ALG,F03,Algodao,94.5,-18.15128,-48.45328,2023/2024,2024-01-23,23,77,floracao,0.7473,0.6118,18.67,45.5,0.0,21.37,77.76,24.19,58061.0,1,saudavel,3.23
2519,F03-ALG,F03,Algodao,94.5,-18.15128,-48.45328,2023/2024,2024-01-24,24,78,floracao,0.7764,0.6686,17.17,43.76,4.2,19.19,74.8,22.85,52750.1,0,saudavel,3.23
2520,F03-ALG,F03,Algodao,94.5,-18.15128,-48.45328,2023/2024,2024-01-25,25,79,floracao,0.7889,0.6581,18.94,40.06,0.0,20.71,74.34,17.4,56014.8,1,saudavel,3.23
2521,F03-ALG,F03,Algodao,94.5,-18.15128,-48.45328,2023/2024,2024-01-26,26,80,floracao,0.8375,0.7337,18.45,48.2,23.09,20.39,80.31,27.38,32257.4,0,saudavel,3.23
2522,F03-ALG,F03,Algodao,94.5,-18.15128,-48.45328,2023/2024,2024-01-27,27,81,floracao,0.7925,0.7201,20.34,44.07,0.0,22.17,79.06,20.76,62825.7,1,saudavel,3.23
2523,F03-ALG,F03,Algodao,94.5,-18.15128,-48.45328,2023/2024,2024-01-28,28,82,floracao,0.7893,0.6583,19.6,40.35,0.0,20.89,75.37,15.75,59213.4,1,saudavel,3.23
2524,F03-ALG,F03,Algodao,94.5,-18.15128,-48.45328,2023/2024,2024-01-29,29,83,frutificacao,0.8091,0.6905,18.09,36.92,0.0,20.36,79.8,10.72,57627.7,1,saudavel,3.23
2525,F03-ALG,F03,Algodao,94.5,-18.15128,-48.45328,2023/2024,2024-01-30,30,84,frutificacao,0.7775,0.6532,14.1,52.19,36.85,17.69,77.67,29.95,30987.1,0,saudavel,3.23
2526,F03-ALG,F03,Algodao,94.5,-18.15128,-48.45328,2023/2024,2024-01-31,31,85,frutificacao,0.8054,0.7054,17.32,66.34,37.04,19.03,86.54,49.13,28391.3,0,saudavel,3.23
2527,F03-ALG,F03,Algodao,94.5,-18.15128,-48.45328,2023/2024,2024-02-01,32,86,frutificacao,0.7899,0.6665,14.06,65.52,9.38,18.55,79.67,48.04,45137.1,0,saudavel,3.23
2528,F03-ALG,F03,Algodao,94.5,-18.15128,-48.45328,2023/2024,2024-02-02,33,87,frutificacao,0.8595,0.7487,17.07,60.08,0.0,18.44,85.63,39.97,46575.7,0,saudavel,3.23
2529,F03-ALG,F03,Algodao,94.5,-18.15128,-48.45328,2023/2024,2024-02-03,34,88,frutificacao,0.787,0.661,15.57,55.08,0.0,19.63,70.86,,50601.8,1,saudavel,3.23
2530,F03-ALG,F03,Algodao,94.5,-18.15128,-48.45328,2023/2024,2024-02-04,35,89,frutificacao,0.8433,0.7617,17.19,50.47,0.0,19.9,80.66,23.23,60503.2,1,saudavel,3.23
2531,F03-ALG,F03,Algodao,94.5,-18.15128,-48.45328,2023/2024,2024-02-05,36,90,frutificacao,0.7811,0.6201,18.3,50.15,7.84,19.89,81.92,24.18,50208.9,0,saudavel,3.23
2532,F03-ALG,F03,Algodao,94.5,-18.15128,-48.45328,2023/2024,2024-02-06,37,91,frutificacao,0.8081,0.6945,18.48,55.01,18.14,21.29,77.29,28.95,37926.3,0,saudavel,3.23
2533,F03-ALG,F03,Algodao,94.5,-18.15128,-48.45328,2023/2024,2024-02-07,38,92,frutificacao,0.8116,0.6897,14.7,51.12,1.41,20.06,75.9,24.26,47242.0,1,saudavel,3.23
2534,F03-ALG,F03,Algodao,94.5,-18.15128,-48.45328,2023/2024,2024-02-08,39,93,frutificacao,0.8029,0.6816,13.25,46.83,0.0,17.43,79.28,18.44,54866.3,1,saudavel,3.23
2535,F03-ALG,F03,Algodao,94.5,-18.15128,-48.45328,2023/2024,2024-02-09,40,94,frutificacao,0.7999,0.6856,16.67,50.05,14.34,19.51,82.39,20.76,39264.2,0,saudavel,3.23
2536,F03-ALG,F03,Algodao,94.5,-18.15128,-48.45328,2023/2024,2024-02-10,41,95,frutificacao,0.8135,0.6926,17.34,45.85,0.0,20.02,72.19,18.98,54507.6,1,saudavel,3.23
2537,F03-ALG,F03,Algodao,94.5,-18.15128,-48.45328,2023/2024,2024-02-11,42,96,frutificacao,0.8022,0.6863,17.58,43.02,2.07,20.98,81.04,14.77,46997.1,1,saudavel,3.23
2538,F03-ALG,F03,Algodao,94.5,-18.15128,-48.45328,2023/2024,2024-02-12,43,97,frutificacao,0.7877,0.6777,15.78,39.37,0.0,18.8,80.31,11.32,50379.8,1,saudavel,3.23
2539,F03-ALG,F03,Algodao,94.5,-18.15128,-48.45328,2023/2024,2024-02-13,44,98,frutificacao,0.7746,0.6934,14.31,48.63,25.22,18.75,77.3,25.22,32547.8,0,saudavel,3.23
2540,F03-ALG,F03,Algodao,94.5,-18.15128,-48.45328,2023/2024,2024-02-14,45,99,frutificacao,0.7813,0.6088,19.28,44.54,0.0,20.53,,19.71,57053.7,1,saudavel,3.23
2541,F03-ALG,F03,Algodao,94.5,-18.15128,-48.45328,2023/2024,2024-02-15,46,100,frutificacao,0.7771,0.6975,15.76,40.78,0.0,19.13,78.41,16.6,48999.8,1,saudavel,3.23
2542,F03-ALG,F03,Algodao,94.5,-18.15128,-48.45328,2023/2024,2024-02-16,47,101,frutificacao,0.7723,0.7077,14.25,53.06,31.49,16.41,87.88,32.71,22339.3,0,saudavel,3.23
2543,F03-ALG,F03,Algodao,94.5,-18.15128,-48.45328,2023/2024,2024-02-17,48,102,frutificacao,0.7729,0.6219,14.49,60.73,24.22,16.04,81.41,42.88,,0,saudavel,3.23
2544,F03-ALG,F03,Algodao,94.5,-18.15128,-48.45328,2023/2024,2024-02-18,49,103,frutificacao,0.7377,0.628,17.67,55.6,0.0,21.47,71.55,35.29,46288.9,0,saudavel,3.23
2545,F03-ALG,F03,Algodao,94.5,-18.15128,-48.45328,2023/2024,2024-02-19,50,104,frutificacao,0.7393,0.6558,13.56,50.95,0.0,16.09,77.16,26.61,46195.7,1,saudavel,3.23
2546,F03-ALG,F03,Algodao,94.5,-18.15128,-48.45328,2023/2024,2024-02-20,51,105,frutificacao,0.7698,0.6727,15.71,57.5,21.65,18.36,72.1,35.98,,0,saudavel,3.23
2547,F03-ALG,F03,Algodao,94.5,-18.15128,-48.45328,2023/2024,2024-02-21,52,106,frutificacao,0.7007,0.6292,17.33,52.7,0.0,19.89,67.31,27.66,55389.7,1,saudavel,3.23
2548,F03-ALG,F03,Algodao,94.5,-18.15128,-48.45328,2023/2024,2024-02-22,53,107,frutificacao,0.7616,0.6548,13.95,54.76,12.95,15.88,73.2,29.09,35732.1,0,saudavel,3.23
2549,F03-ALG,F03,Algodao,94.5,-18.15128,-48.45328,2023/2024,2024-02-23,54,108,frutificacao,0.7176,0.5693,13.74,55.25,10.14,16.86,78.86,30.62,39187.4,0,saudavel,3.23
2550,F03-ALG,F03,Algodao,94.5,-18.15128,-48.45328,2023/2024,2024-02-24,55,109,frutificacao,0.7524,0.6657,13.86,50.63,0.0,16.57,84.64,24.24,48503.6,1,saudavel,3.23
2551,F03-ALG,F03,Algodao,94.5,-18.15128,-48.45328,2023/2024,2024-02-25,56,110,frutificacao,0.733,0.6358,18.14,46.34,0.0,21.11,80.37,20.13,46425.0,1,saudavel,3.23
2552,F03-ALG,F03,Algodao,94.5,-18.15128,-48.45328,2023/2024,2024-02-26,57,111,frutificacao,0.6905,0.6163,21.51,45.54,6.47,21.4,69.28,20.85,37093.8,0,saudavel,3.23
2553,F03-ALG,F03,Algodao,94.5,-18.15128,-48.45328,2023/2024,2024-02-27,58,112,frutificacao,0.6803,0.5476,14.45,44.71,6.03,17.23,73.4,18.61,44849.4,0,saudavel,3.23
2554,F03-ALG,F03,Algodao,94.5,-18.15128,-48.45328,2023/2024,2024-02-28,59,113,frutificacao,0.7035,0.5736,17.58,41.39,0.92,19.17,71.37,16.71,46689.4,1,saudavel,3.23
2555,F03-ALG,F03,Algodao,94.5,-18.15128,-48.45328,2023/2024,2024-02-29,60,114,frutificacao,0.683,0.5809,18.38,37.88,0.0,18.73,63.25,13.87,47612.3,1,saudavel,3.23
2556,F03-ALG,F03,Algodao,94.5,-18.15128,-48.45328,2023/2024,2024-03-01,61,115,frutificacao,0.662,0.5894,14.94,34.64,0.0,17.82,75.7,10.23,45747.9,1,saudavel,3.23
2557,F03-ALG,F03,Algodao,94.5,-18.15128,-48.45328,2023/2024,2024-03-02,62,116,frutificacao,0.6497,0.5845,14.02,31.64,0.0,15.77,81.61,7.89,50371.7,1,saudavel,3.23
2558,F03-ALG,F03,Algodao,94.5,-18.15128,-48.45328,2023/2024,2024-03-03,63,117,frutificacao,0.5886,0.4858,19.36,31.27,5.34,21.65,72.63,10.42,39930.9,0,saudavel,3.23
2559,F03-ALG,F03,Algodao,94.5,-18.15128,-48.45328,2023/2024,2024-03-04,64,118,frutificacao,0.5972,0.4995,12.05,32.53,8.15,15.44,71.11,12.97,35781.8,0,saudavel,3.23
2560,F03-ALG,F03,Algodao,94.5,-18.15128,-48.45328,2023/2024,2024-03-05,65,119,frutificacao,0.5598,0.5333,16.63,29.57,0.0,18.46,71.23,13.34,49789.2,1,saudavel,3.23
2561,F03-ALG,F03,Algodao,94.5,-18.15128,-48.45328,2023/2024,2024-03-06,66,120,frutificacao,0.5346,0.4434,15.76,34.29,14.96,17.15,74.42,22.38,26768.4,0,saudavel,3.23
2562,F03-ALG,F03,Algodao,94.5,-18.15128,-48.45328,2023/2024,2024-03-07,67,121,frutificacao,0.5414,0.4737,18.23,39.11,15.91,19.61,78.26,28.36,31946.2,0,saudavel,3.23
2563,F03-ALG,F03,Algodao,94.5,-18.15128,-48.45328,2023/2024,2024-03-08,68,122,frutificacao,0.5108,0.4252,18.45,40.9,10.71,19.35,73.47,29.31,35712.7,0,saudavel,3.23
2564,F03-ALG,F03,Algodao,94.5,-18.15128,-48.45328,2023/2024,2024-03-09,69,123,frutificacao,0.4966,0.4316,16.13,37.18,0.0,16.6,79.03,23.17,43052.0,1,saudavel,3.23
2565,F03-ALG,F03,Algodao,94.5,-18.15128,-48.45328,2023/2024,2024-03-10,70,124,frutificacao,0.4708,0.3828,15.43,33.71,0.0,16.86,75.11,,38387.8,0,saudavel,3.23
2566,F03-ALG,F03,Algodao,94.5,-18.15128,-48.45328,2023/2024,2024-03-11,71,125,frutificacao,0.4366,0.3544,16.13,30.47,0.0,15.71,77.21,13.79,39131.0,1,saudavel,3.23
2567,F03-ALG,F03,Algodao,94.5,-18.15128,-48.45328,2023/2024,2024-03-12,72,126,frutificacao,0.4769,0.3979,19.24,42.19,29.29,18.32,69.57,30.75,24536.6,0,saudavel,3.23
2568,F03-ALG,F03,Algodao,94.5,-18.15128,-48.45328,2023/2024,2024-03-13,73,127,frutificacao,0.4277,0.3526,20.57,38.26,0.0,19.08,70.2,22.47,46128.4,1,saudavel,3.23
2569,F03-ALG,F03,Algodao,94.5,-18.15128,-48.45328,2023/2024,2024-03-14,74,128,maturacao,0.3779,0.3151,17.69,34.57,0.0,17.35,68.21,18.56,40362.1,0,saudavel,3.23
2570,F03-ALG,F03,Algodao,94.5,-18.15128,-48.45328,2023/2024,2024-03-15,75,129,maturacao,0.3931,0.3447,18.99,33.19,4.0,17.64,77.13,18.43,35709.4,0,saudavel,3.23
2571,F03-ALG,F03,Algodao,94.5,-18.15128,-48.45328,2023/2024,2024-03-16,76,130,maturacao,0.4034,0.3807,20.55,29.84,0.0,20.86,70.55,15.06,35540.9,0,saudavel,3.23
2572,F03-ALG,F03,Algodao,94.5,-18.15128,-48.45328,2023/2024,2024-03-17,77,131,maturacao,0.3763,0.3081,19.67,26.82,0.0,19.4,54.7,11.33,43356.7,0,saudavel,3.23
2573,F03-ALG,F03,Algodao,94.5,-18.15128,-48.45328,2023/2024,2024-03-18,78,132,maturacao,0.3318,0.2623,21.43,32.39,16.85,20.02,74.53,20.13,31888.9,0,saudavel,3.23
2574,F03-ALG,F03,Algodao,94.5,-18.15128,-48.45328,2023/2024,2024-03-19,79,133,maturacao,0.3182,0.2707,15.44,29.08,0.0,14.64,80.04,17.51,31380.8,0,saudavel,3.23
2575,F03-ALG,F03,Algodao,94.5,-18.15128,-48.45328,2023/2024,2024-03-20,80,134,maturacao,0.2958,0.2344,18.9,26.0,0.0,18.83,68.41,13.29,32180.1,0,saudavel,3.23
2576,F03-ALG,F03,Algodao,94.5,-18.15128,-48.45328,2023/2024,2024-03-21,81,135,maturacao,0.2877,0.2119,20.63,23.15,0.0,18.39,74.94,9.93,39500.8,0,saudavel,3.23
2577,F03-ALG,F03,Algodao,94.5,-18.15128,-48.45328,2023/2024,2024-03-22,82,136,maturacao,0.2779,0.2575,16.81,20.51,0.0,16.14,72.65,10.33,39527.4,0,saudavel,3.23
2578,F03-ALG,F03,Algodao,94.5,-18.15128,-48.45328,2023/2024,2024-03-23,83,137,maturacao,0.2512,0.2151,17.68,18.05,0.0,16.46,62.72,7.86,36935.5,0,atencao,3.23
2579,F03-ALG,F03,Algodao,94.5,-18.15128,-48.45328,2023/2024,2024-03-24,84,138,maturacao,0.2619,0.2262,20.41,15.8,0.0,17.71,82.13,5.0,37907.4,0,saudavel,3.23
2580,F03-ALG,F03,Algodao,94.5,-18.15128,-48.45328,2023/2024,2024-03-25,85,139,maturacao,0.2687,0.1899,18.16,29.09,30.72,16.04,72.16,23.42,18080.9,0,saudavel,3.23
2581,F03-ALG,F03,Algodao,94.5,-18.15128,-48.45328,2023/2024,2024-03-26,86,140,maturacao,0.2454,0.1969,18.83,25.93,0.0,16.87,73.5,18.73,37364.1,0,saudavel,3.23
2582,F03-ALG,F03,Algodao,94.5,-18.15128,-48.45328,2023/2024,2024-03-27,87,141,maturacao,0.2505,0.1846,17.66,23.04,0.0,17.39,68.86,13.3,34222.0,0,saudavel,3.23
2583,F03-ALG,F03,Algodao,94.5,-18.15128,-48.45328,2023/2024,2024-03-28,88,142,maturacao,0.2718,0.2306,19.35,20.4,0.0,18.96,69.37,8.22,36528.6,0,saudavel,3.23
2584,F03-ALG,F03,Algodao,94.5,-18.15128,-48.45328,2023/2024,2024-03-29,89,143,maturacao,0.2699,0.2321,19.02,17.97,0.0,17.06,72.6,6.07,34183.6,0,saudavel,3.23
2585,F03-ALG,F03,Algodao,94.5,-18.15128,-48.45328,2023/2024,2024-03-30,90,144,maturacao,0.2263,0.195,20.06,15.68,0.0,17.47,66.14,5.0,33575.7,0,saudavel,3.23
2586,F03-ALG,F03,Algodao,94.5,-18.15128,-48.45328,2023/2024,2024-03-31,91,145,maturacao,0.2402,0.1909,21.79,13.58,0.0,19.7,78.29,5.0,29891.2,0,saudavel,3.23
2587,F03-ALG,F03,Algodao,94.5,-18.15128,-48.45328,2023/2024,2024-04-01,92,146,colheita,0.2148,0.1655,17.13,11.62,0.0,15.54,76.31,,34609.4,0,saudavel,3.23
2588,F03-ALG,F03,Algodao,94.5,-18.15128,-48.45328,2023/2024,2024-04-02,93,147,colheita,0.2043,0.1698,20.21,12.81,6.04,18.55,72.71,5.0,33688.7,0,saudavel,3.23
2589,F03-ALG,F03,Algodao,94.5,-18.15128,-48.45328,2023/2024,2024-04-03,94,148,colheita,0.188,0.167,21.35,10.87,0.0,18.82,69.06,5.0,33451.1,0,atencao,3.23
2590,F03-ALG,F03,Algodao,94.5,-18.15128,-48.45328,2023/2024,2024-04-04,95,149,colheita,0.2088,0.1659,19.76,9.11,0.0,18.9,65.72,5.0,33015.2,0,saudavel,3.23
2591,F03-ALG,F03,Algodao,94.5,-18.15128,-48.45328,2024/2025,2024-11-09,314,0,germinacao,0.1488,0.1064,34.55,45.0,15.61,30.83,62.26,43.18,38525.5,0,atencao,3.35
2592,F03-ALG,F03,Algodao,94.5,-18.15128,-48.45328,2024/2025,2024-11-10,315,1,germinacao,0.1839,0.1684,30.6,39.44,0.0,28.63,73.08,33.76,57071.8,0,saudavel,3.35
2593,F03-ALG,F03,Algodao,94.5,-18.15128,-48.45328,2024/2025,2024-11-11,316,2,germinacao,0.1919,0.1322,31.33,39.96,11.3,28.83,69.87,31.72,42824.0,0,saudavel,3.35
2594,F03-ALG,F03,Algodao,94.5,-18.15128,-48.45328,2024/2025,2024-11-12,317,3,germinacao,0.1386,0.1286,28.63,34.94,0.0,26.91,74.41,24.05,52468.5,1,atencao,3.35
2595,F03-ALG,F03,Algodao,94.5,-18.15128,-48.45328,2024/2025,2024-11-13,318,4,germinacao,0.1816,0.1523,31.68,30.15,0.0,28.94,82.24,17.34,55548.5,1,saudavel,3.35
2596,F03-ALG,F03,Algodao,94.5,-18.15128,-48.45328,2024/2025,2024-11-14,319,5,germinacao,0.1633,0.1407,27.37,26.17,0.0,25.11,78.9,11.66,57998.4,1,atencao,3.35
2597,F03-ALG,F03,Algodao,94.5,-18.15128,-48.45328,2024/2025,2024-11-15,320,6,germinacao,0.1619,0.1568,29.69,27.32,10.01,26.71,77.01,13.13,52388.2,0,atencao,3.35
2598,F03-ALG,F03,Algodao,94.5,-18.15128,-48.45328,2024/2025,2024-11-16,321,7,germinacao,0.1715,0.1294,30.07,27.15,7.86,28.09,73.2,13.9,55193.0,0,saudavel,3.35
2599,F03-ALG,F03,Algodao,94.5,-18.15128,-48.45328,2024/2025,2024-11-17,322,8,germinacao,0.1877,0.159,28.77,23.34,0.0,25.95,76.91,7.92,51170.8,1,saudavel,3.35
2600,F03-ALG,F03,Algodao,94.5,-18.15128,-48.45328,2024/2025,2024-11-18,323,9,germinacao,0.1718,0.1521,30.1,23.6,8.1,28.17,70.02,7.96,52185.4,0,saudavel,3.35
2601,F03-ALG,F03,Algodao,94.5,-18.15128,-48.45328,2024/2025,2024-11-19,324,10,germinacao,0.1469,0.1189,29.77,19.87,0.0,27.17,77.13,5.57,53970.1,1,atencao,3.35
2602,F03-ALG,F03,Algodao,94.5,-18.15128,-48.45328,2024/2025,2024-11-20,325,11,germinacao,0.1898,0.1756,28.95,16.54,0.0,26.93,73.65,5.0,54300.8,1,saudavel,3.35
2603,F03-ALG,F03,Algodao,94.5,-18.15128,-48.45328,2024/2025,2024-11-21,326,12,germinacao,0.1814,0.1608,27.84,23.34,19.41,25.45,71.51,11.01,37079.4,0,saudavel,3.35
2604,F03-ALG,F03,Algodao,94.5,-18.15128,-48.45328,2024/2025,2024-11-22,327,13,germinacao,0.1707,0.1335,29.78,29.43,19.49,27.04,78.86,17.87,36924.3,0,atencao,3.35
2605,F03-ALG,F03,Algodao,94.5,-18.15128,-48.45328,2024/2025,2024-11-23,328,14,germinacao,0.1845,0.182,31.08,30.41,10.74,29.24,62.42,15.79,44065.1,0,saudavel,3.35
2606,F03-ALG,F03,Algodao,94.5,-18.15128,-48.45328,2024/2025,2024-11-24,329,15,vegetativo,0.185,0.1685,28.72,26.28,0.0,26.51,72.6,12.09,50798.4,1,saudavel,3.35
2607,F03-ALG,F03,Algodao,94.5,-18.15128,-48.45328,2024/2025,2024-11-25,330,16,vegetativo,0.1943,0.1483,29.42,27.67,10.48,26.98,78.21,15.49,52122.0,0,saudavel,3.35
2608,F03-ALG,F03,Algodao,94.5,-18.15128,-48.45328,2024/2025,2024-11-26,331,17,vegetativo,0.1902,0.1446,29.9,35.84,24.3,27.1,81.3,24.57,37189.5,0,saudavel,3.35
2609,F03-ALG,F03,Algodao,94.5,-18.15128,-48.45328,2024/2025,2024-11-27,332,18,vegetativo,0.2003,0.1659,26.36,31.56,0.0,24.24,79.36,19.29,58172.0,1,saudavel,3.35
2610,F03-ALG,F03,Algodao,94.5,-18.15128,-48.45328,2024/2025,2024-11-28,333,19,vegetativo,0.1982,0.1774,26.98,27.46,0.0,,72.89,16.74,55455.5,1,saudavel,3.35
2611,F03-ALG,F03,Algodao,94.5,-18.15128,-48.45328,2024/2025,2024-11-29,334,20,vegetativo,0.2179,0.1409,27.64,23.73,0.0,25.51,76.17,9.42,62194.6,1,saudavel,3.35
2612,F03-ALG,F03,Algodao,94.5,-18.15128,-48.45328,2024/2025,2024-11-30,335,21,vegetativo,0.2358,0.1844,25.02,20.69,0.0,22.47,79.8,5.32,58423.7,0,saudavel,3.35
2613,F03-ALG,F03,Algodao,94.5,-18.15128,-48.45328,2024/2025,2024-12-01,336,22,vegetativo,0.2068,0.1642,27.55,17.33,0.0,26.74,83.68,5.0,57007.9,1,saudavel,3.35
2614,F03-ALG,F03,Algodao,94.5,-18.15128,-48.45328,2024/2025,2024-12-02,337,23,vegetativo,0.1979,0.1395,24.96,14.55,0.0,24.06,82.17,5.0,53914.1,1,saudavel,3.35
2615,F03-ALG,F03,Algodao,94.5,-18.15128,-48.45328,2024/2025,2024-12-03,338,24,vegetativo,0.1853,0.137,28.05,11.7,0.0,26.38,80.9,5.0,60568.8,1,atencao,3.35
2616,F03-ALG,F03,Algodao,94.5,-18.15128,-48.45328,2024/2025,2024-12-04,339,25,vegetativo,0.231,0.1991,25.85,9.42,0.0,24.12,78.02,5.0,58052.3,1,saudavel,3.35
2617,F03-ALG,F03,Algodao,94.5,-18.15128,-48.45328,2024/2025,2024-12-05,340,26,vegetativo,0.2046,0.1641,28.18,8.0,0.0,28.22,69.96,5.0,59934.3,1,atencao,3.35
2618,F03-ALG,F03,Algodao,94.5,-18.15128,-48.45328,2024/2025,2024-12-06,341,27,vegetativo,0.2746,0.2252,26.74,8.0,0.0,24.64,70.51,5.0,59746.1,1,saudavel,3.35
2619,F03-ALG,F03,Algodao,94.5,-18.15128,-48.45328,2024/2025,2024-12-07,342,28,vegetativo,0.2888,0.2179,29.05,8.0,0.0,27.83,74.18,5.0,61230.7,1,saudavel,3.35
2620,F03-ALG,F03,Algodao,94.5,-18.15128,-48.45328,2024/2025,2024-12-08,343,29,vegetativo,0.2351,0.1956,24.12,8.0,0.0,24.59,81.2,5.0,60053.4,1,saudavel,3.35
2621,F03-ALG,F03,Algodao,94.5,-18.15128,-48.45328,2024/2025,2024-12-09,344,30,vegetativo,0.2129,0.1509,25.64,25.42,51.56,24.67,75.21,23.58,28745.7,0,atencao,3.35
2622,F03-ALG,F03,Algodao,94.5,-18.15128,-48.45328,2024/2025,2024-12-10,345,31,vegetativo,0.2667,0.2559,28.29,21.75,0.0,26.99,79.25,16.5,61202.0,1,saudavel,3.35
2623,F03-ALG,F03,Algodao,94.5,-18.15128,-48.45328,2024/2025,2024-12-11,346,32,vegetativo,0.3038,0.2931,22.66,35.49,33.21,23.17,74.77,33.42,32575.5,0,saudavel,3.35
2624,F03-ALG,F03,Algodao,94.5,-18.15128,-48.45328,2024/2025,2024-12-12,347,33,vegetativo,0.2445,0.1984,27.28,38.95,15.35,24.51,74.79,,48992.9,0,atencao,3.35
2625,F03-ALG,F03,Algodao,94.5,-18.15128,-48.45328,2024/2025,2024-12-13,348,34,vegetativo,0.3185,0.2483,26.47,42.5,16.02,25.14,84.71,38.88,40353.6,0,saudavel,3.35
2626,F03-ALG,F03,Algodao,94.5,-18.15128,-48.45328,2024/2025,2024-12-14,349,35,vegetativo,0.2541,0.2331,27.23,41.73,8.06,24.84,81.73,36.17,55033.3,0,atencao,3.35
2627,F03-ALG,F03,Algodao,94.5,-18.15128,-48.45328,2024/2025,2024-12-15,350,36,vegetativo,0.2735,0.2443,24.7,41.65,9.09,24.19,76.8,31.64,45927.7,0,atencao,3.35
2628,F03-ALG,F03,Algodao,94.5,-18.15128,-48.45328,2024/2025,2024-12-16,351,37,vegetativo,0.3211,0.3104,25.41,38.02,1.78,23.88,74.41,27.67,61060.7,1,saudavel,3.35
2629,F03-ALG,F03,Algodao,94.5,-18.15128,-48.45328,2024/2025,2024-12-17,352,38,vegetativo,0.3485,0.339,25.4,33.68,0.0,25.19,82.56,21.09,58050.0,1,saudavel,3.35
2630,F03-ALG,F03,Algodao,94.5,-18.15128,-48.45328,2024/2025,2024-12-18,353,39,vegetativo,0.3409,0.2492,24.82,29.81,0.0,24.08,82.9,15.27,62362.1,1,saudavel,3.35
2631,F03-ALG,F03,Algodao,94.5,-18.15128,-48.45328,2024/2025,2024-12-19,354,40,vegetativo,0.3662,0.3344,26.22,30.17,8.03,25.17,81.1,14.73,56295.2,0,saudavel,3.35
2632,F03-ALG,F03,Algodao,94.5,-18.15128,-48.45328,2024/2025,2024-12-20,355,41,vegetativo,0.395,0.3313,24.58,33.76,14.24,24.2,77.62,22.87,46299.8,0,saudavel,3.35
2633,F03-ALG,F03,Algodao,94.5,-18.15128,-48.45328,2024/2025,2024-12-21,356,42,vegetativo,0.4139,0.3628,25.57,40.25,20.62,24.49,72.89,34.25,39231.0,0,saudavel,3.35
2634,F03-ALG,F03,Algodao,94.5,-18.15128,-48.45328,2024/2025,2024-12-22,357,43,vegetativo,0.3943,0.3507,25.7,35.81,0.0,25.11,77.94,29.3,59692.4,1,saudavel,3.35
2635,F03-ALG,F03,Algodao,94.5,-18.15128,-48.45328,2024/2025,2024-12-23,358,44,vegetativo,0.4073,0.3609,22.71,35.7,7.37,22.84,86.43,27.79,51189.9,1,saudavel,3.35
2636,F03-ALG,F03,Algodao,94.5,-18.15128,-48.45328,2024/2025,2024-12-24,359,45,vegetativo,0.464,0.4144,25.53,38.15,12.78,24.86,73.65,30.2,50553.8,0,saudavel,3.35
2637,F03-ALG,F03,Algodao,94.5,-18.15128,-48.45328,2024/2025,2024-12-25,360,46,vegetativo,0.4708,0.389,23.68,51.66,34.79,22.86,79.64,48.52,29637.8,0,saudavel,3.35
2638,F03-ALG,F03,Algodao,94.5,-18.15128,-48.45328,2024/2025,2024-12-26,361,47,vegetativo,0.4925,0.3996,20.55,50.87,7.83,20.9,88.78,43.77,45549.6,0,saudavel,3.35
2639,F03-ALG,F03,Algodao,94.5,-18.15128,-48.45328,2024/2025,2024-12-27,362,48,vegetativo,0.4867,0.4374,23.36,46.04,0.0,22.4,78.18,35.72,62500.2,0,saudavel,3.35
2640,F03-ALG,F03,Algodao,94.5,-18.15128,-48.45328,2024/2025,2024-12-28,363,49,vegetativo,0.5318,0.4346,20.69,41.75,0.0,21.71,79.48,28.84,62296.1,1,saudavel,3.35
2641,F03-ALG,F03,Algodao,94.5,-18.15128,-48.45328,2024/2025,2024-12-29,364,50,vegetativo,0.5162,0.476,22.48,52.48,29.77,23.26,72.44,44.82,30234.0,0,saudavel,3.35
2642,F03-ALG,F03,Algodao,94.5,-18.15128,-48.45328,2024/2025,2024-12-30,365,51,vegetativo,0.5618,0.4623,21.11,49.9,4.48,22.16,82.96,41.01,52869.8,0,saudavel,3.35
2643,F03-ALG,F03,Algodao,94.5,-18.15128,-48.45328,2024/2025,2024-12-31,366,52,vegetativo,0.5775,0.4832,21.36,45.25,0.0,22.68,75.82,32.57,56144.0,0,saudavel,3.35
2644,F03-ALG,F03,Algodao,94.5,-18.15128,-48.45328,2024/2025,2025-01-01,1,53,floracao,0.5954,0.5023,22.34,40.84,0.0,24.01,70.95,27.97,57268.6,1,saudavel,3.35
2645,F03-ALG,F03,Algodao,94.5,-18.15128,-48.45328,2024/2025,2025-01-02,2,54,floracao,0.6259,0.5012,22.27,36.76,0.0,24.62,73.58,21.87,60150.0,1,saudavel,3.35
2646,F03-ALG,F03,Algodao,94.5,-18.15128,-48.45328,2024/2025,2025-01-03,3,55,floracao,0.6064,0.4847,20.28,33.2,0.0,22.73,80.51,16.31,53945.7,1,saudavel,3.35
2647,F03-ALG,F03,Algodao,94.5,-18.15128,-48.45328,2024/2025,2025-01-04,4,56,floracao,0.6561,0.576,22.03,29.87,0.0,23.82,70.9,12.07,60666.3,1,saudavel,3.35
2648,F03-ALG,F03,Algodao,94.5,-18.15128,-48.45328,2024/2025,2025-01-05,5,57,floracao,0.6579,0.5248,21.11,31.04,7.98,21.83,73.05,14.74,51638.2,0,saudavel,3.35
2649,F03-ALG,F03,Algodao,94.5,-18.15128,-48.45328,2024/2025,2025-01-06,6,58,floracao,0.6558,0.6078,18.57,37.16,17.65,19.65,84.05,22.1,45650.3,0,saudavel,3.35
2650,F03-ALG,F03,Algodao,94.5,-18.15128,-48.45328,2024/2025,2025-01-07,7,59,floracao,0.6583,0.5577,18.6,33.96,0.0,20.13,80.58,17.05,61210.9,1,saudavel,3.35
2651,F03-ALG,F03,Algodao,94.5,-18.15128,-48.45328,2024/2025,2025-01-08,8,60,floracao,0.7349,0.604,20.15,34.37,6.81,21.51,75.52,15.88,50129.4,0,saudavel,3.35
2652,F03-ALG,F03,Algodao,94.5,-18.15128,-48.45328,2024/2025,2025-01-09,9,61,floracao,0.7071,0.6094,20.56,49.84,37.4,22.9,77.61,35.47,24370.7,0,saudavel,3.35
2653,F03-ALG,F03,Algodao,94.5,-18.15128,-48.45328,2024/2025,2025-01-10,10,62,floracao,0.7119,0.5559,17.93,45.56,0.0,21.33,88.82,29.05,56304.0,1,saudavel,3.35
2654,F03-ALG,F03,Algodao,94.5,-18.15128,-48.45328,2024/2025,2025-01-11,11,63,floracao,0.7059,0.5933,20.6,41.38,0.0,23.3,85.31,24.69,62786.4,1,saudavel,3.35
2655,F03-ALG,F03,Algodao,94.5,-18.15128,-48.45328,2024/2025,2025-01-12,12,64,floracao,0.7594,0.6414,21.28,47.47,19.93,24.17,77.8,33.84,39958.0,0,saudavel,3.35
2656,F03-ALG,F03,Algodao,94.5,-18.15128,-48.45328,2024/2025,2025-01-13,13,65,floracao,0.766,0.6258,16.6,53.87,20.79,20.0,84.87,41.65,39938.5,0,saudavel,3.35
2657,F03-ALG,F03,Algodao,94.5,-18.15128,-48.45328,2024/2025,2025-01-14,14,66,floracao,0.7695,0.6414,22.11,50.43,2.9,24.43,78.69,32.99,53535.0,1,saudavel,3.35
2658,F03-ALG,F03,Algodao,94.5,-18.15128,-48.45328,2024/2025,2025-01-15,15,67,floracao,0.7586,0.6753,16.81,52.68,12.96,18.7,72.6,33.93,46990.5,0,saudavel,3.35
2659,F03-ALG,F03,Algodao,94.5,-18.15128,-48.45328,2024/2025,2025-01-16,16,68,floracao,0.7809,0.6675,19.07,56.2,16.45,23.83,68.57,37.58,37483.7,0,saudavel,3.35
2660,F03-ALG,F03,Algodao,94.5,-18.15128,-48.45328,2024/2025,2025-01-17,17,69,floracao,0.7549,0.6496,17.98,60.65,18.29,20.92,75.48,43.89,42962.3,0,saudavel,3.35
2661,F03-ALG,F03,Algodao,94.5,-18.15128,-48.45328,2024/2025,2025-01-18,18,70,floracao,0.7806,0.6478,14.6,55.6,0.0,20.53,72.31,34.9,54141.2,0,saudavel,3.35
2662,F03-ALG,F03,Algodao,94.5,-18.15128,-48.45328,2024/2025,2025-01-19,19,71,floracao,0.7796,0.6362,17.67,61.52,21.13,20.78,81.34,40.26,31289.9,0,saudavel,3.35
2663,F03-ALG,F03,Algodao,94.5,-18.15128,-48.45328,2024/2025,2025-01-20,20,72,floracao,0.7899,0.6666,16.29,56.39,0.0,19.51,77.92,34.93,64048.4,0,saudavel,3.35
2664,F03-ALG,F03,Algodao,94.5,-18.15128,-48.45328,2024/2025,2025-01-21,21,73,floracao,0.7518,0.5899,21.88,51.47,0.0,22.87,80.71,26.99,57484.8,1,saudavel,3.35
2665,F03-ALG,F03,Algodao,94.5,-18.15128,-48.45328,2024/2025,2025-01-22,22,74,floracao,0.8285,0.6823,17.52,50.6,6.9,,82.74,24.67,50676.4,0,saudavel,3.35
2666,F03-ALG,F03,Algodao,94.5,-18.15128,-48.45328,2024/2025,2025-01-23,23,75,floracao,0.8262,0.6773,17.1,55.81,18.93,19.61,83.84,32.61,33200.1,1,saudavel,3.35
2667,F03-ALG,F03,Algodao,94.5,-18.15128,-48.45328,2024/2025,2025-01-24,24,76,floracao,0.7732,0.6165,14.38,51.15,0.0,18.3,76.44,26.41,58372.4,1,saudavel,3.35
2668,F03-ALG,F03,Algodao,94.5,-18.15128,-48.45328,2024/2025,2025-01-25,25,77,floracao,0.8099,0.7014,14.89,58.01,22.31,19.19,83.05,35.14,38027.8,0,saudavel,3.35
2669,F03-ALG,F03,Algodao,94.5,-18.15128,-48.45328,2024/2025,2025-01-26,26,78,floracao,0.7704,0.6522,15.13,56.74,7.14,19.16,75.63,33.2,48820.4,1,saudavel,3.35
2670,F03-ALG,F03,Algodao,94.5,-18.15128,-48.45328,2024/2025,2025-01-27,27,79,floracao,0.8033,0.6704,17.27,54.4,4.8,18.98,83.98,28.7,54077.7,0,saudavel,3.35
2671,F03-ALG,F03,Algodao,94.5,-18.15128,-48.45328,2024/2025,2025-01-28,28,80,floracao,0.759,0.6585,16.04,49.85,0.0,19.79,85.96,22.51,59176.5,1,saudavel,3.35
2672,F03-ALG,F03,Algodao,94.5,-18.15128,-48.45328,2024/2025,2025-01-29,29,81,floracao,0.7981,0.6455,14.73,45.66,0.0,18.3,84.26,18.14,57019.7,1,saudavel,3.35
2673,F03-ALG,F03,Algodao,94.5,-18.15128,-48.45328,2024/2025,2025-01-30,30,82,floracao,0.795,0.6488,18.23,41.73,0.0,,77.27,11.45,48716.6,1,saudavel,3.35
2674,F03-ALG,F03,Algodao,94.5,-18.15128,-48.45328,2024/2025,2025-01-31,31,83,frutificacao,0.8285,0.7265,14.88,42.72,9.06,19.59,82.5,16.46,43221.6,0,saudavel,3.35
2675,F03-ALG,F03,Algodao,94.5,-18.15128,-48.45328,2024/2025,2025-02-01,32,84,frutificacao,0.8391,0.7589,17.09,39.1,0.0,20.31,71.47,11.18,59807.0,1,saudavel,3.35
2676,F03-ALG,F03,Algodao,94.5,-18.15128,-48.45328,2024/2025,2025-02-02,33,85,frutificacao,0.8397,0.7275,17.56,35.78,0.0,20.97,69.84,7.5,54752.0,1,saudavel,3.35
2677,F03-ALG,F03,Algodao,94.5,-18.15128,-48.45328,2024/2025,2025-02-03,34,86,frutificacao,0.8291,0.7141,16.96,32.64,0.0,22.64,79.85,7.29,54519.4,1,saudavel,3.35
2678,F03-ALG,F03,Algodao,94.5,-18.15128,-48.45328,2024/2025,2025-02-04,35,87,frutificacao,0.8074,0.6746,16.33,29.83,0.0,20.9,84.99,6.57,51513.2,1,saudavel,3.35
2679,F03-ALG,F03,Algodao,94.5,-18.15128,-48.45328,2024/2025,2025-02-05,36,88,frutificacao,0.8131,0.6799,16.03,31.76,9.03,19.1,73.26,11.13,43753.3,0,saudavel,3.35
2680,F03-ALG,F03,Algodao,94.5,-18.15128,-48.45328,2024/2025,2025-02-06,37,89,frutificacao,0.8124,0.6951,14.41,30.75,3.47,17.79,80.16,8.56,53979.0,0,saudavel,3.35
2681,F03-ALG,F03,Algodao,94.5,-18.15128,-48.45328,2024/2025,2025-02-07,38,90,frutificacao,0.7803,0.6907,16.42,35.2,14.22,19.84,80.92,15.09,45108.5,1,saudavel,3.35
2682,F03-ALG,F03,Algodao,94.5,-18.15128,-48.45328,2024/2025,2025-02-08,39,91,frutificacao,0.8258,0.7105,18.04,32.19,0.0,20.86,74.92,11.79,55353.6,1,saudavel,3.35
2683,F03-ALG,F03,Algodao,94.5,-18.15128,-48.45328,2024/2025,2025-02-09,40,92,frutificacao,0.8154,0.7123,14.64,29.41,0.0,19.42,77.04,9.19,54344.6,1,saudavel,3.35
2684,F03-ALG,F03,Algodao,94.5,-18.15128,-48.45328,2024/2025,2025-02-10,41,93,frutificacao,0.8148,0.6743,15.32,29.1,4.48,19.24,81.78,11.91,50377.2,0,saudavel,3.35
2685,F03-ALG,F03,Algodao,94.5,-18.15128,-48.45328,2024/2025,2025-02-11,42,94,frutificacao,0.7527,0.6521,17.15,36.35,19.57,19.41,79.02,25.21,34922.2,0,saudavel,3.35
2686,F03-ALG,F03,Algodao,94.5,-18.15128,-48.45328,2024/2025,2025-02-12,43,95,frutificacao,0.8053,0.6711,12.33,33.25,0.0,16.22,80.82,21.34,48238.6,1,saudavel,3.35
2687,F03-ALG,F03,Algodao,94.5,-18.15128,-48.45328,2024/2025,2025-02-13,44,96,frutificacao,0.814,0.6947,16.18,51.22,41.66,19.19,73.43,43.51,21521.5,0,saudavel,3.35
2688,F03-ALG,F03,Algodao,94.5,-18.15128,-48.45328,2024/2025,2025-02-14,45,97,frutificacao,0.7908,0.6845,15.75,46.92,0.0,20.01,77.56,37.24,55214.6,0,saudavel,3.35
2689,F03-ALG,F03,Algodao,94.5,-18.15128,-48.45328,2024/2025,2025-02-15,46,98,frutificacao,0.7781,0.6507,14.97,42.97,0.0,18.79,76.31,29.4,50876.3,1,saudavel,3.35
2690,F03-ALG,F03,Algodao,94.5,-18.15128,-48.45328,2024/2025,2025-02-16,47,99,frutificacao,0.7573,0.6234,15.9,39.33,0.0,20.49,75.42,19.91,52107.6,1,saudavel,3.35
2691,F03-ALG,F03,Algodao,94.5,-18.15128,-48.45328,2024/2025,2025-02-17,48,100,frutificacao,0.752,0.6464,15.67,46.18,20.39,20.49,74.29,27.44,33887.3,0,saudavel,3.35
2692,F03-ALG,F03,Algodao,94.5,-18.15128,-48.45328,2024/2025,2025-02-18,49,101,frutificacao,0.7794,0.6598,14.46,42.28,0.0,17.95,78.24,18.69,50853.1,1,saudavel,3.35
2693,F03-ALG,F03,Algodao,94.5,-18.15128,-48.45328,2024/2025,2025-02-19,50,102,frutificacao,0.7667,0.6544,16.87,41.52,5.63,19.32,73.06,18.15,46126.3,0,saudavel,3.35
2694,F03-ALG,F03,Algodao,94.5,-18.15128,-48.45328,2024/2025,2025-02-20,51,103,frutificacao,0.7609,0.6599,15.71,42.47,8.95,18.68,77.7,20.17,44162.4,0,saudavel,3.35
2695,F03-ALG,F03,Algodao,94.5,-18.15128,-48.45328,2024/2025,2025-02-21,52,104,frutificacao,0.7904,0.698,13.57,46.95,16.16,15.53,77.55,24.39,33600.0,0,saudavel,3.35
2696,F03-ALG,F03,Algodao,94.5,-18.15128,-48.45328,2024/2025,2025-02-22,53,105,frutificacao,0.728,0.6321,15.3,47.93,9.87,18.24,72.93,24.88,44331.2,0,saudavel,3.35
2697,F03-ALG,F03,Algodao,94.5,-18.15128,-48.45328,2024/2025,2025-02-23,54,106,frutificacao,0.7388,0.6386,12.17,43.9,0.0,16.94,68.47,18.0,46280.3,1,saudavel,3.35
2698,F03-ALG,F03,Algodao,94.5,-18.15128,-48.45328,2024/2025,2025-02-24,55,107,frutificacao,0.7715,0.6458,16.05,40.18,0.0,18.65,81.77,14.31,48888.1,1,saudavel,3.35
2699,F03-ALG,F03,Algodao,94.5,-18.15128,-48.45328,2024/2025,2025-02-25,56,108,frutificacao,0.7225,0.6072,15.85,39.59,5.63,19.43,80.13,13.86,39801.5,0,saudavel,3.35
2700,F03-ALG,F03,Algodao,94.5,-18.15128,-48.45328,2024/2025,2025-02-26,57,109,frutificacao,0.7204,0.6214,15.69,36.22,0.0,18.04,73.04,12.62,47014.0,1,saudavel,3.35
2701,F03-ALG,F03,Algodao,94.5,-18.15128,-48.45328,2024/2025,2025-02-27,58,110,frutificacao,0.705,0.592,12.35,33.12,0.0,16.98,80.95,10.34,45202.7,1,saudavel,3.35
2702,F03-ALG,F03,Algodao,94.5,-18.15128,-48.45328,2024/2025,2025-02-28,59,111,frutificacao,0.7112,0.6135,15.98,38.78,17.01,18.65,71.25,21.68,33636.5,0,saudavel,3.35
2703,F03-ALG,F03,Algodao,94.5,-18.15128,-48.45328,2024/2025,2025-03-01,60,112,frutificacao,0.6437,0.5308,20.85,39.91,9.39,21.94,72.7,22.6,41437.1,0,saudavel,3.35
2704,F03-ALG,F03,Algodao,94.5,-18.15128,-48.45328,2024/2025,2025-03-02,61,113,frutificacao,0.6675,0.606,13.55,36.51,0.0,14.98,75.59,,46401.1,1,saudavel,3.35
2705,F03-ALG,F03,Algodao,94.5,-18.15128,-48.45328,2024/2025,2025-03-03,62,114,frutificacao,0.6586,0.5637,16.38,33.38,0.0,18.56,74.53,17.35,51714.8,1,saudavel,3.35
2706,F03-ALG,F03,Algodao,94.5,-18.15128,-48.45328,2024/2025,2025-03-04,63,115,frutificacao,0.6226,0.5318,15.72,44.09,27.3,17.37,79.69,30.83,27180.7,0,saudavel,3.35
2707,F03-ALG,F03,Algodao,94.5,-18.15128,-48.45328,2024/2025,2025-03-05,64,116,frutificacao,0.6337,0.529,15.32,40.32,0.0,17.52,74.18,28.57,44459.2,1,saudavel,3.35
2708,F03-ALG,F03,Algodao,94.5,-18.15128,-48.45328,2024/2025,2025-03-06,65,117,frutificacao,0.626,0.5704,16.05,36.83,0.0,17.98,74.04,20.34,44539.7,1,saudavel,3.35
2709,F03-ALG,F03,Algodao,94.5,-18.15128,-48.45328,2024/2025,2025-03-07,66,118,frutificacao,0.6021,0.4867,16.81,33.59,0.0,17.6,79.51,15.47,,1,saudavel,3.35
2710,F03-ALG,F03,Algodao,94.5,-18.15128,-48.45328,2024/2025,2025-03-08,67,119,frutificacao,0.6108,0.5051,16.75,52.74,44.25,19.0,75.08,38.58,24162.9,0,saudavel,3.35
2711,F03-ALG,F03,Algodao,94.5,-18.15128,-48.45328,2024/2025,2025-03-09,68,120,frutificacao,0.5482,0.483,16.13,48.14,0.0,17.72,72.41,28.39,40046.3,1,saudavel,3.35
2712,F03-ALG,F03,Algodao,94.5,-18.15128,-48.45328,2024/2025,2025-03-10,69,121,frutificacao,0.5481,0.4707,12.31,53.71,19.6,14.82,78.13,32.42,31130.8,1,saudavel,3.35
2713,F03-ALG,F03,Algodao,94.5,-18.15128,-48.45328,2024/2025,2025-03-11,70,122,frutificacao,0.5286,0.4378,19.86,81.77,65.51,19.97,78.62,69.57,17896.5,0,saudavel,3.35
2714,F03-ALG,F03,Algodao,94.5,-18.15128,-48.45328,2024/2025,2025-03-12,71,123,frutificacao,0.4952,0.41,18.95,74.77,0.0,19.73,78.89,54.46,44305.7,0,saudavel,3.35
2715,F03-ALG,F03,Algodao,94.5,-18.15128,-48.45328,2024/2025,2025-03-13,72,124,frutificacao,0.5034,0.4221,15.32,68.34,0.0,17.12,68.37,43.69,45630.0,0,saudavel,3.35
2716,F03-ALG,F03,Algodao,94.5,-18.15128,-48.45328,2024/2025,2025-03-14,73,125,frutificacao,0.4675,0.3994,18.71,73.79,22.82,18.09,67.85,51.35,26906.4,0,saudavel,3.35
2717,F03-ALG,F03,Algodao,94.5,-18.15128,-48.45328,2024/2025,2025-03-15,74,126,frutificacao,0.4189,0.3872,19.97,83.98,33.34,19.84,77.99,63.73,13829.8,0,saudavel,3.35
2718,F03-ALG,F03,Algodao,94.5,-18.15128,-48.45328,2024/2025,2025-03-16,75,127,frutificacao,0.4396,0.3858,18.8,77.91,2.38,19.56,71.54,53.73,34270.2,0,saudavel,3.35
2719,F03-ALG,F03,Algodao,94.5,-18.15128,-48.45328,2024/2025,2025-03-17,76,128,maturacao,0.3967,0.3577,21.31,71.07,0.0,20.04,61.5,45.08,42583.4,0,saudavel,3.35
2720,F03-ALG,F03,Algodao,94.5,-18.15128,-48.45328,2024/2025,2025-03-18,77,129,maturacao,0.383,0.3169,18.72,81.39,33.26,18.56,69.54,60.19,12906.2,0,saudavel,3.35
2721,F03-ALG,F03,Algodao,94.5,-18.15128,-48.45328,2024/2025,2025-03-19,78,130,maturacao,0.368,0.3231,18.22,74.23,0.0,19.15,70.45,46.64,42003.9,0,saudavel,3.35
2722,F03-ALG,F03,Algodao,94.5,-18.15128,-48.45328,2024/2025,2025-03-20,79,131,maturacao,0.3719,0.285,21.67,67.64,0.0,20.12,70.32,38.11,42767.6,0,saudavel,3.35
2723,F03-ALG,F03,Algodao,94.5,-18.15128,-48.45328,2024/2025,2025-03-21,80,132,maturacao,0.3638,0.3129,17.32,69.66,16.18,17.49,77.09,40.51,32218.1,0,saudavel,3.35
2724,F03-ALG,F03,Algodao,94.5,-18.15128,-48.45328,2024/2025,2025-03-22,81,133,maturacao,0.3249,0.2786,22.71,63.38,0.0,18.67,67.72,32.07,38365.9,0,saudavel,3.35
2725,F03-ALG,F03,Algodao,94.5,-18.15128,-48.45328,2024/2025,2025-03-23,82,134,maturacao,0.3106,0.3004,15.5,57.57,0.0,14.8,79.18,23.08,40044.4,0,saudavel,3.35
2726,F03-ALG,F03,Algodao,94.5,-18.15128,-48.45328,2024/2025,2025-03-24,83,135,maturacao,0.2616,0.2535,15.23,52.16,0.0,15.66,75.22,17.08,38994.1,0,atencao,3.35
2727,F03-ALG,F03,Algodao,94.5,-18.15128,-48.45328,2024/2025,2025-03-25,84,136,maturacao,0.2769,0.2302,22.0,47.2,0.0,18.79,65.29,12.35,33587.8,0,saudavel,3.35
2728,F03-ALG,F03,Algodao,94.5,-18.15128,-48.45328,2024/2025,2025-03-26,85,137,maturacao,0.2616,0.206,20.56,43.31,1.39,19.03,69.79,12.13,39007.5,0,saudavel,3.35
2729,F03-ALG,F03,Algodao,94.5,-18.15128,-48.45328,2024/2025,2025-03-27,86,138,maturacao,0.277,0.2197,19.19,53.8,29.47,17.48,74.59,26.35,23142.7,0,saudavel,3.35
2730,F03-ALG,F03,Algodao,94.5,-18.15128,-48.45328,2024/2025,2025-03-28,87,139,maturacao,0.2597,0.2148,19.16,54.28,11.19,,72.31,24.25,32106.6,0,saudavel,3.35
2731,F03-ALG,F03,Algodao,94.5,-18.15128,-48.45328,2024/2025,2025-03-29,88,140,maturacao,0.2355,0.2262,18.03,49.09,0.0,17.56,73.58,18.77,35057.0,0,saudavel,3.35
2732,F03-ALG,F03,Algodao,94.5,-18.15128,-48.45328,2024/2025,2025-03-30,89,141,maturacao,0.2492,0.2201,17.94,44.34,0.0,18.4,68.05,12.43,38426.5,0,saudavel,3.35
2733,F03-ALG,F03,Algodao,94.5,-18.15128,-48.45328,2024/2025,2025-03-31,90,142,maturacao,0.238,0.2127,18.42,44.55,9.21,14.67,75.81,14.87,34240.5,0,saudavel,3.35
2734,F03-ALG,F03,Algodao,94.5,-18.15128,-48.45328,2024/2025,2025-04-01,91,143,maturacao,0.1824,0.1713,19.6,42.22,4.32,18.86,68.33,14.79,36433.0,0,atencao,3.35
2735,F03-ALG,F03,Algodao,94.5,-18.15128,-48.45328,2024/2025,2025-04-02,92,144,maturacao,0.2498,0.1925,21.57,38.02,0.0,18.23,83.24,10.91,38216.6,0,saudavel,3.35
2736,F03-ALG,F03,Algodao,94.5,-18.15128,-48.45328,2024/2025,2025-04-03,93,145,maturacao,0.2428,0.1922,20.87,34.33,0.37,18.58,63.51,7.45,29793.0,0,saudavel,3.35
2737,F03-ALG,F03,Algodao,94.5,-18.15128,-48.45328,2024/2025,2025-04-04,94,146,colheita,0.2133,0.1917,20.26,30.7,0.0,18.05,83.72,5.0,35622.5,0,saudavel,3.35
2738,F03-ALG,F03,Algodao,94.5,-18.15128,-48.45328,2024/2025,2025-04-05,95,147,colheita,0.2211,0.1723,17.68,34.8,14.85,16.2,66.39,13.67,27578.7,0,saudavel,3.35
2739,F03-ALG,F03,Algodao,94.5,-18.15128,-48.45328,2024/2025,2025-04-06,96,148,colheita,0.2038,0.1427,21.07,31.12,0.0,16.65,77.04,8.32,36841.0,1,saudavel,3.35
2740,F03-ALG,F03,Algodao,94.5,-18.15128,-48.45328,2024/2025,2025-04-07,97,149,colheita,0.175,0.1271,22.3,43.19,31.15,20.62,72.25,26.84,18234.8,0,atencao,3.35
2741,F03-FEI,F03,Feijao,239.8,-18.09729,-48.45714,2023/2024,2023-10-07,280,0,germinacao,0.1952,0.1561,34.76,45.0,0.0,33.15,66.81,45.51,42979.3,0,saudavel,0.84
2742,F03-FEI,F03,Feijao,239.8,-18.09729,-48.45714,2023/2024,2023-10-08,281,1,germinacao,0.1723,0.1732,32.73,39.35,0.0,29.26,58.09,34.66,50797.3,1,saudavel,0.84
2743,F03-FEI,F03,Feijao,239.8,-18.09729,-48.45714,2023/2024,2023-10-09,282,2,germinacao,0.1987,0.1949,31.16,34.01,0.0,30.71,59.32,26.22,42816.6,1,saudavel,0.84
2744,F03-FEI,F03,Feijao,239.8,-18.09729,-48.45714,2023/2024,2023-10-10,283,3,germinacao,0.1739,0.1413,30.75,34.34,9.8,27.58,60.67,26.71,43867.1,0,saudavel,0.84
2745,F03-FEI,F03,Feijao,239.8,-18.09729,-48.45714,2023/2024,2023-10-11,284,4,germinacao,0.1628,0.1438,30.75,29.69,0.0,27.87,69.74,22.13,51305.8,0,atencao,0.84
2746,F03-FEI,F03,Feijao,239.8,-18.09729,-48.45714,2023/2024,2023-10-12,285,5,germinacao,0.1824,0.1805,31.46,25.29,0.0,29.17,73.52,13.86,44157.0,1,saudavel,0.84
2747,F03-FEI,F03,Feijao,239.8,-18.09729,-48.45714,2023/2024,2023-10-13,286,6,germinacao,0.1826,0.1613,33.87,20.91,0.0,31.96,60.66,5.53,49957.1,1,saudavel,0.84
2748,F03-FEI,F03,Feijao,239.8,-18.09729,-48.45714,2023/2024,2023-10-14,287,7,germinacao,0.2086,0.1589,30.04,17.46,0.0,27.43,70.4,5.0,48552.4,1,saudavel,0.84
2749,F03-FEI,F03,Feijao,239.8,-18.09729,-48.45714,2023/2024,2023-10-15,288,8,germinacao,0.1634,0.1403,30.46,14.1,0.0,28.37,54.72,5.0,46278.0,1,atencao,0.84
2750,F03-FEI,F03,Feijao,239.8,-18.09729,-48.45714,2023/2024,2023-10-16,289,9,vegetativo,0.2174,0.1698,32.21,10.82,0.0,30.62,63.02,5.0,47435.7,1,saudavel,0.84
2751,F03-FEI,F03,Feijao,239.8,-18.09729,-48.45714,2023/2024,2023-10-17,290,10,vegetativo,0.1867,0.1617,33.99,8.0,0.0,31.61,69.35,5.0,48966.1,1,saudavel,0.84
2752,F03-FEI,F03,Feijao,239.8,-18.09729,-48.45714,2023/2024,2023-10-18,291,11,vegetativo,0.1544,0.1155,34.15,8.0,0.0,29.82,66.03,5.0,49575.4,1,atencao,0.84
2753,F03-FEI,F03,Feijao,239.8,-18.09729,-48.45714,2023/2024,2023-10-19,292,12,vegetativo,0.1851,0.1648,30.95,8.0,0.0,30.13,72.56,5.0,53297.1,1,atencao,0.84
2754,F03-FEI,F03,Feijao,239.8,-18.09729,-48.45714,2023/2024,2023-10-20,293,13,vegetativo,0.2099,0.1426,30.32,8.0,0.0,27.71,58.05,5.0,50846.3,1,saudavel,0.84
2755,F03-FEI,F03,Feijao,239.8,-18.09729,-48.45714,2023/2024,2023-10-21,294,14,vegetativo,0.2331,0.1757,28.78,8.0,0.0,27.02,66.14,5.0,47138.2,1,saudavel,0.84
2756,F03-FEI,F03,Feijao,239.8,-18.09729,-48.45714,2023/2024,2023-10-22,295,15,vegetativo,0.2315,0.1809,28.92,8.0,2.5,27.22,72.14,5.0,49915.3,1,saudavel,0.84
2757,F03-FEI,F03,Feijao,239.8,-18.09729,-48.45714,2023/2024,2023-10-23,296,16,vegetativo,0.2218,0.1854,28.05,8.0,13.99,27.57,72.04,5.0,33151.7,0,atencao,0.84
2758,F03-FEI,F03,Feijao,239.8,-18.09729,-48.45714,2023/2024,2023-10-24,297,17,vegetativo,0.2445,0.1776,29.21,8.0,0.0,29.16,71.65,5.0,49214.4,1,saudavel,0.84
2759,F03-FEI,F03,Feijao,239.8,-18.09729,-48.45714,2023/2024,2023-10-25,298,18,vegetativo,0.2528,0.1972,29.0,8.0,0.0,26.93,71.62,5.0,49805.4,1,atencao,0.84
2760,F03-FEI,F03,Feijao,239.8,-18.09729,-48.45714,2023/2024,2023-10-26,299,19,vegetativo,0.301,0.2714,29.1,8.0,0.0,29.07,63.75,5.0,52950.0,1,saudavel,0.84
2761,F03-FEI,F03,Feijao,239.8,-18.09729,-48.45714,2023/2024,2023-10-27,300,20,vegetativo,0.316,0.2865,30.33,8.0,0.0,28.16,66.29,5.0,56582.7,1,saudavel,0.84
2762,F03-FEI,F03,Feijao,239.8,-18.09729,-48.45714,2023/2024,2023-10-28,301,21,vegetativo,0.3548,0.2509,27.51,8.0,23.56,,82.2,10.83,31972.4,0,saudavel,0.84
2763,F03-FEI,F03,Feijao,239.8,-18.09729,-48.45714,2023/2024,2023-10-29,302,22,vegetativo,0.3344,0.2725,31.37,8.0,0.0,29.83,63.23,6.16,50765.5,1,atencao,0.84
2764,F03-FEI,F03,Feijao,239.8,-18.09729,-48.45714,2023/2024,2023-10-30,303,23,vegetativo,0.3888,0.3559,26.92,8.0,0.0,26.99,64.32,5.0,50038.8,1,saudavel,0.84
2765,F03-FEI,F03,Feijao,239.8,-18.09729,-48.45714,2023/2024,2023-10-31,304,24,vegetativo,0.4714,0.4084,29.65,8.0,10.96,30.51,72.85,5.14,45345.6,0,saudavel,0.84
2766,F03-FEI,F03,Feijao,239.8,-18.09729,-48.45714,2023/2024,2023-11-01,305,25,vegetativo,0.4762,0.4129,28.33,15.03,22.13,29.53,64.91,15.52,32674.6,0,saudavel,0.84
2767,F03-FEI,F03,Feijao,239.8,-18.09729,-48.45714,2023/2024,2023-11-02,306,26,vegetativo,0.4904,0.4281,26.75,12.55,0.0,26.73,81.01,10.25,51452.4,1,saudavel,0.84
2768,F03-FEI,F03,Feijao,239.8,-18.09729,-48.45714,2023/2024,2023-11-03,307,27,vegetativo,0.5091,0.4136,30.08,31.7,43.57,29.94,83.95,35.34,29468.8,0,saudavel,0.84
2769,F03-FEI,F03,Feijao,239.8,-18.09729,-48.45714,2023/2024,2023-11-04,308,28,vegetativo,0.5824,0.4993,24.85,33.5,10.86,26.4,71.36,33.45,47320.3,1,saudavel,0.84
2770,F03-FEI,F03,Feijao,239.8,-18.09729,-48.45714,2023/2024,2023-11-05,309,29,vegetativo,0.6205,0.5368,28.94,29.36,0.0,29.93,72.15,25.6,50875.0,1,saudavel,0.84
2771,F03-FEI,F03,Feijao,239.8,-18.09729,-48.45714,2023/2024,2023-11-06,310,30,floracao,0.5941,0.5071,27.08,27.41,3.44,28.41,62.55,20.6,,0,saudavel,0.84
2772,F03-FEI,F03,Feijao,239.8,-18.09729,-48.45714,2023/2024,2023-11-07,311,31,floracao,0.6207,0.5197,22.54,24.29,0.0,25.46,,,53965.4,1,saudavel,0.84
2773,F03-FEI,F03,Feijao,239.8,-18.09729,-48.45714,2023/2024,2023-11-08,312,32,floracao,0.6692,0.5678,24.17,25.22,7.53,25.81,62.34,13.53,44247.4,0,saudavel,0.84
2774,F03-FEI,F03,Feijao,239.8,-18.09729,-48.45714,2023/2024,2023-11-09,313,33,floracao,0.6901,0.5638,24.55,28.86,13.34,27.06,66.23,18.19,38745.4,0,saudavel,0.84
2775,F03-FEI,F03,Feijao,239.8,-18.09729,-48.45714,2023/2024,2023-11-10,314,34,floracao,0.7087,0.6147,23.9,35.57,20.44,28.89,72.58,26.79,33129.3,1,saudavel,0.84
2776,F03-FEI,F03,Feijao,239.8,-18.09729,-48.45714,2023/2024,2023-11-11,315,35,floracao,0.7498,0.6086,24.11,44.37,25.19,27.25,75.85,36.82,35174.5,0,saudavel,0.84
2777,F03-FEI,F03,Feijao,239.8,-18.09729,-48.45714,2023/2024,2023-11-12,316,36,floracao,0.7051,0.583,23.09,39.82,0.0,27.13,65.91,27.65,57393.7,1,saudavel,0.84
2778,F03-FEI,F03,Feijao,239.8,-18.09729,-48.45714,2023/2024,2023-11-13,317,37,floracao,0.7349,0.6383,23.55,35.65,0.0,27.4,70.59,21.18,63037.4,1,saudavel,0.84
2779,F03-FEI,F03,Feijao,239.8,-18.09729,-48.45714,2023/2024,2023-11-14,318,38,floracao,0.7563,0.6487,21.2,32.22,0.0,24.26,67.02,16.14,53956.6,1,saudavel,0.84
2780,F03-FEI,F03,Feijao,239.8,-18.09729,-48.45714,2023/2024,2023-11-15,319,39,floracao,0.751,0.6286,25.56,28.56,0.0,28.4,71.39,10.26,60084.5,1,saudavel,0.84
2781,F03-FEI,F03,Feijao,239.8,-18.09729,-48.45714,2023/2024,2023-11-16,320,40,floracao,0.7172,0.5754,25.79,25.07,0.0,29.08,68.7,6.96,57783.1,1,saudavel,0.84
2782,F03-FEI,F03,Feijao,239.8,-18.09729,-48.45714,2023/2024,2023-11-17,321,41,floracao,0.7101,0.6027,26.31,21.94,0.0,28.17,70.2,6.98,54835.5,1,saudavel,0.84
2783,F03-FEI,F03,Feijao,239.8,-18.09729,-48.45714,2023/2024,2023-11-18,322,42,floracao,0.7041,0.5859,23.81,19.29,0.0,26.26,77.91,5.0,56261.7,1,saudavel,0.84
2784,F03-FEI,F03,Feijao,239.8,-18.09729,-48.45714,2023/2024,2023-11-19,323,43,floracao,0.7375,0.6364,22.42,17.0,0.0,25.48,76.65,5.0,55210.2,1,saudavel,0.84
2785,F03-FEI,F03,Feijao,239.8,-18.09729,-48.45714,2023/2024,2023-11-20,324,44,floracao,0.6731,0.5618,23.08,14.84,0.0,25.09,78.41,5.0,57856.4,1,atencao,0.84
2786,F03-FEI,F03,Feijao,239.8,-18.09729,-48.45714,2023/2024,2023-11-21,325,45,floracao,0.6747,0.5384,24.05,12.87,0.0,24.92,75.18,5.0,60221.5,1,atencao,0.84
2787,F03-FEI,F03,Feijao,239.8,-18.09729,-48.45714,2023/2024,2023-11-22,326,46,floracao,0.6844,0.5541,25.61,10.48,0.0,29.92,76.52,5.0,56331.4,1,atencao,0.84
2788,F03-FEI,F03,Feijao,239.8,-18.09729,-48.45714,2023/2024,2023-11-23,327,47,frutificacao,0.6342,0.5305,25.91,8.63,0.0,26.31,75.04,5.0,60152.6,1,atencao,0.84
2789,F03-FEI,F03,Feijao,239.8,-18.09729,-48.45714,2023/2024,2023-11-24,328,48,frutificacao,0.6475,0.5525,25.25,9.14,4.69,27.69,72.05,5.0,57069.3,0,atencao,0.84
2790,F03-FEI,F03,Feijao,239.8,-18.09729,-48.45714,2023/2024,2023-11-25,329,49,frutificacao,0.5899,0.4781,25.43,8.0,0.0,27.52,77.57,5.0,62413.3,1,atencao,0.84
2791,F03-FEI,F03,Feijao,239.8,-18.09729,-48.45714,2023/2024,2023-11-26,330,50,frutificacao,0.6165,0.5088,24.41,8.0,0.0,26.36,73.4,5.0,54566.3,1,atencao,0.84
2792,F03-FEI,F03,Feijao,239.8,-18.09729,-48.45714,2023/2024,2023-11-27,331,51,frutificacao,0.5975,0.5237,22.39,18.2,27.87,24.65,75.0,18.1,31036.1,0,atencao,0.84
2793,F03-FEI,F03,Feijao,239.8,-18.09729,-48.45714,2023/2024,2023-11-28,332,52,frutificacao,0.5826,0.5174,24.45,15.61,0.0,26.73,80.84,11.98,60503.7,1,atencao,0.84
2794,F03-FEI,F03,Feijao,239.8,-18.09729,-48.45714,2023/2024,2023-11-29,333,53,frutificacao,0.5437,0.4677,24.18,13.47,0.0,24.23,81.97,5.0,55251.8,1,critico,0.84
2795,F03-FEI,F03,Feijao,239.8,-18.09729,-48.45714,2023/2024,2023-11-30,334,54,frutificacao,0.5462,0.4586,25.9,11.21,0.0,26.66,74.25,5.0,54714.0,1,atencao,0.84
2796,F03-FEI,F03,Feijao,239.8,-18.09729,-48.45714,2023/2024,2023-12-01,335,55,frutificacao,0.5201,0.4297,21.5,9.4,0.0,24.1,81.73,5.0,58688.4,1,critico,0.84
2797,F03-FEI,F03,Feijao,239.8,-18.09729,-48.45714,2023/2024,2023-12-02,336,56,frutificacao,0.5248,0.4569,24.85,8.0,0.0,24.9,70.58,5.0,57647.8,1,atencao,0.84
2798,F03-FEI,F03,Feijao,239.8,-18.09729,-48.45714,2023/2024,2023-12-03,337,57,frutificacao,0.4881,0.4085,24.94,8.0,0.0,24.8,75.67,5.0,58482.9,1,critico,0.84
2799,F03-FEI,F03,Feijao,239.8,-18.09729,-48.45714,2023/2024,2023-12-04,338,58,frutificacao,0.4214,0.3766,26.18,8.0,0.0,27.46,71.85,5.0,57693.1,1,critico,0.84
2800,F03-FEI,F03,Feijao,239.8,-18.09729,-48.45714,2023/2024,2023-12-05,339,59,frutificacao,0.4076,0.3659,22.12,8.0,0.0,21.6,79.2,5.0,65688.2,1,critico,0.84
2801,F03-FEI,F03,Feijao,239.8,-18.09729,-48.45714,2023/2024,2023-12-06,340,60,frutificacao,0.3847,0.3352,29.81,8.0,0.0,28.65,78.73,5.0,57918.9,1,critico,0.84
2802,F03-FEI,F03,Feijao,239.8,-18.09729,-48.45714,2023/2024,2023-12-07,341,61,frutificacao,0.3727,0.3068,22.89,8.0,0.0,23.84,80.79,5.0,61150.0,0,critico,0.84
2803,F03-FEI,F03,Feijao,239.8,-18.09729,-48.45714,2023/2024,2023-12-08,342,62,frutificacao,0.3581,0.296,25.83,8.0,0.0,24.77,79.63,5.0,61032.1,1,critico,0.84
2804,F03-FEI,F03,Feijao,239.8,-18.09729,-48.45714,2023/2024,2023-12-09,343,63,frutificacao,0.348,0.263,25.66,8.0,0.0,25.47,77.86,5.0,54487.1,1,critico,0.84
2805,F03-FEI,F03,Feijao,239.8,-18.09729,-48.45714,2023/2024,2023-12-10,344,64,frutificacao,0.3959,0.3355,26.22,8.0,0.0,25.24,76.58,5.0,64023.0,0,atencao,0.84
2806,F03-FEI,F03,Feijao,239.8,-18.09729,-48.45714,2023/2024,2023-12-11,345,65,frutificacao,0.316,0.2669,26.13,8.0,0.0,25.91,83.05,5.0,61567.0,1,critico,0.84
2807,F03-FEI,F03,Feijao,239.8,-18.09729,-48.45714,2023/2024,2023-12-12,346,66,frutificacao,0.34,0.2614,27.44,8.0,0.0,25.46,69.64,5.0,60219.3,1,atencao,0.84
2808,F03-FEI,F03,Feijao,239.8,-18.09729,-48.45714,2023/2024,2023-12-13,347,67,frutificacao,0.2949,0.298,28.6,8.0,14.69,27.49,72.87,5.0,48327.9,0,atencao,0.84
2809,F03-FEI,F03,Feijao,239.8,-18.09729,-48.45714,2023/2024,2023-12-14,348,68,frutificacao,0.2404,0.2154,26.65,8.0,0.0,25.43,79.55,5.0,59704.4,1,critico,0.84
2810,F03-FEI,F03,Feijao,239.8,-18.09729,-48.45714,2023/2024,2023-12-15,349,69,frutificacao,0.2747,0.2167,24.86,8.0,0.0,24.06,86.01,5.0,62533.9,1,atencao,0.84
2811,F03-FEI,F03,Feijao,239.8,-18.09729,-48.45714,2023/2024,2023-12-16,350,70,frutificacao,0.2813,0.2802,25.64,8.0,0.0,23.3,77.14,5.0,54293.6,1,saudavel,0.84
2812,F03-FEI,F03,Feijao,239.8,-18.09729,-48.45714,2023/2024,2023-12-17,351,71,frutificacao,0.261,0.212,24.08,8.0,0.0,23.16,77.69,5.0,62402.8,1,saudavel,0.84
2813,F03-FEI,F03,Feijao,239.8,-18.09729,-48.45714,2023/2024,2023-12-18,352,72,frutificacao,0.2445,0.2244,28.72,8.0,0.0,25.86,70.96,5.0,60522.9,1,saudavel,0.84
2814,F03-FEI,F03,Feijao,239.8,-18.09729,-48.45714,2023/2024,2023-12-19,353,73,maturacao,0.2324,0.1993,28.57,8.0,0.0,26.45,74.39,5.0,60585.4,0,saudavel,0.84
2815,F03-FEI,F03,Feijao,239.8,-18.09729,-48.45714,2023/2024,2023-12-20,354,74,maturacao,0.216,0.1744,25.89,8.0,0.0,25.22,81.41,5.0,57470.0,0,atencao,0.84
2816,F03-FEI,F03,Feijao,239.8,-18.09729,-48.45714,2023/2024,2023-12-21,355,75,maturacao,0.2392,0.1966,20.74,8.0,12.78,18.87,89.6,5.0,46563.9,0,saudavel,0.84
2817,F03-FEI,F03,Feijao,239.8,-18.09729,-48.45714,2023/2024,2023-12-22,356,76,maturacao,0.2093,0.2066,22.3,8.0,0.0,20.14,79.5,5.0,59252.5,0,saudavel,0.84
2818,F03-FEI,F03,Feijao,239.8,-18.09729,-48.45714,2023/2024,2023-12-23,357,77,maturacao,0.198,0.1859,24.2,9.84,26.36,23.4,75.04,12.54,30215.1,0,saudavel,0.84
2819,F03-FEI,F03,Feijao,239.8,-18.09729,-48.45714,2023/2024,2023-12-24,358,78,maturacao,0.2132,0.1788,25.14,17.22,18.82,23.05,79.61,20.38,42231.2,0,saudavel,0.84
2820,F03-FEI,F03,Feijao,239.8,-18.09729,-48.45714,2023/2024,2023-12-25,359,79,maturacao,0.1942,0.1241,26.03,14.54,0.0,23.23,71.1,13.64,64669.8,0,saudavel,0.84
2821,F03-FEI,F03,Feijao,239.8,-18.09729,-48.45714,2023/2024,2023-12-26,360,80,maturacao,0.222,0.1948,28.11,11.92,0.0,24.98,84.32,10.33,55658.4,0,saudavel,0.84
2822,F03-FEI,F03,Feijao,239.8,-18.09729,-48.45714,2023/2024,2023-12-27,361,81,maturacao,0.2025,0.1472,28.06,15.44,11.9,24.8,72.1,12.93,49479.0,0,saudavel,0.84
2823,F03-FEI,F03,Feijao,239.8,-18.09729,-48.45714,2023/2024,2023-12-28,362,82,maturacao,0.1751,0.1596,27.97,12.89,0.0,23.16,80.82,11.98,58586.4,0,atencao,0.84
2824,F03-FEI,F03,Feijao,239.8,-18.09729,-48.45714,2023/2024,2023-12-29,363,83,colheita,0.1657,0.1265,23.02,19.57,17.45,20.51,82.34,19.09,40805.6,0,atencao,0.84
2825,F03-FEI,F03,Feijao,239.8,-18.09729,-48.45714,2023/2024,2023-12-30,364,84,colheita,0.1754,0.1369,23.82,16.96,0.0,20.85,83.77,15.5,59972.8,0,saudavel,0.84
2826,F03-FEI,F03,Feijao,239.8,-18.09729,-48.45714,2024/2025,2024-10-03,277,0,germinacao,0.2039,0.1229,32.92,45.0,0.0,30.94,65.94,47.59,42602.8,0,saudavel,0.92
2827,F03-FEI,F03,Feijao,239.8,-18.09729,-48.45714,2024/2025,2024-10-04,278,1,germinacao,0.1903,0.1256,29.9,39.43,0.0,,69.55,36.72,43419.7,1,saudavel,0.92
2828,F03-FEI,F03,Feijao,239.8,-18.09729,-48.45714,2024/2025,2024-10-05,279,2,germinacao,0.2087,0.1668,30.87,34.23,0.0,29.72,61.39,28.41,44595.2,1,saudavel,0.92
2829,F03-FEI,F03,Feijao,239.8,-18.09729,-48.45714,2024/2025,2024-10-06,280,3,germinacao,0.2036,0.1754,32.15,29.31,0.0,30.66,66.22,20.16,38738.1,1,saudavel,0.92
2830,F03-FEI,F03,Feijao,239.8,-18.09729,-48.45714,2024/2025,2024-10-07,281,4,germinacao,0.172,0.174,31.03,38.58,27.08,28.22,60.12,30.32,24837.2,0,saudavel,0.92
2831,F03-FEI,F03,Feijao,239.8,-18.09729,-48.45714,2024/2025,2024-10-08,282,5,germinacao,0.1866,0.1754,31.39,33.32,0.0,30.49,66.25,19.78,47241.6,1,saudavel,0.92
2832,F03-FEI,F03,Feijao,239.8,-18.09729,-48.45714,2024/2025,2024-10-09,283,6,germinacao,0.1589,0.0838,32.29,28.44,0.0,30.38,61.06,13.83,51151.0,1,atencao,0.92
2833,F03-FEI,F03,Feijao,239.8,-18.09729,-48.45714,2024/2025,2024-10-10,284,7,germinacao,0.1796,0.2087,29.82,44.77,41.29,29.29,91.64,36.88,26358.7,0,saudavel,0.92
2834,F03-FEI,F03,Feijao,239.8,-18.09729,-48.45714,2024/2025,2024-10-11,285,8,germinacao,0.1931,0.1559,35.48,46.82,15.91,31.82,68.3,36.79,39964.6,0,saudavel,0.92
2835,F03-FEI,F03,Feijao,239.8,-18.09729,-48.45714,2024/2025,2024-10-12,286,9,vegetativo,0.2016,0.1959,32.47,40.95,0.0,30.18,73.1,29.19,51889.9,1,saudavel,0.92
2836,F03-FEI,F03,Feijao,239.8,-18.09729,-48.45714,2024/2025,2024-10-13,287,10,vegetativo,0.215,0.1936,29.23,35.98,0.0,26.85,67.38,21.15,51366.3,1,saudavel,0.92
2837,F03-FEI,F03,Feijao,239.8,-18.09729,-48.45714,2024/2025,2024-10-14,288,11,vegetativo,0.2354,0.2002,31.59,30.95,0.0,30.8,68.44,14.68,47592.5,1,saudavel,0.92
2838,F03-FEI,F03,Feijao,239.8,-18.09729,-48.45714,2024/2025,2024-10-15,289,12,vegetativo,0.2006,0.1657,31.64,29.64,6.12,28.28,72.67,13.23,43998.7,0,saudavel,0.92
2839,F03-FEI,F03,Feijao,239.8,-18.09729,-48.45714,2024/2025,2024-10-16,290,13,vegetativo,0.2389,0.1809,33.77,25.18,0.0,30.41,61.69,9.98,43159.2,1,saudavel,0.92
2840,F03-FEI,F03,Feijao,239.8,-18.09729,-48.45714,2024/2025,2024-10-17,291,14,vegetativo,0.2296,0.1694,31.61,24.66,7.0,29.61,64.36,10.86,43227.2,0,saudavel,0.92
2841,F03-FEI,F03,Feijao,239.8,-18.09729,-48.45714,2024/2025,2024-10-18,292,15,vegetativo,0.208,0.1735,26.8,21.18,0.0,25.15,75.44,6.86,50513.0,1,atencao,0.92
2842,F03-FEI,F03,Feijao,239.8,-18.09729,-48.45714,2024/2025,2024-10-19,293,16,vegetativo,0.243,0.1788,32.33,17.45,0.0,29.96,66.78,5.0,48282.6,1,saudavel,0.92
2843,F03-FEI,F03,Feijao,239.8,-18.09729,-48.45714,2024/2025,2024-10-20,294,17,vegetativo,0.2624,0.256,31.04,14.21,0.0,28.67,65.09,5.0,44822.9,1,saudavel,0.92
2844,F03-FEI,F03,Feijao,239.8,-18.09729,-48.45714,2024/2025,2024-10-21,295,18,vegetativo,0.2599,0.2229,30.79,11.27,0.0,28.25,66.1,5.0,54508.2,1,saudavel,0.92
2845,F03-FEI,F03,Feijao,239.8,-18.09729,-48.45714,2024/2025,2024-10-22,296,19,vegetativo,0.275,0.2756,30.44,8.59,0.0,28.25,63.32,5.0,51286.8,1,saudavel,0.92
2846,F03-FEI,F03,Feijao,239.8,-18.09729,-48.45714,2024/2025,2024-10-23,297,20,vegetativo,0.2963,0.2431,32.3,9.5,7.09,30.01,58.76,5.0,49581.9,0,saudavel,0.92
2847,F03-FEI,F03,Feijao,239.8,-18.09729,-48.45714,2024/2025,2024-10-24,298,21,vegetativo,0.3316,0.2701,27.7,8.0,0.0,27.38,61.83,5.0,52902.9,1,saudavel,0.92
2848,F03-FEI,F03,Feijao,239.8,-18.09729,-48.45714,2024/2025,2024-10-25,299,22,vegetativo,0.3525,0.3115,32.11,8.0,0.0,30.37,68.92,5.0,55080.4,1,saudavel,0.92
2849,F03-FEI,F03,Feijao,239.8,-18.09729,-48.45714,2024/2025,2024-10-26,300,23,vegetativo,0.4241,0.3553,26.08,8.0,7.87,26.35,74.63,5.0,48038.1,0,saudavel,0.92
2850,F03-FEI,F03,Feijao,239.8,-18.09729,-48.45714,2024/2025,2024-10-27,301,24,vegetativo,0.3818,0.344,27.06,8.0,0.0,29.01,82.44,5.0,49523.5,1,atencao,0.92
2851,F03-FEI,F03,Feijao,239.8,-18.09729,-48.45714,2024/2025,2024-10-28,302,25,vegetativo,0.4656,0.4245,29.0,25.71,46.22,29.66,69.42,20.91,24397.9,0,saudavel,0.92
2852,F03-FEI,F03,Feijao,239.8,-18.09729,-48.45714,2024/2025,2024-10-29,303,26,vegetativo,0.5069,0.4528,28.44,29.76,15.37,29.55,63.46,25.39,37491.9,0,saudavel,0.92
2853,F03-FEI,F03,Feijao,239.8,-18.09729,-48.45714,2024/2025,2024-10-30,304,27,vegetativo,0.5096,0.4605,28.29,25.9,0.0,28.64,70.44,20.13,49514.7,1,saudavel,0.92
2854,F03-FEI,F03,Feijao,239.8,-18.09729,-48.45714,2024/2025,2024-10-31,305,28,vegetativo,0.5556,0.4886,27.82,32.28,19.55,27.98,74.65,27.53,40816.8,0,saudavel,0.92
2855,F03-FEI,F03,Feijao,239.8,-18.09729,-48.45714,2024/2025,2024-11-01,306,29,vegetativo,0.583,0.4846,26.34,28.49,0.0,27.39,76.8,22.72,53088.8,1,saudavel,0.92
2856,F03-FEI,F03,Feijao,239.8,-18.09729,-48.45714,2024/2025,2024-11-02,307,30,floracao,0.6155,0.546,26.78,37.93,25.52,26.31,77.13,33.05,31972.0,0,saudavel,0.92
2857,F03-FEI,F03,Feijao,239.8,-18.09729,-48.45714,2024/2025,2024-11-03,308,31,floracao,0.655,0.5707,24.62,33.84,0.0,27.04,75.05,25.66,49500.6,1,saudavel,0.92
2858,F03-FEI,F03,Feijao,239.8,-18.09729,-48.45714,2024/2025,2024-11-04,309,32,floracao,0.6751,0.5614,22.48,30.16,0.0,26.55,73.11,20.14,56208.8,0,saudavel,0.92
2859,F03-FEI,F03,Feijao,239.8,-18.09729,-48.45714,2024/2025,2024-11-05,310,33,floracao,0.6706,0.5602,24.47,26.8,0.0,26.22,76.67,16.28,52779.8,1,saudavel,0.92
2860,F03-FEI,F03,Feijao,239.8,-18.09729,-48.45714,2024/2025,2024-11-06,311,34,floracao,0.6689,0.5667,27.97,27.75,9.11,30.54,64.62,17.99,49803.9,0,saudavel,0.92
2861,F03-FEI,F03,Feijao,239.8,-18.09729,-48.45714,2024/2025,2024-11-07,312,35,floracao,0.7162,0.631,21.64,24.79,0.0,25.17,63.88,14.5,52448.6,1,saudavel,0.92
2862,F03-FEI,F03,Feijao,239.8,-18.09729,-48.45714,2024/2025,2024-11-08,313,36,floracao,0.7114,0.607,26.66,21.55,0.0,29.36,82.02,10.66,58742.0,1,saudavel,0.92
2863,F03-FEI,F03,Feijao,239.8,-18.09729,-48.45714,2024/2025,2024-11-09,314,37,floracao,0.7235,0.6149,22.44,31.27,24.51,25.73,73.64,23.34,35346.3,0,saudavel,0.92
2864,F03-FEI,F03,Feijao,239.8,-18.09729,-48.45714,2024/2025,2024-11-10,315,38,floracao,0.7463,0.6312,22.57,44.09,32.24,25.97,76.55,40.41,26210.6,0,saudavel,0.92
2865,F03-FEI,F03,Feijao,239.8,-18.09729,-48.45714,2024/2025,2024-11-11,316,39,floracao,0.7394,0.6215,24.73,50.24,20.93,25.86,60.08,43.2,40354.7,0,saudavel,0.92
2866,F03-FEI,F03,Feijao,239.8,-18.09729,-48.45714,2024/2025,2024-11-12,317,40,floracao,0.7592,0.622,22.96,45.48,0.0,25.67,82.07,33.51,59111.4,1,saudavel,0.92
2867,F03-FEI,F03,Feijao,239.8,-18.09729,-48.45714,2024/2025,2024-11-13,318,41,floracao,0.8071,0.7019,25.11,48.96,16.29,28.63,78.48,39.12,42177.9,0,saudavel,0.92
2868,F03-FEI,F03,Feijao,239.8,-18.09729,-48.45714,2024/2025,2024-11-14,319,42,floracao,0.7732,0.6369,26.68,51.15,14.23,28.05,65.36,,39812.8,0,saudavel,0.92
2869,F03-FEI,F03,Feijao,239.8,-18.09729,-48.45714,2024/2025,2024-11-15,320,43,floracao,0.7882,0.6713,23.34,46.23,0.0,26.73,72.53,30.8,58702.7,1,saudavel,0.92
2870,F03-FEI,F03,Feijao,239.8,-18.09729,-48.45714,2024/2025,2024-11-16,321,44,floracao,0.7725,0.6484,26.86,43.53,4.71,31.05,72.98,28.63,52263.0,0,saudavel,0.92
2871,F03-FEI,F03,Feijao,239.8,-18.09729,-48.45714,2024/2025,2024-11-17,322,45,floracao,0.7639,0.6646,22.67,41.85,5.37,26.87,67.97,25.64,51771.4,0,saudavel,0.92
2872,F03-FEI,F03,Feijao,239.8,-18.09729,-48.45714,2024/2025,2024-11-18,323,46,floracao,0.7721,0.6495,23.86,37.63,0.0,26.89,76.84,18.64,57115.1,1,saudavel,0.92
2873,F03-FEI,F03,Feijao,239.8,-18.09729,-48.45714,2024/2025,2024-11-19,324,47,frutificacao,0.7696,0.634,21.12,37.42,7.05,25.68,80.47,20.72,50287.3,0,saudavel,0.92
2874,F03-FEI,F03,Feijao,239.8,-18.09729,-48.45714,2024/2025,2024-11-20,325,48,frutificacao,0.7748,0.6784,21.27,39.21,10.95,25.41,77.15,22.78,44214.2,0,saudavel,0.92
2875,F03-FEI,F03,Feijao,239.8,-18.09729,-48.45714,2024/2025,2024-11-21,326,49,frutificacao,0.7553,0.6255,22.55,36.84,3.04,25.73,67.63,19.34,49981.6,0,saudavel,0.92
2876,F03-FEI,F03,Feijao,239.8,-18.09729,-48.45714,2024/2025,2024-11-22,327,50,frutificacao,0.7233,0.6179,26.33,32.85,0.0,27.71,69.2,11.54,52442.4,1,saudavel,0.92
2877,F03-FEI,F03,Feijao,239.8,-18.09729,-48.45714,2024/2025,2024-11-23,328,51,frutificacao,0.7142,0.6326,26.06,29.23,0.0,27.19,74.18,7.98,58670.3,0,saudavel,0.92
2878,F03-FEI,F03,Feijao,239.8,-18.09729,-48.45714,2024/2025,2024-11-24,329,52,frutificacao,0.7454,0.619,26.13,37.28,22.89,28.18,73.07,21.06,28560.3,0,saudavel,0.92
2879,F03-FEI,F03,Feijao,239.8,-18.09729,-48.45714,2024/2025,2024-11-25,330,53,frutificacao,0.7045,0.5968,22.73,33.54,0.0,25.07,75.15,15.65,60263.8,1,saudavel,0.92
2880,F03-FEI,F03,Feijao,239.8,-18.09729,-48.45714,2024/2025,2024-11-26,331,54,frutificacao,0.7297,0.6116,23.8,29.92,0.0,26.93,73.96,9.69,59751.6,1,saudavel,0.92
2881,F03-FEI,F03,Feijao,239.8,-18.09729,-48.45714,2024/2025,2024-11-27,332,55,frutificacao,0.7295,0.6227,24.23,30.64,7.98,26.41,66.68,11.28,49701.3,0,saudavel,0.92
2882,F03-FEI,F03,Feijao,239.8,-18.09729,-48.45714,2024/2025,2024-11-28,333,56,frutificacao,0.6826,0.5788,26.14,27.24,0.0,26.51,79.76,7.08,61591.6,1,saudavel,0.92
2883,F03-FEI,F03,Feijao,239.8,-18.09729,-48.45714,2024/2025,2024-11-29,334,57,frutificacao,0.6928,0.6073,22.37,24.36,0.0,24.46,80.2,5.0,57862.5,1,saudavel,0.92
2884,F03-FEI,F03,Feijao,239.8,-18.09729,-48.45714,2024/2025,2024-11-30,335,58,frutificacao,0.6526,0.5423,21.76,39.98,36.56,24.1,79.98,25.76,30639.5,0,saudavel,0.92
2885,F03-FEI,F03,Feijao,239.8,-18.09729,-48.45714,2024/2025,2024-12-01,336,59,frutificacao,0.624,0.5559,24.59,35.75,0.0,26.37,78.25,22.29,53012.2,1,saudavel,0.92
2886,F03-FEI,F03,Feijao,239.8,-18.09729,-48.45714,2024/2025,2024-12-02,337,60,frutificacao,0.5983,0.5407,25.11,31.78,0.0,26.77,74.52,17.28,52274.5,1,saudavel,0.92
2887,F03-FEI,F03,Feijao,239.8,-18.09729,-48.45714,2024/2025,2024-12-03,338,61,frutificacao,0.5512,0.4737,24.02,28.33,0.0,24.43,74.39,10.38,58401.2,1,saudavel,0.92
2888,F03-FEI,F03,Feijao,239.8,-18.09729,-48.45714,2024/2025,2024-12-04,339,62,frutificacao,0.5177,0.4242,24.75,24.9,0.0,26.17,71.38,7.11,60477.1,1,saudavel,0.92
2889,F03-FEI,F03,Feijao,239.8,-18.09729,-48.45714,2024/2025,2024-12-05,340,63,frutificacao,0.4717,0.4001,27.12,24.2,5.23,26.95,,7.44,,0,saudavel,0.92
2890,F03-FEI,F03,Feijao,239.8,-18.09729,-48.45714,2024/2025,2024-12-06,341,64,frutificacao,0.457,0.3859,24.97,21.2,0.0,24.51,77.51,6.52,58861.3,1,saudavel,0.92
2891,F03-FEI,F03,Feijao,239.8,-18.09729,-48.45714,2024/2025,2024-12-07,342,65,frutificacao,0.4817,0.4449,22.8,22.27,7.15,22.79,70.41,8.71,53126.5,0,saudavel,0.92
2892,F03-FEI,F03,Feijao,239.8,-18.09729,-48.45714,2024/2025,2024-12-08,343,66,frutificacao,0.3773,0.3186,22.4,19.51,0.0,22.88,78.59,5.59,61912.3,1,saudavel,0.92
2893,F03-FEI,F03,Feijao,239.8,-18.09729,-48.45714,2024/2025,2024-12-09,344,67,frutificacao,0.3535,0.3281,24.4,16.83,0.0,23.73,67.86,5.93,59241.4,1,saudavel,0.92
2894,F03-FEI,F03,Feijao,239.8,-18.09729,-48.45714,2024/2025,2024-12-10,345,68,frutificacao,0.333,0.2853,24.45,19.04,9.46,23.98,79.44,7.88,52037.6,0,saudavel,0.92
2895,F03-FEI,F03,Feijao,239.8,-18.09729,-48.45714,2024/2025,2024-12-11,346,69,frutificacao,0.3085,0.2632,25.64,16.24,0.0,24.49,78.67,6.0,56362.0,0,saudavel,0.92
2896,F03-FEI,F03,Feijao,239.8,-18.09729,-48.45714,2024/2025,2024-12-12,347,70,frutificacao,0.3064,0.2534,24.99,13.67,0.0,24.41,75.34,5.0,54831.9,1,saudavel,0.92
2897,F03-FEI,F03,Feijao,239.8,-18.09729,-48.45714,2024/2025,2024-12-13,348,71,frutificacao,0.2689,0.2234,26.75,11.31,0.0,23.93,73.7,5.0,58246.1,1,saudavel,0.92
2898,F03-FEI,F03,Feijao,239.8,-18.09729,-48.45714,2024/2025,2024-12-14,349,72,frutificacao,0.26,0.2388,27.1,23.28,28.64,25.25,80.46,16.06,33630.5,0,saudavel,0.92
2899,F03-FEI,F03,Feijao,239.8,-18.09729,-48.45714,2024/2025,2024-12-15,350,73,maturacao,0.2323,0.1829,23.28,20.21,0.0,22.99,78.64,13.63,57789.1,0,saudavel,0.92
2900,F03-FEI,F03,Feijao,239.8,-18.09729,-48.45714,2024/2025,2024-12-16,351,74,maturacao,0.2274,0.2125,26.55,25.01,15.98,25.92,67.63,20.22,45937.9,0,saudavel,0.92
2901,F03-FEI,F03,Feijao,239.8,-18.09729,-48.45714,2024/2025,2024-12-17,352,75,maturacao,0.2254,0.2204,28.51,24.49,5.96,25.33,83.75,19.4,50938.4,0,saudavel,0.92
2902,F03-FEI,F03,Feijao,239.8,-18.09729,-48.45714,2024/2025,2024-12-18,353,76,maturacao,0.2153,0.1711,27.0,31.98,21.89,25.12,73.19,29.54,36351.6,0,saudavel,0.92
2903,F03-FEI,F03,Feijao,239.8,-18.09729,-48.45714,2024/2025,2024-12-19,354,77,maturacao,0.2505,0.237,24.08,30.83,5.12,22.73,72.77,26.57,55600.5,0,saudavel,0.92
2904,F03-FEI,F03,Feijao,239.8,-18.09729,-48.45714,2024/2025,2024-12-20,355,78,maturacao,0.2044,0.1947,26.73,27.06,0.0,23.44,85.76,18.5,57997.7,0,saudavel,0.92
2905,F03-FEI,F03,Feijao,239.8,-18.09729,-48.45714,2024/2025,2024-12-21,356,79,maturacao,0.196,0.184,26.68,33.39,19.9,24.59,83.6,23.85,38608.4,0,saudavel,0.92
2906,F03-FEI,F03,Feijao,239.8,-18.09729,-48.45714,2024/2025,2024-12-22,357,80,maturacao,0.1464,0.1117,24.59,39.48,20.22,23.11,77.11,33.25,31942.1,0,critico,0.92
2907,F03-FEI,F03,Feijao,239.8,-18.09729,-48.45714,2024/2025,2024-12-23,358,81,maturacao,0.198,0.1659,23.35,45.07,19.85,22.26,73.48,38.95,42649.5,0,saudavel,0.92
2908,F03-FEI,F03,Feijao,239.8,-18.09729,-48.45714,2024/2025,2024-12-24,359,82,maturacao,0.1511,0.126,25.36,40.24,0.0,22.09,75.31,30.47,59594.4,0,atencao,0.92
2909,F03-FEI,F03,Feijao,239.8,-18.09729,-48.45714,2024/2025,2024-12-25,360,83,colheita,0.1996,0.2115,26.3,45.09,18.43,22.06,77.7,38.18,38680.9,0,saudavel,0.92
2910,F03-FEI,F03,Feijao,239.8,-18.09729,-48.45714,2024/2025,2024-12-26,361,84,colheita,0.1897,0.1611,24.39,41.58,2.34,21.26,86.46,29.84,63054.3,0,saudavel,0.92
2911,F04-SOJ,F04,Soja,133.0,-16.71611,-49.53242,2023/2024,2023-10-15,288,0,germinacao,0.1796,0.1523,29.41,45.0,0.0,28.69,67.94,46.57,50597.0,0,saudavel,2.76
2912,F04-SOJ,F04,Soja,133.0,-16.71611,-49.53242,2023/2024,2023-10-16,289,1,germinacao,0.1666,0.1261,33.83,39.0,0.0,32.1,66.7,35.91,48809.8,0,atencao,2.76
2913,F04-SOJ,F04,Soja,133.0,-16.71611,-49.53242,2023/2024,2023-10-17,290,2,germinacao,0.2056,0.1599,32.15,33.75,0.0,30.34,62.07,27.2,55540.5,1,saudavel,2.76
2914,F04-SOJ,F04,Soja,133.0,-16.71611,-49.53242,2023/2024,2023-10-18,291,3,germinacao,0.1784,0.0884,31.02,29.09,0.0,28.52,69.27,19.79,48499.1,1,saudavel,2.76
2915,F04-SOJ,F04,Soja,133.0,-16.71611,-49.53242,2023/2024,2023-10-19,292,4,germinacao,0.1698,0.172,34.3,24.62,0.0,30.03,65.68,12.9,52263.5,1,atencao,2.76
2916,F04-SOJ,F04,Soja,133.0,-16.71611,-49.53242,2023/2024,2023-10-20,293,5,germinacao,0.2045,0.2067,33.46,20.48,0.0,30.62,74.09,8.4,50458.6,1,saudavel,2.76
2917,F04-SOJ,F04,Soja,133.0,-16.71611,-49.53242,2023/2024,2023-10-21,294,6,germinacao,0.217,0.1974,30.82,32.64,31.71,29.89,72.09,24.95,26039.9,0,saudavel,2.76
2918,F04-SOJ,F04,Soja,133.0,-16.71611,-49.53242,2023/2024,2023-10-22,295,7,germinacao,0.1932,0.1467,35.38,38.38,20.74,29.25,62.04,34.51,31473.5,0,saudavel,2.76
2919,F04-SOJ,F04,Soja,133.0,-16.71611,-49.53242,2023/2024,2023-10-23,296,8,germinacao,0.1713,0.1203,26.15,33.92,0.0,23.71,70.75,28.07,,1,atencao,2.76
2920,F04-SOJ,F04,Soja,133.0,-16.71611,-49.53242,2023/2024,2023-10-24,297,9,germinacao,0.2243,0.1593,27.67,29.46,0.0,27.37,72.78,19.73,51864.1,1,saudavel,2.76
2921,F04-SOJ,F04,Soja,133.0,-16.71611,-49.53242,2023/2024,2023-10-25,298,10,germinacao,0.2037,0.1859,30.91,25.03,0.0,29.78,63.96,11.74,48071.6,1,saudavel,2.76
2922,F04-SOJ,F04,Soja,133.0,-16.71611,-49.53242,2023/2024,2023-10-26,299,11,vegetativo,0.2037,0.1984,28.35,21.27,0.0,27.22,65.19,6.74,49248.4,1,saudavel,2.76
2923,F04-SOJ,F04,Soja,133.0,-16.71611,-49.53242,2023/2024,2023-10-27,300,12,vegetativo,0.1949,0.169,30.3,17.53,0.0,29.4,67.13,5.0,51316.2,1,saudavel,2.76
2924,F04-SOJ,F04,Soja,133.0,-16.71611,-49.53242,2023/2024,2023-10-28,301,13,vegetativo,0.2299,0.2126,32.34,14.09,0.0,29.89,71.04,5.0,55282.9,1,saudavel,2.76
2925,F04-SOJ,F04,Soja,133.0,-16.71611,-49.53242,2023/2024,2023-10-29,302,14,vegetativo,0.1903,0.1706,27.95,11.05,0.0,28.33,75.61,5.0,52091.2,1,atencao,2.76
2926,F04-SOJ,F04,Soja,133.0,-16.71611,-49.53242,2023/2024,2023-10-30,303,15,vegetativo,0.1944,0.1498,29.02,8.56,0.0,25.78,73.28,5.0,52327.7,1,atencao,2.76
2927,F04-SOJ,F04,Soja,133.0,-16.71611,-49.53242,2023/2024,2023-10-31,304,16,vegetativo,0.2635,0.2441,29.7,8.0,0.0,27.25,83.72,5.0,49237.9,1,saudavel,2.76
2928,F04-SOJ,F04,Soja,133.0,-16.71611,-49.53242,2023/2024,2023-11-01,305,17,vegetativo,0.2166,0.2031,30.91,8.0,0.0,29.32,66.95,5.0,57776.9,1,saudavel,2.76
2929,F04-SOJ,F04,Soja,133.0,-16.71611,-49.53242,2023/2024,2023-11-02,306,18,vegetativo,0.2627,0.2035,32.65,8.0,0.0,30.1,73.73,5.0,56283.3,1,saudavel,2.76
2930,F04-SOJ,F04,Soja,133.0,-16.71611,-49.53242,2023/2024,2023-11-03,307,19,vegetativo,0.2823,0.2561,25.39,8.0,0.0,25.02,67.69,5.0,56889.0,1,saudavel,2.76
2931,F04-SOJ,F04,Soja,133.0,-16.71611,-49.53242,2023/2024,2023-11-04,308,20,vegetativo,0.2718,0.2281,28.9,8.0,0.0,,79.55,5.0,49135.7,1,saudavel,2.76
2932,F04-SOJ,F04,Soja,133.0,-16.71611,-49.53242,2023/2024,2023-11-05,309,21,vegetativo,0.2593,0.2152,28.0,8.0,0.0,25.79,79.89,5.0,54807.7,1,atencao,2.76
2933,F04-SOJ,F04,Soja,133.0,-16.71611,-49.53242,2023/2024,2023-11-06,310,22,vegetativo,0.3001,0.2629,29.14,8.0,0.0,28.05,75.45,5.0,51193.4,1,saudavel,2.76
2934,F04-SOJ,F04,Soja,133.0,-16.71611,-49.53242,2023/2024,2023-11-07,311,23,vegetativo,0.3273,0.2854,28.03,8.0,0.0,27.6,63.63,5.0,56573.6,1,saudavel,2.76
2935,F04-SOJ,F04,Soja,133.0,-16.71611,-49.53242,2023/2024,2023-11-08,312,24,vegetativo,0.3195,0.2894,32.3,8.0,0.0,31.29,73.76,5.0,55469.9,1,saudavel,2.76
2936,F04-SOJ,F04,Soja,133.0,-16.71611,-49.53242,2023/2024,2023-11-09,313,25,vegetativo,0.3121,0.2483,29.37,8.0,0.0,26.86,68.96,5.0,56302.8,1,atencao,2.76
2937,F04-SOJ,F04,Soja,133.0,-16.71611,-49.53242,2023/2024,2023-11-10,314,26,vegetativo,0.3484,0.3075,31.31,8.0,0.0,29.16,74.09,5.0,52833.4,1,atencao,2.76
2938,F04-SOJ,F04,Soja,133.0,-16.71611,-49.53242,2023/2024,2023-11-11,315,27,vegetativo,0.3306,0.2578,30.47,8.0,0.0,29.02,64.78,5.0,52095.8,1,atencao,2.76
2939,F04-SOJ,F04,Soja,133.0,-16.71611,-49.53242,2023/2024,2023-11-12,316,28,vegetativo,0.3551,0.2983,27.58,8.0,0.0,27.13,74.68,5.0,53520.4,1,atencao,2.76
2940,F04-SOJ,F04,Soja,133.0,-16.71611,-49.53242,2023/2024,2023-11-13,317,29,vegetativo,0.3857,0.3256,28.56,8.0,0.0,27.51,71.47,5.0,56588.4,1,atencao,2.76
2941,F04-SOJ,F04,Soja,133.0,-16.71611,-49.53242,2023/2024,2023-11-14,318,30,vegetativo,0.4079,0.3661,26.72,8.0,0.0,27.25,69.64,5.0,55155.8,1,atencao,2.76
2942,F04-SOJ,F04,Soja,133.0,-16.71611,-49.53242,2023/2024,2023-11-15,319,31,vegetativo,0.3975,0.3381,27.64,8.0,0.0,26.05,77.35,5.0,56854.4,1,critico,2.76
2943,F04-SOJ,F04,Soja,133.0,-16.71611,-49.53242,2023/2024,2023-11-16,320,32,vegetativo,0.4402,0.3689,26.82,8.0,0.0,25.83,74.4,5.0,53230.5,1,atencao,2.76
2944,F04-SOJ,F04,Soja,133.0,-16.71611,-49.53242,2023/2024,2023-11-17,321,33,vegetativo,0.4575,0.4174,28.18,8.0,0.0,26.37,73.43,5.0,56485.1,1,atencao,2.76
2945,F04-SOJ,F04,Soja,133.0,-16.71611,-49.53242,2023/2024,2023-11-18,322,34,vegetativo,0.4528,0.3763,24.31,8.0,0.0,25.19,78.98,5.0,60887.1,1,critico,2.76
2946,F04-SOJ,F04,Soja,133.0,-16.71611,-49.53242,2023/2024,2023-11-19,323,35,vegetativo,0.4217,0.349,25.33,8.0,0.0,26.05,84.42,5.0,57890.6,1,critico,2.76
2947,F04-SOJ,F04,Soja,133.0,-16.71611,-49.53242,2023/2024,2023-11-20,324,36,vegetativo,0.4724,0.364,26.72,8.0,0.0,26.42,76.18,5.0,58264.9,1,critico,2.76
2948,F04-SOJ,F04,Soja,133.0,-16.71611,-49.53242,2023/2024,2023-11-21,325,37,vegetativo,0.5097,0.4289,26.0,8.0,0.0,26.86,65.63,5.0,58470.1,1,critico,2.76
2949,F04-SOJ,F04,Soja,133.0,-16.71611,-49.53242,2023/2024,2023-11-22,326,38,vegetativo,0.4833,0.392,27.84,8.0,0.0,27.19,66.79,5.0,55901.4,1,critico,2.76
2950,F04-SOJ,F04,Soja,133.0,-16.71611,-49.53242,2023/2024,2023-11-23,327,39,floracao,0.5051,0.4243,26.91,8.0,0.0,,75.67,5.0,,1,critico,2.76
2951,F04-SOJ,F04,Soja,133.0,-16.71611,-49.53242,2023/2024,2023-11-24,328,40,floracao,0.5273,0.453,26.14,8.0,0.0,25.18,81.14,5.0,58843.4,1,critico,2.76
2952,F04-SOJ,F04,Soja,133.0,-16.71611,-49.53242,2023/2024,2023-11-25,329,41,floracao,0.5757,0.4676,25.76,8.0,0.0,26.88,75.77,5.0,58463.1,1,critico,2.76
2953,F04-SOJ,F04,Soja,133.0,-16.71611,-49.53242,2023/2024,2023-11-26,330,42,floracao,0.5969,0.4909,26.84,8.0,0.0,27.33,77.49,5.0,60146.1,1,critico,2.76
2954,F04-SOJ,F04,Soja,133.0,-16.71611,-49.53242,2023/2024,2023-11-27,331,43,floracao,0.6348,0.5076,23.09,8.0,0.0,25.32,75.95,5.0,61055.2,1,atencao,2.76
2955,F04-SOJ,F04,Soja,133.0,-16.71611,-49.53242,2023/2024,2023-11-28,332,44,floracao,0.626,0.5219,23.06,8.0,0.0,24.48,81.67,5.0,54638.6,1,atencao,2.76
2956,F04-SOJ,F04,Soja,133.0,-16.71611,-49.53242,2023/2024,2023-11-29,333,45,floracao,0.6768,0.5564,23.04,8.0,0.0,25.18,79.61,5.0,58681.1,1,atencao,2.76
2957,F04-SOJ,F04,Soja,133.0,-16.71611,-49.53242,2023/2024,2023-11-30,334,46,floracao,0.6909,0.6302,23.16,8.0,0.0,25.48,71.35,5.0,65348.3,1,atencao,2.76
2958,F04-SOJ,F04,Soja,133.0,-16.71611,-49.53242,2023/2024,2023-12-01,335,47,floracao,0.7328,0.6529,26.6,8.0,0.0,27.37,77.64,5.0,63733.6,1,atencao,2.76
2959,F04-SOJ,F04,Soja,133.0,-16.71611,-49.53242,2023/2024,2023-12-02,336,48,floracao,0.711,0.6312,22.86,8.0,0.0,26.6,68.25,5.0,58567.5,1,atencao,2.76
2960,F04-SOJ,F04,Soja,133.0,-16.71611,-49.53242,2023/2024,2023-12-03,337,49,floracao,0.7661,0.6253,22.55,8.0,0.0,25.45,78.97,5.0,61183.9,1,atencao,2.76
2961,F04-SOJ,F04,Soja,133.0,-16.71611,-49.53242,2023/2024,2023-12-04,338,50,floracao,0.8083,0.6835,24.99,8.0,0.0,28.21,73.75,5.0,58127.4,1,saudavel,2.76
2962,F04-SOJ,F04,Soja,133.0,-16.71611,-49.53242,2023/2024,2023-12-05,339,51,floracao,0.8346,0.6853,22.34,8.0,0.0,,77.85,5.0,60269.5,1,saudavel,2.76
2963,F04-SOJ,F04,Soja,133.0,-16.71611,-49.53242,2023/2024,2023-12-06,340,52,floracao,0.8426,0.753,22.6,8.0,0.0,27.28,77.5,5.0,,0,saudavel,2.76
2964,F04-SOJ,F04,Soja,133.0,-16.71611,-49.53242,2023/2024,2023-12-07,341,53,floracao,0.8222,0.7155,23.19,8.0,12.31,26.89,77.6,6.83,45780.1,0,saudavel,2.76
2965,F04-SOJ,F04,Soja,133.0,-16.71611,-49.53242,2023/2024,2023-12-08,342,54,floracao,0.88,0.7269,22.16,8.0,0.0,26.68,83.47,5.0,57700.8,1,saudavel,2.76
2966,F04-SOJ,F04,Soja,133.0,-16.71611,-49.53242,2023/2024,2023-12-09,343,55,floracao,0.9001,0.7725,18.98,8.0,0.0,25.33,77.43,5.0,64600.5,1,saudavel,2.76
2967,F04-SOJ,F04,Soja,133.0,-16.71611,-49.53242,2023/2024,2023-12-10,344,56,floracao,0.8525,0.695,22.41,8.0,0.0,24.92,78.52,5.0,58183.3,1,saudavel,2.76
2968,F04-SOJ,F04,Soja,133.0,-16.71611,-49.53242,2023/2024,2023-12-11,345,57,floracao,0.8614,0.7294,19.43,8.0,18.46,24.65,84.44,11.11,44745.8,0,saudavel,2.76
2969,F04-SOJ,F04,Soja,133.0,-16.71611,-49.53242,2023/2024,2023-12-12,346,58,floracao,0.8863,0.7498,20.24,16.86,28.74,25.82,86.64,28.07,29838.1,0,saudavel,2.76
2970,F04-SOJ,F04,Soja,133.0,-16.71611,-49.53242,2023/2024,2023-12-13,347,59,floracao,0.8867,0.7685,20.22,38.88,47.26,23.25,78.66,54.96,28262.2,0,saudavel,2.76
2971,F04-SOJ,F04,Soja,133.0,-16.71611,-49.53242,2023/2024,2023-12-14,348,60,floracao,0.8916,0.7777,19.58,35.43,0.0,23.94,75.83,44.78,61015.9,0,saudavel,2.76
2972,F04-SOJ,F04,Soja,133.0,-16.71611,-49.53242,2023/2024,2023-12-15,349,61,frutificacao,0.8893,0.7563,22.43,31.92,0.0,26.73,74.45,34.9,55991.9,0,saudavel,2.76
2973,F04-SOJ,F04,Soja,133.0,-16.71611,-49.53242,2023/2024,2023-12-16,350,62,frutificacao,0.8373,0.7072,21.25,39.55,21.47,25.06,80.06,41.47,40471.6,0,saudavel,2.76
2974,F04-SOJ,F04,Soja,133.0,-16.71611,-49.53242,2023/2024,2023-12-17,351,63,frutificacao,0.8569,0.6637,22.82,58.4,45.17,25.46,76.6,62.05,29566.7,0,saudavel,2.76
2975,F04-SOJ,F04,Soja,133.0,-16.71611,-49.53242,2023/2024,2023-12-18,352,64,frutificacao,0.8772,0.7769,17.64,59.59,12.13,22.09,70.93,59.77,46199.7,0,saudavel,2.76
2976,F04-SOJ,F04,Soja,133.0,-16.71611,-49.53242,2023/2024,2023-12-19,353,65,frutificacao,0.8606,0.7184,20.02,54.54,0.0,23.17,84.68,48.02,57691.1,0,saudavel,2.76
2977,F04-SOJ,F04,Soja,133.0,-16.71611,-49.53242,2023/2024,2023-12-20,354,66,frutificacao,0.8668,0.7388,19.27,56.93,14.32,24.22,82.55,47.19,51587.6,0,saudavel,2.76
2978,F04-SOJ,F04,Soja,133.0,-16.71611,-49.53242,2023/2024,2023-12-21,355,67,frutificacao,0.8534,0.7706,20.2,52.03,0.0,23.55,84.63,36.03,59897.1,0,saudavel,2.76
2979,F04-SOJ,F04,Soja,133.0,-16.71611,-49.53242,2023/2024,2023-12-22,356,68,frutificacao,0.8431,0.6928,18.99,50.59,5.85,21.67,86.77,32.19,53921.0,0,saudavel,2.76
2980,F04-SOJ,F04,Soja,133.0,-16.71611,-49.53242,2023/2024,2023-12-23,357,69,frutificacao,0.842,0.7161,22.37,65.75,39.38,24.55,79.3,51.19,32612.6,0,saudavel,2.76
2981,F04-SOJ,F04,Soja,133.0,-16.71611,-49.53242,2023/2024,2023-12-24,358,70,frutificacao,0.8185,0.7056,20.01,59.93,0.0,24.92,79.45,39.55,57447.1,0,saudavel,2.76
2982,F04-SOJ,F04,Soja,133.0,-16.71611,-49.53242,2023/2024,2023-12-25,359,71,frutificacao,0.8194,0.7184,19.1,61.23,12.79,22.77,84.48,37.73,50573.2,0,saudavel,2.76
2983,F04-SOJ,F04,Soja,133.0,-16.71611,-49.53242,2023/2024,2023-12-26,360,72,frutificacao,0.8243,0.7007,22.47,64.24,16.77,24.29,72.48,42.69,43064.2,0,saudavel,2.76
2984,F04-SOJ,F04,Soja,133.0,-16.71611,-49.53242,2023/2024,2023-12-27,361,73,frutificacao,0.8151,0.7164,23.63,58.6,0.42,26.04,75.75,32.86,55322.3,1,saudavel,2.76
2985,F04-SOJ,F04,Soja,133.0,-16.71611,-49.53242,2023/2024,2023-12-28,362,74,frutificacao,0.8163,0.6855,21.64,53.32,0.0,25.18,77.74,24.21,58256.2,1,saudavel,2.76
2986,F04-SOJ,F04,Soja,133.0,-16.71611,-49.53242,2023/2024,2023-12-29,363,75,frutificacao,0.7864,0.6793,19.36,48.74,0.0,22.43,84.29,21.8,56515.7,1,saudavel,2.76
2987,F04-SOJ,F04,Soja,133.0,-16.71611,-49.53242,2023/2024,2023-12-30,364,76,frutificacao,0.8109,0.6976,18.04,50.12,10.96,21.04,77.83,26.01,49079.5,0,saudavel,2.76
2988,F04-SOJ,F04,Soja,133.0,-16.71611,-49.53242,2023/2024,2023-12-31,365,77,frutificacao,0.7853,0.6657,19.5,45.74,0.0,22.94,75.82,22.38,57308.8,1,saudavel,2.76
2989,F04-SOJ,F04,Soja,133.0,-16.71611,-49.53242,2023/2024,2024-01-01,1,78,frutificacao,0.7318,0.6285,23.97,43.88,5.25,26.01,75.37,21.45,51693.3,0,saudavel,2.76
2990,F04-SOJ,F04,Soja,133.0,-16.71611,-49.53242,2023/2024,2024-01-02,2,79,frutificacao,0.7248,0.5986,22.37,39.73,0.0,24.4,80.83,18.72,60430.1,1,saudavel,2.76
2991,F04-SOJ,F04,Soja,133.0,-16.71611,-49.53242,2023/2024,2024-01-03,3,80,frutificacao,0.7219,0.6076,18.67,36.16,0.0,22.28,79.4,16.17,59608.2,1,saudavel,2.76
2992,F04-SOJ,F04,Soja,133.0,-16.71611,-49.53242,2023/2024,2024-01-04,4,81,frutificacao,0.6595,0.5349,22.11,41.1,17.17,24.54,71.12,22.92,46023.0,0,saudavel,2.76
2993,F04-SOJ,F04,Soja,133.0,-16.71611,-49.53242,2023/2024,2024-01-05,5,82,frutificacao,0.6302,0.5269,21.72,37.09,0.0,23.85,72.5,16.27,62798.4,1,saudavel,2.76
2994,F04-SOJ,F04,Soja,133.0,-16.71611,-49.53242,2023/2024,2024-01-06,6,83,frutificacao,0.6423,0.5687,17.11,41.18,14.58,19.15,82.24,20.58,45005.7,0,saudavel,2.76
2995,F04-SOJ,F04,Soja,133.0,-16.71611,-49.53242,2023/2024,2024-01-07,7,84,frutificacao,0.6,0.5184,22.36,41.03,7.74,23.49,79.78,20.76,52986.2,0,saudavel,2.76
2996,F04-SOJ,F04,Soja,133.0,-16.71611,-49.53242,2023/2024,2024-01-08,8,85,frutificacao,0.5766,0.4963,20.97,39.75,5.15,21.98,79.94,17.97,49716.1,0,saudavel,2.76
2997,F04-SOJ,F04,Soja,133.0,-16.71611,-49.53242,2023/2024,2024-01-09,9,86,frutificacao,0.53,0.4185,18.92,36.12,0.0,20.41,78.36,12.95,60974.9,1,saudavel,2.76
2998,F04-SOJ,F04,Soja,133.0,-16.71611,-49.53242,2023/2024,2024-01-10,10,87,frutificacao,0.4872,0.4205,22.71,36.93,8.76,21.75,83.81,15.2,51417.8,0,saudavel,2.76
2999,F04-SOJ,F04,Soja,133.0,-16.71611,-49.53242,2023/2024,2024-01-11,11,88,frutificacao,0.4347,0.3683,22.23,39.71,13.09,22.14,81.44,22.03,48710.9,0,saudavel,2.76
3000,F04-SOJ,F04,Soja,133.0,-16.71611,-49.53242,2023/2024,2024-01-12,12,89,frutificacao,0.4346,0.3802,21.79,35.96,0.0,20.24,82.37,15.05,57593.3,1,saudavel,2.76
3001,F04-SOJ,F04,Soja,133.0,-16.71611,-49.53242,2023/2024,2024-01-13,13,90,frutificacao,0.4283,0.3917,22.74,32.39,0.0,21.15,81.95,11.48,57482.9,1,saudavel,2.76
3002,F04-SOJ,F04,Soja,133.0,-16.71611,-49.53242,2023/2024,2024-01-14,14,91,frutificacao,0.4021,0.3336,20.07,29.11,0.0,20.75,88.28,,57359.3,1,saudavel,2.76
3003,F04-SOJ,F04,Soja,133.0,-16.71611,-49.53242,2023/2024,2024-01-15,15,92,frutificacao,0.3741,0.3117,22.49,36.73,21.74,22.34,74.16,17.55,41345.4,0,saudavel,2.76
3004,F04-SOJ,F04,Soja,133.0,-16.71611,-49.53242,2023/2024,2024-01-16,16,93,frutificacao,0.3461,0.3126,21.08,33.04,0.0,20.61,78.16,14.8,58780.3,1,saudavel,2.76
3005,F04-SOJ,F04,Soja,133.0,-16.71611,-49.53242,2023/2024,2024-01-17,17,94,maturacao,0.3544,0.2892,19.54,34.09,8.73,18.42,79.84,15.67,44878.2,0,saudavel,2.76
3006,F04-SOJ,F04,Soja,133.0,-16.71611,-49.53242,2023/2024,2024-01-18,18,95,maturacao,0.2612,0.2237,22.59,34.46,7.85,20.21,86.67,16.48,52000.4,0,atencao,2.76
3007,F04-SOJ,F04,Soja,133.0,-16.71611,-49.53242,2023/2024,2024-01-19,19,96,maturacao,0.2809,0.1988,20.99,40.24,18.63,19.37,78.95,24.82,38214.0,0,saudavel,2.76
3008,F04-SOJ,F04,Soja,133.0,-16.71611,-49.53242,2023/2024,2024-01-20,20,97,maturacao,0.2435,0.2008,20.02,36.18,0.0,18.77,77.16,20.32,60515.1,0,saudavel,2.76
3009,F04-SOJ,F04,Soja,133.0,-16.71611,-49.53242,2023/2024,2024-01-21,21,98,maturacao,0.2811,0.2651,25.51,39.18,13.92,22.39,78.34,23.5,45457.5,0,saudavel,2.76
3010,F04-SOJ,F04,Soja,133.0,-16.71611,-49.53242,2023/2024,2024-01-22,22,99,maturacao,0.2285,0.2009,23.25,40.45,10.94,21.74,79.71,26.88,50245.0,0,saudavel,2.76
3011,F04-SOJ,F04,Soja,133.0,-16.71611,-49.53242,2023/2024,2024-01-23,23,100,maturacao,0.2506,0.231,21.49,47.27,21.76,19.0,86.73,34.45,39256.1,0,saudavel,2.76
3012,F04-SOJ,F04,Soja,133.0,-16.71611,-49.53242,2023/2024,2024-01-24,24,101,maturacao,0.2136,0.2007,20.51,42.61,0.0,18.47,79.09,27.83,59316.8,0,saudavel,2.76
3013,F04-SOJ,F04,Soja,133.0,-16.71611,-49.53242,2023/2024,2024-01-25,25,102,maturacao,0.2244,0.2177,22.05,38.32,0.0,20.13,76.47,21.39,59705.8,0,saudavel,2.76
3014,F04-SOJ,F04,Soja,133.0,-16.71611,-49.53242,2023/2024,2024-01-26,26,103,maturacao,0.2081,0.17,21.02,37.67,6.61,18.22,76.42,21.8,52360.1,0,saudavel,2.76
3015,F04-SOJ,F04,Soja,133.0,-16.71611,-49.53242,2023/2024,2024-01-27,27,104,maturacao,0.2052,0.1933,23.46,33.76,0.0,19.76,78.23,19.75,53801.0,0,saudavel,2.76
3016,F04-SOJ,F04,Soja,133.0,-16.71611,-49.53242,2023/2024,2024-01-28,28,105,maturacao,0.2081,0.2218,22.59,31.82,3.33,20.16,92.44,16.77,49140.5,0,saudavel,2.76
3017,F04-SOJ,F04,Soja,133.0,-16.71611,-49.53242,2023/2024,2024-01-29,29,106,maturacao,0.2164,0.1834,21.99,32.85,9.0,20.43,81.28,18.37,44639.2,0,saudavel,2.76
3018,F04-SOJ,F04,Soja,133.0,-16.71611,-49.53242,2023/2024,2024-01-30,30,107,colheita,0.1929,0.1376,24.15,53.51,48.49,20.41,82.27,44.69,29799.7,0,saudavel,2.76
3019,F04-SOJ,F04,Soja,133.0,-16.71611,-49.53242,2023/2024,2024-01-31,31,108,colheita,0.2105,0.167,21.25,51.06,5.44,18.65,80.23,38.15,43328.4,0,saudavel,2.76
3020,F04-SOJ,F04,Soja,133.0,-16.71611,-49.53242,2023/2024,2024-02-01,32,109,colheita,0.2113,0.189,22.12,46.1,0.0,19.85,80.09,29.09,54700.2,0,saudavel,2.76
3021,F04-SOJ,F04,Soja,133.0,-16.71611,-49.53242,2024/2025,2024-10-16,290,0,germinacao,0.169,0.1273,30.39,45.0,3.6,29.9,73.7,46.53,54149.3,0,saudavel,2.79
3022,F04-SOJ,F04,Soja,133.0,-16.71611,-49.53242,2024/2025,2024-10-17,291,1,germinacao,0.1739,0.1498,30.46,39.45,0.0,28.39,67.75,35.97,51772.6,0,saudavel,2.79
3023,F04-SOJ,F04,Soja,133.0,-16.71611,-49.53242,2024/2025,2024-10-18,292,2,germinacao,0.1964,0.176,32.43,34.32,0.0,28.92,66.66,29.71,48483.7,1,saudavel,2.79
3024,F04-SOJ,F04,Soja,133.0,-16.71611,-49.53242,2024/2025,2024-10-19,293,3,germinacao,0.1917,0.1772,28.47,53.87,48.06,26.9,64.19,54.03,25246.2,0,saudavel,2.79
3025,F04-SOJ,F04,Soja,133.0,-16.71611,-49.53242,2024/2025,2024-10-20,294,4,germinacao,0.1851,0.1784,30.75,47.54,0.0,29.09,66.2,42.89,48311.5,0,saudavel,2.79
3026,F04-SOJ,F04,Soja,133.0,-16.71611,-49.53242,2024/2025,2024-10-21,295,5,germinacao,0.1993,0.1607,28.78,41.93,0.0,27.55,65.36,33.03,50801.0,1,saudavel,2.79
3027,F04-SOJ,F04,Soja,133.0,-16.71611,-49.53242,2024/2025,2024-10-22,296,6,germinacao,0.188,0.1728,29.85,47.6,22.0,28.83,63.12,39.25,29499.6,0,saudavel,2.79
3028,F04-SOJ,F04,Soja,133.0,-16.71611,-49.53242,2024/2025,2024-10-23,297,7,germinacao,0.1628,0.1199,28.82,41.97,0.0,27.19,71.06,29.62,52501.2,1,atencao,2.79
3029,F04-SOJ,F04,Soja,133.0,-16.71611,-49.53242,2024/2025,2024-10-24,298,8,germinacao,0.1692,0.1422,31.49,36.62,0.0,28.73,67.16,22.95,51222.4,0,atencao,2.79
3030,F04-SOJ,F04,Soja,133.0,-16.71611,-49.53242,2024/2025,2024-10-25,299,9,germinacao,0.2056,0.1848,31.71,40.0,16.82,30.05,72.63,25.39,33716.1,0,saudavel,2.79
3031,F04-SOJ,F04,Soja,133.0,-16.71611,-49.53242,2024/2025,2024-10-26,300,10,germinacao,0.1687,0.1629,29.68,43.34,16.83,27.74,68.64,29.95,38170.2,0,atencao,2.79
3032,F04-SOJ,F04,Soja,133.0,-16.71611,-49.53242,2024/2025,2024-10-27,301,11,vegetativo,0.1917,0.1743,28.82,38.1,0.0,27.17,71.53,20.97,52658.1,1,saudavel,2.79
3033,F04-SOJ,F04,Soja,133.0,-16.71611,-49.53242,2024/2025,2024-10-28,302,12,vegetativo,0.2007,0.1724,32.1,33.0,0.0,29.67,70.05,15.29,49698.2,1,saudavel,2.79
3034,F04-SOJ,F04,Soja,133.0,-16.71611,-49.53242,2024/2025,2024-10-29,303,13,vegetativo,0.1866,0.1571,32.51,28.26,0.0,29.8,71.64,13.4,50850.5,1,atencao,2.79
3035,F04-SOJ,F04,Soja,133.0,-16.71611,-49.53242,2024/2025,2024-10-30,304,14,vegetativo,0.1791,0.1632,29.51,35.26,22.54,29.0,66.16,24.08,34259.8,0,atencao,2.79
3036,F04-SOJ,F04,Soja,133.0,-16.71611,-49.53242,2024/2025,2024-10-31,305,15,vegetativo,0.195,0.2095,29.07,30.62,0.0,27.59,75.87,19.14,55962.1,1,atencao,2.79
3037,F04-SOJ,F04,Soja,133.0,-16.71611,-49.53242,2024/2025,2024-11-01,306,16,vegetativo,0.1894,0.1781,29.48,26.38,0.0,27.27,65.82,14.72,52535.2,1,atencao,2.79
3038,F04-SOJ,F04,Soja,133.0,-16.71611,-49.53242,2024/2025,2024-11-02,307,17,vegetativo,0.2461,0.2168,29.87,27.1,9.15,27.64,71.87,12.26,47904.7,0,saudavel,2.79
3039,F04-SOJ,F04,Soja,133.0,-16.71611,-49.53242,2024/2025,2024-11-03,308,18,vegetativo,0.2515,0.1864,29.84,28.83,11.35,27.98,65.6,14.92,46874.1,0,saudavel,2.79
3040,F04-SOJ,F04,Soja,133.0,-16.71611,-49.53242,2024/2025,2024-11-04,309,19,vegetativo,0.2396,0.1867,28.07,25.03,0.0,25.4,72.72,10.97,57662.9,1,saudavel,2.79
3041,F04-SOJ,F04,Soja,133.0,-16.71611,-49.53242,2024/2025,2024-11-05,310,20,vegetativo,0.2403,0.1978,26.86,30.38,17.93,26.44,77.31,15.42,39118.0,0,atencao,2.79
3042,F04-SOJ,F04,Soja,133.0,-16.71611,-49.53242,2024/2025,2024-11-06,311,21,vegetativo,0.3057,0.2781,31.37,26.05,0.0,29.71,73.82,9.74,51553.5,1,saudavel,2.79
3043,F04-SOJ,F04,Soja,133.0,-16.71611,-49.53242,2024/2025,2024-11-07,312,22,vegetativo,0.308,0.243,31.34,26.39,8.27,28.06,77.48,11.02,49670.4,0,saudavel,2.79
3044,F04-SOJ,F04,Soja,133.0,-16.71611,-49.53242,2024/2025,2024-11-08,313,23,vegetativo,0.3056,0.2726,30.81,22.39,0.0,29.51,69.95,5.0,54172.2,1,saudavel,2.79
3045,F04-SOJ,F04,Soja,133.0,-16.71611,-49.53242,2024/2025,2024-11-09,314,24,vegetativo,0.3628,0.3108,29.94,28.78,19.84,29.11,76.39,13.06,38318.2,0,saudavel,2.79
3046,F04-SOJ,F04,Soja,133.0,-16.71611,-49.53242,2024/2025,2024-11-10,315,25,vegetativo,0.365,0.3174,28.27,26.75,3.54,27.04,69.78,13.07,50071.6,0,saudavel,2.79
3047,F04-SOJ,F04,Soja,133.0,-16.71611,-49.53242,2024/2025,2024-11-11,316,26,vegetativo,0.3939,0.3305,26.89,25.16,4.0,26.98,71.13,6.06,49948.5,0,saudavel,2.79
3048,F04-SOJ,F04,Soja,133.0,-16.71611,-49.53242,2024/2025,2024-11-12,317,27,vegetativo,0.3939,0.3229,28.29,26.02,9.07,28.79,73.12,9.11,,0,saudavel,2.79
3049,F04-SOJ,F04,Soja,133.0,-16.71611,-49.53242,2024/2025,2024-11-13,318,28,vegetativo,0.4133,0.3318,28.73,22.35,0.0,28.39,77.1,7.16,51907.6,1,saudavel,2.79
3050,F04-SOJ,F04,Soja,133.0,-16.71611,-49.53242,2024/2025,2024-11-14,319,29,vegetativo,0.4424,0.3882,27.01,18.99,0.0,28.64,70.09,5.0,54334.7,1,saudavel,2.79
3051,F04-SOJ,F04,Soja,133.0,-16.71611,-49.53242,2024/2025,2024-11-15,320,30,vegetativo,0.5465,0.463,26.53,16.24,0.0,27.05,77.39,5.0,53203.5,1,saudavel,2.79
3052,F04-SOJ,F04,Soja,133.0,-16.71611,-49.53242,2024/2025,2024-11-16,321,31,vegetativo,0.5197,0.4202,27.09,13.66,0.0,27.2,75.12,5.0,58203.5,1,saudavel,2.79
3053,F04-SOJ,F04,Soja,133.0,-16.71611,-49.53242,2024/2025,2024-11-17,322,32,vegetativo,0.5689,0.488,23.79,11.44,0.0,,76.18,5.0,53507.1,0,saudavel,2.79
3054,F04-SOJ,F04,Soja,133.0,-16.71611,-49.53242,2024/2025,2024-11-18,323,33,vegetativo,0.6075,0.5849,25.42,9.43,0.0,26.72,70.23,5.0,54885.3,1,saudavel,2.79
3055,F04-SOJ,F04,Soja,133.0,-16.71611,-49.53242,2024/2025,2024-11-19,324,34,vegetativo,0.6276,0.5295,23.82,12.39,9.31,25.68,73.32,5.0,48234.7,0,saudavel,2.79
3056,F04-SOJ,F04,Soja,133.0,-16.71611,-49.53242,2024/2025,2024-11-20,325,35,vegetativo,0.6532,0.5883,26.11,10.39,0.0,26.51,74.4,5.0,62698.7,1,saudavel,2.79
3057,F04-SOJ,F04,Soja,133.0,-16.71611,-49.53242,2024/2025,2024-11-21,326,36,vegetativo,0.6792,0.5256,25.48,8.63,0.0,26.29,76.81,5.0,55360.8,1,saudavel,2.79
3058,F04-SOJ,F04,Soja,133.0,-16.71611,-49.53242,2024/2025,2024-11-22,327,37,vegetativo,0.7168,0.6038,24.14,18.5,22.75,25.74,71.52,10.72,31620.1,0,saudavel,2.79
3059,F04-SOJ,F04,Soja,133.0,-16.71611,-49.53242,2024/2025,2024-11-23,328,38,vegetativo,0.7087,0.6215,26.36,15.98,0.0,27.52,68.15,6.18,53836.7,1,saudavel,2.79
3060,F04-SOJ,F04,Soja,133.0,-16.71611,-49.53242,2024/2025,2024-11-24,329,39,floracao,0.7408,0.63,21.09,14.12,0.0,24.13,66.09,5.0,55349.6,1,saudavel,2.79
3061,F04-SOJ,F04,Soja,133.0,-16.71611,-49.53242,2024/2025,2024-11-25,330,40,floracao,0.7215,0.6004,24.42,15.89,7.64,26.65,79.07,6.55,48715.7,0,saudavel,2.79
3062,F04-SOJ,F04,Soja,133.0,-16.71611,-49.53242,2024/2025,2024-11-26,331,41,floracao,0.7463,0.6338,21.7,13.98,0.0,24.67,81.36,5.0,65147.0,1,saudavel,2.79
3063,F04-SOJ,F04,Soja,133.0,-16.71611,-49.53242,2024/2025,2024-11-27,332,42,floracao,0.7715,0.6755,20.74,18.07,11.62,24.68,66.68,7.4,49969.8,0,saudavel,2.79
3064,F04-SOJ,F04,Soja,133.0,-16.71611,-49.53242,2024/2025,2024-11-28,333,43,floracao,0.8267,0.7455,21.35,26.17,20.15,24.71,77.19,16.87,37912.9,0,saudavel,2.79
3065,F04-SOJ,F04,Soja,133.0,-16.71611,-49.53242,2024/2025,2024-11-29,334,44,floracao,0.8147,0.7138,23.05,26.97,7.28,26.46,73.97,17.9,57084.4,0,saudavel,2.79
3066,F04-SOJ,F04,Soja,133.0,-16.71611,-49.53242,2024/2025,2024-11-30,335,45,floracao,0.8431,0.7065,18.48,33.84,18.48,22.27,84.55,27.43,38825.1,0,saudavel,2.79
3067,F04-SOJ,F04,Soja,133.0,-16.71611,-49.53242,2024/2025,2024-12-01,336,46,floracao,0.8445,0.7132,22.15,36.92,12.83,25.81,75.38,31.14,45062.4,0,saudavel,2.79
3068,F04-SOJ,F04,Soja,133.0,-16.71611,-49.53242,2024/2025,2024-12-02,337,47,floracao,0.8486,0.7168,21.95,33.38,0.0,25.53,79.42,25.09,57586.2,1,saudavel,2.79
3069,F04-SOJ,F04,Soja,133.0,-16.71611,-49.53242,2024/2025,2024-12-03,338,48,floracao,0.8301,0.6882,21.32,36.45,12.33,23.9,75.62,28.84,50045.0,0,saudavel,2.79
3070,F04-SOJ,F04,Soja,133.0,-16.71611,-49.53242,2024/2025,2024-12-04,339,49,floracao,0.8551,0.7237,21.25,32.95,0.0,25.53,73.41,22.81,58998.6,1,saudavel,2.79
3071,F04-SOJ,F04,Soja,133.0,-16.71611,-49.53242,2024/2025,2024-12-05,340,50,floracao,0.8626,0.7277,18.29,45.63,31.25,23.33,82.08,39.3,34173.9,0,saudavel,2.79
3072,F04-SOJ,F04,Soja,133.0,-16.71611,-49.53242,2024/2025,2024-12-06,341,51,floracao,0.9047,0.745,21.52,47.37,11.66,24.99,82.72,39.89,49156.3,0,saudavel,2.79
3073,F04-SOJ,F04,Soja,133.0,-16.71611,-49.53242,2024/2025,2024-12-07,342,52,floracao,0.8564,0.7447,20.22,43.29,0.0,23.07,72.2,31.24,62203.3,1,saudavel,2.79
3074,F04-SOJ,F04,Soja,133.0,-16.71611,-49.53242,2024/2025,2024-12-08,343,53,floracao,0.8801,0.7565,24.36,39.0,0.0,27.92,81.42,22.93,54105.2,1,saudavel,2.79
3075,F04-SOJ,F04,Soja,133.0,-16.71611,-49.53242,2024/2025,2024-12-09,344,54,floracao,0.8647,0.7221,21.12,35.25,0.0,26.04,72.03,20.01,54527.2,1,saudavel,2.79
3076,F04-SOJ,F04,Soja,133.0,-16.71611,-49.53242,2024/2025,2024-12-10,345,55,floracao,0.8544,0.7292,21.19,31.91,0.0,25.01,65.92,15.92,54690.9,1,saudavel,2.79
3077,F04-SOJ,F04,Soja,133.0,-16.71611,-49.53242,2024/2025,2024-12-11,346,56,floracao,0.8867,0.7344,19.41,29.12,0.0,23.11,78.83,14.32,58464.1,1,saudavel,2.79
3078,F04-SOJ,F04,Soja,133.0,-16.71611,-49.53242,2024/2025,2024-12-12,347,57,floracao,0.9077,0.7605,18.79,38.19,23.45,24.03,80.82,24.92,31810.4,0,saudavel,2.79
3079,F04-SOJ,F04,Soja,133.0,-16.71611,-49.53242,2024/2025,2024-12-13,348,58,floracao,0.8754,0.7578,19.34,38.29,7.04,23.98,70.78,23.92,56546.3,0,saudavel,2.79
3080,F04-SOJ,F04,Soja,133.0,-16.71611,-49.53242,2024/2025,2024-12-14,349,59,floracao,0.8564,0.7374,20.74,37.84,6.17,24.6,68.13,20.95,53135.3,0,saudavel,2.79
3081,F04-SOJ,F04,Soja,133.0,-16.71611,-49.53242,2024/2025,2024-12-15,350,60,floracao,0.879,0.7369,22.0,36.65,4.56,,75.54,20.53,57212.5,0,saudavel,2.79
3082,F04-SOJ,F04,Soja,133.0,-16.71611,-49.53242,2024/2025,2024-12-16,351,61,frutificacao,0.8746,0.7496,20.72,37.85,9.09,24.36,75.13,21.29,49395.8,0,saudavel,2.79
3083,F04-SOJ,F04,Soja,133.0,-16.71611,-49.53242,2024/2025,2024-12-17,352,62,frutificacao,0.9123,0.7739,19.65,37.97,7.04,24.44,85.12,20.72,55413.4,0,saudavel,2.79
3084,F04-SOJ,F04,Soja,133.0,-16.71611,-49.53242,2024/2025,2024-12-18,353,63,frutificacao,0.8814,0.7292,19.43,45.36,21.46,23.56,78.89,33.48,32636.0,0,saudavel,2.79
3085,F04-SOJ,F04,Soja,133.0,-16.71611,-49.53242,2024/2025,2024-12-19,354,64,frutificacao,0.846,0.7157,19.95,45.03,7.47,24.23,82.13,32.74,52377.0,0,saudavel,2.79
3086,F04-SOJ,F04,Soja,133.0,-16.71611,-49.53242,2024/2025,2024-12-20,355,65,frutificacao,0.8878,0.7633,18.25,45.53,8.61,22.66,80.48,33.17,52890.6,0,saudavel,2.79
3087,F04-SOJ,F04,Soja,133.0,-16.71611,-49.53242,2024/2025,2024-12-21,356,66,frutificacao,0.875,0.7499,18.76,41.69,0.0,21.91,87.75,25.13,61751.9,1,saudavel,2.79
3088,F04-SOJ,F04,Soja,133.0,-16.71611,-49.53242,2024/2025,2024-12-22,357,67,frutificacao,0.8747,0.7097,20.39,37.73,0.0,,72.91,17.0,59034.5,1,saudavel,2.79
3089,F04-SOJ,F04,Soja,133.0,-16.71611,-49.53242,2024/2025,2024-12-23,358,68,frutificacao,0.8607,0.7349,21.5,34.33,0.0,23.93,78.3,14.91,54839.0,1,saudavel,2.79
3090,F04-SOJ,F04,Soja,133.0,-16.71611,-49.53242,2024/2025,2024-12-24,359,69,frutificacao,0.867,0.7375,24.3,30.97,0.0,25.91,69.72,8.07,62984.1,1,saudavel,2.79
3091,F04-SOJ,F04,Soja,133.0,-16.71611,-49.53242,2024/2025,2024-12-25,360,70,frutificacao,0.8497,0.6843,19.2,28.25,0.0,22.69,83.57,5.54,58745.4,1,saudavel,2.79
3092,F04-SOJ,F04,Soja,133.0,-16.71611,-49.53242,2024/2025,2024-12-26,361,71,frutificacao,0.8288,0.6883,22.32,32.22,13.96,26.61,82.74,11.43,45035.5,0,saudavel,2.79
3093,F04-SOJ,F04,Soja,133.0,-16.71611,-49.53242,2024/2025,2024-12-27,362,72,frutificacao,0.8284,0.7139,20.72,36.73,14.82,23.02,83.7,17.2,51724.6,0,saudavel,2.79
3094,F04-SOJ,F04,Soja,133.0,-16.71611,-49.53242,2024/2025,2024-12-28,363,73,frutificacao,0.8138,0.7194,21.47,33.27,0.0,24.51,77.81,12.77,60091.0,1,saudavel,2.79
3095,F04-SOJ,F04,Soja,133.0,-16.71611,-49.53242,2024/2025,2024-12-29,364,74,frutificacao,0.8118,0.6572,18.91,39.96,19.32,22.74,,21.03,38956.5,0,saudavel,2.79
3096,F04-SOJ,F04,Soja,133.0,-16.71611,-49.53242,2024/2025,2024-12-30,365,75,frutificacao,0.7937,0.6942,18.73,39.31,5.8,22.84,79.01,18.74,52185.6,0,saudavel,2.79
3097,F04-SOJ,F04,Soja,133.0,-16.71611,-49.53242,2024/2025,2024-12-31,366,76,frutificacao,0.7711,0.6178,18.97,35.84,0.0,22.32,76.35,15.33,61560.2,1,saudavel,2.79
3098,F04-SOJ,F04,Soja,133.0,-16.71611,-49.53242,2024/2025,2025-01-01,1,77,frutificacao,0.757,0.6714,19.13,32.7,0.0,21.75,84.7,13.81,57162.0,0,saudavel,2.79
3099,F04-SOJ,F04,Soja,133.0,-16.71611,-49.53242,2024/2025,2025-01-02,2,78,frutificacao,0.7418,0.6257,22.08,31.71,4.35,23.86,76.67,10.83,56771.1,0,saudavel,2.79
3100,F04-SOJ,F04,Soja,133.0,-16.71611,-49.53242,2024/2025,2025-01-03,3,79,frutificacao,0.6852,0.5681,20.4,37.48,17.52,22.28,77.5,19.98,45417.3,0,saudavel,2.79
3101,F04-SOJ,F04,Soja,133.0,-16.71611,-49.53242,2024/2025,2025-01-04,4,80,frutificacao,0.7181,0.6175,21.43,41.3,14.7,23.44,89.9,26.06,44574.6,0,saudavel,2.79
3102,F04-SOJ,F04,Soja,133.0,-16.71611,-49.53242,2024/2025,2025-01-05,5,81,frutificacao,0.6793,0.5582,21.0,43.52,12.24,23.45,83.0,29.22,50170.2,0,saudavel,2.79
3103,F04-SOJ,F04,Soja,133.0,-16.71611,-49.53242,2024/2025,2025-01-06,6,82,frutificacao,0.6329,0.5483,23.28,39.29,0.0,24.12,83.96,22.66,59002.0,0,saudavel,2.79
3104,F04-SOJ,F04,Soja,133.0,-16.71611,-49.53242,2024/2025,2025-01-07,7,83,frutificacao,0.6281,0.5314,20.67,46.78,22.38,22.53,76.94,31.5,34993.1,0,saudavel,2.79
3105,F04-SOJ,F04,Soja,133.0,-16.71611,-49.53242,2024/2025,2025-01-08,8,84,frutificacao,0.576,0.4134,20.19,51.91,18.43,19.54,75.77,38.51,35888.3,0,saudavel,2.79
3106,F04-SOJ,F04,Soja,133.0,-16.71611,-49.53242,2024/2025,2025-01-09,9,85,frutificacao,0.545,0.447,19.67,47.23,0.0,21.23,85.56,31.39,59712.1,1,saudavel,2.79
3107,F04-SOJ,F04,Soja,133.0,-16.71611,-49.53242,2024/2025,2025-01-10,10,86,frutificacao,0.5312,0.4553,21.19,50.4,15.07,21.58,87.44,,44891.6,0,saudavel,2.79
3108,F04-SOJ,F04,Soja,133.0,-16.71611,-49.53242,2024/2025,2025-01-11,11,87,frutificacao,0.5209,0.4641,23.04,45.76,0.0,21.54,73.53,25.07,61586.7,1,saudavel,2.79
3109,F04-SOJ,F04,Soja,133.0,-16.71611,-49.53242,2024/2025,2025-01-12,12,88,frutificacao,0.4672,0.4037,24.24,41.19,0.0,23.4,76.21,19.46,61166.8,1,saudavel,2.79
3110,F04-SOJ,F04,Soja,133.0,-16.71611,-49.53242,2024/2025,2025-01-13,13,89,frutificacao,0.4164,0.3749,24.04,36.96,0.0,23.04,74.4,13.09,64577.5,1,saudavel,2.79
3111,F04-SOJ,F04,Soja,133.0,-16.71611,-49.53242,2024/2025,2025-01-14,14,90,frutificacao,0.3966,0.3192,21.75,33.27,0.0,21.02,82.54,,56490.1,1,saudavel,2.79
3112,F04-SOJ,F04,Soja,133.0,-16.71611,-49.53242,2024/2025,2025-01-15,15,91,frutificacao,0.3942,0.3496,25.3,29.43,0.0,24.8,83.24,6.93,59152.9,1,saudavel,2.79
3113,F04-SOJ,F04,Soja,133.0,-16.71611,-49.53242,2024/2025,2025-01-16,16,92,frutificacao,0.3608,0.3216,21.12,29.88,7.06,20.54,78.47,8.08,49054.7,0,saudavel,2.79
3114,F04-SOJ,F04,Soja,133.0,-16.71611,-49.53242,2024/2025,2025-01-17,17,93,frutificacao,0.3496,0.2645,20.86,28.43,3.38,20.57,78.38,8.21,57312.8,0,saudavel,2.79
3115,F04-SOJ,F04,Soja,133.0,-16.71611,-49.53242,2024/2025,2025-01-18,18,94,maturacao,0.3181,0.2924,18.84,25.43,0.0,19.24,71.18,5.0,54826.8,0,saudavel,2.79
3116,F04-SOJ,F04,Soja,133.0,-16.71611,-49.53242,2024/2025,2025-01-19,19,95,maturacao,0.3076,0.268,20.33,22.66,0.0,18.46,76.6,5.0,60178.3,0,saudavel,2.79
3117,F04-SOJ,F04,Soja,133.0,-16.71611,-49.53242,2024/2025,2025-01-20,20,96,maturacao,0.3165,0.2634,18.55,21.9,3.55,18.94,88.55,5.0,51666.8,0,saudavel,2.79
3118,F04-SOJ,F04,Soja,133.0,-16.71611,-49.53242,2024/2025,2025-01-21,21,97,maturacao,0.2352,0.194,24.68,19.04,0.0,22.14,81.48,5.0,59379.7,0,atencao,2.79
3119,F04-SOJ,F04,Soja,133.0,-16.71611,-49.53242,2024/2025,2025-01-22,22,98,maturacao,0.2982,0.2327,22.66,16.57,0.0,21.65,83.87,5.0,60513.0,0,saudavel,2.79
3120,F04-SOJ,F04,Soja,133.0,-16.71611,-49.53242,2024/2025,2025-01-23,23,99,maturacao,0.2582,0.2321,19.85,15.44,2.02,19.13,78.85,5.0,50131.7,0,saudavel,2.79
3121,F04-SOJ,F04,Soja,133.0,-16.71611,-49.53242,2024/2025,2025-01-24,24,100,maturacao,0.2829,0.2465,23.38,18.41,10.09,20.52,78.4,6.28,42964.1,0,saudavel,2.79
3122,F04-SOJ,F04,Soja,133.0,-16.71611,-49.53242,2024/2025,2025-01-25,25,101,maturacao,0.203,0.1842,22.22,15.86,0.0,21.5,79.18,5.0,57007.1,0,atencao,2.79
3123,F04-SOJ,F04,Soja,133.0,-16.71611,-49.53242,2024/2025,2025-01-26,26,102,maturacao,0.2236,0.1916,18.48,13.73,0.0,17.16,83.23,5.0,56480.3,0,saudavel,2.79
3124,F04-SOJ,F04,Soja,133.0,-16.71611,-49.53242,2024/2025,2025-01-27,27,103,maturacao,0.2135,0.1856,24.29,11.41,0.0,22.79,85.02,5.0,55006.0,0,saudavel,2.79
3125,F04-SOJ,F04,Soja,133.0,-16.71611,-49.53242,2024/2025,2025-01-28,28,104,maturacao,0.2232,0.1838,23.77,9.44,0.0,21.63,75.38,5.0,54236.2,0,saudavel,2.79
3126,F04-SOJ,F04,Soja,133.0,-16.71611,-49.53242,2024/2025,2025-01-29,29,105,maturacao,0.2108,0.2007,22.68,32.68,50.03,21.19,78.22,25.07,25155.7,0,saudavel,2.79
3127,F04-SOJ,F04,Soja,133.0,-16.71611,-49.53242,2024/2025,2025-01-30,30,106,maturacao,0.2051,0.1865,25.32,41.13,24.33,21.7,74.54,34.83,33817.3,0,saudavel,2.79
3128,F04-SOJ,F04,Soja,133.0,-16.71611,-49.53242,2024/2025,2025-01-31,31,107,colheita,0.2107,0.1825,17.49,38.88,3.85,16.76,71.53,30.58,48562.5,0,saudavel,2.79
3129,F04-SOJ,F04,Soja,133.0,-16.71611,-49.53242,2024/2025,2025-02-01,32,108,colheita,0.1905,0.1592,25.79,38.4,7.1,19.42,84.27,28.78,49370.7,0,saudavel,2.79
3130,F04-SOJ,F04,Soja,133.0,-16.71611,-49.53242,2024/2025,2025-02-02,33,109,colheita,0.1803,0.1179,22.88,34.21,0.0,21.56,87.01,24.5,52781.7,0,saudavel,2.79
3131,F04-MIL,F04,Milho,73.5,-16.7705,-49.54465,2023/2024,2023-10-21,294,0,germinacao,0.1689,0.1442,29.19,45.0,3.85,27.24,68.61,41.8,43437.0,0,saudavel,4.81
3132,F04-MIL,F04,Milho,73.5,-16.7705,-49.54465,2023/2024,2023-10-22,295,1,germinacao,0.1675,0.1159,31.51,39.34,0.0,29.28,67.63,31.6,52209.9,1,saudavel,4.81
3133,F04-MIL,F04,Milho,73.5,-16.7705,-49.54465,2023/2024,2023-10-23,296,2,germinacao,0.1726,0.1192,34.47,36.55,5.42,31.72,60.12,27.09,44109.3,0,saudavel,4.81
3134,F04-MIL,F04,Milho,73.5,-16.7705,-49.54465,2023/2024,2023-10-24,297,3,germinacao,0.1674,0.1203,33.04,31.46,0.0,30.19,69.59,18.9,46686.3,1,atencao,4.81
3135,F04-MIL,F04,Milho,73.5,-16.7705,-49.54465,2023/2024,2023-10-25,298,4,germinacao,0.1934,0.1407,32.23,26.75,0.0,30.68,57.48,13.35,48522.8,1,saudavel,4.81
3136,F04-MIL,F04,Milho,73.5,-16.7705,-49.54465,2023/2024,2023-10-26,299,5,germinacao,0.1533,0.1261,28.01,22.83,0.0,26.75,67.44,9.32,47207.2,1,atencao,4.81
3137,F04-MIL,F04,Milho,73.5,-16.7705,-49.54465,2023/2024,2023-10-27,300,6,germinacao,0.1919,0.1552,32.55,19.09,0.0,28.35,74.02,5.0,54093.8,1,saudavel,4.81
3138,F04-MIL,F04,Milho,73.5,-16.7705,-49.54465,2023/2024,2023-10-28,301,7,germinacao,0.1711,0.1511,30.76,24.23,17.22,28.27,59.17,13.1,34134.8,0,saudavel,4.81
3139,F04-MIL,F04,Milho,73.5,-16.7705,-49.54465,2023/2024,2023-10-29,302,8,germinacao,0.185,0.1257,33.4,20.1,0.0,30.64,72.4,7.59,55714.0,1,saudavel,4.81
3140,F04-MIL,F04,Milho,73.5,-16.7705,-49.54465,2023/2024,2023-10-30,303,9,germinacao,0.1817,0.1494,31.31,16.38,0.0,29.81,63.88,5.0,52556.2,1,saudavel,4.81
3141,F04-MIL,F04,Milho,73.5,-16.7705,-49.54465,2023/2024,2023-10-31,304,10,germinacao,0.1759,0.1399,31.9,13.16,0.0,28.11,67.94,5.0,51203.0,1,saudavel,4.81
3142,F04-MIL,F04,Milho,73.5,-16.7705,-49.54465,2023/2024,2023-11-01,305,11,germinacao,0.2111,0.1834,28.0,10.65,0.0,24.86,80.04,5.0,51183.6,1,saudavel,4.81
3143,F04-MIL,F04,Milho,73.5,-16.7705,-49.54465,2023/2024,2023-11-02,306,12,germinacao,0.1805,0.1584,28.91,12.03,7.89,26.48,69.07,5.0,51252.7,0,saudavel,4.81
3144,F04-MIL,F04,Milho,73.5,-16.7705,-49.54465,2023/2024,2023-11-03,307,13,germinacao,0.2032,0.1759,31.47,9.08,0.0,29.09,78.86,5.0,53260.8,1,saudavel,4.81
3145,F04-MIL,F04,Milho,73.5,-16.7705,-49.54465,2023/2024,2023-11-04,308,14,vegetativo,0.205,0.1544,30.02,11.24,9.36,27.58,70.33,5.0,43636.0,0,saudavel,4.81
3146,F04-MIL,F04,Milho,73.5,-16.7705,-49.54465,2023/2024,2023-11-05,309,15,vegetativo,0.1869,0.1593,30.24,8.48,0.0,27.82,71.45,5.0,56313.4,1,saudavel,4.81
3147,F04-MIL,F04,Milho,73.5,-16.7705,-49.54465,2023/2024,2023-11-06,310,16,vegetativo,0.1691,0.1335,31.87,16.24,20.9,28.83,75.63,12.74,36952.2,0,atencao,4.81
3148,F04-MIL,F04,Milho,73.5,-16.7705,-49.54465,2023/2024,2023-11-07,311,17,vegetativo,0.1789,0.1783,32.3,12.87,0.0,29.53,73.87,8.4,51294.5,1,atencao,4.81
3149,F04-MIL,F04,Milho,73.5,-16.7705,-49.54465,2023/2024,2023-11-08,312,18,vegetativo,0.2247,0.1932,28.39,10.19,0.0,26.58,73.84,5.0,54520.6,1,saudavel,4.81
3150,F04-MIL,F04,Milho,73.5,-16.7705,-49.54465,2023/2024,2023-11-09,313,19,vegetativo,0.212,0.1818,29.48,8.0,0.0,28.56,69.72,5.0,49320.3,1,saudavel,4.81
3151,F04-MIL,F04,Milho,73.5,-16.7705,-49.54465,2023/2024,2023-11-10,314,20,vegetativo,0.2084,0.1515,32.11,8.0,0.0,30.01,63.56,,54882.8,1,saudavel,4.81
3152,F04-MIL,F04,Milho,73.5,-16.7705,-49.54465,2023/2024,2023-11-11,315,21,vegetativo,0.1982,0.1567,32.61,8.0,0.0,29.65,64.16,5.0,56157.9,1,saudavel,4.81
3153,F04-MIL,F04,Milho,73.5,-16.7705,-49.54465,2023/2024,2023-11-12,316,22,vegetativo,0.2488,0.2166,29.06,9.98,18.92,26.63,80.19,5.0,39306.4,0,saudavel,4.81
3154,F04-MIL,F04,Milho,73.5,-16.7705,-49.54465,2023/2024,2023-11-13,317,23,vegetativo,0.202,0.1701,31.27,10.1,5.48,27.78,81.57,6.3,47578.3,0,saudavel,4.81
3155,F04-MIL,F04,Milho,73.5,-16.7705,-49.54465,2023/2024,2023-11-14,318,24,vegetativo,0.2281,0.1921,31.74,20.6,26.35,28.38,73.5,20.34,29124.3,0,saudavel,4.81
3156,F04-MIL,F04,Milho,73.5,-16.7705,-49.54465,2023/2024,2023-11-15,319,25,vegetativo,0.2422,0.1708,29.71,24.76,15.0,27.19,64.83,22.43,42810.6,0,saudavel,4.81
3157,F04-MIL,F04,Milho,73.5,-16.7705,-49.54465,2023/2024,2023-11-16,320,26,vegetativo,0.2138,0.1654,28.96,32.16,22.13,26.7,70.27,28.58,39287.6,0,atencao,4.81
3158,F04-MIL,F04,Milho,73.5,-16.7705,-49.54465,2023/2024,2023-11-17,321,27,vegetativo,0.2335,0.193,26.63,34.62,12.83,24.39,71.54,26.73,44699.3,0,saudavel,4.81
3159,F04-MIL,F04,Milho,73.5,-16.7705,-49.54465,2023/2024,2023-11-18,322,28,vegetativo,0.2494,0.236,26.78,30.35,0.0,25.6,72.27,19.04,55027.5,1,saudavel,4.81
3160,F04-MIL,F04,Milho,73.5,-16.7705,-49.54465,2023/2024,2023-11-19,323,29,vegetativo,0.2869,0.2061,27.98,26.47,0.0,25.76,70.65,14.17,59804.3,1,saudavel,4.81
3161,F04-MIL,F04,Milho,73.5,-16.7705,-49.54465,2023/2024,2023-11-20,324,30,vegetativo,0.2734,0.2115,27.68,28.18,10.41,24.82,78.37,18.05,47565.6,0,saudavel,4.81
3162,F04-MIL,F04,Milho,73.5,-16.7705,-49.54465,2023/2024,2023-11-21,325,31,vegetativo,0.2673,0.1892,29.42,24.32,0.0,26.78,75.94,13.34,57797.6,1,atencao,4.81
3163,F04-MIL,F04,Milho,73.5,-16.7705,-49.54465,2023/2024,2023-11-22,326,32,vegetativo,0.2807,0.2451,29.86,38.95,36.6,27.83,82.1,30.54,31111.7,0,atencao,4.81
3164,F04-MIL,F04,Milho,73.5,-16.7705,-49.54465,2023/2024,2023-11-23,327,33,vegetativo,0.3129,0.2897,26.75,34.41,0.0,25.8,73.58,22.76,57318.6,1,saudavel,4.81
3165,F04-MIL,F04,Milho,73.5,-16.7705,-49.54465,2023/2024,2023-11-24,328,34,vegetativo,0.3169,0.2765,23.82,43.02,24.91,23.03,78.3,35.58,30987.3,0,atencao,4.81
3166,F04-MIL,F04,Milho,73.5,-16.7705,-49.54465,2023/2024,2023-11-25,329,35,vegetativo,0.382,0.3363,26.47,49.93,23.4,26.06,79.3,41.86,34872.4,0,saudavel,4.81
3167,F04-MIL,F04,Milho,73.5,-16.7705,-49.54465,2023/2024,2023-11-26,330,36,vegetativo,0.4043,0.323,26.19,62.02,34.94,26.56,80.51,56.39,32379.0,0,saudavel,4.81
3168,F04-MIL,F04,Milho,73.5,-16.7705,-49.54465,2023/2024,2023-11-27,331,37,vegetativo,0.4111,0.3568,26.93,55.71,0.0,26.36,69.45,45.46,63911.2,0,saudavel,4.81
3169,F04-MIL,F04,Milho,73.5,-16.7705,-49.54465,2023/2024,2023-11-28,332,38,vegetativo,0.4299,0.3499,22.21,50.12,0.0,24.87,78.64,36.94,54719.2,1,saudavel,4.81
3170,F04-MIL,F04,Milho,73.5,-16.7705,-49.54465,2023/2024,2023-11-29,333,39,vegetativo,0.4752,0.4051,23.23,45.13,0.0,24.05,77.94,29.67,63423.7,1,saudavel,4.81
3171,F04-MIL,F04,Milho,73.5,-16.7705,-49.54465,2023/2024,2023-11-30,334,40,vegetativo,0.5004,0.4354,26.65,49.3,18.15,27.09,77.0,35.57,39806.4,0,saudavel,4.81
3172,F04-MIL,F04,Milho,73.5,-16.7705,-49.54465,2023/2024,2023-12-01,335,41,vegetativo,0.4933,0.4135,28.25,44.15,0.0,26.18,76.42,25.38,58829.0,1,saudavel,4.81
3173,F04-MIL,F04,Milho,73.5,-16.7705,-49.54465,2023/2024,2023-12-02,336,42,vegetativo,0.523,0.461,23.83,46.83,14.34,24.54,85.76,31.16,49908.0,0,saudavel,4.81
3174,F04-MIL,F04,Milho,73.5,-16.7705,-49.54465,2023/2024,2023-12-03,337,43,vegetativo,0.5811,0.4906,22.02,56.51,28.28,23.21,73.63,40.3,29966.8,0,saudavel,4.81
3175,F04-MIL,F04,Milho,73.5,-16.7705,-49.54465,2023/2024,2023-12-04,338,44,vegetativo,0.599,0.5146,23.47,54.28,6.55,25.69,71.92,36.49,51834.4,0,saudavel,4.81
3176,F04-MIL,F04,Milho,73.5,-16.7705,-49.54465,2023/2024,2023-12-05,339,45,vegetativo,0.6318,0.5748,23.94,59.54,20.66,23.91,73.72,42.34,36894.4,0,saudavel,4.81
3177,F04-MIL,F04,Milho,73.5,-16.7705,-49.54465,2023/2024,2023-12-06,340,46,vegetativo,0.627,0.5429,23.27,53.83,0.0,25.73,75.36,32.55,59417.4,1,saudavel,4.81
3178,F04-MIL,F04,Milho,73.5,-16.7705,-49.54465,2023/2024,2023-12-07,341,47,vegetativo,0.6539,0.5409,25.44,48.67,0.0,25.29,78.61,24.11,60328.4,1,saudavel,4.81
3179,F04-MIL,F04,Milho,73.5,-16.7705,-49.54465,2023/2024,2023-12-08,342,48,vegetativo,0.7011,0.5863,25.02,43.66,0.0,28.07,73.27,19.15,57415.1,1,saudavel,4.81
3180,F04-MIL,F04,Milho,73.5,-16.7705,-49.54465,2023/2024,2023-12-09,343,49,floracao,0.6997,0.6122,23.38,53.58,28.26,24.73,82.65,34.34,35857.6,0,saudavel,4.81
3181,F04-MIL,F04,Milho,73.5,-16.7705,-49.54465,2023/2024,2023-12-10,344,50,floracao,0.7029,0.6183,25.37,51.01,5.58,27.75,75.86,30.23,51835.5,0,saudavel,4.81
3182,F04-MIL,F04,Milho,73.5,-16.7705,-49.54465,2023/2024,2023-12-11,345,51,floracao,0.7384,0.6269,21.56,46.26,0.0,24.77,77.24,23.49,61184.8,1,saudavel,4.81
3183,F04-MIL,F04,Milho,73.5,-16.7705,-49.54465,2023/2024,2023-12-12,346,52,floracao,0.7645,0.6193,21.67,57.04,29.92,23.54,71.87,40.01,30037.6,0,saudavel,4.81
3184,F04-MIL,F04,Milho,73.5,-16.7705,-49.54465,2023/2024,2023-12-13,347,53,floracao,0.8179,0.6762,20.82,61.33,18.33,22.86,88.09,43.68,45266.4,0,saudavel,4.81
3185,F04-MIL,F04,Milho,73.5,-16.7705,-49.54465,2023/2024,2023-12-14,348,54,floracao,0.781,0.6674,19.81,59.81,7.56,23.02,78.7,40.16,49894.8,0,saudavel,4.81
3186,F04-MIL,F04,Milho,73.5,-16.7705,-49.54465,2023/2024,2023-12-15,349,55,floracao,0.8089,0.6992,21.57,54.45,0.0,24.88,86.06,31.88,61605.7,1,saudavel,4.81
3187,F04-MIL,F04,Milho,73.5,-16.7705,-49.54465,2023/2024,2023-12-16,350,56,floracao,0.8621,0.7529,20.15,58.3,17.26,24.32,75.14,40.52,49944.7,0,saudavel,4.81
3188,F04-MIL,F04,Milho,73.5,-16.7705,-49.54465,2023/2024,2023-12-17,351,57,floracao,0.8093,0.6473,18.21,54.91,2.94,21.27,84.28,33.61,52692.2,0,saudavel,4.81
3189,F04-MIL,F04,Milho,73.5,-16.7705,-49.54465,2023/2024,2023-12-18,352,58,floracao,0.8531,0.7426,20.68,60.57,21.27,25.45,74.84,41.88,36013.9,0,saudavel,4.81
3190,F04-MIL,F04,Milho,73.5,-16.7705,-49.54465,2023/2024,2023-12-19,353,59,floracao,0.8334,0.7369,19.84,55.05,0.0,26.03,86.44,30.92,66239.5,1,saudavel,4.81
3191,F04-MIL,F04,Milho,73.5,-16.7705,-49.54465,2023/2024,2023-12-20,354,60,floracao,0.8624,0.6852,15.31,53.29,5.68,20.94,86.04,27.35,53918.2,0,saudavel,4.81
3192,F04-MIL,F04,Milho,73.5,-16.7705,-49.54465,2023/2024,2023-12-21,355,61,floracao,0.8855,0.7525,20.94,48.54,0.0,25.13,82.2,21.33,60340.8,1,saudavel,4.81
3193,F04-MIL,F04,Milho,73.5,-16.7705,-49.54465,2023/2024,2023-12-22,356,62,floracao,0.838,0.7275,21.42,43.99,0.0,26.03,73.81,16.42,59000.1,1,saudavel,4.81
3194,F04-MIL,F04,Milho,73.5,-16.7705,-49.54465,2023/2024,2023-12-23,357,63,floracao,0.8077,0.6584,17.33,40.27,0.0,20.71,90.18,12.8,64950.1,1,saudavel,4.81
3195,F04-MIL,F04,Milho,73.5,-16.7705,-49.54465,2023/2024,2023-12-24,358,64,floracao,0.7674,0.6423,19.18,36.68,0.0,22.6,89.72,9.87,55131.2,0,atencao,4.81
3196,F04-MIL,F04,Milho,73.5,-16.7705,-49.54465,2023/2024,2023-12-25,359,65,floracao,0.7641,0.6607,18.34,33.46,0.0,21.93,78.06,6.69,63661.3,1,atencao,4.81
3197,F04-MIL,F04,Milho,73.5,-16.7705,-49.54465,2023/2024,2023-12-26,360,66,floracao,0.7368,0.6158,21.28,30.15,0.0,24.56,79.2,6.58,55489.7,1,atencao,4.81
3198,F04-MIL,F04,Milho,73.5,-16.7705,-49.54465,2023/2024,2023-12-27,361,67,floracao,0.6991,0.587,21.05,27.3,0.0,22.38,84.34,5.0,55187.2,1,atencao,4.81
3199,F04-MIL,F04,Milho,73.5,-16.7705,-49.54465,2023/2024,2023-12-28,362,68,floracao,0.6652,0.5698,20.46,24.65,0.0,22.21,69.95,5.0,56586.8,1,atencao,4.81
3200,F04-MIL,F04,Milho,73.5,-16.7705,-49.54465,2023/2024,2023-12-29,363,69,floracao,0.6705,0.5465,22.96,22.07,0.0,23.43,84.82,5.0,59417.7,1,atencao,4.81
3201,F04-MIL,F04,Milho,73.5,-16.7705,-49.54465,2023/2024,2023-12-30,364,70,floracao,0.6654,0.5443,23.15,27.46,15.92,25.03,83.24,10.24,41756.4,0,critico,4.81
3202,F04-MIL,F04,Milho,73.5,-16.7705,-49.54465,2023/2024,2023-12-31,365,71,floracao,0.6671,0.5764,18.59,24.76,0.0,22.5,76.83,7.2,57368.8,1,atencao,4.81
3203,F04-MIL,F04,Milho,73.5,-16.7705,-49.54465,2023/2024,2024-01-01,1,72,floracao,0.6085,0.5362,19.27,22.28,0.0,21.79,69.1,5.25,56841.9,1,critico,4.81
3204,F04-MIL,F04,Milho,73.5,-16.7705,-49.54465,2023/2024,2024-01-02,2,73,floracao,0.6053,0.5225,20.63,19.97,0.0,21.97,81.61,6.13,56822.7,1,critico,4.81
3205,F04-MIL,F04,Milho,73.5,-16.7705,-49.54465,2023/2024,2024-01-03,3,74,floracao,0.5456,0.491,22.61,17.59,0.0,23.28,73.47,5.0,56677.8,1,critico,4.81
3206,F04-MIL,F04,Milho,73.5,-16.7705,-49.54465,2023/2024,2024-01-04,4,75,floracao,0.5847,0.5054,18.35,15.84,0.0,20.2,73.03,7.83,60097.7,1,critico,4.81
3207,F04-MIL,F04,Milho,73.5,-16.7705,-49.54465,2023/2024,2024-01-05,5,76,floracao,0.5728,0.5238,20.12,13.98,0.0,22.07,81.68,6.8,57396.1,1,critico,4.81
3208,F04-MIL,F04,Milho,73.5,-16.7705,-49.54465,2023/2024,2024-01-06,6,77,frutificacao,0.6873,0.5855,17.8,12.62,0.0,20.59,87.28,5.78,51212.9,1,atencao,4.81
3209,F04-MIL,F04,Milho,73.5,-16.7705,-49.54465,2023/2024,2024-01-07,7,78,frutificacao,0.6673,0.5723,17.95,11.4,0.0,20.1,79.87,5.79,58995.3,1,critico,4.81
3210,F04-MIL,F04,Milho,73.5,-16.7705,-49.54465,2023/2024,2024-01-08,8,79,frutificacao,0.6873,0.5923,16.65,10.29,0.0,18.89,87.59,5.0,61248.2,1,atencao,4.81
3211,F04-MIL,F04,Milho,73.5,-16.7705,-49.54465,2023/2024,2024-01-09,9,80,frutificacao,0.7152,0.5953,17.4,18.43,18.41,20.94,83.72,14.98,39979.1,0,atencao,4.81
3212,F04-MIL,F04,Milho,73.5,-16.7705,-49.54465,2023/2024,2024-01-10,10,81,frutificacao,0.7754,0.6436,20.5,16.54,0.0,23.23,72.12,9.75,54985.3,1,atencao,4.81
3213,F04-MIL,F04,Milho,73.5,-16.7705,-49.54465,2023/2024,2024-01-11,11,82,frutificacao,0.7362,0.6078,16.16,15.01,0.0,18.55,78.98,9.04,60877.8,1,atencao,4.81
3214,F04-MIL,F04,Milho,73.5,-16.7705,-49.54465,2023/2024,2024-01-12,12,83,frutificacao,0.7452,0.6223,19.42,13.46,0.0,22.24,84.89,6.07,54394.3,1,atencao,4.81
3215,F04-MIL,F04,Milho,73.5,-16.7705,-49.54465,2023/2024,2024-01-13,13,84,frutificacao,0.8244,0.7422,16.25,12.18,0.0,20.36,77.77,5.0,57411.9,1,saudavel,4.81
3216,F04-MIL,F04,Milho,73.5,-16.7705,-49.54465,2023/2024,2024-01-14,14,85,frutificacao,0.7792,0.6987,17.31,11.01,0.0,19.65,85.05,5.28,58167.6,1,atencao,4.81
3217,F04-MIL,F04,Milho,73.5,-16.7705,-49.54465,2023/2024,2024-01-15,15,86,frutificacao,0.8488,0.7149,19.35,9.93,0.0,21.67,77.64,5.0,61322.6,1,saudavel,4.81
3218,F04-MIL,F04,Milho,73.5,-16.7705,-49.54465,2023/2024,2024-01-16,16,87,frutificacao,0.8399,0.7055,19.02,8.83,0.0,23.03,82.42,5.0,59664.7,1,saudavel,4.81
3219,F04-MIL,F04,Milho,73.5,-16.7705,-49.54465,2023/2024,2024-01-17,17,88,frutificacao,0.8683,0.6951,18.77,8.0,0.0,23.22,80.79,5.0,58487.6,1,saudavel,4.81
3220,F04-MIL,F04,Milho,73.5,-16.7705,-49.54465,2023/2024,2024-01-18,18,89,frutificacao,0.8485,0.7013,18.14,10.78,7.53,21.31,78.49,5.0,53165.0,0,saudavel,4.81
3221,F04-MIL,F04,Milho,73.5,-16.7705,-49.54465,2023/2024,2024-01-19,19,90,frutificacao,0.9257,0.7707,15.19,15.51,11.58,20.69,83.5,12.63,42878.3,0,saudavel,4.81
3222,F04-MIL,F04,Milho,73.5,-16.7705,-49.54465,2023/2024,2024-01-20,20,91,frutificacao,0.8623,0.7242,16.26,14.07,0.0,21.29,68.8,10.08,62001.3,1,saudavel,4.81
3223,F04-MIL,F04,Milho,73.5,-16.7705,-49.54465,2023/2024,2024-01-21,21,92,frutificacao,0.8514,0.7123,20.02,20.17,15.35,24.34,72.28,15.75,33285.9,0,saudavel,4.81
3224,F04-MIL,F04,Milho,73.5,-16.7705,-49.54465,2023/2024,2024-01-22,22,93,frutificacao,0.8713,0.7449,16.57,33.38,30.04,20.1,77.85,33.41,32730.1,0,saudavel,4.81
3225,F04-MIL,F04,Milho,73.5,-16.7705,-49.54465,2023/2024,2024-01-23,23,94,frutificacao,0.8415,0.7307,17.7,35.81,10.6,22.15,84.72,34.81,44157.3,0,saudavel,4.81
3226,F04-MIL,F04,Milho,73.5,-16.7705,-49.54465,2023/2024,2024-01-24,24,95,frutificacao,0.8561,0.7131,15.76,32.75,0.0,19.48,73.15,25.1,57645.2,1,saudavel,4.81
3227,F04-MIL,F04,Milho,73.5,-16.7705,-49.54465,2023/2024,2024-01-25,25,96,frutificacao,0.8147,0.7212,13.7,29.93,0.0,19.04,80.39,20.23,60647.8,1,saudavel,4.81
3228,F04-MIL,F04,Milho,73.5,-16.7705,-49.54465,2023/2024,2024-01-26,26,97,frutificacao,0.8341,0.7159,19.97,27.24,0.0,22.86,79.77,16.66,57777.8,1,saudavel,4.81
3229,F04-MIL,F04,Milho,73.5,-16.7705,-49.54465,2023/2024,2024-01-27,27,98,frutificacao,0.8092,0.7056,18.29,24.86,0.0,20.13,80.97,13.76,56999.7,1,saudavel,4.81
3230,F04-MIL,F04,Milho,73.5,-16.7705,-49.54465,2023/2024,2024-01-28,28,99,frutificacao,0.7945,0.6665,16.33,35.18,25.02,20.39,78.99,27.01,35053.3,0,saudavel,4.81
3231,F04-MIL,F04,Milho,73.5,-16.7705,-49.54465,2023/2024,2024-01-29,29,100,frutificacao,0.7789,0.673,18.23,32.17,0.0,20.79,76.04,23.0,51002.8,1,saudavel,4.81
3232,F04-MIL,F04,Milho,73.5,-16.7705,-49.54465,2023/2024,2024-01-30,30,101,frutificacao,0.8016,0.6904,15.13,29.39,0.0,18.56,79.16,19.46,51225.4,1,saudavel,4.81
3233,F04-MIL,F04,Milho,73.5,-16.7705,-49.54465,2023/2024,2024-01-31,31,102,frutificacao,0.7616,0.6767,16.42,26.84,0.0,19.16,84.8,15.74,55797.3,1,saudavel,4.81
3234,F04-MIL,F04,Milho,73.5,-16.7705,-49.54465,2023/2024,2024-02-01,32,103,frutificacao,0.748,0.6489,15.81,24.49,0.0,18.79,76.6,12.29,54153.5,1,saudavel,4.81
3235,F04-MIL,F04,Milho,73.5,-16.7705,-49.54465,2023/2024,2024-02-02,33,104,frutificacao,0.7418,0.6476,17.19,25.63,6.58,20.17,68.31,14.32,47586.6,0,saudavel,4.81
3236,F04-MIL,F04,Milho,73.5,-16.7705,-49.54465,2023/2024,2024-02-03,34,105,frutificacao,0.7361,0.6151,16.7,23.38,0.0,20.15,81.34,10.58,57973.4,1,saudavel,4.81
3237,F04-MIL,F04,Milho,73.5,-16.7705,-49.54465,2023/2024,2024-02-04,35,106,frutificacao,0.6734,0.5963,15.48,21.31,0.0,18.63,87.29,6.88,57462.6,1,saudavel,4.81
3238,F04-MIL,F04,Milho,73.5,-16.7705,-49.54465,2023/2024,2024-02-05,36,107,frutificacao,0.6734,0.5468,21.55,19.11,0.0,22.51,72.11,5.0,,1,saudavel,4.81
3239,F04-MIL,F04,Milho,73.5,-16.7705,-49.54465,2023/2024,2024-02-06,37,108,frutificacao,0.6266,0.5212,16.04,17.32,0.0,19.36,85.94,5.0,54820.9,1,saudavel,4.81
3240,F04-MIL,F04,Milho,73.5,-16.7705,-49.54465,2023/2024,2024-02-07,38,109,frutificacao,0.6155,0.5288,17.93,20.21,9.11,19.49,81.54,6.1,40458.8,0,saudavel,4.81
3241,F04-MIL,F04,Milho,73.5,-16.7705,-49.54465,2023/2024,2024-02-08,39,110,frutificacao,0.6149,0.4996,19.69,18.16,0.0,21.29,71.96,5.0,48196.8,1,saudavel,4.81
3242,F04-MIL,F04,Milho,73.5,-16.7705,-49.54465,2023/2024,2024-02-09,40,111,frutificacao,0.52,0.4235,17.17,18.23,3.87,17.89,76.13,7.41,46610.2,0,atencao,4.81
3243,F04-MIL,F04,Milho,73.5,-16.7705,-49.54465,2023/2024,2024-02-10,41,112,frutificacao,0.5215,0.4248,18.34,16.35,0.0,18.36,75.5,5.23,52254.8,1,saudavel,4.81
3244,F04-MIL,F04,Milho,73.5,-16.7705,-49.54465,2023/2024,2024-02-11,42,113,frutificacao,0.5084,0.4397,18.57,14.61,0.0,19.51,79.26,5.0,50174.4,1,saudavel,4.81
3245,F04-MIL,F04,Milho,73.5,-16.7705,-49.54465,2023/2024,2024-02-12,43,114,frutificacao,0.494,0.4167,17.02,12.98,0.0,16.81,79.0,5.0,53203.3,1,saudavel,4.81
3246,F04-MIL,F04,Milho,73.5,-16.7705,-49.54465,2023/2024,2024-02-13,44,115,frutificacao,0.4847,0.4313,20.24,11.47,0.0,18.61,84.22,5.0,51515.8,1,saudavel,4.81
3247,F04-MIL,F04,Milho,73.5,-16.7705,-49.54465,2023/2024,2024-02-14,45,116,frutificacao,0.4012,0.3786,22.23,9.71,0.0,21.99,80.77,5.0,54612.5,1,saudavel,4.81
3248,F04-MIL,F04,Milho,73.5,-16.7705,-49.54465,2023/2024,2024-02-15,46,117,frutificacao,0.4393,0.3788,19.62,15.41,14.42,21.6,68.89,11.02,40357.9,0,saudavel,4.81
3249,F04-MIL,F04,Milho,73.5,-16.7705,-49.54465,2023/2024,2024-02-16,47,118,frutificacao,0.3985,0.3285,20.42,13.56,0.0,20.15,70.25,9.32,47560.8,1,saudavel,4.81
3250,F04-MIL,F04,Milho,73.5,-16.7705,-49.54465,2023/2024,2024-02-17,48,119,maturacao,0.3618,0.3149,21.03,19.27,15.03,20.53,,19.61,40461.0,0,saudavel,4.81
3251,F04-MIL,F04,Milho,73.5,-16.7705,-49.54465,2023/2024,2024-02-18,49,120,maturacao,0.3173,0.2518,20.99,17.0,0.0,19.45,74.9,13.4,47482.8,0,atencao,4.81
3252,F04-MIL,F04,Milho,73.5,-16.7705,-49.54465,2023/2024,2024-02-19,50,121,maturacao,0.3168,0.268,17.17,22.9,15.97,18.01,77.31,21.9,37751.0,0,saudavel,4.81
3253,F04-MIL,F04,Milho,73.5,-16.7705,-49.54465,2023/2024,2024-02-20,51,122,maturacao,0.3318,0.3313,22.42,25.01,9.54,21.08,78.93,20.46,40109.0,0,saudavel,4.81
3254,F04-MIL,F04,Milho,73.5,-16.7705,-49.54465,2023/2024,2024-02-21,52,123,maturacao,0.2965,0.248,18.06,22.25,0.0,17.15,82.7,15.84,53104.9,0,saudavel,4.81
3255,F04-MIL,F04,Milho,73.5,-16.7705,-49.54465,2023/2024,2024-02-22,53,124,maturacao,0.2785,0.2428,22.27,19.69,0.0,19.98,70.38,11.76,51008.1,0,saudavel,4.81
3256,F04-MIL,F04,Milho,73.5,-16.7705,-49.54465,2023/2024,2024-02-23,54,125,maturacao,0.2502,0.2095,18.95,22.78,10.98,17.72,66.64,13.15,37545.0,0,saudavel,4.81
3257,F04-MIL,F04,Milho,73.5,-16.7705,-49.54465,2023/2024,2024-02-24,55,126,maturacao,0.2732,0.2241,20.18,20.16,0.0,17.77,76.99,11.39,47011.6,0,saudavel,4.81
3258,F04-MIL,F04,Milho,73.5,-16.7705,-49.54465,2023/2024,2024-02-25,56,127,maturacao,0.2457,0.2184,19.49,27.2,18.97,19.21,72.25,20.81,42526.7,0,saudavel,4.81
3259,F04-MIL,F04,Milho,73.5,-16.7705,-49.54465,2023/2024,2024-02-26,57,128,maturacao,0.2352,0.1745,23.32,34.93,21.84,21.42,75.37,28.55,26434.3,0,saudavel,4.81
3260,F04-MIL,F04,Milho,73.5,-16.7705,-49.54465,2023/2024,2024-02-27,58,129,maturacao,0.2302,0.1924,21.43,56.9,51.36,20.48,75.0,56.1,21431.4,0,saudavel,4.81
3261,F04-MIL,F04,Milho,73.5,-16.7705,-49.54465,2023/2024,2024-02-28,59,130,maturacao,0.2124,0.1534,20.41,59.42,15.91,18.81,71.4,56.55,32414.5,0,saudavel,4.81
3262,F04-MIL,F04,Milho,73.5,-16.7705,-49.54465,2023/2024,2024-02-29,60,131,maturacao,0.2031,0.2035,23.26,53.77,0.0,18.36,86.81,42.55,43034.9,0,saudavel,4.81
3263,F04-MIL,F04,Milho,73.5,-16.7705,-49.54465,2023/2024,2024-03-01,61,132,maturacao,0.1838,0.1759,20.81,48.55,0.0,19.41,75.66,28.97,43011.4,0,atencao,4.81
3264,F04-MIL,F04,Milho,73.5,-16.7705,-49.54465,2023/2024,2024-03-02,62,133,maturacao,0.1972,0.1523,22.11,43.73,0.0,20.26,72.03,22.48,,0,saudavel,4.81
3265,F04-MIL,F04,Milho,73.5,-16.7705,-49.54465,2023/2024,2024-03-03,63,134,maturacao,0.1696,0.107,16.87,39.28,0.0,15.55,78.06,16.05,46919.0,0,atencao,4.81
3266,F04-MIL,F04,Milho,73.5,-16.7705,-49.54465,2023/2024,2024-03-04,64,135,maturacao,0.2119,0.1899,19.76,45.55,20.58,17.97,78.57,27.4,24882.6,0,saudavel,4.81
3267,F04-MIL,F04,Milho,73.5,-16.7705,-49.54465,2023/2024,2024-03-05,65,136,colheita,0.1858,0.1571,18.74,40.98,0.0,16.56,73.43,20.71,43293.7,0,saudavel,4.81
3268,F04-MIL,F04,Milho,73.5,-16.7705,-49.54465,2023/2024,2024-03-06,66,137,colheita,0.1887,0.2053,19.36,36.79,0.0,17.79,87.28,16.26,42037.8,0,saudavel,4.81
3269,F04-MIL,F04,Milho,73.5,-16.7705,-49.54465,2023/2024,2024-03-07,67,138,colheita,0.1935,0.1925,20.05,32.93,0.0,16.21,68.84,11.87,40588.4,0,saudavel,4.81
3270,F04-MIL,F04,Milho,73.5,-16.7705,-49.54465,2023/2024,2024-03-08,68,139,colheita,0.1763,0.1625,18.94,29.36,0.0,15.37,69.51,6.2,46735.8,0,atencao,4.81
3271,F04-MIL,F04,Milho,73.5,-16.7705,-49.54465,2024/2025,2024-10-28,302,0,germinacao,0.2136,0.1656,31.87,45.0,0.0,30.41,68.67,47.76,54563.8,0,saudavel,4.35
3272,F04-MIL,F04,Milho,73.5,-16.7705,-49.54465,2024/2025,2024-10-29,303,1,germinacao,0.1767,0.1581,31.51,39.45,0.0,28.44,63.76,35.37,49613.4,1,saudavel,4.35
3273,F04-MIL,F04,Milho,73.5,-16.7705,-49.54465,2024/2025,2024-10-30,304,2,germinacao,0.2061,0.1764,27.19,34.65,0.0,26.32,69.92,29.7,53084.2,1,saudavel,4.35
3274,F04-MIL,F04,Milho,73.5,-16.7705,-49.54465,2024/2025,2024-10-31,305,3,germinacao,0.2029,0.173,27.84,47.47,34.32,25.56,71.3,43.94,27881.6,0,saudavel,4.35
3275,F04-MIL,F04,Milho,73.5,-16.7705,-49.54465,2024/2025,2024-11-01,306,4,germinacao,0.2016,0.1803,30.24,41.77,0.0,28.4,68.24,32.61,50164.4,1,saudavel,4.35
3276,F04-MIL,F04,Milho,73.5,-16.7705,-49.54465,2024/2025,2024-11-02,307,5,germinacao,0.1837,0.1534,29.36,45.75,18.22,27.2,70.35,39.81,38160.0,0,saudavel,4.35
3277,F04-MIL,F04,Milho,73.5,-16.7705,-49.54465,2024/2025,2024-11-03,308,6,germinacao,0.1593,0.1523,31.09,40.14,0.0,28.24,72.36,30.65,57379.7,1,atencao,4.35
3278,F04-MIL,F04,Milho,73.5,-16.7705,-49.54465,2024/2025,2024-11-04,309,7,germinacao,0.1801,0.1245,31.89,36.89,3.62,27.68,70.58,27.51,49305.2,0,saudavel,4.35
3279,F04-MIL,F04,Milho,73.5,-16.7705,-49.54465,2024/2025,2024-11-05,310,8,germinacao,0.1781,0.1762,30.6,32.07,0.0,27.81,76.3,20.09,48841.1,1,saudavel,4.35
3280,F04-MIL,F04,Milho,73.5,-16.7705,-49.54465,2024/2025,2024-11-06,311,9,germinacao,0.183,0.1373,33.35,27.42,0.0,29.63,75.44,13.62,54776.5,1,saudavel,4.35
3281,F04-MIL,F04,Milho,73.5,-16.7705,-49.54465,2024/2025,2024-11-07,312,10,germinacao,0.1613,0.1044,33.28,23.15,0.0,29.33,59.53,5.0,52535.2,1,atencao,4.35
3282,F04-MIL,F04,Milho,73.5,-16.7705,-49.54465,2024/2025,2024-11-08,313,11,germinacao,0.1811,0.1382,31.36,34.7,30.64,28.22,65.07,22.29,27916.4,0,saudavel,4.35
3283,F04-MIL,F04,Milho,73.5,-16.7705,-49.54465,2024/2025,2024-11-09,314,12,germinacao,0.1295,0.103,27.24,30.17,0.0,26.25,61.55,16.58,52456.7,1,critico,4.35
3284,F04-MIL,F04,Milho,73.5,-16.7705,-49.54465,2024/2025,2024-11-10,315,13,germinacao,0.1832,0.141,28.79,29.04,6.02,26.68,72.09,15.1,49854.4,0,saudavel,4.35
3285,F04-MIL,F04,Milho,73.5,-16.7705,-49.54465,2024/2025,2024-11-11,316,14,vegetativo,0.1932,0.1449,29.74,24.78,0.0,28.57,70.78,10.75,59124.3,1,saudavel,4.35
3286,F04-MIL,F04,Milho,73.5,-16.7705,-49.54465,2024/2025,2024-11-12,317,15,vegetativo,0.1767,0.1704,34.56,20.75,0.0,29.29,72.93,6.21,55581.6,1,atencao,4.35
3287,F04-MIL,F04,Milho,73.5,-16.7705,-49.54465,2024/2025,2024-11-13,318,16,vegetativo,0.1889,0.1431,26.64,17.53,0.0,25.34,78.89,5.0,50935.0,1,saudavel,4.35
3288,F04-MIL,F04,Milho,73.5,-16.7705,-49.54465,2024/2025,2024-11-14,319,17,vegetativo,0.1998,0.1247,30.16,14.1,0.0,29.45,72.13,5.0,57222.1,1,saudavel,4.35
3289,F04-MIL,F04,Milho,73.5,-16.7705,-49.54465,2024/2025,2024-11-15,320,18,vegetativo,0.2194,0.1795,25.16,13.11,3.44,25.9,71.59,5.0,53132.1,0,saudavel,4.35
3290,F04-MIL,F04,Milho,73.5,-16.7705,-49.54465,2024/2025,2024-11-16,321,19,vegetativo,0.2232,0.2307,28.94,10.24,0.0,27.99,73.46,5.0,57144.4,0,saudavel,4.35
3291,F04-MIL,F04,Milho,73.5,-16.7705,-49.54465,2024/2025,2024-11-17,322,20,vegetativo,0.2117,0.1587,33.31,21.24,28.07,31.1,69.28,13.43,33097.4,0,saudavel,4.35
3292,F04-MIL,F04,Milho,73.5,-16.7705,-49.54465,2024/2025,2024-11-18,323,21,vegetativo,0.209,0.1597,27.63,31.11,25.97,24.42,68.49,25.35,30694.1,0,saudavel,4.35
3293,F04-MIL,F04,Milho,73.5,-16.7705,-49.54465,2024/2025,2024-11-19,324,22,vegetativo,0.2212,0.18,28.41,26.85,0.0,27.47,78.96,17.68,56216.1,1,saudavel,4.35
3294,F04-MIL,F04,Milho,73.5,-16.7705,-49.54465,2024/2025,2024-11-20,325,23,vegetativo,0.2554,0.2479,29.02,23.15,0.0,26.15,77.21,11.15,54173.1,1,saudavel,4.35
3295,F04-MIL,F04,Milho,73.5,-16.7705,-49.54465,2024/2025,2024-11-21,326,24,vegetativo,0.2354,0.1929,29.02,30.79,22.4,27.2,81.82,20.69,36574.5,0,saudavel,4.35
3296,F04-MIL,F04,Milho,73.5,-16.7705,-49.54465,2024/2025,2024-11-22,327,25,vegetativo,0.2374,0.1813,26.88,26.82,0.0,25.5,,15.66,58108.9,1,saudavel,4.35
3297,F04-MIL,F04,Milho,73.5,-16.7705,-49.54465,2024/2025,2024-11-23,328,26,vegetativo,0.2613,0.2294,24.44,33.52,19.93,22.62,69.48,23.21,37804.6,0,saudavel,4.35
3298,F04-MIL,F04,Milho,73.5,-16.7705,-49.54465,2024/2025,2024-11-24,329,27,vegetativo,0.2496,0.2179,28.28,35.45,12.1,25.11,71.48,23.27,48485.8,0,saudavel,4.35
3299,F04-MIL,F04,Milho,73.5,-16.7705,-49.54465,2024/2025,2024-11-25,330,28,vegetativo,0.2367,0.2109,28.59,30.97,0.0,26.67,77.33,18.12,54975.1,1,atencao,4.35
3300,F04-MIL,F04,Milho,73.5,-16.7705,-49.54465,2024/2025,2024-11-26,331,29,vegetativo,0.2689,0.2073,28.54,26.72,0.0,28.07,78.89,12.36,58614.0,1,saudavel,4.35
3301,F04-MIL,F04,Milho,73.5,-16.7705,-49.54465,2024/2025,2024-11-27,332,30,vegetativo,0.2699,0.2182,28.55,23.0,0.0,26.56,77.04,9.23,60178.8,1,saudavel,4.35
3302,F04-MIL,F04,Milho,73.5,-16.7705,-49.54465,2024/2025,2024-11-28,333,31,vegetativo,0.2698,0.2519,30.04,19.4,0.0,28.06,75.52,5.0,56885.8,1,atencao,4.35
3303,F04-MIL,F04,Milho,73.5,-16.7705,-49.54465,2024/2025,2024-11-29,334,32,vegetativo,0.2935,0.2577,26.18,16.49,0.0,25.02,81.0,5.0,54522.1,1,saudavel,4.35
3304,F04-MIL,F04,Milho,73.5,-16.7705,-49.54465,2024/2025,2024-11-30,335,33,vegetativo,0.2557,0.2335,27.51,13.78,0.0,24.79,74.65,5.0,53681.6,1,atencao,4.35
3305,F04-MIL,F04,Milho,73.5,-16.7705,-49.54465,2024/2025,2024-12-01,336,34,vegetativo,0.2911,0.2464,25.16,11.18,0.0,26.07,81.56,5.0,59352.7,1,atencao,4.35
3306,F04-MIL,F04,Milho,73.5,-16.7705,-49.54465,2024/2025,2024-12-02,337,35,vegetativo,0.295,0.2719,26.6,8.94,0.0,24.89,86.99,5.0,64082.0,1,atencao,4.35
3307,F04-MIL,F04,Milho,73.5,-16.7705,-49.54465,2024/2025,2024-12-03,338,36,vegetativo,0.3083,0.2679,29.05,8.0,0.0,27.04,70.55,5.0,57278.0,1,atencao,4.35
3308,F04-MIL,F04,Milho,73.5,-16.7705,-49.54465,2024/2025,2024-12-04,339,37,vegetativo,0.3322,0.2719,22.71,8.0,0.0,23.15,77.01,5.0,60562.5,1,atencao,4.35
3309,F04-MIL,F04,Milho,73.5,-16.7705,-49.54465,2024/2025,2024-12-05,340,38,vegetativo,0.3287,0.2943,26.01,8.0,0.0,26.45,69.43,5.0,52027.8,1,atencao,4.35
3310,F04-MIL,F04,Milho,73.5,-16.7705,-49.54465,2024/2025,2024-12-06,341,39,vegetativo,0.3921,0.3158,28.33,8.0,0.0,26.87,71.37,5.0,60512.9,1,atencao,4.35
3311,F04-MIL,F04,Milho,73.5,-16.7705,-49.54465,2024/2025,2024-12-07,342,40,vegetativo,0.3789,0.353,27.26,8.0,0.0,25.5,79.05,5.0,56211.1,1,atencao,4.35
3312,F04-MIL,F04,Milho,73.5,-16.7705,-49.54465,2024/2025,2024-12-08,343,41,vegetativo,0.3648,0.3303,28.29,8.0,0.0,26.22,68.3,5.0,58373.6,1,critico,4.35
3313,F04-MIL,F04,Milho,73.5,-16.7705,-49.54465,2024/2025,2024-12-09,344,42,vegetativo,0.356,0.2967,23.88,8.0,0.0,23.77,74.36,5.0,59861.2,1,critico,4.35
3314,F04-MIL,F04,Milho,73.5,-16.7705,-49.54465,2024/2025,2024-12-10,345,43,vegetativo,0.3882,0.3262,24.1,8.0,0.0,23.4,83.82,5.0,54707.3,1,critico,4.35
3315,F04-MIL,F04,Milho,73.5,-16.7705,-49.54465,2024/2025,2024-12-11,346,44,vegetativo,0.4011,0.3436,25.79,8.0,0.0,25.07,78.72,5.0,69185.4,1,critico,4.35
3316,F04-MIL,F04,Milho,73.5,-16.7705,-49.54465,2024/2025,2024-12-12,347,45,vegetativo,0.4015,0.3378,22.03,8.0,0.0,23.36,82.53,5.0,57985.2,0,critico,4.35
3317,F04-MIL,F04,Milho,73.5,-16.7705,-49.54465,2024/2025,2024-12-13,348,46,vegetativo,0.47,0.4259,24.71,8.0,0.0,24.79,71.41,5.0,61668.7,1,critico,4.35
3318,F04-MIL,F04,Milho,73.5,-16.7705,-49.54465,2024/2025,2024-12-14,349,47,vegetativo,0.4174,0.344,25.07,8.0,0.0,24.68,78.33,5.0,64366.1,1,critico,4.35
3319,F04-MIL,F04,Milho,73.5,-16.7705,-49.54465,2024/2025,2024-12-15,350,48,vegetativo,0.483,0.3805,24.43,8.0,0.0,24.03,87.86,5.0,60801.8,1,critico,4.35
3320,F04-MIL,F04,Milho,73.5,-16.7705,-49.54465,2024/2025,2024-12-16,351,49,floracao,0.511,0.4292,23.28,8.0,0.0,24.45,74.91,5.0,56267.1,1,critico,4.35
3321,F04-MIL,F04,Milho,73.5,-16.7705,-49.54465,2024/2025,2024-12-17,352,50,floracao,0.5401,0.4741,25.26,8.0,0.0,24.87,75.56,5.0,60280.1,1,critico,4.35
3322,F04-MIL,F04,Milho,73.5,-16.7705,-49.54465,2024/2025,2024-12-18,353,51,floracao,0.5375,0.4772,22.91,8.0,0.0,23.67,81.67,5.0,54474.6,1,critico,4.35
3323,F04-MIL,F04,Milho,73.5,-16.7705,-49.54465,2024/2025,2024-12-19,354,52,floracao,0.6063,0.5176,23.25,8.0,0.0,23.0,74.7,5.0,59003.9,1,atencao,4.35
3324,F04-MIL,F04,Milho,73.5,-16.7705,-49.54465,2024/2025,2024-12-20,355,53,floracao,0.6412,0.5323,23.82,8.0,0.0,24.85,81.71,5.0,65030.7,1,atencao,4.35
3325,F04-MIL,F04,Milho,73.5,-16.7705,-49.54465,2024/2025,2024-12-21,356,54,floracao,0.6816,0.5785,22.06,8.0,0.0,23.92,69.72,5.0,55763.3,1,atencao,4.35
3326,F04-MIL,F04,Milho,73.5,-16.7705,-49.54465,2024/2025,2024-12-22,357,55,floracao,0.7064,0.5874,20.54,8.0,0.0,24.08,66.5,5.0,57515.0,1,atencao,4.35
3327,F04-MIL,F04,Milho,73.5,-16.7705,-49.54465,2024/2025,2024-12-23,358,56,floracao,0.7498,0.5913,20.11,8.0,0.0,24.18,80.16,5.0,65532.8,1,atencao,4.35
3328,F04-MIL,F04,Milho,73.5,-16.7705,-49.54465,2024/2025,2024-12-24,359,57,floracao,0.7127,0.5887,22.61,8.0,0.0,,74.16,5.0,59427.5,1,atencao,4.35
3329,F04-MIL,F04,Milho,73.5,-16.7705,-49.54465,2024/2025,2024-12-25,360,58,floracao,0.7764,0.6702,20.47,8.0,0.0,22.58,76.75,5.0,57241.2,1,saudavel,4.35
3330,F04-MIL,F04,Milho,73.5,-16.7705,-49.54465,2024/2025,2024-12-26,361,59,floracao,0.8581,0.724,18.06,8.0,0.0,22.07,84.28,5.0,61055.7,1,saudavel,4.35
3331,F04-MIL,F04,Milho,73.5,-16.7705,-49.54465,2024/2025,2024-12-27,362,60,floracao,0.8556,0.7211,18.65,8.0,0.0,22.76,82.61,5.0,58441.3,1,saudavel,4.35
3332,F04-MIL,F04,Milho,73.5,-16.7705,-49.54465,2024/2025,2024-12-28,363,61,floracao,0.8312,0.7287,20.26,8.0,8.74,23.52,72.9,8.49,42938.3,0,saudavel,4.35
3333,F04-MIL,F04,Milho,73.5,-16.7705,-49.54465,2024/2025,2024-12-29,364,62,floracao,0.8672,0.7179,18.34,8.0,17.02,23.49,81.65,18.83,38719.2,0,saudavel,4.35
3334,F04-MIL,F04,Milho,73.5,-16.7705,-49.54465,2024/2025,2024-12-30,365,63,floracao,0.849,0.7043,18.7,14.08,17.46,22.81,77.96,25.07,48486.5,0,saudavel,4.35
3335,F04-MIL,F04,Milho,73.5,-16.7705,-49.54465,2024/2025,2024-12-31,366,64,floracao,0.8652,0.7421,19.85,12.69,0.0,23.02,81.41,,60609.1,1,saudavel,4.35
3336,F04-MIL,F04,Milho,73.5,-16.7705,-49.54465,2024/2025,2025-01-01,1,65,floracao,0.9172,0.7654,17.33,11.48,0.0,20.84,80.53,14.75,64015.7,1,saudavel,4.35
3337,F04-MIL,F04,Milho,73.5,-16.7705,-49.54465,2024/2025,2025-01-02,2,66,floracao,0.8993,0.7501,17.23,15.49,10.27,21.7,72.59,19.79,46276.4,0,saudavel,4.35
3338,F04-MIL,F04,Milho,73.5,-16.7705,-49.54465,2024/2025,2025-01-03,3,67,floracao,0.8522,0.7554,21.23,19.44,11.01,23.3,75.56,24.7,48398.4,0,saudavel,4.35
3339,F04-MIL,F04,Milho,73.5,-16.7705,-49.54465,2024/2025,2025-01-04,4,68,floracao,0.8694,0.7176,18.17,17.68,0.0,20.94,68.47,22.57,58886.4,1,saudavel,4.35
3340,F04-MIL,F04,Milho,73.5,-16.7705,-49.54465,2024/2025,2025-01-05,5,69,floracao,0.8866,0.7389,17.56,16.57,1.01,22.31,80.61,18.41,56663.7,1,saudavel,4.35
3341,F04-MIL,F04,Milho,73.5,-16.7705,-49.54465,2024/2025,2025-01-06,6,70,floracao,0.8828,0.7591,16.86,15.05,0.0,22.08,81.79,15.53,59839.2,1,saudavel,4.35
3342,F04-MIL,F04,Milho,73.5,-16.7705,-49.54465,2024/2025,2025-01-07,7,71,floracao,0.8956,0.7602,18.27,16.2,5.11,21.73,76.46,17.72,50729.0,0,saudavel,4.35
3343,F04-MIL,F04,Milho,73.5,-16.7705,-49.54465,2024/2025,2025-01-08,8,72,floracao,0.8748,0.7161,18.5,18.91,8.47,22.82,78.72,22.07,54297.6,0,saudavel,4.35
3344,F04-MIL,F04,Milho,73.5,-16.7705,-49.54465,2024/2025,2025-01-09,9,73,floracao,0.8838,0.7869,17.46,25.42,16.45,22.05,74.86,26.68,44145.5,0,saudavel,4.35
3345,F04-MIL,F04,Milho,73.5,-16.7705,-49.54465,2024/2025,2025-01-10,10,74,floracao,0.876,0.7287,16.16,23.19,0.0,19.82,87.31,,58245.4,1,saudavel,4.35
3346,F04-MIL,F04,Milho,73.5,-16.7705,-49.54465,2024/2025,2025-01-11,11,75,floracao,0.8848,0.7472,19.05,23.89,5.51,22.29,73.08,20.02,53653.7,0,saudavel,4.35
3347,F04-MIL,F04,Milho,73.5,-16.7705,-49.54465,2024/2025,2025-01-12,12,76,floracao,0.9065,0.7792,17.3,25.2,6.85,,78.88,19.71,50928.6,0,saudavel,4.35
3348,F04-MIL,F04,Milho,73.5,-16.7705,-49.54465,2024/2025,2025-01-13,13,77,frutificacao,0.8984,0.8069,15.26,30.07,14.17,19.29,74.73,23.15,39422.8,0,saudavel,4.35
3349,F04-MIL,F04,Milho,73.5,-16.7705,-49.54465,2024/2025,2025-01-14,14,78,frutificacao,0.8784,0.7384,16.16,27.46,0.0,22.35,,17.79,55261.1,1,saudavel,4.35
3350,F04-MIL,F04,Milho,73.5,-16.7705,-49.54465,2024/2025,2025-01-15,15,79,frutificacao,0.9148,0.7592,16.09,37.37,24.6,19.37,86.26,28.14,33731.8,1,saudavel,4.35
3351,F04-MIL,F04,Milho,73.5,-16.7705,-49.54465,2024/2025,2025-01-16,16,80,frutificacao,0.913,0.786,15.5,34.18,0.0,20.53,69.94,21.04,56873.1,1,saudavel,4.35
3352,F04-MIL,F04,Milho,73.5,-16.7705,-49.54465,2024/2025,2025-01-17,17,81,frutificacao,0.8911,0.7992,17.7,31.24,0.0,21.41,83.0,15.64,59715.0,0,saudavel,4.35
3353,F04-MIL,F04,Milho,73.5,-16.7705,-49.54465,2024/2025,2025-01-18,18,82,frutificacao,0.8851,0.7551,16.68,35.21,13.33,20.77,88.21,21.68,46491.0,0,saudavel,4.35
3354,F04-MIL,F04,Milho,73.5,-16.7705,-49.54465,2024/2025,2025-01-19,19,83,frutificacao,0.9245,0.7802,17.78,32.19,0.0,19.86,81.18,17.57,55757.6,1,saudavel,4.35
3355,F04-MIL,F04,Milho,73.5,-16.7705,-49.54465,2024/2025,2025-01-20,20,84,frutificacao,0.9202,0.79,16.99,32.49,6.14,19.22,77.47,15.67,48529.9,0,saudavel,4.35
3356,F04-MIL,F04,Milho,73.5,-16.7705,-49.54465,2024/2025,2025-01-21,21,85,frutificacao,0.8562,0.6863,15.32,29.69,0.0,19.48,80.43,16.7,59344.7,1,saudavel,4.35
3357,F04-MIL,F04,Milho,73.5,-16.7705,-49.54465,2024/2025,2025-01-22,22,86,frutificacao,0.9086,0.76,13.4,39.95,25.67,18.92,78.15,29.39,33125.0,0,saudavel,4.35
3358,F04-MIL,F04,Milho,73.5,-16.7705,-49.54465,2024/2025,2025-01-23,23,87,frutificacao,0.9171,0.743,14.74,36.55,0.0,20.26,89.82,21.84,54837.0,1,saudavel,4.35
3359,F04-MIL,F04,Milho,73.5,-16.7705,-49.54465,2024/2025,2025-01-24,24,88,frutificacao,0.8933,0.7521,15.78,33.43,0.0,19.55,84.52,18.53,53078.8,0,saudavel,4.35
3360,F04-MIL,F04,Milho,73.5,-16.7705,-49.54465,2024/2025,2025-01-25,25,89,frutificacao,0.8679,0.7274,13.87,38.59,16.08,18.22,85.56,25.38,39183.7,0,saudavel,4.35
3361,F04-MIL,F04,Milho,73.5,-16.7705,-49.54465,2024/2025,2025-01-26,26,90,frutificacao,0.8669,0.6841,14.86,47.97,25.33,19.77,90.81,35.79,33590.2,0,saudavel,4.35
3362,F04-MIL,F04,Milho,73.5,-16.7705,-49.54465,2024/2025,2025-01-27,27,91,frutificacao,0.9042,0.7721,14.5,51.45,15.04,19.16,87.04,39.46,46932.0,0,saudavel,4.35
3363,F04-MIL,F04,Milho,73.5,-16.7705,-49.54465,2024/2025,2025-01-28,28,92,frutificacao,0.8822,0.7622,16.96,57.22,20.16,20.45,78.84,44.19,36324.2,0,saudavel,4.35
3364,F04-MIL,F04,Milho,73.5,-16.7705,-49.54465,2024/2025,2025-01-29,29,93,frutificacao,0.8712,0.7367,16.6,52.44,0.0,20.52,79.44,35.53,52943.6,1,saudavel,4.35
3365,F04-MIL,F04,Milho,73.5,-16.7705,-49.54465,2024/2025,2025-01-30,30,94,frutificacao,0.901,0.7353,17.32,48.05,0.0,21.91,90.18,31.07,61686.9,1,saudavel,4.35
3366,F04-MIL,F04,Milho,73.5,-16.7705,-49.54465,2024/2025,2025-01-31,31,95,frutificacao,0.8274,0.7286,16.99,61.59,35.17,20.79,75.25,48.27,26375.9,0,saudavel,4.35
3367,F04-MIL,F04,Milho,73.5,-16.7705,-49.54465,2024/2025,2025-02-01,32,96,frutificacao,0.8381,0.7503,14.41,71.57,30.22,18.12,79.59,59.89,24990.8,0,saudavel,4.35
3368,F04-MIL,F04,Milho,73.5,-16.7705,-49.54465,2024/2025,2025-02-02,33,97,frutificacao,0.835,0.7177,13.12,65.65,0.0,16.42,76.3,48.06,53282.9,0,saudavel,4.35
3369,F04-MIL,F04,Milho,73.5,-16.7705,-49.54465,2024/2025,2025-02-03,34,98,frutificacao,0.8171,0.6874,14.25,62.83,5.27,17.33,71.61,42.8,48125.4,0,saudavel,4.35
3370,F04-MIL,F04,Milho,73.5,-16.7705,-49.54465,2024/2025,2025-02-04,35,99,frutificacao,0.7734,0.6505,14.17,57.6,0.0,18.78,75.32,33.68,57819.8,1,saudavel,4.35
3371,F04-MIL,F04,Milho,73.5,-16.7705,-49.54465,2024/2025,2025-02-05,36,100,frutificacao,0.8178,0.7038,13.86,63.71,21.83,17.06,76.34,40.33,29172.8,0,saudavel,4.35
3372,F04-MIL,F04,Milho,73.5,-16.7705,-49.54465,2024/2025,2025-02-06,37,101,frutificacao,0.7689,0.6553,15.19,58.41,0.0,18.48,76.54,32.19,55277.2,1,saudavel,4.35
3373,F04-MIL,F04,Milho,73.5,-16.7705,-49.54465,2024/2025,2025-02-07,38,102,frutificacao,0.7532,0.6489,15.59,53.54,0.0,19.38,82.07,25.09,53197.0,1,saudavel,4.35
3374,F04-MIL,F04,Milho,73.5,-16.7705,-49.54465,2024/2025,2025-02-08,39,103,frutificacao,0.7445,0.6418,15.35,61.85,25.59,18.43,79.4,38.51,28707.6,0,saudavel,4.35
3375,F04-MIL,F04,Milho,73.5,-16.7705,-49.54465,2024/2025,2025-02-09,40,104,frutificacao,0.7287,0.6046,18.22,60.17,6.93,19.63,83.66,36.69,45597.2,0,saudavel,4.35
3376,F04-MIL,F04,Milho,73.5,-16.7705,-49.54465,2024/2025,2025-02-10,41,105,frutificacao,0.7109,0.5878,16.64,60.22,10.14,18.23,80.07,32.98,42799.4,0,saudavel,4.35
3377,F04-MIL,F04,Milho,73.5,-16.7705,-49.54465,2024/2025,2025-02-11,42,106,frutificacao,0.7111,0.5988,15.64,56.53,2.65,17.94,80.26,31.09,50093.6,1,saudavel,4.35
3378,F04-MIL,F04,Milho,73.5,-16.7705,-49.54465,2024/2025,2025-02-12,43,107,frutificacao,0.6923,0.5978,18.46,51.66,0.0,21.59,75.58,26.0,50495.6,1,saudavel,4.35
3379,F04-MIL,F04,Milho,73.5,-16.7705,-49.54465,2024/2025,2025-02-13,44,108,frutificacao,0.6396,0.5125,15.8,47.28,0.0,18.92,88.24,22.72,51365.3,1,saudavel,4.35
3380,F04-MIL,F04,Milho,73.5,-16.7705,-49.54465,2024/2025,2025-02-14,45,109,frutificacao,0.6077,0.5119,16.67,43.21,0.0,19.08,76.15,18.0,48938.2,1,saudavel,4.35
3381,F04-MIL,F04,Milho,73.5,-16.7705,-49.54465,2024/2025,2025-02-15,46,110,frutificacao,0.591,0.5016,18.82,43.63,8.4,20.13,82.09,17.56,50380.9,0,saudavel,4.35
3382,F04-MIL,F04,Milho,73.5,-16.7705,-49.54465,2024/2025,2025-02-16,47,111,frutificacao,0.5491,0.457,19.22,45.38,11.26,20.12,71.45,19.22,44191.9,0,saudavel,4.35
3383,F04-MIL,F04,Milho,73.5,-16.7705,-49.54465,2024/2025,2025-02-17,48,112,frutificacao,0.5394,0.4866,16.7,50.84,18.96,18.21,77.15,30.14,35920.1,0,saudavel,4.35
3384,F04-MIL,F04,Milho,73.5,-16.7705,-49.54465,2024/2025,2025-02-18,49,113,frutificacao,0.4941,0.4446,20.71,51.72,10.89,20.28,87.02,28.71,39652.3,0,saudavel,4.35
3385,F04-MIL,F04,Milho,73.5,-16.7705,-49.54465,2024/2025,2025-02-19,50,114,frutificacao,0.5289,0.4579,17.61,54.01,13.66,17.99,81.63,29.72,40896.5,0,saudavel,4.35
3386,F04-MIL,F04,Milho,73.5,-16.7705,-49.54465,2024/2025,2025-02-20,51,115,frutificacao,0.4629,0.4289,17.32,52.47,6.62,20.14,69.76,27.35,44893.6,0,saudavel,4.35
3387,F04-MIL,F04,Milho,73.5,-16.7705,-49.54465,2024/2025,2025-02-21,52,116,frutificacao,0.4244,0.3783,17.01,47.71,0.0,16.72,73.5,19.61,49489.8,1,saudavel,4.35
3388,F04-MIL,F04,Milho,73.5,-16.7705,-49.54465,2024/2025,2025-02-22,53,117,frutificacao,0.4251,0.364,19.0,73.66,60.65,18.07,85.71,55.57,22808.2,1,saudavel,4.35
3389,F04-MIL,F04,Milho,73.5,-16.7705,-49.54465,2024/2025,2025-02-23,54,118,frutificacao,0.3635,0.2994,19.75,88.11,41.99,18.82,77.53,72.93,25070.5,0,saudavel,4.35
3390,F04-MIL,F04,Milho,73.5,-16.7705,-49.54465,2024/2025,2025-02-24,55,119,maturacao,0.3524,0.2916,20.4,80.39,0.0,18.99,75.45,59.55,53220.4,0,saudavel,4.35
3391,F04-MIL,F04,Milho,73.5,-16.7705,-49.54465,2024/2025,2025-02-25,56,120,maturacao,0.3551,0.3095,17.68,73.29,0.0,17.14,73.88,47.04,48085.1,0,saudavel,4.35
3392,F04-MIL,F04,Milho,73.5,-16.7705,-49.54465,2024/2025,2025-02-26,57,121,maturacao,0.3309,0.2739,16.85,66.72,0.0,15.9,76.77,38.09,46722.9,0,saudavel,4.35
3393,F04-MIL,F04,Milho,73.5,-16.7705,-49.54465,2024/2025,2025-02-27,58,122,maturacao,0.3323,0.2521,19.99,60.68,0.0,19.03,83.38,33.0,47479.9,0,saudavel,4.35
3394,F04-MIL,F04,Milho,73.5,-16.7705,-49.54465,2024/2025,2025-02-28,59,123,maturacao,0.2414,0.1976,20.0,57.85,5.72,17.99,73.27,27.54,42514.1,0,atencao,4.35
3395,F04-MIL,F04,Milho,73.5,-16.7705,-49.54465,2024/2025,2025-03-01,60,124,maturacao,0.2985,0.2743,18.42,66.11,27.28,17.68,73.78,41.01,23726.1,0,saudavel,4.35
3396,F04-MIL,F04,Milho,73.5,-16.7705,-49.54465,2024/2025,2025-03-02,61,125,maturacao,0.2588,0.1685,23.49,59.92,0.0,20.72,77.79,33.67,43949.4,0,saudavel,4.35
3397,F04-MIL,F04,Milho,73.5,-16.7705,-49.54465,2024/2025,2025-03-03,62,126,maturacao,0.2351,0.2279,21.08,54.28,0.0,17.77,71.19,26.35,48212.0,0,atencao,4.35
3398,F04-MIL,F04,Milho,73.5,-16.7705,-49.54465,2024/2025,2025-03-04,63,127,maturacao,0.2142,0.1935,18.95,49.06,0.0,17.41,71.76,20.71,49105.4,0,atencao,4.35
3399,F04-MIL,F04,Milho,73.5,-16.7705,-49.54465,2024/2025,2025-03-05,64,128,maturacao,0.2288,0.1898,16.23,44.28,0.0,15.46,77.46,16.41,51942.1,0,saudavel,4.35
3400,F04-MIL,F04,Milho,73.5,-16.7705,-49.54465,2024/2025,2025-03-06,65,129,maturacao,0.2639,0.2301,16.79,43.19,6.51,16.51,76.78,15.18,41311.0,0,saudavel,4.35
3401,F04-MIL,F04,Milho,73.5,-16.7705,-49.54465,2024/2025,2025-03-07,66,130,maturacao,0.2447,0.2272,21.63,48.5,19.21,19.43,70.65,21.4,30569.7,0,saudavel,4.35
3402,F04-MIL,F04,Milho,73.5,-16.7705,-49.54465,2024/2025,2025-03-08,67,131,maturacao,0.2521,0.2149,19.33,43.8,0.0,17.01,78.34,17.84,46805.2,0,saudavel,4.35
3403,F04-MIL,F04,Milho,73.5,-16.7705,-49.54465,2024/2025,2025-03-09,68,132,maturacao,0.2119,0.1991,21.53,39.41,0.0,19.02,75.68,11.61,41024.4,0,saudavel,4.35
3404,F04-MIL,F04,Milho,73.5,-16.7705,-49.54465,2024/2025,2025-03-10,69,133,maturacao,0.2117,0.197,18.72,43.97,17.18,16.13,66.27,17.9,32899.6,0,saudavel,4.35
3405,F04-MIL,F04,Milho,73.5,-16.7705,-49.54465,2024/2025,2025-03-11,70,134,maturacao,0.174,0.1514,18.61,39.51,0.0,16.75,79.49,12.68,46157.8,0,atencao,4.35
3406,F04-MIL,F04,Milho,73.5,-16.7705,-49.54465,2024/2025,2025-03-12,71,135,maturacao,0.1706,0.1228,17.17,35.41,0.0,16.7,72.59,9.6,45758.8,0,atencao,4.35
3407,F04-MIL,F04,Milho,73.5,-16.7705,-49.54465,2024/2025,2025-03-13,72,136,colheita,0.1962,0.1648,20.48,33.74,4.14,18.74,78.05,8.64,44408.7,0,saudavel,4.35
3408,F04-MIL,F04,Milho,73.5,-16.7705,-49.54465,2024/2025,2025-03-14,73,137,colheita,0.169,0.1028,21.83,39.06,17.94,17.7,84.86,16.43,27627.9,0,atencao,4.35
3409,F04-MIL,F04,Milho,73.5,-16.7705,-49.54465,2024/2025,2025-03-15,74,138,colheita,0.1771,0.1595,19.02,48.65,27.28,16.34,74.75,31.42,21213.3,1,atencao,4.35
3410,F04-MIL,F04,Milho,73.5,-16.7705,-49.54465,2024/2025,2025-03-16,75,139,colheita,0.1932,0.1558,21.76,50.78,13.88,19.08,70.04,33.1,31066.2,0,saudavel,4.35
3411,F04-ALG,F04,Algodao,228.9,-16.77935,-49.61216,2023/2024,2023-11-02,306,0,germinacao,0.1907,0.1567,29.74,45.0,0.0,27.78,75.35,45.1,,0,saudavel,2.89
3412,F04-ALG,F04,Algodao,228.9,-16.77935,-49.61216,2023/2024,2023-11-03,307,1,germinacao,0.1735,0.1486,30.37,39.43,0.0,,73.62,33.51,54248.9,0,saudavel,2.89
3413,F04-ALG,F04,Algodao,228.9,-16.77935,-49.61216,2023/2024,2023-11-04,308,2,germinacao,0.1579,0.138,33.21,38.24,8.16,29.63,75.07,29.17,54365.9,0,atencao,2.89
3414,F04-ALG,F04,Algodao,228.9,-16.77935,-49.61216,2023/2024,2023-11-05,309,3,germinacao,0.194,0.1711,31.89,33.15,0.0,29.33,72.79,20.44,57580.3,1,saudavel,2.89
3415,F04-ALG,F04,Algodao,228.9,-16.77935,-49.61216,2023/2024,2023-11-06,310,4,germinacao,0.1915,0.1467,31.24,40.5,23.88,28.57,70.17,29.57,31217.6,0,saudavel,2.89
3416,F04-ALG,F04,Algodao,228.9,-16.77935,-49.61216,2023/2024,2023-11-07,311,5,germinacao,0.1955,0.1815,27.96,35.73,0.0,25.14,73.14,21.43,51187.8,1,saudavel,2.89
3417,F04-ALG,F04,Algodao,228.9,-16.77935,-49.61216,2023/2024,2023-11-08,312,6,germinacao,0.2032,0.1778,27.75,31.14,0.0,26.99,60.91,16.0,53232.9,1,saudavel,2.89
3418,F04-ALG,F04,Algodao,228.9,-16.77935,-49.61216,2023/2024,2023-11-09,313,7,germinacao,0.1797,0.1298,28.1,38.94,23.6,24.83,82.25,23.84,32908.2,0,saudavel,2.89
3419,F04-ALG,F04,Algodao,228.9,-16.77935,-49.61216,2023/2024,2023-11-10,314,8,germinacao,0.1817,0.1451,30.93,33.8,0.0,29.11,70.86,14.67,52708.2,1,saudavel,2.89
3420,F04-ALG,F04,Algodao,228.9,-16.77935,-49.61216,2023/2024,2023-11-11,315,9,germinacao,0.1802,0.1249,29.15,37.63,16.65,27.22,67.91,23.35,36519.3,0,saudavel,2.89
3421,F04-ALG,F04,Algodao,228.9,-16.77935,-49.61216,2023/2024,2023-11-12,316,10,germinacao,0.1935,0.1688,28.52,42.42,19.13,27.09,71.52,28.64,38472.1,0,saudavel,2.89
3422,F04-ALG,F04,Algodao,228.9,-16.77935,-49.61216,2023/2024,2023-11-13,317,11,germinacao,0.1847,0.1668,28.62,39.94,5.16,26.2,82.81,23.15,53545.0,0,saudavel,2.89
3423,F04-ALG,F04,Algodao,228.9,-16.77935,-49.61216,2023/2024,2023-11-14,318,12,germinacao,0.1909,0.1665,31.25,34.75,0.0,29.04,72.82,16.35,61455.6,1,saudavel,2.89
3424,F04-ALG,F04,Algodao,228.9,-16.77935,-49.61216,2023/2024,2023-11-15,319,13,germinacao,0.175,0.1598,28.24,30.16,0.0,,74.98,12.21,56325.1,1,saudavel,2.89
3425,F04-ALG,F04,Algodao,228.9,-16.77935,-49.61216,2023/2024,2023-11-16,320,14,germinacao,0.1701,0.1472,27.48,35.87,19.76,26.8,84.5,21.53,39565.6,0,atencao,2.89
3426,F04-ALG,F04,Algodao,228.9,-16.77935,-49.61216,2023/2024,2023-11-17,321,15,vegetativo,0.1738,0.163,29.3,31.21,0.0,,78.22,14.21,50951.1,1,atencao,2.89
3427,F04-ALG,F04,Algodao,228.9,-16.77935,-49.61216,2023/2024,2023-11-18,322,16,vegetativo,0.2018,0.169,30.09,35.88,17.82,27.09,72.71,20.2,42434.0,0,saudavel,2.89
3428,F04-ALG,F04,Algodao,228.9,-16.77935,-49.61216,2023/2024,2023-11-19,323,17,vegetativo,0.1943,0.1792,29.46,36.43,10.22,26.5,66.14,20.51,44175.7,0,saudavel,2.89
3429,F04-ALG,F04,Algodao,228.9,-16.77935,-49.61216,2023/2024,2023-11-20,324,18,vegetativo,0.1871,0.1334,31.82,31.58,0.0,28.5,76.75,14.76,,1,saudavel,2.89
3430,F04-ALG,F04,Algodao,228.9,-16.77935,-49.61216,2023/2024,2023-11-21,325,19,vegetativo,0.2124,0.1526,30.28,27.16,0.0,28.39,70.35,9.72,57132.0,1,saudavel,2.89
3431,F04-ALG,F04,Algodao,228.9,-16.77935,-49.61216,2023/2024,2023-11-22,326,20,vegetativo,0.2306,0.1978,28.13,23.35,0.0,26.56,78.26,5.0,56711.6,1,saudavel,2.89
3432,F04-ALG,F04,Algodao,228.9,-16.77935,-49.61216,2023/2024,2023-11-23,327,21,vegetativo,0.1942,0.1788,27.3,31.25,22.6,25.16,75.67,15.6,31460.5,0,saudavel,2.89
3433,F04-ALG,F04,Algodao,228.9,-16.77935,-49.61216,2023/2024,2023-11-24,328,22,vegetativo,0.1854,0.152,29.86,38.49,22.93,26.72,77.13,25.05,33419.7,1,atencao,2.89
3434,F04-ALG,F04,Algodao,228.9,-16.77935,-49.61216,2023/2024,2023-11-25,329,23,vegetativo,0.2293,0.2076,28.79,33.93,0.0,25.24,80.56,,55067.9,1,saudavel,2.89
3435,F04-ALG,F04,Algodao,228.9,-16.77935,-49.61216,2023/2024,2023-11-26,330,24,vegetativo,0.2143,0.1884,29.79,37.48,16.26,28.18,65.78,24.97,40562.9,0,saudavel,2.89
3436,F04-ALG,F04,Algodao,228.9,-16.77935,-49.61216,2023/2024,2023-11-27,331,25,vegetativo,0.2144,0.1413,30.1,32.61,0.0,28.3,75.1,23.0,61780.5,1,saudavel,2.89
3437,F04-ALG,F04,Algodao,228.9,-16.77935,-49.61216,2023/2024,2023-11-28,332,26,vegetativo,0.243,0.253,28.77,39.48,22.29,26.93,75.29,30.78,35634.0,0,saudavel,2.89
3438,F04-ALG,F04,Algodao,228.9,-16.77935,-49.61216,2023/2024,2023-11-29,333,27,vegetativo,0.2224,0.1639,25.74,42.46,14.99,24.01,78.67,30.7,41877.1,0,saudavel,2.89
3439,F04-ALG,F04,Algodao,228.9,-16.77935,-49.61216,2023/2024,2023-11-30,334,28,vegetativo,0.2412,0.1861,26.2,37.63,0.0,24.95,79.29,23.84,60591.4,1,saudavel,2.89
3440,F04-ALG,F04,Algodao,228.9,-16.77935,-49.61216,2023/2024,2023-12-01,335,29,vegetativo,0.2426,0.2292,26.94,39.25,12.19,25.25,77.44,27.14,47808.0,0,saudavel,2.89
3441,F04-ALG,F04,Algodao,228.9,-16.77935,-49.61216,2023/2024,2023-12-02,336,30,vegetativo,0.3111,0.2648,24.6,46.94,24.12,24.19,74.16,37.04,41307.0,0,saudavel,2.89
3442,F04-ALG,F04,Algodao,228.9,-16.77935,-49.61216,2023/2024,2023-12-03,337,31,vegetativo,0.2509,0.1979,27.36,41.77,0.0,24.9,71.42,28.83,62033.3,1,saudavel,2.89
3443,F04-ALG,F04,Algodao,228.9,-16.77935,-49.61216,2023/2024,2023-12-04,338,32,vegetativo,0.2806,0.2291,28.55,53.79,33.62,25.6,68.79,43.04,23586.9,0,saudavel,2.89
3444,F04-ALG,F04,Algodao,228.9,-16.77935,-49.61216,2023/2024,2023-12-05,339,33,vegetativo,0.2658,0.2083,27.27,73.19,50.44,25.94,77.2,65.68,32019.8,0,saudavel,2.89
3445,F04-ALG,F04,Algodao,228.9,-16.77935,-49.61216,2023/2024,2023-12-06,340,34,vegetativo,0.2895,0.2301,30.04,70.36,9.26,26.98,78.69,54.3,52214.2,0,saudavel,2.89
3446,F04-ALG,F04,Algodao,228.9,-16.77935,-49.61216,2023/2024,2023-12-07,341,35,vegetativo,0.2872,0.2599,26.22,63.37,0.0,24.92,75.66,,64371.6,1,saudavel,2.89
3447,F04-ALG,F04,Algodao,228.9,-16.77935,-49.61216,2023/2024,2023-12-08,342,36,vegetativo,0.3185,0.2607,24.83,57.05,0.0,24.4,81.91,33.93,58880.9,0,saudavel,2.89
3448,F04-ALG,F04,Algodao,228.9,-16.77935,-49.61216,2023/2024,2023-12-09,343,37,vegetativo,0.313,0.2447,24.68,51.42,0.0,22.81,78.2,28.15,62842.7,1,saudavel,2.89
3449,F04-ALG,F04,Algodao,228.9,-16.77935,-49.61216,2023/2024,2023-12-10,344,38,vegetativo,0.3382,0.2723,25.2,46.0,0.0,25.16,77.0,20.58,58560.8,1,saudavel,2.89
3450,F04-ALG,F04,Algodao,228.9,-16.77935,-49.61216,2023/2024,2023-12-11,345,39,vegetativo,0.3271,0.2749,25.54,41.14,0.0,23.86,71.08,15.27,60560.9,1,saudavel,2.89
3451,F04-ALG,F04,Algodao,228.9,-16.77935,-49.61216,2023/2024,2023-12-12,346,40,vegetativo,0.3412,0.2751,25.31,39.15,4.96,24.13,75.95,16.08,51644.1,0,saudavel,2.89
3452,F04-ALG,F04,Algodao,228.9,-16.77935,-49.61216,2023/2024,2023-12-13,347,41,vegetativo,0.3353,0.2789,24.07,34.9,0.0,23.49,,13.74,55677.8,1,atencao,2.89
3453,F04-ALG,F04,Algodao,228.9,-16.77935,-49.61216,2023/2024,2023-12-14,348,42,vegetativo,0.3968,0.3443,23.35,31.09,0.0,23.43,85.68,11.21,62456.6,1,saudavel,2.89
3454,F04-ALG,F04,Algodao,228.9,-16.77935,-49.61216,2023/2024,2023-12-15,349,43,vegetativo,0.3938,0.3251,24.79,29.3,3.86,25.21,76.73,7.29,56049.4,0,saudavel,2.89
3455,F04-ALG,F04,Algodao,228.9,-16.77935,-49.61216,2023/2024,2023-12-16,350,44,vegetativo,0.4685,0.381,24.76,25.99,0.0,23.94,82.82,5.0,56080.0,1,saudavel,2.89
3456,F04-ALG,F04,Algodao,228.9,-16.77935,-49.61216,2023/2024,2023-12-17,351,45,vegetativo,0.4335,0.3545,26.14,26.77,8.34,26.27,84.2,7.07,54065.1,0,saudavel,2.89
3457,F04-ALG,F04,Algodao,228.9,-16.77935,-49.61216,2023/2024,2023-12-18,352,46,vegetativo,0.4866,0.4415,22.08,29.76,11.71,22.14,74.96,11.42,40059.4,0,saudavel,2.89
3458,F04-ALG,F04,Algodao,228.9,-16.77935,-49.61216,2023/2024,2023-12-19,353,47,vegetativo,0.5036,0.4716,25.05,26.26,0.0,25.59,79.2,,57557.9,1,saudavel,2.89
3459,F04-ALG,F04,Algodao,228.9,-16.77935,-49.61216,2023/2024,2023-12-20,354,48,vegetativo,0.495,0.4217,22.21,42.88,39.04,22.88,80.22,31.22,25016.3,0,saudavel,2.89
3460,F04-ALG,F04,Algodao,228.9,-16.77935,-49.61216,2023/2024,2023-12-21,355,49,vegetativo,0.5044,0.4432,23.22,47.19,17.19,23.43,84.35,36.05,46406.0,0,saudavel,2.89
3461,F04-ALG,F04,Algodao,228.9,-16.77935,-49.61216,2023/2024,2023-12-22,356,50,vegetativo,0.5354,0.4363,23.84,53.02,21.0,24.15,74.39,40.46,37701.1,0,saudavel,2.89
3462,F04-ALG,F04,Algodao,228.9,-16.77935,-49.61216,2023/2024,2023-12-23,357,51,vegetativo,0.5796,0.4808,23.77,47.86,0.0,24.85,79.75,33.53,60224.3,0,saudavel,2.89
3463,F04-ALG,F04,Algodao,228.9,-16.77935,-49.61216,2023/2024,2023-12-24,358,52,vegetativo,0.6209,0.5368,23.02,43.19,0.0,24.8,76.92,25.61,60884.6,1,saudavel,2.89
3464,F04-ALG,F04,Algodao,228.9,-16.77935,-49.61216,2023/2024,2023-12-25,359,53,floracao,0.5684,0.4358,22.47,38.83,0.0,24.67,80.44,20.7,62376.0,1,saudavel,2.89
3465,F04-ALG,F04,Algodao,228.9,-16.77935,-49.61216,2023/2024,2023-12-26,360,54,floracao,0.6106,0.5345,20.59,35.11,0.0,22.69,85.62,15.88,62008.2,1,saudavel,2.89
3466,F04-ALG,F04,Algodao,228.9,-16.77935,-49.61216,2023/2024,2023-12-27,361,55,floracao,0.6147,0.5112,23.78,31.35,0.0,25.62,85.15,14.66,62291.8,1,saudavel,2.89
3467,F04-ALG,F04,Algodao,228.9,-16.77935,-49.61216,2023/2024,2023-12-28,362,56,floracao,0.6354,0.5185,22.02,34.34,12.39,23.72,85.06,21.35,46695.6,0,saudavel,2.89
3468,F04-ALG,F04,Algodao,228.9,-16.77935,-49.61216,2023/2024,2023-12-29,363,57,floracao,0.6917,0.5957,14.32,38.2,13.61,18.28,77.23,29.29,48796.6,0,saudavel,2.89
3469,F04-ALG,F04,Algodao,228.9,-16.77935,-49.61216,2023/2024,2023-12-30,364,58,floracao,0.6562,0.5866,21.4,34.61,0.0,22.68,77.17,25.8,57782.3,1,saudavel,2.89
3470,F04-ALG,F04,Algodao,228.9,-16.77935,-49.61216,2023/2024,2023-12-31,365,59,floracao,0.6526,0.5485,20.41,31.38,0.0,21.96,85.0,20.36,58483.6,1,saudavel,2.89
3471,F04-ALG,F04,Algodao,228.9,-16.77935,-49.61216,2023/2024,2024-01-01,1,60,floracao,0.7011,0.6018,19.07,28.49,0.0,21.96,82.98,15.39,55014.3,1,saudavel,2.89
3472,F04-ALG,F04,Algodao,228.9,-16.77935,-49.61216,2023/2024,2024-01-02,2,61,floracao,0.7161,0.6177,19.93,25.69,0.0,23.29,77.84,10.24,64582.7,1,saudavel,2.89
3473,F04-ALG,F04,Algodao,228.9,-16.77935,-49.61216,2023/2024,2024-01-03,3,62,floracao,0.7106,0.6088,19.61,32.09,17.83,22.69,74.91,19.8,38818.0,0,saudavel,2.89
3474,F04-ALG,F04,Algodao,228.9,-16.77935,-49.61216,2023/2024,2024-01-04,4,63,floracao,0.7151,0.5879,17.36,29.26,0.0,21.12,60.89,15.93,63625.6,1,saudavel,2.89
3475,F04-ALG,F04,Algodao,228.9,-16.77935,-49.61216,2023/2024,2024-01-05,5,64,floracao,0.7408,0.6342,21.28,38.35,24.06,24.29,70.53,27.85,37136.0,0,saudavel,2.89
3476,F04-ALG,F04,Algodao,228.9,-16.77935,-49.61216,2023/2024,2024-01-06,6,65,floracao,0.7188,0.6146,17.36,42.3,14.44,20.01,79.52,30.72,45557.4,0,saudavel,2.89
3477,F04-ALG,F04,Algodao,228.9,-16.77935,-49.61216,2023/2024,2024-01-07,7,66,floracao,0.7616,0.5927,17.88,38.72,0.0,19.81,79.68,25.47,60208.2,1,saudavel,2.89
3478,F04-ALG,F04,Algodao,228.9,-16.77935,-49.61216,2023/2024,2024-01-08,8,67,floracao,0.7529,0.6571,17.81,35.42,0.0,20.12,82.98,20.05,55804.2,1,saudavel,2.89
3479,F04-ALG,F04,Algodao,228.9,-16.77935,-49.61216,2023/2024,2024-01-09,9,68,floracao,0.7936,0.6445,20.42,35.42,6.24,22.32,82.58,19.4,57579.2,0,saudavel,2.89
3480,F04-ALG,F04,Algodao,228.9,-16.77935,-49.61216,2023/2024,2024-01-10,10,69,floracao,0.7777,0.6636,19.22,32.3,0.0,22.11,90.95,15.78,57682.6,1,saudavel,2.89
3481,F04-ALG,F04,Algodao,228.9,-16.77935,-49.61216,2023/2024,2024-01-11,11,70,floracao,0.7732,0.6876,16.37,29.51,0.0,20.24,76.89,12.57,61681.4,0,saudavel,2.89
3482,F04-ALG,F04,Algodao,228.9,-16.77935,-49.61216,2023/2024,2024-01-12,12,71,floracao,0.7761,0.6548,19.23,42.02,30.13,20.47,70.8,27.49,27626.2,1,saudavel,2.89
3483,F04-ALG,F04,Algodao,228.9,-16.77935,-49.61216,2023/2024,2024-01-13,13,72,floracao,0.7459,0.6131,18.24,48.07,19.29,21.27,75.39,33.6,35312.7,0,saudavel,2.89
3484,F04-ALG,F04,Algodao,228.9,-16.77935,-49.61216,2023/2024,2024-01-14,14,73,floracao,0.7856,0.6789,14.96,52.25,16.44,19.58,89.38,38.78,48224.4,0,saudavel,2.89
3485,F04-ALG,F04,Algodao,228.9,-16.77935,-49.61216,2023/2024,2024-01-15,15,74,floracao,0.7871,0.6971,19.42,49.08,2.61,22.29,79.38,33.04,53748.5,0,saudavel,2.89
3486,F04-ALG,F04,Algodao,228.9,-16.77935,-49.61216,2023/2024,2024-01-16,16,75,floracao,0.7949,0.6535,18.61,45.37,1.25,23.35,83.69,24.46,58111.1,1,saudavel,2.89
3487,F04-ALG,F04,Algodao,228.9,-16.77935,-49.61216,2023/2024,2024-01-17,17,76,floracao,0.7924,0.6264,17.43,58.05,33.02,20.64,77.37,42.31,19802.8,0,saudavel,2.89
3488,F04-ALG,F04,Algodao,228.9,-16.77935,-49.61216,2023/2024,2024-01-18,18,77,floracao,0.8269,0.7265,17.42,58.05,9.69,21.34,77.2,40.66,48089.3,0,saudavel,2.89
3489,F04-ALG,F04,Algodao,228.9,-16.77935,-49.61216,2023/2024,2024-01-19,19,78,floracao,0.7947,0.6926,18.27,61.87,17.32,20.9,71.34,42.75,42666.3,0,saudavel,2.89
3490,F04-ALG,F04,Algodao,228.9,-16.77935,-49.61216,2023/2024,2024-01-20,20,79,floracao,0.7847,0.6747,20.59,65.96,18.79,22.7,77.11,45.81,39760.4,0,saudavel,2.89
3491,F04-ALG,F04,Algodao,228.9,-16.77935,-49.61216,2023/2024,2024-01-21,21,80,floracao,0.7696,0.6182,20.22,60.22,0.0,23.47,78.28,37.21,56786.1,0,saudavel,2.89
3492,F04-ALG,F04,Algodao,228.9,-16.77935,-49.61216,2023/2024,2024-01-22,22,81,floracao,0.795,0.6877,16.39,75.0,39.59,19.94,84.6,52.67,27813.7,0,saudavel,2.89
3493,F04-ALG,F04,Algodao,228.9,-16.77935,-49.61216,2023/2024,2024-01-23,23,82,floracao,0.7838,0.6869,18.15,95.0,54.68,20.44,82.69,79.11,30962.6,0,saudavel,2.89
3494,F04-ALG,F04,Algodao,228.9,-16.77935,-49.61216,2023/2024,2024-01-24,24,83,frutificacao,0.7794,0.7056,17.82,95.0,21.13,21.6,89.05,79.8,32721.8,0,saudavel,2.89
3495,F04-ALG,F04,Algodao,228.9,-16.77935,-49.61216,2023/2024,2024-01-25,25,84,frutificacao,0.7995,0.6739,17.61,90.69,0.0,20.75,78.77,66.51,55592.2,0,saudavel,2.89
3496,F04-ALG,F04,Algodao,228.9,-16.77935,-49.61216,2023/2024,2024-01-26,26,85,frutificacao,0.8287,0.7076,15.86,85.84,5.2,18.78,81.85,59.39,55533.0,0,saudavel,2.89
3497,F04-ALG,F04,Algodao,228.9,-16.77935,-49.61216,2023/2024,2024-01-27,27,86,frutificacao,0.8246,0.6579,13.14,78.77,0.0,17.35,81.32,47.27,51434.4,0,saudavel,2.89
3498,F04-ALG,F04,Algodao,228.9,-16.77935,-49.61216,2023/2024,2024-01-28,28,87,frutificacao,0.7801,0.6824,15.77,84.09,23.63,19.09,76.79,55.41,33422.8,0,saudavel,2.89
3499,F04-ALG,F04,Algodao,228.9,-16.77935,-49.61216,2023/2024,2024-01-29,29,88,frutificacao,0.8061,0.704,17.25,82.63,10.95,20.4,81.43,52.71,42013.0,0,saudavel,2.89
3500,F04-ALG,F04,Algodao,228.9,-16.77935,-49.61216,2023/2024,2024-01-30,30,89,frutificacao,0.8132,0.6993,17.26,88.51,25.37,19.25,78.6,58.19,32775.3,0,saudavel,2.89
3501,F04-ALG,F04,Algodao,228.9,-16.77935,-49.61216,2023/2024,2024-01-31,31,90,frutificacao,0.8156,0.717,13.63,81.23,0.0,18.18,88.83,48.16,55082.3,0,saudavel,2.89
3502,F04-ALG,F04,Algodao,228.9,-16.77935,-49.61216,2023/2024,2024-02-01,32,91,frutificacao,0.835,0.6941,15.15,74.53,0.0,18.82,76.08,39.88,51914.4,0,saudavel,2.89
3503,F04-ALG,F04,Algodao,228.9,-16.77935,-49.61216,2023/2024,2024-02-02,33,92,frutificacao,0.7782,0.6571,20.71,84.06,31.62,22.36,76.09,55.16,27325.2,0,saudavel,2.89
3504,F04-ALG,F04,Algodao,228.9,-16.77935,-49.61216,2023/2024,2024-02-03,34,93,frutificacao,0.7824,0.6614,15.78,77.14,0.0,17.85,74.17,46.77,54456.0,0,saudavel,2.89
3505,F04-ALG,F04,Algodao,228.9,-16.77935,-49.61216,2023/2024,2024-02-04,35,94,frutificacao,0.7851,0.6893,15.66,80.66,19.8,19.0,81.28,49.92,34361.0,0,saudavel,2.89
3506,F04-ALG,F04,Algodao,228.9,-16.77935,-49.61216,2023/2024,2024-02-05,36,95,frutificacao,0.8036,0.7055,15.33,77.04,6.05,18.63,73.05,45.12,47082.2,0,saudavel,2.89
3507,F04-ALG,F04,Algodao,228.9,-16.77935,-49.61216,2023/2024,2024-02-06,37,96,frutificacao,0.7394,0.6349,20.08,70.51,0.0,22.28,77.35,37.02,51549.5,0,saudavel,2.89
3508,F04-ALG,F04,Algodao,228.9,-16.77935,-49.61216,2023/2024,2024-02-07,38,97,frutificacao,0.7866,0.6739,14.47,69.4,9.47,17.07,74.55,36.63,37989.1,0,saudavel,2.89
3509,F04-ALG,F04,Algodao,228.9,-16.77935,-49.61216,2023/2024,2024-02-08,39,98,frutificacao,0.7524,0.6506,16.64,63.65,0.0,18.03,74.77,29.32,55742.7,1,saudavel,2.89
3510,F04-ALG,F04,Algodao,228.9,-16.77935,-49.61216,2023/2024,2024-02-09,40,99,frutificacao,0.7845,0.6601,17.32,58.36,0.0,19.25,75.01,26.41,56274.4,1,saudavel,2.89
3511,F04-ALG,F04,Algodao,228.9,-16.77935,-49.61216,2023/2024,2024-02-10,41,100,frutificacao,0.8221,0.726,14.56,59.16,11.34,19.34,82.3,27.83,37257.5,0,saudavel,2.89
3512,F04-ALG,F04,Algodao,228.9,-16.77935,-49.61216,2023/2024,2024-02-11,42,101,frutificacao,0.7943,0.6661,15.97,57.42,6.38,20.71,77.23,29.21,50215.6,0,saudavel,2.89
3513,F04-ALG,F04,Algodao,228.9,-16.77935,-49.61216,2023/2024,2024-02-12,43,102,frutificacao,0.7468,0.6434,17.23,52.62,0.0,20.5,77.08,21.55,53054.1,1,saudavel,2.89
3514,F04-ALG,F04,Algodao,228.9,-16.77935,-49.61216,2023/2024,2024-02-13,44,103,frutificacao,0.7575,0.632,13.19,48.21,0.0,17.86,81.95,16.84,48255.3,1,saudavel,2.89
3515,F04-ALG,F04,Algodao,228.9,-16.77935,-49.61216,2023/2024,2024-02-14,45,104,frutificacao,0.742,0.6497,17.96,44.16,0.0,19.33,74.82,14.7,50642.6,1,saudavel,2.89
3516,F04-ALG,F04,Algodao,228.9,-16.77935,-49.61216,2023/2024,2024-02-15,46,105,frutificacao,0.779,0.6602,14.04,40.42,0.0,18.54,68.62,10.21,48858.3,1,saudavel,2.89
3517,F04-ALG,F04,Algodao,228.9,-16.77935,-49.61216,2023/2024,2024-02-16,47,106,frutificacao,0.7017,0.6378,15.45,36.99,0.0,18.06,73.1,7.01,53446.3,1,saudavel,2.89
3518,F04-ALG,F04,Algodao,228.9,-16.77935,-49.61216,2023/2024,2024-02-17,48,107,frutificacao,0.7288,0.617,16.79,42.42,17.18,20.22,75.73,17.46,33194.5,0,saudavel,2.89
3519,F04-ALG,F04,Algodao,228.9,-16.77935,-49.61216,2023/2024,2024-02-18,49,108,frutificacao,0.7148,0.6263,15.01,38.83,0.0,19.03,77.48,11.47,56437.4,0,saudavel,2.89
3520,F04-ALG,F04,Algodao,228.9,-16.77935,-49.61216,2023/2024,2024-02-19,50,109,frutificacao,0.6956,0.5786,19.92,43.15,15.41,20.99,79.19,20.72,40453.3,0,saudavel,2.89
3521,F04-ALG,F04,Algodao,228.9,-16.77935,-49.61216,2023/2024,2024-02-20,51,110,frutificacao,0.7417,0.6243,16.02,53.11,27.22,19.27,76.56,36.64,23341.9,1,saudavel,2.89
3522,F04-ALG,F04,Algodao,228.9,-16.77935,-49.61216,2023/2024,2024-02-21,52,111,frutificacao,0.6658,0.5651,19.82,48.66,0.0,19.9,81.83,32.06,54047.9,0,saudavel,2.89
3523,F04-ALG,F04,Algodao,228.9,-16.77935,-49.61216,2023/2024,2024-02-22,53,112,frutificacao,0.6609,0.5688,13.85,52.07,15.02,14.4,81.7,36.27,38782.5,0,saudavel,2.89
3524,F04-ALG,F04,Algodao,228.9,-16.77935,-49.61216,2023/2024,2024-02-23,54,113,frutificacao,0.7035,0.583,16.23,47.7,0.0,18.56,70.2,28.84,48041.6,1,saudavel,2.89
3525,F04-ALG,F04,Algodao,228.9,-16.77935,-49.61216,2023/2024,2024-02-24,55,114,frutificacao,0.6555,0.5458,15.04,43.67,0.0,19.04,64.06,22.83,50196.9,1,saudavel,2.89
3526,F04-ALG,F04,Algodao,228.9,-16.77935,-49.61216,2023/2024,2024-02-25,56,115,frutificacao,0.6391,0.545,17.05,39.94,0.0,19.14,71.54,18.83,50617.1,1,saudavel,2.89
3527,F04-ALG,F04,Algodao,228.9,-16.77935,-49.61216,2023/2024,2024-02-26,57,116,frutificacao,0.6143,0.5302,21.39,36.39,0.0,20.64,76.2,15.18,45239.0,1,saudavel,2.89
3528,F04-ALG,F04,Algodao,228.9,-16.77935,-49.61216,2023/2024,2024-02-27,58,117,frutificacao,0.6103,0.518,18.15,35.02,3.66,19.21,78.06,13.89,,0,saudavel,2.89
3529,F04-ALG,F04,Algodao,228.9,-16.77935,-49.61216,2023/2024,2024-02-28,59,118,frutificacao,0.5845,0.4932,15.0,31.9,0.0,16.43,77.18,13.34,45549.9,1,saudavel,2.89
3530,F04-ALG,F04,Algodao,228.9,-16.77935,-49.61216,2023/2024,2024-02-29,60,119,frutificacao,0.5605,0.4499,17.37,41.08,24.19,19.03,,25.83,30199.2,0,saudavel,2.89
3531,F04-ALG,F04,Algodao,228.9,-16.77935,-49.61216,2023/2024,2024-03-01,61,120,frutificacao,0.5288,0.4595,19.57,45.44,16.1,19.45,82.16,33.28,33370.4,0,saudavel,2.89
3532,F04-ALG,F04,Algodao,228.9,-16.77935,-49.61216,2023/2024,2024-03-02,62,121,frutificacao,0.5389,0.4749,16.77,41.42,0.0,17.25,76.78,26.93,42810.2,1,saudavel,2.89
3533,F04-ALG,F04,Algodao,228.9,-16.77935,-49.61216,2023/2024,2024-03-03,63,122,frutificacao,0.5071,0.4503,17.24,44.37,13.41,17.52,78.12,30.28,37213.8,0,saudavel,2.89
3534,F04-ALG,F04,Algodao,228.9,-16.77935,-49.61216,2023/2024,2024-03-04,64,123,frutificacao,0.4905,0.42,20.02,53.35,25.98,19.29,,41.89,24458.3,0,saudavel,2.89
3535,F04-ALG,F04,Algodao,228.9,-16.77935,-49.61216,2023/2024,2024-03-05,65,124,frutificacao,0.4939,0.4078,18.73,51.66,6.09,18.1,66.62,38.47,40713.8,0,saudavel,2.89
3536,F04-ALG,F04,Algodao,228.9,-16.77935,-49.61216,2023/2024,2024-03-06,66,125,frutificacao,0.4516,0.3774,20.09,47.01,0.0,19.71,83.08,30.65,45676.3,1,saudavel,2.89
3537,F04-ALG,F04,Algodao,228.9,-16.77935,-49.61216,2023/2024,2024-03-07,67,126,frutificacao,0.4408,0.3777,16.78,42.71,0.0,,62.38,25.28,48507.6,1,saudavel,2.89
3538,F04-ALG,F04,Algodao,228.9,-16.77935,-49.61216,2023/2024,2024-03-08,68,127,frutificacao,0.4581,0.389,13.66,38.78,0.0,14.76,73.01,21.1,42441.1,1,saudavel,2.89
3539,F04-ALG,F04,Algodao,228.9,-16.77935,-49.61216,2023/2024,2024-03-09,69,128,maturacao,0.4144,0.3353,17.76,35.1,0.0,18.11,72.15,19.03,40851.3,0,saudavel,2.89
3540,F04-ALG,F04,Algodao,228.9,-16.77935,-49.61216,2023/2024,2024-03-10,70,129,maturacao,0.3787,0.2882,17.97,38.68,14.03,17.41,,24.01,37912.6,0,saudavel,2.89
3541,F04-ALG,F04,Algodao,228.9,-16.77935,-49.61216,2023/2024,2024-03-11,71,130,maturacao,0.351,0.2872,21.26,42.74,15.67,18.92,73.27,27.82,31549.5,0,saudavel,2.89
3542,F04-ALG,F04,Algodao,228.9,-16.77935,-49.61216,2023/2024,2024-03-12,72,131,maturacao,0.3545,0.2958,21.48,59.2,41.08,18.62,,47.63,19529.4,0,saudavel,2.89
3543,F04-ALG,F04,Algodao,228.9,-16.77935,-49.61216,2023/2024,2024-03-13,73,132,maturacao,0.358,0.3105,17.74,53.8,0.0,16.57,78.84,41.75,43059.3,0,saudavel,2.89
3544,F04-ALG,F04,Algodao,228.9,-16.77935,-49.61216,2023/2024,2024-03-14,74,133,maturacao,0.3163,0.2607,19.97,59.66,21.79,18.27,77.47,44.63,25472.0,0,saudavel,2.89
3545,F04-ALG,F04,Algodao,228.9,-16.77935,-49.61216,2023/2024,2024-03-15,75,134,maturacao,0.314,0.2619,18.43,54.16,0.0,18.77,74.31,33.87,40451.7,1,saudavel,2.89
3546,F04-ALG,F04,Algodao,228.9,-16.77935,-49.61216,2023/2024,2024-03-16,76,135,maturacao,0.2903,0.249,19.59,59.6,21.07,18.63,78.93,40.51,34258.1,0,saudavel,2.89
3547,F04-ALG,F04,Algodao,228.9,-16.77935,-49.61216,2023/2024,2024-03-17,77,136,maturacao,0.283,0.2719,20.33,55.26,2.42,19.43,75.9,32.86,35939.0,0,saudavel,2.89
3548,F04-ALG,F04,Algodao,228.9,-16.77935,-49.61216,2023/2024,2024-03-18,78,137,maturacao,0.255,0.2134,17.5,50.02,0.0,16.43,72.66,27.11,35860.1,0,atencao,2.89
3549,F04-ALG,F04,Algodao,228.9,-16.77935,-49.61216,2023/2024,2024-03-19,79,138,maturacao,0.275,0.2028,19.83,50.94,11.41,,73.91,29.72,35916.5,0,saudavel,2.89
3550,F04-ALG,F04,Algodao,228.9,-16.77935,-49.61216,2023/2024,2024-03-20,80,139,maturacao,0.2635,0.2103,15.8,53.66,15.21,14.63,71.81,32.41,28312.7,0,saudavel,2.89
3551,F04-ALG,F04,Algodao,228.9,-16.77935,-49.61216,2023/2024,2024-03-21,81,140,maturacao,0.2819,0.2758,19.31,48.59,0.0,19.74,65.6,27.82,40047.7,0,saudavel,2.89
3552,F04-ALG,F04,Algodao,228.9,-16.77935,-49.61216,2023/2024,2024-03-22,82,141,maturacao,0.247,0.2387,20.78,47.28,6.81,18.16,74.62,24.51,36248.2,0,saudavel,2.89
3553,F04-ALG,F04,Algodao,228.9,-16.77935,-49.61216,2023/2024,2024-03-23,83,142,maturacao,0.2238,0.209,21.05,42.63,0.0,17.86,64.98,17.87,33118.0,0,saudavel,2.89
3554,F04-ALG,F04,Algodao,228.9,-16.77935,-49.61216,2023/2024,2024-03-24,84,143,maturacao,0.261,0.2358,19.79,38.42,0.0,17.85,71.35,15.96,41428.0,0,saudavel,2.89
3555,F04-ALG,F04,Algodao,228.9,-16.77935,-49.61216,2023/2024,2024-03-25,85,144,maturacao,0.2336,0.2128,20.5,44.37,19.76,18.77,60.05,22.87,23561.4,0,saudavel,2.89
3556,F04-ALG,F04,Algodao,228.9,-16.77935,-49.61216,2023/2024,2024-03-26,86,145,maturacao,0.2251,0.1866,20.7,48.74,17.55,19.63,71.19,29.56,32077.3,0,saudavel,2.89
3557,F04-ALG,F04,Algodao,228.9,-16.77935,-49.61216,2023/2024,2024-03-27,87,146,colheita,0.2165,0.2014,18.86,43.96,0.0,17.64,68.19,25.45,34536.0,0,saudavel,2.89
3558,F04-ALG,F04,Algodao,228.9,-16.77935,-49.61216,2023/2024,2024-03-28,88,147,colheita,0.2157,0.2015,21.84,39.57,0.0,18.71,73.84,15.83,41262.5,0,saudavel,2.89
3559,F04-ALG,F04,Algodao,228.9,-16.77935,-49.61216,2023/2024,2024-03-29,89,148,colheita,0.1917,0.1798,20.24,35.49,0.0,18.71,69.69,11.29,41446.9,0,atencao,2.89
3560,F04-ALG,F04,Algodao,228.9,-16.77935,-49.61216,2023/2024,2024-03-30,90,149,colheita,0.204,0.1614,19.02,41.45,19.39,14.84,72.29,22.12,22796.4,0,saudavel,2.89
3561,F04-ALG,F04,Algodao,228.9,-16.77935,-49.61216,2024/2025,2024-11-07,312,0,germinacao,0.2155,0.1921,30.91,45.0,0.0,28.8,75.92,44.45,54714.4,0,saudavel,3.33
3562,F04-ALG,F04,Algodao,228.9,-16.77935,-49.61216,2024/2025,2024-11-08,313,1,germinacao,0.1896,0.1655,30.37,39.56,0.0,27.7,64.71,34.41,52744.6,0,saudavel,3.33
3563,F04-ALG,F04,Algodao,228.9,-16.77935,-49.61216,2024/2025,2024-11-09,314,2,germinacao,0.1997,0.1399,27.77,34.88,0.0,25.15,73.38,28.55,62321.7,1,saudavel,3.33
3564,F04-ALG,F04,Algodao,228.9,-16.77935,-49.61216,2024/2025,2024-11-10,315,3,germinacao,0.1973,0.1587,30.27,30.13,0.0,28.73,66.01,20.35,55866.2,1,saudavel,3.33
3565,F04-ALG,F04,Algodao,228.9,-16.77935,-49.61216,2024/2025,2024-11-11,316,4,germinacao,0.1856,0.1382,28.61,25.85,0.0,27.97,80.12,16.04,59342.3,1,saudavel,3.33
3566,F04-ALG,F04,Algodao,228.9,-16.77935,-49.61216,2024/2025,2024-11-12,317,5,germinacao,0.1855,0.1487,28.1,27.01,10.01,27.1,68.62,18.05,47693.2,0,saudavel,3.33
3567,F04-ALG,F04,Algodao,228.9,-16.77935,-49.61216,2024/2025,2024-11-13,318,6,germinacao,0.2018,0.1551,26.61,50.31,54.16,26.04,75.27,50.33,32462.2,0,saudavel,3.33
3568,F04-ALG,F04,Algodao,228.9,-16.77935,-49.61216,2024/2025,2024-11-14,319,7,germinacao,0.1677,0.1322,31.37,54.0,19.42,28.68,69.32,,35610.1,0,atencao,3.33
3569,F04-ALG,F04,Algodao,228.9,-16.77935,-49.61216,2024/2025,2024-11-15,320,8,germinacao,0.2199,0.1787,25.56,48.29,0.0,24.35,65.64,41.89,56035.6,0,saudavel,3.33
3570,F04-ALG,F04,Algodao,228.9,-16.77935,-49.61216,2024/2025,2024-11-16,321,9,germinacao,0.1752,0.1411,28.06,47.9,9.94,24.65,69.21,39.05,45798.1,0,saudavel,3.33
3571,F04-ALG,F04,Algodao,228.9,-16.77935,-49.61216,2024/2025,2024-11-17,322,10,germinacao,0.2071,0.1701,28.17,42.48,0.0,25.79,73.68,29.49,54985.9,1,saudavel,3.33
3572,F04-ALG,F04,Algodao,228.9,-16.77935,-49.61216,2024/2025,2024-11-18,323,11,germinacao,0.1976,0.1494,27.64,37.31,0.0,27.26,77.02,23.34,57696.2,1,saudavel,3.33
3573,F04-ALG,F04,Algodao,228.9,-16.77935,-49.61216,2024/2025,2024-11-19,324,12,germinacao,0.1775,0.1516,26.66,32.83,0.0,,78.51,16.31,56341.5,1,saudavel,3.33
3574,F04-ALG,F04,Algodao,228.9,-16.77935,-49.61216,2024/2025,2024-11-20,325,13,germinacao,0.1991,0.1512,25.89,28.61,0.0,25.8,68.64,11.47,52979.9,1,saudavel,3.33
3575,F04-ALG,F04,Algodao,228.9,-16.77935,-49.61216,2024/2025,2024-11-21,326,14,germinacao,0.1932,0.1522,27.13,24.69,0.0,26.01,76.85,6.99,56529.0,1,saudavel,3.33
3576,F04-ALG,F04,Algodao,228.9,-16.77935,-49.61216,2024/2025,2024-11-22,327,15,vegetativo,0.1567,0.1322,29.05,27.04,12.26,26.95,79.59,9.35,44680.5,0,atencao,3.33
3577,F04-ALG,F04,Algodao,228.9,-16.77935,-49.61216,2024/2025,2024-11-23,328,16,vegetativo,0.1917,0.1113,27.25,27.73,8.95,25.92,78.13,11.71,51800.2,0,saudavel,3.33
3578,F04-ALG,F04,Algodao,228.9,-16.77935,-49.61216,2024/2025,2024-11-24,329,17,vegetativo,0.1702,0.1945,30.19,23.87,0.0,25.83,73.92,5.17,53590.8,1,atencao,3.33
3579,F04-ALG,F04,Algodao,228.9,-16.77935,-49.61216,2024/2025,2024-11-25,330,18,vegetativo,0.2072,0.1866,27.97,20.46,0.0,25.09,76.52,5.0,56546.5,1,saudavel,3.33
3580,F04-ALG,F04,Algodao,228.9,-16.77935,-49.61216,2024/2025,2024-11-26,331,19,vegetativo,0.1963,0.1732,29.59,18.8,3.62,27.68,75.59,5.0,52468.7,0,saudavel,3.33
3581,F04-ALG,F04,Algodao,228.9,-16.77935,-49.61216,2024/2025,2024-11-27,332,20,vegetativo,0.219,0.1757,30.4,15.59,0.0,26.94,82.36,5.0,60610.3,1,saudavel,3.33
3582,F04-ALG,F04,Algodao,228.9,-16.77935,-49.61216,2024/2025,2024-11-28,333,21,vegetativo,0.1902,0.1635,28.1,12.62,0.0,26.79,84.07,5.0,56875.6,1,saudavel,3.33
3583,F04-ALG,F04,Algodao,228.9,-16.77935,-49.61216,2024/2025,2024-11-29,334,22,vegetativo,0.1811,0.1298,26.63,21.44,22.63,24.59,80.21,9.79,39663.7,0,atencao,3.33
3584,F04-ALG,F04,Algodao,228.9,-16.77935,-49.61216,2024/2025,2024-11-30,335,23,vegetativo,0.1888,0.1703,28.04,22.65,8.86,24.89,77.16,13.4,49952.3,0,atencao,3.33
3585,F04-ALG,F04,Algodao,228.9,-16.77935,-49.61216,2024/2025,2024-12-01,336,24,vegetativo,0.2544,0.1826,26.87,19.27,0.0,26.27,76.0,7.62,60356.1,1,saudavel,3.33
3586,F04-ALG,F04,Algodao,228.9,-16.77935,-49.61216,2024/2025,2024-12-02,337,25,vegetativo,0.2787,0.2115,26.75,16.4,0.0,24.58,77.62,5.57,62317.0,1,saudavel,3.33
3587,F04-ALG,F04,Algodao,228.9,-16.77935,-49.61216,2024/2025,2024-12-03,338,26,vegetativo,0.2627,0.2091,25.9,17.64,7.68,23.97,78.73,9.85,47932.0,0,saudavel,3.33
3588,F04-ALG,F04,Algodao,228.9,-16.77935,-49.61216,2024/2025,2024-12-04,339,27,vegetativo,0.1969,0.1975,28.51,22.51,15.73,25.69,74.17,13.94,42943.5,0,atencao,3.33
3589,F04-ALG,F04,Algodao,228.9,-16.77935,-49.61216,2024/2025,2024-12-05,340,28,vegetativo,0.2057,0.1528,27.14,35.77,32.66,23.19,88.17,30.39,,0,atencao,3.33
3590,F04-ALG,F04,Algodao,228.9,-16.77935,-49.61216,2024/2025,2024-12-06,341,29,vegetativo,0.2181,0.192,27.23,41.31,19.69,24.74,73.52,35.1,40498.8,0,atencao,3.33
3591,F04-ALG,F04,Algodao,228.9,-16.77935,-49.61216,2024/2025,2024-12-07,342,30,vegetativo,0.2566,0.1768,28.11,37.8,2.74,26.29,83.09,28.93,52873.8,1,saudavel,3.33
3592,F04-ALG,F04,Algodao,228.9,-16.77935,-49.61216,2024/2025,2024-12-08,343,31,vegetativo,0.2853,0.243,25.0,33.4,0.0,25.07,66.43,,61643.1,1,saudavel,3.33
3593,F04-ALG,F04,Algodao,228.9,-16.77935,-49.61216,2024/2025,2024-12-09,344,32,vegetativo,0.2637,0.2589,25.01,29.54,0.0,23.18,77.24,13.53,59767.8,0,saudavel,3.33
3594,F04-ALG,F04,Algodao,228.9,-16.77935,-49.61216,2024/2025,2024-12-10,345,33,vegetativo,0.2523,0.2244,26.6,25.71,0.0,25.35,75.68,9.11,60074.3,1,saudavel,3.33
3595,F04-ALG,F04,Algodao,228.9,-16.77935,-49.61216,2024/2025,2024-12-11,346,34,vegetativo,0.2332,0.1567,25.42,22.37,0.0,23.64,79.6,5.0,59084.4,1,atencao,3.33
3596,F04-ALG,F04,Algodao,228.9,-16.77935,-49.61216,2024/2025,2024-12-12,347,35,vegetativo,0.2494,0.2129,26.99,19.07,0.0,25.71,75.45,5.0,50255.8,1,atencao,3.33
3597,F04-ALG,F04,Algodao,228.9,-16.77935,-49.61216,2024/2025,2024-12-13,348,36,vegetativo,0.2607,0.2123,27.24,16.12,0.0,25.1,84.62,5.0,61484.1,1,atencao,3.33
3598,F04-ALG,F04,Algodao,228.9,-16.77935,-49.61216,2024/2025,2024-12-14,349,37,vegetativo,0.2807,0.2631,24.19,13.61,0.0,23.71,77.36,5.0,61652.2,1,atencao,3.33
3599,F04-ALG,F04,Algodao,228.9,-16.77935,-49.61216,2024/2025,2024-12-15,350,38,vegetativo,0.2573,0.2167,24.9,11.34,0.0,23.0,73.9,5.0,58658.0,1,atencao,3.33
3600,F04-ALG,F04,Algodao,228.9,-16.77935,-49.61216,2024/2025,2024-12-16,351,39,vegetativo,0.2798,0.209,23.19,9.33,0.0,22.75,74.41,5.0,55496.7,1,atencao,3.33
3601,F04-ALG,F04,Algodao,228.9,-16.77935,-49.61216,2024/2025,2024-12-17,352,40,vegetativo,0.2818,0.2368,27.47,8.0,0.0,27.81,73.88,,58365.8,1,atencao,3.33
3602,F04-ALG,F04,Algodao,228.9,-16.77935,-49.61216,2024/2025,2024-12-18,353,41,vegetativo,0.2828,0.2265,21.5,8.0,0.0,20.38,84.36,5.0,62972.5,1,atencao,3.33
3603,F04-ALG,F04,Algodao,228.9,-16.77935,-49.61216,2024/2025,2024-12-19,354,42,vegetativo,0.2773,0.1925,23.04,8.0,0.0,21.08,84.88,5.0,58773.3,1,critico,3.33
3604,F04-ALG,F04,Algodao,228.9,-16.77935,-49.61216,2024/2025,2024-12-20,355,43,vegetativo,0.2919,0.2446,25.86,8.0,0.0,25.27,71.86,5.0,60067.6,1,critico,3.33
3605,F04-ALG,F04,Algodao,228.9,-16.77935,-49.61216,2024/2025,2024-12-21,356,44,vegetativo,0.2916,0.2479,26.35,8.0,0.0,24.84,74.15,5.0,58996.2,1,critico,3.33
3606,F04-ALG,F04,Algodao,228.9,-16.77935,-49.61216,2024/2025,2024-12-22,357,45,vegetativo,0.2814,0.2468,25.05,8.0,0.0,23.95,73.38,5.0,60933.7,1,critico,3.33
3607,F04-ALG,F04,Algodao,228.9,-16.77935,-49.61216,2024/2025,2024-12-23,358,46,vegetativo,0.3178,0.2905,20.42,8.0,0.0,20.32,79.48,5.0,56021.5,1,critico,3.33
3608,F04-ALG,F04,Algodao,228.9,-16.77935,-49.61216,2024/2025,2024-12-24,359,47,vegetativo,0.3552,0.2963,25.37,8.0,0.0,24.01,83.52,5.0,59343.5,1,critico,3.33
3609,F04-ALG,F04,Algodao,228.9,-16.77935,-49.61216,2024/2025,2024-12-25,360,48,vegetativo,0.3517,0.2689,21.81,8.0,0.0,21.63,81.01,5.0,63211.1,1,critico,3.33
3610,F04-ALG,F04,Algodao,228.9,-16.77935,-49.61216,2024/2025,2024-12-26,361,49,vegetativo,0.3728,0.3002,23.87,8.0,0.0,,82.18,5.0,57136.9,1,critico,3.33
3611,F04-ALG,F04,Algodao,228.9,-16.77935,-49.61216,2024/2025,2024-12-27,362,50,vegetativo,0.4152,0.3525,22.31,14.13,36.99,23.51,82.77,18.26,29099.4,0,atencao,3.33
3612,F04-ALG,F04,Algodao,228.9,-16.77935,-49.61216,2024/2025,2024-12-28,363,51,vegetativo,0.4306,0.3903,23.82,12.02,0.0,23.55,76.08,11.25,62960.0,1,atencao,3.33
3613,F04-ALG,F04,Algodao,228.9,-16.77935,-49.61216,2024/2025,2024-12-29,364,52,vegetativo,0.4772,0.4057,22.05,10.36,0.0,21.72,73.71,8.61,61988.6,1,atencao,3.33
3614,F04-ALG,F04,Algodao,228.9,-16.77935,-49.61216,2024/2025,2024-12-30,365,53,floracao,0.4845,0.4092,24.51,10.94,4.83,24.52,75.49,9.88,56237.5,0,atencao,3.33
3615,F04-ALG,F04,Algodao,228.9,-16.77935,-49.61216,2024/2025,2024-12-31,366,54,floracao,0.5223,0.4393,23.9,9.2,0.0,23.71,83.01,8.12,60791.2,1,atencao,3.33
3616,F04-ALG,F04,Algodao,228.9,-16.77935,-49.61216,2024/2025,2025-01-01,1,55,floracao,0.5737,0.4875,20.53,8.0,0.0,21.05,83.52,7.1,60743.7,1,atencao,3.33
3617,F04-ALG,F04,Algodao,228.9,-16.77935,-49.61216,2024/2025,2025-01-02,2,56,floracao,0.593,0.5422,20.64,8.0,0.0,21.67,80.52,5.55,58862.1,1,saudavel,3.33
3618,F04-ALG,F04,Algodao,228.9,-16.77935,-49.61216,2024/2025,2025-01-03,3,57,floracao,0.593,0.5024,20.66,14.16,16.62,21.16,85.16,16.5,46306.5,0,atencao,3.33
3619,F04-ALG,F04,Algodao,228.9,-16.77935,-49.61216,2024/2025,2025-01-04,4,58,floracao,0.6462,0.544,19.91,12.55,0.0,22.1,80.56,11.42,57987.5,1,saudavel,3.33
3620,F04-ALG,F04,Algodao,228.9,-16.77935,-49.61216,2024/2025,2025-01-05,5,59,floracao,0.6315,0.5375,21.88,10.92,0.0,23.04,77.59,7.59,56320.9,1,saudavel,3.33
3621,F04-ALG,F04,Algodao,228.9,-16.77935,-49.61216,2024/2025,2025-01-06,6,60,floracao,0.6768,0.5617,17.15,9.85,0.0,19.22,73.67,5.36,55056.8,1,saudavel,3.33
3622,F04-ALG,F04,Algodao,228.9,-16.77935,-49.61216,2024/2025,2025-01-07,7,61,floracao,0.7252,0.5852,18.25,8.86,0.0,18.93,88.02,6.36,57257.3,1,saudavel,3.33
3623,F04-ALG,F04,Algodao,228.9,-16.77935,-49.61216,2024/2025,2025-01-08,8,62,floracao,0.7496,0.6024,18.08,12.95,9.99,20.56,80.18,12.15,47286.2,0,saudavel,3.33
3624,F04-ALG,F04,Algodao,228.9,-16.77935,-49.61216,2024/2025,2025-01-09,9,63,floracao,0.7137,0.5921,20.03,14.04,5.4,23.74,76.46,13.75,51448.1,0,saudavel,3.33
3625,F04-ALG,F04,Algodao,228.9,-16.77935,-49.61216,2024/2025,2025-01-10,10,64,floracao,0.7371,0.6501,19.59,13.39,1.6,21.97,79.23,11.62,53670.9,1,saudavel,3.33
3626,F04-ALG,F04,Algodao,228.9,-16.77935,-49.61216,2024/2025,2025-01-11,11,65,floracao,0.7458,0.6573,20.22,11.77,0.0,23.89,86.04,10.04,59764.8,1,saudavel,3.33
3627,F04-ALG,F04,Algodao,228.9,-16.77935,-49.61216,2024/2025,2025-01-12,12,66,floracao,0.7513,0.6163,19.16,10.61,0.0,21.19,85.09,5.62,55672.5,1,saudavel,3.33
3628,F04-ALG,F04,Algodao,228.9,-16.77935,-49.61216,2024/2025,2025-01-13,13,67,floracao,0.7355,0.622,18.2,9.56,0.0,20.07,78.95,5.0,60020.8,1,saudavel,3.33
3629,F04-ALG,F04,Algodao,228.9,-16.77935,-49.61216,2024/2025,2025-01-14,14,68,floracao,0.7759,0.6622,15.13,8.6,0.0,18.73,83.86,5.0,60396.2,1,saudavel,3.33
3630,F04-ALG,F04,Algodao,228.9,-16.77935,-49.61216,2024/2025,2025-01-15,15,69,floracao,0.7458,0.6195,16.16,8.0,0.0,19.91,86.88,5.0,65804.2,1,saudavel,3.33
3631,F04-ALG,F04,Algodao,228.9,-16.77935,-49.61216,2024/2025,2025-01-16,16,70,floracao,0.799,0.7053,17.07,8.0,0.0,20.13,82.29,5.0,56567.7,1,saudavel,3.33
3632,F04-ALG,F04,Algodao,228.9,-16.77935,-49.61216,2024/2025,2025-01-17,17,71,floracao,0.8077,0.7017,13.16,8.0,0.0,17.33,82.78,5.0,57293.3,1,saudavel,3.33
3633,F04-ALG,F04,Algodao,228.9,-16.77935,-49.61216,2024/2025,2025-01-18,18,72,floracao,0.7718,0.6633,15.84,8.11,5.32,19.62,70.29,5.0,50256.1,0,saudavel,3.33
3634,F04-ALG,F04,Algodao,228.9,-16.77935,-49.61216,2024/2025,2025-01-19,19,73,floracao,0.7627,0.6497,16.15,16.88,19.23,19.52,86.96,17.4,35510.9,0,saudavel,3.33
3635,F04-ALG,F04,Algodao,228.9,-16.77935,-49.61216,2024/2025,2025-01-20,20,74,floracao,0.7905,0.6407,18.25,15.33,0.0,20.74,74.79,10.88,56000.6,1,saudavel,3.33
3636,F04-ALG,F04,Algodao,228.9,-16.77935,-49.61216,2024/2025,2025-01-21,21,75,floracao,0.7835,0.6931,16.02,13.9,0.0,20.56,70.62,10.89,54752.2,1,saudavel,3.33
3637,F04-ALG,F04,Algodao,228.9,-16.77935,-49.61216,2024/2025,2025-01-22,22,76,floracao,0.7921,0.6849,17.13,26.65,28.11,21.02,70.6,25.97,26686.6,1,saudavel,3.33
3638,F04-ALG,F04,Algodao,228.9,-16.77935,-49.61216,2024/2025,2025-01-23,23,77,floracao,0.8002,0.6883,17.22,24.77,0.92,18.02,77.07,23.6,56545.0,1,saudavel,3.33
3639,F04-ALG,F04,Algodao,228.9,-16.77935,-49.61216,2024/2025,2025-01-24,24,78,floracao,0.7815,0.6495,17.59,30.07,14.95,18.67,83.3,28.19,39208.0,0,saudavel,3.33
3640,F04-ALG,F04,Algodao,228.9,-16.77935,-49.61216,2024/2025,2025-01-25,25,79,floracao,0.8348,0.6966,19.37,31.39,7.85,21.68,84.79,28.51,50635.0,0,saudavel,3.33
3641,F04-ALG,F04,Algodao,228.9,-16.77935,-49.61216,2024/2025,2025-01-26,26,80,floracao,0.7901,0.6814,16.75,42.78,28.22,19.82,81.72,39.84,32283.3,0,saudavel,3.33
3642,F04-ALG,F04,Algodao,228.9,-16.77935,-49.61216,2024/2025,2025-01-27,27,81,floracao,0.8226,0.7213,18.75,58.78,39.25,21.4,87.65,56.1,25347.1,0,saudavel,3.33
3643,F04-ALG,F04,Algodao,228.9,-16.77935,-49.61216,2024/2025,2025-01-28,28,82,floracao,0.7869,0.7034,16.37,59.49,11.21,19.84,77.8,53.9,49464.4,0,saudavel,3.33
3644,F04-ALG,F04,Algodao,228.9,-16.77935,-49.61216,2024/2025,2025-01-29,29,83,frutificacao,0.8065,0.6709,14.29,65.26,21.46,20.25,78.31,53.89,36818.1,0,saudavel,3.33
3645,F04-ALG,F04,Algodao,228.9,-16.77935,-49.61216,2024/2025,2025-01-30,30,84,frutificacao,0.8147,0.6893,16.79,61.74,3.8,20.69,69.78,44.58,51495.1,0,saudavel,3.33
3646,F04-ALG,F04,Algodao,228.9,-16.77935,-49.61216,2024/2025,2025-01-31,31,85,frutificacao,0.8086,0.6454,15.24,56.6,0.0,18.99,77.15,37.44,49647.3,0,saudavel,3.33
3647,F04-ALG,F04,Algodao,228.9,-16.77935,-49.61216,2024/2025,2025-02-01,32,86,frutificacao,0.8008,0.6315,15.57,51.87,0.0,18.75,69.86,29.82,49606.8,1,saudavel,3.33
3648,F04-ALG,F04,Algodao,228.9,-16.77935,-49.61216,2024/2025,2025-02-02,33,87,frutificacao,0.7959,0.687,15.98,50.93,6.82,18.66,73.31,27.3,53030.4,0,saudavel,3.33
3649,F04-ALG,F04,Algodao,228.9,-16.77935,-49.61216,2024/2025,2025-02-03,34,88,frutificacao,0.7972,0.6605,17.96,46.65,0.0,19.49,82.56,24.41,58217.7,1,saudavel,3.33
3650,F04-ALG,F04,Algodao,228.9,-16.77935,-49.61216,2024/2025,2025-02-04,35,89,frutificacao,0.7912,0.6331,17.31,46.17,6.89,20.4,70.31,27.05,52601.8,0,saudavel,3.33
3651,F04-ALG,F04,Algodao,228.9,-16.77935,-49.61216,2024/2025,2025-02-05,36,90,frutificacao,0.8106,0.6657,14.56,42.28,0.0,18.86,71.62,21.92,59324.9,1,saudavel,3.33
3652,F04-ALG,F04,Algodao,228.9,-16.77935,-49.61216,2024/2025,2025-02-06,37,91,frutificacao,0.8395,0.7204,17.38,38.69,0.0,21.13,69.29,19.63,57617.8,1,saudavel,3.33
3653,F04-ALG,F04,Algodao,228.9,-16.77935,-49.61216,2024/2025,2025-02-07,38,92,frutificacao,0.8088,0.6952,19.32,39.53,8.31,21.96,81.34,23.48,46570.4,0,saudavel,3.33
3654,F04-ALG,F04,Algodao,228.9,-16.77935,-49.61216,2024/2025,2025-02-08,39,93,frutificacao,0.812,0.6575,14.53,40.06,7.78,17.95,87.93,24.03,47773.4,0,saudavel,3.33
3655,F04-ALG,F04,Algodao,228.9,-16.77935,-49.61216,2024/2025,2025-02-09,40,94,frutificacao,0.82,0.7217,16.81,36.66,0.0,20.99,77.42,18.68,50636.9,1,saudavel,3.33
3656,F04-ALG,F04,Algodao,228.9,-16.77935,-49.61216,2024/2025,2025-02-10,41,95,frutificacao,0.7872,0.6552,16.56,45.13,23.21,19.12,83.5,30.27,32855.5,1,saudavel,3.33
3657,F04-ALG,F04,Algodao,228.9,-16.77935,-49.61216,2024/2025,2025-02-11,42,96,frutificacao,0.7578,0.6496,15.69,41.32,0.0,19.66,72.51,22.38,54370.4,1,saudavel,3.33
3658,F04-ALG,F04,Algodao,228.9,-16.77935,-49.61216,2024/2025,2025-02-12,43,97,frutificacao,0.7912,0.6733,14.83,37.81,0.0,18.83,84.85,18.95,54144.1,1,saudavel,3.33
3659,F04-ALG,F04,Algodao,228.9,-16.77935,-49.61216,2024/2025,2025-02-13,44,98,frutificacao,0.8052,0.6842,17.97,37.35,5.52,20.8,73.8,18.37,46444.6,0,saudavel,3.33
3660,F04-ALG,F04,Algodao,228.9,-16.77935,-49.61216,2024/2025,2025-02-14,45,99,frutificacao,0.8248,0.6823,15.23,34.16,0.0,19.44,81.4,14.89,45181.4,1,saudavel,3.33
3661,F04-ALG,F04,Algodao,228.9,-16.77935,-49.61216,2024/2025,2025-02-15,46,100,frutificacao,0.7611,0.6464,15.14,31.22,0.0,18.34,78.44,12.01,46435.4,1,saudavel,3.33
3662,F04-ALG,F04,Algodao,228.9,-16.77935,-49.61216,2024/2025,2025-02-16,47,101,frutificacao,0.7983,0.6839,15.01,28.53,0.0,18.18,68.94,8.32,52104.4,1,saudavel,3.33
3663,F04-ALG,F04,Algodao,228.9,-16.77935,-49.61216,2024/2025,2025-02-17,48,102,frutificacao,0.7766,0.6561,13.92,26.57,1.06,16.96,74.69,7.19,47969.3,1,saudavel,3.33
3664,F04-ALG,F04,Algodao,228.9,-16.77935,-49.61216,2024/2025,2025-02-18,49,103,frutificacao,0.7581,0.6464,14.06,29.98,11.45,17.85,79.29,11.04,42506.5,0,saudavel,3.33
3665,F04-ALG,F04,Algodao,228.9,-16.77935,-49.61216,2024/2025,2025-02-19,50,104,frutificacao,0.7389,0.6501,18.17,31.07,7.39,20.49,67.45,12.88,39979.9,0,saudavel,3.33
3666,F04-ALG,F04,Algodao,228.9,-16.77935,-49.61216,2024/2025,2025-02-20,51,105,frutificacao,0.7415,0.6208,16.65,28.39,0.0,20.24,78.18,8.63,53532.5,1,saudavel,3.33
3667,F04-ALG,F04,Algodao,228.9,-16.77935,-49.61216,2024/2025,2025-02-21,52,106,frutificacao,0.7572,0.6567,16.44,29.29,6.76,17.61,71.04,9.89,40785.0,0,saudavel,3.33
3668,F04-ALG,F04,Algodao,228.9,-16.77935,-49.61216,2024/2025,2025-02-22,53,107,frutificacao,0.7621,0.6436,13.62,31.55,9.59,16.88,81.11,10.7,45440.3,0,saudavel,3.33
3669,F04-ALG,F04,Algodao,228.9,-16.77935,-49.61216,2024/2025,2025-02-23,54,108,frutificacao,0.6743,0.6016,18.45,35.73,13.82,19.91,69.63,16.85,32669.8,0,saudavel,3.33
3670,F04-ALG,F04,Algodao,228.9,-16.77935,-49.61216,2024/2025,2025-02-24,55,109,frutificacao,0.7293,0.5918,17.26,43.29,21.24,19.09,78.98,28.09,32929.1,0,saudavel,3.33
3671,F04-ALG,F04,Algodao,228.9,-16.77935,-49.61216,2024/2025,2025-02-25,56,110,frutificacao,0.697,0.6185,12.81,54.69,30.12,15.44,82.88,,21127.1,0,saudavel,3.33
3672,F04-ALG,F04,Algodao,228.9,-16.77935,-49.61216,2024/2025,2025-02-26,57,111,frutificacao,0.6875,0.5737,19.53,55.34,11.04,22.69,73.44,43.11,38744.4,0,saudavel,3.33
3673,F04-ALG,F04,Algodao,228.9,-16.77935,-49.61216,2024/2025,2025-02-27,58,112,frutificacao,0.6931,0.6314,16.84,54.35,7.27,18.35,76.32,38.39,44692.2,0,saudavel,3.33
3674,F04-ALG,F04,Algodao,228.9,-16.77935,-49.61216,2024/2025,2025-02-28,59,113,frutificacao,0.71,0.6122,17.04,49.77,0.0,20.85,82.48,30.45,49553.4,1,saudavel,3.33
3675,F04-ALG,F04,Algodao,228.9,-16.77935,-49.61216,2024/2025,2025-03-01,60,114,frutificacao,0.6432,0.5637,15.47,69.83,48.55,18.53,72.36,57.6,20786.5,0,saudavel,3.33
3676,F04-ALG,F04,Algodao,228.9,-16.77935,-49.61216,2024/2025,2025-03-02,61,115,frutificacao,0.6407,0.5414,15.52,75.44,22.87,16.68,74.55,61.66,26732.0,0,saudavel,3.33
3677,F04-ALG,F04,Algodao,228.9,-16.77935,-49.61216,2024/2025,2025-03-03,62,116,frutificacao,0.5953,0.5196,16.94,76.79,15.39,18.5,79.16,60.44,29360.5,0,saudavel,3.33
3678,F04-ALG,F04,Algodao,228.9,-16.77935,-49.61216,2024/2025,2025-03-04,63,117,frutificacao,0.6191,0.5398,13.71,72.41,4.07,15.98,79.4,55.03,37026.2,0,saudavel,3.33
3679,F04-ALG,F04,Algodao,228.9,-16.77935,-49.61216,2024/2025,2025-03-05,64,118,frutificacao,0.5793,0.4895,16.26,66.94,1.31,17.97,74.71,45.16,41659.0,0,saudavel,3.33
3680,F04-ALG,F04,Algodao,228.9,-16.77935,-49.61216,2024/2025,2025-03-06,65,119,frutificacao,0.6068,0.531,14.25,61.3,0.0,16.51,70.55,35.93,42233.9,0,saudavel,3.33
3681,F04-ALG,F04,Algodao,228.9,-16.77935,-49.61216,2024/2025,2025-03-07,66,120,frutificacao,0.5641,0.4122,18.91,56.04,0.0,17.81,80.54,27.51,39930.9,1,saudavel,3.33
3682,F04-ALG,F04,Algodao,228.9,-16.77935,-49.61216,2024/2025,2025-03-08,67,121,frutificacao,0.5325,0.4397,18.7,54.94,7.58,18.47,68.9,26.53,37916.2,0,saudavel,3.33
3683,F04-ALG,F04,Algodao,228.9,-16.77935,-49.61216,2024/2025,2025-03-09,68,122,frutificacao,0.5136,0.437,17.08,50.12,0.0,18.52,86.27,22.73,43651.2,1,saudavel,3.33
3684,F04-ALG,F04,Algodao,228.9,-16.77935,-49.61216,2024/2025,2025-03-10,69,123,frutificacao,0.5072,0.4412,15.0,45.67,0.0,15.87,70.31,18.93,43355.8,1,saudavel,3.33
3685,F04-ALG,F04,Algodao,228.9,-16.77935,-49.61216,2024/2025,2025-03-11,70,124,frutificacao,0.4946,0.4398,17.23,41.56,0.0,17.08,69.86,17.07,40644.6,1,saudavel,3.33
3686,F04-ALG,F04,Algodao,228.9,-16.77935,-49.61216,2024/2025,2025-03-12,71,125,frutificacao,0.4383,0.3675,14.15,37.69,0.0,15.07,78.11,13.84,40949.0,1,saudavel,3.33
3687,F04-ALG,F04,Algodao,228.9,-16.77935,-49.61216,2024/2025,2025-03-13,72,126,frutificacao,0.44,0.3662,18.44,34.13,0.0,18.96,76.64,7.28,41379.3,1,saudavel,3.33
3688,F04-ALG,F04,Algodao,228.9,-16.77935,-49.61216,2024/2025,2025-03-14,73,127,frutificacao,0.4245,0.3783,18.2,30.84,0.0,18.32,69.22,6.18,44423.5,1,saudavel,3.33
3689,F04-ALG,F04,Algodao,228.9,-16.77935,-49.61216,2024/2025,2025-03-15,74,128,maturacao,0.411,0.3724,15.67,27.79,0.0,16.25,83.61,5.0,39583.7,0,saudavel,3.33
3690,F04-ALG,F04,Algodao,228.9,-16.77935,-49.61216,2024/2025,2025-03-16,75,129,maturacao,0.4156,0.3681,21.47,24.98,0.0,20.11,74.29,5.0,36218.9,0,saudavel,3.33
3691,F04-ALG,F04,Algodao,228.9,-16.77935,-49.61216,2024/2025,2025-03-17,76,130,maturacao,0.3444,0.2897,18.89,22.29,0.0,18.7,72.06,5.0,39931.8,0,saudavel,3.33
3692,F04-ALG,F04,Algodao,228.9,-16.77935,-49.61216,2024/2025,2025-03-18,77,131,maturacao,0.3763,0.3708,18.34,23.48,7.2,17.84,75.56,6.16,34359.8,0,saudavel,3.33
3693,F04-ALG,F04,Algodao,228.9,-16.77935,-49.61216,2024/2025,2025-03-19,78,132,maturacao,0.3495,0.2987,18.26,20.92,0.0,17.29,79.82,5.05,35329.1,0,saudavel,3.33
3694,F04-ALG,F04,Algodao,228.9,-16.77935,-49.61216,2024/2025,2025-03-20,79,133,maturacao,0.3182,0.2748,19.77,25.18,13.3,17.05,81.77,10.23,29790.3,1,saudavel,3.33
3695,F04-ALG,F04,Algodao,228.9,-16.77935,-49.61216,2024/2025,2025-03-21,80,134,maturacao,0.331,0.314,17.76,22.46,0.0,16.82,74.63,5.19,36797.1,0,saudavel,3.33
3696,F04-ALG,F04,Algodao,228.9,-16.77935,-49.61216,2024/2025,2025-03-22,81,135,maturacao,0.2949,0.2812,23.25,31.48,23.15,19.77,65.34,,23772.8,0,saudavel,3.33
3697,F04-ALG,F04,Algodao,228.9,-16.77935,-49.61216,2024/2025,2025-03-23,82,136,maturacao,0.2549,0.2308,19.77,28.14,0.0,18.43,66.03,12.76,39988.3,0,atencao,3.33
3698,F04-ALG,F04,Algodao,228.9,-16.77935,-49.61216,2024/2025,2025-03-24,83,137,maturacao,0.2119,0.162,18.33,25.01,0.0,16.45,66.24,10.13,36757.8,0,atencao,3.33
3699,F04-ALG,F04,Algodao,228.9,-16.77935,-49.61216,2024/2025,2025-03-25,84,138,maturacao,0.2464,0.2117,22.7,22.18,0.0,19.98,67.79,5.58,39539.4,0,atencao,3.33
3700,F04-ALG,F04,Algodao,228.9,-16.77935,-49.61216,2024/2025,2025-03-26,85,139,maturacao,0.2509,0.2236,21.58,22.47,5.78,17.91,72.24,9.53,33101.5,0,saudavel,3.33
3701,F04-ALG,F04,Algodao,228.9,-16.77935,-49.61216,2024/2025,2025-03-27,86,140,maturacao,0.2571,0.2575,18.11,21.61,3.49,16.69,73.67,7.57,34320.5,0,saudavel,3.33
3702,F04-ALG,F04,Algodao,228.9,-16.77935,-49.61216,2024/2025,2025-03-28,87,141,maturacao,0.2581,0.2784,23.96,29.27,20.66,21.04,75.42,18.29,23279.8,0,saudavel,3.33
3703,F04-ALG,F04,Algodao,228.9,-16.77935,-49.61216,2024/2025,2025-03-29,88,142,maturacao,0.2342,0.1871,19.19,26.08,0.0,16.46,61.98,13.91,35983.6,0,saudavel,3.33
3704,F04-ALG,F04,Algodao,228.9,-16.77935,-49.61216,2024/2025,2025-03-30,89,143,maturacao,0.205,0.1913,18.27,23.1,0.0,16.88,71.85,10.7,32077.2,0,atencao,3.33
3705,F04-ALG,F04,Algodao,228.9,-16.77935,-49.61216,2024/2025,2025-03-31,90,144,maturacao,0.22,0.1707,20.14,23.82,6.87,18.14,73.26,12.78,26259.3,0,saudavel,3.33
3706,F04-ALG,F04,Algodao,228.9,-16.77935,-49.61216,2024/2025,2025-04-01,91,145,maturacao,0.2183,0.183,20.64,28.57,15.07,18.64,56.41,22.53,29931.6,0,saudavel,3.33
3707,F04-ALG,F04,Algodao,228.9,-16.77935,-49.61216,2024/2025,2025-04-02,92,146,colheita,0.2528,0.1976,17.75,25.47,0.0,17.06,73.48,16.51,35770.7,0,saudavel,3.33
3708,F04-ALG,F04,Algodao,228.9,-16.77935,-49.61216,2024/2025,2025-04-03,93,147,colheita,0.2251,0.2248,17.03,30.21,15.29,14.9,85.97,22.82,24291.6,1,saudavel,3.33
3709,F04-ALG,F04,Algodao,228.9,-16.77935,-49.61216,2024/2025,2025-04-04,94,148,colheita,0.1772,0.1554,20.77,26.86,0.0,18.29,73.95,17.37,37617.6,0,atencao,3.33
3710,F04-ALG,F04,Algodao,228.9,-16.77935,-49.61216,2024/2025,2025-04-05,95,149,colheita,0.2008,0.1765,19.27,23.81,0.0,16.7,72.39,14.55,42668.9,0,saudavel,3.33
3711,F04-FEI,F04,Feijao,227.4,-16.73285,-49.54238,2023/2024,2023-10-06,279,0,germinacao,0.2033,0.1676,33.12,45.0,0.0,30.33,64.51,45.19,45801.4,0,saudavel,0.8
3712,F04-FEI,F04,Feijao,227.4,-16.73285,-49.54238,2023/2024,2023-10-07,280,1,germinacao,0.1756,0.1428,31.19,39.31,0.0,29.63,69.17,33.58,39698.4,1,saudavel,0.8
3713,F04-FEI,F04,Feijao,227.4,-16.73285,-49.54238,2023/2024,2023-10-08,281,2,germinacao,0.1636,0.1395,35.43,33.72,0.0,32.44,63.46,25.53,44264.4,1,atencao,0.8
3714,F04-FEI,F04,Feijao,227.4,-16.73285,-49.54238,2023/2024,2023-10-09,282,3,germinacao,0.1757,0.1323,32.65,28.88,0.0,29.98,,17.21,45960.1,1,saudavel,0.8
3715,F04-FEI,F04,Feijao,227.4,-16.73285,-49.54238,2023/2024,2023-10-10,283,4,germinacao,0.1878,0.1654,31.4,24.58,0.0,28.96,73.3,10.44,46340.1,1,saudavel,0.8
3716,F04-FEI,F04,Feijao,227.4,-16.73285,-49.54238,2023/2024,2023-10-11,284,5,germinacao,0.185,0.1408,33.08,20.47,0.0,30.16,70.98,5.0,48270.1,1,saudavel,0.8
3717,F04-FEI,F04,Feijao,227.4,-16.73285,-49.54238,2023/2024,2023-10-12,285,6,germinacao,0.1675,0.1524,33.17,16.54,0.0,31.18,58.77,5.0,45778.3,1,atencao,0.8
3718,F04-FEI,F04,Feijao,227.4,-16.73285,-49.54238,2023/2024,2023-10-13,286,7,germinacao,0.2158,0.1626,32.54,17.91,9.78,,66.8,5.0,40552.3,0,saudavel,0.8
3719,F04-FEI,F04,Feijao,227.4,-16.73285,-49.54238,2023/2024,2023-10-14,287,8,germinacao,0.2187,0.1741,30.7,14.67,0.0,27.73,74.6,5.0,46973.9,1,saudavel,0.8
3720,F04-FEI,F04,Feijao,227.4,-16.73285,-49.54238,2023/2024,2023-10-15,288,9,vegetativo,0.2332,0.1781,32.84,11.34,0.0,30.94,64.85,5.0,49713.8,1,saudavel,0.8
3721,F04-FEI,F04,Feijao,227.4,-16.73285,-49.54238,2023/2024,2023-10-16,289,10,vegetativo,0.166,0.1304,32.24,8.24,0.0,30.3,70.79,5.0,43229.9,1,atencao,0.8
3722,F04-FEI,F04,Feijao,227.4,-16.73285,-49.54238,2023/2024,2023-10-17,290,11,vegetativo,0.1875,0.1237,30.83,22.89,34.53,28.7,73.63,,16271.9,0,saudavel,0.8
3723,F04-FEI,F04,Feijao,227.4,-16.73285,-49.54238,2023/2024,2023-10-18,291,12,vegetativo,0.2143,0.1332,29.74,19.23,0.0,27.93,70.07,6.69,52254.5,1,saudavel,0.8
3724,F04-FEI,F04,Feijao,227.4,-16.73285,-49.54238,2023/2024,2023-10-19,292,13,vegetativo,0.2161,0.1773,32.97,17.72,4.52,31.26,77.63,5.0,43434.6,0,saudavel,0.8
3725,F04-FEI,F04,Feijao,227.4,-16.73285,-49.54238,2023/2024,2023-10-20,293,14,vegetativo,0.2153,0.1523,33.86,14.06,0.0,31.35,70.29,5.0,44022.5,1,saudavel,0.8
3726,F04-FEI,F04,Feijao,227.4,-16.73285,-49.54238,2023/2024,2023-10-21,294,15,vegetativo,0.217,0.2192,32.53,10.7,0.0,31.36,67.73,5.0,48965.5,1,saudavel,0.8
3727,F04-FEI,F04,Feijao,227.4,-16.73285,-49.54238,2023/2024,2023-10-22,295,16,vegetativo,0.2261,0.185,30.47,9.32,2.34,26.98,69.18,5.0,46264.0,1,atencao,0.8
3728,F04-FEI,F04,Feijao,227.4,-16.73285,-49.54238,2023/2024,2023-10-23,296,17,vegetativo,0.3006,0.2697,30.09,8.51,3.44,28.57,69.01,5.0,48303.7,0,saudavel,0.8
3729,F04-FEI,F04,Feijao,227.4,-16.73285,-49.54238,2023/2024,2023-10-24,297,18,vegetativo,0.2481,0.2171,28.84,24.6,37.33,28.91,66.4,19.2,26663.8,0,atencao,0.8
3730,F04-FEI,F04,Feijao,227.4,-16.73285,-49.54238,2023/2024,2023-10-25,298,19,vegetativo,0.2647,0.2037,32.91,32.15,23.28,31.02,62.56,27.29,29758.5,0,atencao,0.8
3731,F04-FEI,F04,Feijao,227.4,-16.73285,-49.54238,2023/2024,2023-10-26,299,20,vegetativo,0.294,0.2415,30.33,34.19,13.12,29.91,64.47,26.78,42612.5,0,saudavel,0.8
3732,F04-FEI,F04,Feijao,227.4,-16.73285,-49.54238,2023/2024,2023-10-27,300,21,vegetativo,0.3463,0.3092,29.15,29.78,0.0,28.3,69.39,21.36,47637.5,1,saudavel,0.8
3733,F04-FEI,F04,Feijao,227.4,-16.73285,-49.54238,2023/2024,2023-10-28,301,22,vegetativo,0.3644,0.3232,29.38,35.51,19.64,28.81,73.99,27.93,27632.9,0,saudavel,0.8
3734,F04-FEI,F04,Feijao,227.4,-16.73285,-49.54238,2023/2024,2023-10-29,302,23,vegetativo,0.4077,0.3639,30.58,30.93,0.0,29.57,71.32,20.38,52292.5,1,saudavel,0.8
3735,F04-FEI,F04,Feijao,227.4,-16.73285,-49.54238,2023/2024,2023-10-30,303,24,vegetativo,0.4167,0.3411,30.47,28.13,2.79,29.55,70.71,17.07,48931.5,1,saudavel,0.8
3736,F04-FEI,F04,Feijao,227.4,-16.73285,-49.54238,2023/2024,2023-10-31,304,25,vegetativo,0.4652,0.4071,30.92,24.07,0.0,30.88,79.83,11.52,46730.1,1,saudavel,0.8
3737,F04-FEI,F04,Feijao,227.4,-16.73285,-49.54238,2023/2024,2023-11-01,305,26,vegetativo,0.498,0.4112,31.9,20.44,0.0,30.47,78.05,7.33,54517.9,1,saudavel,0.8
3738,F04-FEI,F04,Feijao,227.4,-16.73285,-49.54238,2023/2024,2023-11-02,306,27,vegetativo,0.5604,0.4965,28.32,24.88,15.29,30.09,65.47,11.55,34370.3,0,saudavel,0.8
3739,F04-FEI,F04,Feijao,227.4,-16.73285,-49.54238,2023/2024,2023-11-03,307,28,vegetativo,0.5958,0.5261,27.0,21.74,0.0,26.99,75.57,6.72,52892.5,1,saudavel,0.8
3740,F04-FEI,F04,Feijao,227.4,-16.73285,-49.54238,2023/2024,2023-11-04,308,29,vegetativo,0.5868,0.4713,27.12,18.84,0.0,27.01,66.26,6.8,55794.5,1,saudavel,0.8
3741,F04-FEI,F04,Feijao,227.4,-16.73285,-49.54238,2023/2024,2023-11-05,309,30,floracao,0.6342,0.5446,25.13,18.44,4.27,26.5,74.0,5.45,50698.0,0,saudavel,0.8
3742,F04-FEI,F04,Feijao,227.4,-16.73285,-49.54238,2023/2024,2023-11-06,310,31,floracao,0.645,0.5263,27.2,37.2,42.99,28.55,64.72,30.88,27605.5,0,saudavel,0.8
3743,F04-FEI,F04,Feijao,227.4,-16.73285,-49.54238,2023/2024,2023-11-07,311,32,floracao,0.679,0.5937,25.97,33.19,0.0,27.13,69.56,26.58,52836.1,1,saudavel,0.8
3744,F04-FEI,F04,Feijao,227.4,-16.73285,-49.54238,2023/2024,2023-11-08,312,33,floracao,0.6903,0.5642,26.12,35.41,12.16,28.65,74.95,29.17,43961.0,0,saudavel,0.8
3745,F04-FEI,F04,Feijao,227.4,-16.73285,-49.54238,2023/2024,2023-11-09,313,34,floracao,0.7137,0.6131,25.85,54.33,45.87,28.78,69.63,52.64,28898.8,0,saudavel,0.8
3746,F04-FEI,F04,Feijao,227.4,-16.73285,-49.54238,2023/2024,2023-11-10,314,35,floracao,0.7299,0.6352,24.94,61.91,25.97,27.96,67.15,57.46,29249.1,0,saudavel,0.8
3747,F04-FEI,F04,Feijao,227.4,-16.73285,-49.54238,2023/2024,2023-11-11,315,36,floracao,0.733,0.6244,26.56,55.79,0.0,28.87,68.7,44.67,51822.7,0,saudavel,0.8
3748,F04-FEI,F04,Feijao,227.4,-16.73285,-49.54238,2023/2024,2023-11-12,316,37,floracao,0.7368,0.6435,23.4,50.46,0.0,26.5,68.99,35.03,57807.5,1,saudavel,0.8
3749,F04-FEI,F04,Feijao,227.4,-16.73285,-49.54238,2023/2024,2023-11-13,317,38,floracao,0.7627,0.6542,21.58,55.27,19.05,25.16,76.71,40.73,43549.5,0,saudavel,0.8
3750,F04-FEI,F04,Feijao,227.4,-16.73285,-49.54238,2023/2024,2023-11-14,318,39,floracao,0.7454,0.665,22.49,50.02,0.0,26.24,80.15,34.23,60366.6,1,saudavel,0.8
3751,F04-FEI,F04,Feijao,227.4,-16.73285,-49.54238,2023/2024,2023-11-15,319,40,floracao,0.7415,0.6083,24.81,54.65,19.49,28.46,71.95,39.48,29998.4,0,saudavel,0.8
3752,F04-FEI,F04,Feijao,227.4,-16.73285,-49.54238,2023/2024,2023-11-16,320,41,floracao,0.7257,0.6092,26.71,48.98,0.0,29.88,77.37,29.83,60056.6,1,saudavel,0.8
3753,F04-FEI,F04,Feijao,227.4,-16.73285,-49.54238,2023/2024,2023-11-17,321,42,floracao,0.768,0.6144,25.72,43.91,0.0,29.25,69.86,22.81,54601.7,1,saudavel,0.8
3754,F04-FEI,F04,Feijao,227.4,-16.73285,-49.54238,2023/2024,2023-11-18,322,43,floracao,0.7752,0.653,23.78,50.54,21.96,26.64,73.91,32.67,41351.7,0,saudavel,0.8
3755,F04-FEI,F04,Feijao,227.4,-16.73285,-49.54238,2023/2024,2023-11-19,323,44,floracao,0.7278,0.5949,24.97,46.99,3.2,28.3,82.47,27.94,50740.8,0,saudavel,0.8
3756,F04-FEI,F04,Feijao,227.4,-16.73285,-49.54238,2023/2024,2023-11-20,324,45,floracao,0.7501,0.6098,22.42,42.6,0.0,24.68,74.96,21.71,53695.4,0,saudavel,0.8
3757,F04-FEI,F04,Feijao,227.4,-16.73285,-49.54238,2023/2024,2023-11-21,325,46,floracao,0.7766,0.629,27.97,38.08,0.0,29.0,78.73,,57111.2,1,saudavel,0.8
3758,F04-FEI,F04,Feijao,227.4,-16.73285,-49.54238,2023/2024,2023-11-22,326,47,frutificacao,0.7572,0.6341,25.81,34.08,0.0,27.37,70.87,12.42,56232.1,0,saudavel,0.8
3759,F04-FEI,F04,Feijao,227.4,-16.73285,-49.54238,2023/2024,2023-11-23,327,48,frutificacao,0.7587,0.65,23.79,42.27,23.8,27.68,74.3,23.98,33703.5,0,saudavel,0.8
3760,F04-FEI,F04,Feijao,227.4,-16.73285,-49.54238,2023/2024,2023-11-24,328,49,frutificacao,0.7724,0.6661,20.28,43.46,10.07,23.53,72.71,25.97,50903.2,0,saudavel,0.8
3761,F04-FEI,F04,Feijao,227.4,-16.73285,-49.54238,2023/2024,2023-11-25,329,50,frutificacao,0.7473,0.6553,23.0,42.83,7.52,27.0,75.36,23.98,54376.1,0,saudavel,0.8
3762,F04-FEI,F04,Feijao,227.4,-16.73285,-49.54238,2023/2024,2023-11-26,330,51,frutificacao,0.7513,0.6575,26.41,38.25,0.0,28.98,75.15,17.11,55253.6,1,saudavel,0.8
3763,F04-FEI,F04,Feijao,227.4,-16.73285,-49.54238,2023/2024,2023-11-27,331,52,frutificacao,0.7146,0.5848,24.38,34.27,0.0,26.56,79.29,13.59,63154.1,1,saudavel,0.8
3764,F04-FEI,F04,Feijao,227.4,-16.73285,-49.54238,2023/2024,2023-11-28,332,53,frutificacao,0.7341,0.6091,23.45,37.74,14.03,25.89,73.11,17.32,41035.0,0,saudavel,0.8
3765,F04-FEI,F04,Feijao,227.4,-16.73285,-49.54238,2023/2024,2023-11-29,333,54,frutificacao,0.6892,0.5897,22.29,33.89,0.0,25.54,75.48,11.37,,1,saudavel,0.8
3766,F04-FEI,F04,Feijao,227.4,-16.73285,-49.54238,2023/2024,2023-11-30,334,55,frutificacao,0.6768,0.5794,22.01,30.42,0.0,24.75,82.83,10.61,66243.0,1,saudavel,0.8
3767,F04-FEI,F04,Feijao,227.4,-16.73285,-49.54238,2023/2024,2023-12-01,335,56,frutificacao,0.6769,0.603,24.73,27.1,0.0,25.86,70.26,8.78,59876.7,1,saudavel,0.8
3768,F04-FEI,F04,Feijao,227.4,-16.73285,-49.54238,2023/2024,2023-12-02,336,57,frutificacao,0.6796,0.5719,22.09,24.3,0.0,23.81,65.26,,56915.6,1,saudavel,0.8
3769,F04-FEI,F04,Feijao,227.4,-16.73285,-49.54238,2023/2024,2023-12-03,337,58,frutificacao,0.6485,0.5666,23.5,21.38,0.0,26.21,73.01,5.0,59791.7,1,saudavel,0.8
3770,F04-FEI,F04,Feijao,227.4,-16.73285,-49.54238,2023/2024,2023-12-04,338,59,frutificacao,0.6077,0.5137,24.34,18.53,0.0,27.1,78.88,5.0,61223.9,1,saudavel,0.8
3771,F04-FEI,F04,Feijao,227.4,-16.73285,-49.54238,2023/2024,2023-12-05,339,60,frutificacao,0.6144,0.5294,23.08,20.12,7.83,24.69,77.77,5.0,52493.5,0,saudavel,0.8
3772,F04-FEI,F04,Feijao,227.4,-16.73285,-49.54238,2023/2024,2023-12-06,340,61,frutificacao,0.5742,0.4958,24.51,17.48,0.0,25.81,71.98,5.0,63145.1,1,saudavel,0.8
3773,F04-FEI,F04,Feijao,227.4,-16.73285,-49.54238,2023/2024,2023-12-07,341,62,frutificacao,0.5578,0.4736,22.73,15.11,0.0,25.03,77.66,5.0,56797.5,1,saudavel,0.8
3774,F04-FEI,F04,Feijao,227.4,-16.73285,-49.54238,2023/2024,2023-12-08,342,63,frutificacao,0.4867,0.3942,24.93,12.76,0.0,25.62,75.19,5.0,57514.9,1,saudavel,0.8
3775,F04-FEI,F04,Feijao,227.4,-16.73285,-49.54238,2023/2024,2023-12-09,343,64,frutificacao,0.5003,0.4308,25.3,10.53,0.0,26.29,68.86,5.0,56883.0,0,saudavel,0.8
3776,F04-FEI,F04,Feijao,227.4,-16.73285,-49.54238,2023/2024,2023-12-10,344,65,frutificacao,0.4705,0.4128,24.62,13.02,8.95,25.44,75.56,5.0,48239.8,0,saudavel,0.8
3777,F04-FEI,F04,Feijao,227.4,-16.73285,-49.54238,2023/2024,2023-12-11,345,66,frutificacao,0.4254,0.3637,25.75,10.69,0.0,26.01,80.7,5.0,59816.9,1,saudavel,0.8
3778,F04-FEI,F04,Feijao,227.4,-16.73285,-49.54238,2023/2024,2023-12-12,346,67,frutificacao,0.3868,0.2735,26.19,9.94,2.73,25.4,76.02,5.0,53836.1,1,saudavel,0.8
3779,F04-FEI,F04,Feijao,227.4,-16.73285,-49.54238,2023/2024,2023-12-13,347,68,frutificacao,0.359,0.3016,26.67,8.0,0.0,25.81,69.65,5.0,60673.1,1,saudavel,0.8
3780,F04-FEI,F04,Feijao,227.4,-16.73285,-49.54238,2023/2024,2023-12-14,348,69,frutificacao,0.3303,0.2943,27.17,8.0,0.0,24.88,86.45,5.0,61746.0,1,saudavel,0.8
3781,F04-FEI,F04,Feijao,227.4,-16.73285,-49.54238,2023/2024,2023-12-15,349,70,frutificacao,0.2736,0.213,26.54,8.0,0.0,24.8,72.95,5.0,56220.2,0,atencao,0.8
3782,F04-FEI,F04,Feijao,227.4,-16.73285,-49.54238,2023/2024,2023-12-16,350,71,frutificacao,0.2692,0.2501,27.62,11.15,17.72,25.24,79.57,10.14,40330.4,0,saudavel,0.8
3783,F04-FEI,F04,Feijao,227.4,-16.73285,-49.54238,2023/2024,2023-12-17,351,72,frutificacao,0.2619,0.2104,24.31,15.61,13.28,23.99,82.67,15.36,45151.7,0,saudavel,0.8
3784,F04-FEI,F04,Feijao,227.4,-16.73285,-49.54238,2023/2024,2023-12-18,352,73,maturacao,0.2287,0.188,26.77,12.94,0.0,24.67,80.23,10.99,59314.1,0,atencao,0.8
3785,F04-FEI,F04,Feijao,227.4,-16.73285,-49.54238,2023/2024,2023-12-19,353,74,maturacao,0.2656,0.2299,23.79,24.1,26.6,22.56,78.27,25.2,32897.7,1,saudavel,0.8
3786,F04-FEI,F04,Feijao,227.4,-16.73285,-49.54238,2023/2024,2023-12-20,354,75,maturacao,0.2366,0.1827,23.67,21.2,0.0,21.07,71.27,17.1,62712.9,0,saudavel,0.8
3787,F04-FEI,F04,Feijao,227.4,-16.73285,-49.54238,2023/2024,2023-12-21,355,76,maturacao,0.2536,0.2338,25.8,24.64,12.84,23.83,84.59,22.08,50100.4,0,saudavel,0.8
3788,F04-FEI,F04,Feijao,227.4,-16.73285,-49.54238,2023/2024,2023-12-22,356,77,maturacao,0.2266,0.2179,25.92,21.53,0.0,22.39,73.79,17.5,57571.6,0,saudavel,0.8
3789,F04-FEI,F04,Feijao,227.4,-16.73285,-49.54238,2023/2024,2023-12-23,357,78,maturacao,0.1771,0.1285,27.85,20.5,4.79,26.38,82.11,12.76,57274.0,0,atencao,0.8
3790,F04-FEI,F04,Feijao,227.4,-16.73285,-49.54238,2023/2024,2023-12-24,358,79,maturacao,0.2264,0.1887,23.43,17.74,0.0,22.18,85.35,11.33,64096.8,0,saudavel,0.8
3791,F04-FEI,F04,Feijao,227.4,-16.73285,-49.54238,2023/2024,2023-12-25,359,80,maturacao,0.1873,0.1971,27.07,18.87,8.0,24.42,72.36,11.96,55589.0,0,saudavel,0.8
3792,F04-FEI,F04,Feijao,227.4,-16.73285,-49.54238,2023/2024,2023-12-26,360,81,maturacao,0.2205,0.2094,23.99,16.24,0.0,22.1,73.68,8.17,60536.9,0,saudavel,0.8
3793,F04-FEI,F04,Feijao,227.4,-16.73285,-49.54238,2023/2024,2023-12-27,361,82,maturacao,0.2208,0.1554,24.1,13.7,0.0,23.03,77.35,5.0,59725.1,0,saudavel,0.8
3794,F04-FEI,F04,Feijao,227.4,-16.73285,-49.54238,2023/2024,2023-12-28,362,83,colheita,0.2156,0.2066,23.72,11.58,0.0,,84.97,5.0,55636.9,0,saudavel,0.8
3795,F04-FEI,F04,Feijao,227.4,-16.73285,-49.54238,2023/2024,2023-12-29,363,84,colheita,0.2084,0.1087,22.68,18.1,16.93,21.05,77.53,15.25,,0,saudavel,0.8
3796,F04-FEI,F04,Feijao,227.4,-16.73285,-49.54238,2024/2025,2024-10-01,275,0,germinacao,0.1588,0.1582,34.75,45.0,0.0,32.09,63.14,47.17,47672.1,0,atencao,0.87
3797,F04-FEI,F04,Feijao,227.4,-16.73285,-49.54238,2024/2025,2024-10-02,276,1,germinacao,0.1456,0.1384,33.79,41.3,4.39,30.97,65.2,36.5,41832.4,0,atencao,0.87
3798,F04-FEI,F04,Feijao,227.4,-16.73285,-49.54238,2024/2025,2024-10-03,277,2,germinacao,0.2042,0.158,33.17,35.79,0.0,30.95,75.69,27.0,47162.8,1,saudavel,0.87
3799,F04-FEI,F04,Feijao,227.4,-16.73285,-49.54238,2024/2025,2024-10-04,278,3,germinacao,0.1957,0.1797,31.71,30.93,0.0,29.07,66.01,20.16,46368.9,1,saudavel,0.87
3800,F04-FEI,F04,Feijao,227.4,-16.73285,-49.54238,2024/2025,2024-10-05,279,4,germinacao,0.1582,0.1487,34.28,26.02,0.0,32.26,69.29,15.51,47011.3,1,atencao,0.87
3801,F04-FEI,F04,Feijao,227.4,-16.73285,-49.54238,2024/2025,2024-10-06,280,5,germinacao,0.237,0.2226,31.44,24.78,5.41,28.55,77.72,15.27,37627.4,0,saudavel,0.87
3802,F04-FEI,F04,Feijao,227.4,-16.73285,-49.54238,2024/2025,2024-10-07,281,6,germinacao,0.1656,0.1607,28.34,20.98,0.0,27.2,75.87,12.7,48067.3,1,atencao,0.87
3803,F04-FEI,F04,Feijao,227.4,-16.73285,-49.54238,2024/2025,2024-10-08,282,7,germinacao,0.2044,0.2153,32.92,17.11,0.0,30.78,66.12,8.82,46908.8,1,saudavel,0.87
3804,F04-FEI,F04,Feijao,227.4,-16.73285,-49.54238,2024/2025,2024-10-09,283,8,germinacao,0.1926,0.1827,30.3,13.79,0.0,28.66,72.53,6.03,44605.5,1,saudavel,0.87
3805,F04-FEI,F04,Feijao,227.4,-16.73285,-49.54238,2024/2025,2024-10-10,284,9,vegetativo,0.1702,0.129,31.02,27.67,33.66,27.55,68.29,22.99,25139.9,0,atencao,0.87
3806,F04-FEI,F04,Feijao,227.4,-16.73285,-49.54238,2024/2025,2024-10-11,285,10,vegetativo,0.2062,0.1788,32.12,28.83,11.12,30.77,65.71,21.76,41749.7,0,saudavel,0.87
3807,F04-FEI,F04,Feijao,227.4,-16.73285,-49.54238,2024/2025,2024-10-12,286,11,vegetativo,0.2,0.149,28.94,24.83,0.0,26.67,72.76,18.16,46553.6,0,saudavel,0.87
3808,F04-FEI,F04,Feijao,227.4,-16.73285,-49.54238,2024/2025,2024-10-13,287,12,vegetativo,0.1965,0.1912,32.36,20.73,0.0,30.05,71.13,11.46,44933.5,1,saudavel,0.87
3809,F04-FEI,F04,Feijao,227.4,-16.73285,-49.54238,2024/2025,2024-10-14,288,13,vegetativo,0.2424,0.1889,30.66,17.2,0.0,28.65,70.28,6.15,45403.7,1,saudavel,0.87
3810,F04-FEI,F04,Feijao,227.4,-16.73285,-49.54238,2024/2025,2024-10-15,289,14,vegetativo,0.2324,0.2421,32.85,13.57,0.0,31.67,65.27,5.0,43657.4,1,saudavel,0.87
3811,F04-FEI,F04,Feijao,227.4,-16.73285,-49.54238,2024/2025,2024-10-16,290,15,vegetativo,0.2394,0.1977,32.11,10.46,0.0,29.9,64.94,5.0,47663.8,1,saudavel,0.87
3812,F04-FEI,F04,Feijao,227.4,-16.73285,-49.54238,2024/2025,2024-10-17,291,16,vegetativo,0.2274,0.1924,32.76,8.0,0.0,30.78,60.98,5.0,50264.2,1,saudavel,0.87
3813,F04-FEI,F04,Feijao,227.4,-16.73285,-49.54238,2024/2025,2024-10-18,292,17,vegetativo,0.2469,0.2006,29.61,8.0,0.0,27.49,69.99,5.0,54015.7,1,saudavel,0.87
3814,F04-FEI,F04,Feijao,227.4,-16.73285,-49.54238,2024/2025,2024-10-19,293,18,vegetativo,0.2492,0.1975,29.85,8.0,0.0,26.52,71.12,5.0,46715.3,1,atencao,0.87
3815,F04-FEI,F04,Feijao,227.4,-16.73285,-49.54238,2024/2025,2024-10-20,294,19,vegetativo,0.2713,0.22,30.13,8.0,0.0,28.46,73.11,5.0,50525.5,1,atencao,0.87
3816,F04-FEI,F04,Feijao,227.4,-16.73285,-49.54238,2024/2025,2024-10-21,295,20,vegetativo,0.2551,0.2215,30.57,8.0,0.0,29.86,61.0,5.0,49827.7,1,atencao,0.87
3817,F04-FEI,F04,Feijao,227.4,-16.73285,-49.54238,2024/2025,2024-10-22,296,21,vegetativo,0.2417,0.2058,32.78,8.0,0.0,28.99,69.51,5.0,50042.8,1,critico,0.87
3818,F04-FEI,F04,Feijao,227.4,-16.73285,-49.54238,2024/2025,2024-10-23,297,22,vegetativo,0.3322,0.2739,32.54,8.0,0.0,30.55,67.22,5.0,45784.8,1,atencao,0.87
3819,F04-FEI,F04,Feijao,227.4,-16.73285,-49.54238,2024/2025,2024-10-24,298,23,vegetativo,0.3215,0.2794,31.34,8.0,0.0,29.58,68.7,5.0,47643.8,1,atencao,0.87
3820,F04-FEI,F04,Feijao,227.4,-16.73285,-49.54238,2024/2025,2024-10-25,299,24,vegetativo,0.3501,0.2868,27.79,8.0,0.0,27.12,76.86,5.0,56419.0,1,atencao,0.87
3821,F04-FEI,F04,Feijao,227.4,-16.73285,-49.54238,2024/2025,2024-10-26,300,25,vegetativo,0.3416,0.2902,31.0,8.0,0.0,29.33,75.9,5.0,54298.1,1,critico,0.87
3822,F04-FEI,F04,Feijao,227.4,-16.73285,-49.54238,2024/2025,2024-10-27,301,26,vegetativo,0.3664,0.3468,27.47,8.0,0.0,28.82,75.04,5.0,52410.4,1,critico,0.87
3823,F04-FEI,F04,Feijao,227.4,-16.73285,-49.54238,2024/2025,2024-10-28,302,27,vegetativo,0.4153,0.3415,32.21,8.0,0.0,30.41,69.65,5.0,53235.2,1,atencao,0.87
3824,F04-FEI,F04,Feijao,227.4,-16.73285,-49.54238,2024/2025,2024-10-29,303,28,vegetativo,0.4041,0.3374,28.3,8.0,0.0,27.04,70.42,5.0,54363.9,1,critico,0.87
3825,F04-FEI,F04,Feijao,227.4,-16.73285,-49.54238,2024/2025,2024-10-30,304,29,vegetativo,0.4504,0.3598,27.13,8.0,0.0,27.36,77.36,5.0,51069.0,1,atencao,0.87
3826,F04-FEI,F04,Feijao,227.4,-16.73285,-49.54238,2024/2025,2024-10-31,305,30,floracao,0.4309,0.3595,29.88,8.0,0.0,28.88,79.15,5.0,51468.6,1,critico,0.87
3827,F04-FEI,F04,Feijao,227.4,-16.73285,-49.54238,2024/2025,2024-11-01,306,31,floracao,0.4038,0.3507,31.32,8.0,0.0,30.34,77.88,5.0,51114.4,1,critico,0.87
3828,F04-FEI,F04,Feijao,227.4,-16.73285,-49.54238,2024/2025,2024-11-02,307,32,floracao,0.4556,0.3767,26.73,8.0,0.0,27.84,73.99,5.0,53736.6,1,critico,0.87
3829,F04-FEI,F04,Feijao,227.4,-16.73285,-49.54238,2024/2025,2024-11-03,308,33,floracao,0.5092,0.4102,28.56,8.0,0.0,28.96,71.23,5.0,50041.8,1,critico,0.87
3830,F04-FEI,F04,Feijao,227.4,-16.73285,-49.54238,2024/2025,2024-11-04,309,34,floracao,0.5077,0.4388,27.85,8.0,0.0,28.04,75.2,5.0,51761.1,1,critico,0.87
3831,F04-FEI,F04,Feijao,227.4,-16.73285,-49.54238,2024/2025,2024-11-05,310,35,floracao,0.5428,0.4707,26.83,8.0,0.0,27.85,75.79,5.0,55526.3,1,atencao,0.87
3832,F04-FEI,F04,Feijao,227.4,-16.73285,-49.54238,2024/2025,2024-11-06,311,36,floracao,0.5837,0.5084,28.09,8.0,0.0,29.56,69.13,5.0,53200.0,1,atencao,0.87
3833,F04-FEI,F04,Feijao,227.4,-16.73285,-49.54238,2024/2025,2024-11-07,312,37,floracao,0.533,0.4283,28.02,8.0,0.0,27.92,71.31,5.0,49253.1,1,critico,0.87
3834,F04-FEI,F04,Feijao,227.4,-16.73285,-49.54238,2024/2025,2024-11-08,313,38,floracao,0.6174,0.5522,25.63,8.0,0.0,27.01,88.2,5.0,53608.7,1,atencao,0.87
3835,F04-FEI,F04,Feijao,227.4,-16.73285,-49.54238,2024/2025,2024-11-09,314,39,floracao,0.6529,0.5452,26.84,8.0,10.04,26.84,71.21,5.0,47414.6,0,atencao,0.87
3836,F04-FEI,F04,Feijao,227.4,-16.73285,-49.54238,2024/2025,2024-11-10,315,40,floracao,0.6323,0.5173,24.7,8.0,0.0,27.05,77.49,5.0,,1,atencao,0.87
3837,F04-FEI,F04,Feijao,227.4,-16.73285,-49.54238,2024/2025,2024-11-11,316,41,floracao,0.6894,0.6065,24.59,8.0,0.0,26.38,71.2,5.0,50373.3,1,atencao,0.87
3838,F04-FEI,F04,Feijao,227.4,-16.73285,-49.54238,2024/2025,2024-11-12,317,42,floracao,0.6885,0.612,23.86,8.0,0.0,26.98,72.93,5.0,58761.9,1,atencao,0.87
3839,F04-FEI,F04,Feijao,227.4,-16.73285,-49.54238,2024/2025,2024-11-13,318,43,floracao,0.6742,0.5667,25.95,8.0,0.0,27.34,68.87,5.0,55143.0,1,atencao,0.87
3840,F04-FEI,F04,Feijao,227.4,-16.73285,-49.54238,2024/2025,2024-11-14,319,44,floracao,0.7425,0.6145,23.8,8.0,0.0,27.59,68.86,5.0,57112.1,1,saudavel,0.87
3841,F04-FEI,F04,Feijao,227.4,-16.73285,-49.54238,2024/2025,2024-11-15,320,45,floracao,0.7444,0.6416,23.19,8.0,0.0,25.6,77.88,5.0,59436.5,1,saudavel,0.87
3842,F04-FEI,F04,Feijao,227.4,-16.73285,-49.54238,2024/2025,2024-11-16,321,46,floracao,0.7601,0.6195,24.69,8.0,0.0,26.35,76.96,5.0,56133.3,1,saudavel,0.87
3843,F04-FEI,F04,Feijao,227.4,-16.73285,-49.54238,2024/2025,2024-11-17,322,47,frutificacao,0.773,0.7081,23.43,8.0,0.0,26.34,83.81,5.0,50974.6,1,saudavel,0.87
3844,F04-FEI,F04,Feijao,227.4,-16.73285,-49.54238,2024/2025,2024-11-18,323,48,frutificacao,0.7386,0.6072,22.02,8.0,0.0,25.66,75.27,5.0,62160.2,1,saudavel,0.87
3845,F04-FEI,F04,Feijao,227.4,-16.73285,-49.54238,2024/2025,2024-11-19,324,49,frutificacao,0.7695,0.6612,23.86,8.0,19.71,25.84,75.93,8.49,31706.3,0,saudavel,0.87
3846,F04-FEI,F04,Feijao,227.4,-16.73285,-49.54238,2024/2025,2024-11-20,325,50,frutificacao,0.7312,0.6183,25.75,8.0,0.0,27.97,73.78,8.82,56263.7,1,saudavel,0.87
3847,F04-FEI,F04,Feijao,227.4,-16.73285,-49.54238,2024/2025,2024-11-21,326,51,frutificacao,0.7738,0.6394,25.52,8.0,0.0,28.57,68.89,7.22,61324.2,1,saudavel,0.87
3848,F04-FEI,F04,Feijao,227.4,-16.73285,-49.54238,2024/2025,2024-11-22,327,52,frutificacao,0.759,0.6264,22.16,8.0,0.0,25.96,78.38,5.0,55515.7,0,saudavel,0.87
3849,F04-FEI,F04,Feijao,227.4,-16.73285,-49.54238,2024/2025,2024-11-23,328,53,frutificacao,0.7578,0.6667,20.84,8.0,0.0,25.27,75.11,5.0,55857.9,1,saudavel,0.87
3850,F04-FEI,F04,Feijao,227.4,-16.73285,-49.54238,2024/2025,2024-11-24,329,54,frutificacao,0.7253,0.6238,25.84,8.0,0.0,26.12,68.38,5.0,57281.4,1,saudavel,0.87
3851,F04-FEI,F04,Feijao,227.4,-16.73285,-49.54238,2024/2025,2024-11-25,330,55,frutificacao,0.6942,0.5762,23.45,8.0,5.37,26.27,81.11,5.0,52346.8,0,saudavel,0.87
3852,F04-FEI,F04,Feijao,227.4,-16.73285,-49.54238,2024/2025,2024-11-26,331,56,frutificacao,0.6726,0.5605,24.04,8.0,0.0,27.09,72.32,5.0,55652.3,1,saudavel,0.87
3853,F04-FEI,F04,Feijao,227.4,-16.73285,-49.54238,2024/2025,2024-11-27,332,57,frutificacao,0.653,0.5388,23.8,8.0,0.0,25.36,77.98,5.0,56467.8,1,saudavel,0.87
3854,F04-FEI,F04,Feijao,227.4,-16.73285,-49.54238,2024/2025,2024-11-28,333,58,frutificacao,0.644,0.565,22.23,8.0,13.19,25.04,78.45,5.0,48873.5,0,saudavel,0.87
3855,F04-FEI,F04,Feijao,227.4,-16.73285,-49.54238,2024/2025,2024-11-29,334,59,frutificacao,0.6098,0.5368,28.44,8.0,0.0,29.43,75.13,5.0,57049.1,1,saudavel,0.87
3856,F04-FEI,F04,Feijao,227.4,-16.73285,-49.54238,2024/2025,2024-11-30,335,60,frutificacao,0.6034,0.5234,23.64,8.0,0.0,23.72,72.58,5.0,60275.1,1,saudavel,0.87
3857,F04-FEI,F04,Feijao,227.4,-16.73285,-49.54238,2024/2025,2024-12-01,336,61,frutificacao,0.5517,0.474,24.89,8.0,0.0,26.91,82.75,5.0,56148.3,1,saudavel,0.87
3858,F04-FEI,F04,Feijao,227.4,-16.73285,-49.54238,2024/2025,2024-12-02,337,62,frutificacao,0.5244,0.4583,26.67,8.0,0.0,27.69,71.74,5.0,63153.3,1,saudavel,0.87
3859,F04-FEI,F04,Feijao,227.4,-16.73285,-49.54238,2024/2025,2024-12-03,338,63,frutificacao,0.4969,0.3894,24.93,8.0,0.0,24.98,64.82,5.0,61920.1,1,saudavel,0.87
3860,F04-FEI,F04,Feijao,227.4,-16.73285,-49.54238,2024/2025,2024-12-04,339,64,frutificacao,0.4561,0.3932,24.59,8.0,0.0,25.92,80.86,5.0,58939.7,1,saudavel,0.87
3861,F04-FEI,F04,Feijao,227.4,-16.73285,-49.54238,2024/2025,2024-12-05,340,65,frutificacao,0.4321,0.3886,21.84,8.0,25.08,22.64,82.74,10.3,36440.8,0,saudavel,0.87
3862,F04-FEI,F04,Feijao,227.4,-16.73285,-49.54238,2024/2025,2024-12-06,341,66,frutificacao,0.4188,0.3606,25.2,8.0,3.53,25.09,71.29,9.13,60466.9,0,saudavel,0.87
3863,F04-FEI,F04,Feijao,227.4,-16.73285,-49.54238,2024/2025,2024-12-07,342,67,frutificacao,0.3594,0.3065,29.42,8.0,0.0,26.69,76.35,5.0,56470.9,1,saudavel,0.87
3864,F04-FEI,F04,Feijao,227.4,-16.73285,-49.54238,2024/2025,2024-12-08,343,68,frutificacao,0.325,0.2635,25.25,8.0,7.7,25.03,,8.92,48747.2,1,saudavel,0.87
3865,F04-FEI,F04,Feijao,227.4,-16.73285,-49.54238,2024/2025,2024-12-09,344,69,frutificacao,0.3201,0.2607,25.64,8.0,0.0,24.8,84.7,8.68,60746.5,1,saudavel,0.87
3866,F04-FEI,F04,Feijao,227.4,-16.73285,-49.54238,2024/2025,2024-12-10,345,70,frutificacao,0.2783,0.2261,31.22,8.0,0.0,27.25,79.3,6.83,55811.2,1,saudavel,0.87
3867,F04-FEI,F04,Feijao,227.4,-16.73285,-49.54238,2024/2025,2024-12-11,346,71,frutificacao,0.3079,0.2662,27.79,8.0,9.63,25.77,81.32,7.35,45505.0,0,saudavel,0.87
3868,F04-FEI,F04,Feijao,227.4,-16.73285,-49.54238,2024/2025,2024-12-12,347,72,frutificacao,0.25,0.2028,25.56,8.0,0.0,25.5,80.98,5.0,54991.5,1,saudavel,0.87
3869,F04-FEI,F04,Feijao,227.4,-16.73285,-49.54238,2024/2025,2024-12-13,348,73,maturacao,0.2503,0.1763,24.63,8.0,0.0,23.12,78.19,5.0,60293.1,0,saudavel,0.87
3870,F04-FEI,F04,Feijao,227.4,-16.73285,-49.54238,2024/2025,2024-12-14,349,74,maturacao,0.246,0.2251,22.94,10.66,17.23,20.57,75.02,10.58,36587.5,0,saudavel,0.87
3871,F04-FEI,F04,Feijao,227.4,-16.73285,-49.54238,2024/2025,2024-12-15,350,75,maturacao,0.2013,0.1816,28.32,13.7,10.71,24.69,76.73,12.69,,0,atencao,0.87
3872,F04-FEI,F04,Feijao,227.4,-16.73285,-49.54238,2024/2025,2024-12-16,351,76,maturacao,0.2011,0.178,27.62,11.22,0.0,24.03,84.09,6.55,49659.3,0,saudavel,0.87
3873,F04-FEI,F04,Feijao,227.4,-16.73285,-49.54238,2024/2025,2024-12-17,352,77,maturacao,0.1982,0.1498,27.84,8.81,0.0,25.07,83.46,5.0,61285.6,0,saudavel,0.87
3874,F04-FEI,F04,Feijao,227.4,-16.73285,-49.54238,2024/2025,2024-12-18,353,78,maturacao,0.2207,0.1777,26.74,13.52,13.52,24.01,79.58,8.15,47980.3,0,saudavel,0.87
3875,F04-FEI,F04,Feijao,227.4,-16.73285,-49.54238,2024/2025,2024-12-19,354,79,maturacao,0.2369,0.2117,24.35,15.05,7.82,23.78,77.06,6.49,51541.2,0,saudavel,0.87
3876,F04-FEI,F04,Feijao,227.4,-16.73285,-49.54238,2024/2025,2024-12-20,355,80,maturacao,0.2335,0.199,24.87,12.56,0.0,23.66,87.51,5.38,63544.9,0,saudavel,0.87
3877,F04-FEI,F04,Feijao,227.4,-16.73285,-49.54238,2024/2025,2024-12-21,356,81,maturacao,0.2187,0.1719,22.58,10.46,0.0,21.85,80.57,5.0,62383.4,0,saudavel,0.87
3878,F04-FEI,F04,Feijao,227.4,-16.73285,-49.54238,2024/2025,2024-12-22,357,82,maturacao,0.1658,0.1669,24.18,8.59,0.0,20.64,83.88,5.0,57613.4,0,atencao,0.87
3879,F04-FEI,F04,Feijao,227.4,-16.73285,-49.54238,2024/2025,2024-12-23,358,83,colheita,0.171,0.1284,24.81,8.0,0.0,21.98,73.88,5.0,57339.7,0,atencao,0.87
3880,F04-FEI,F04,Feijao,227.4,-16.73285,-49.54238,2024/2025,2024-12-24,359,84,colheita,0.2146,0.1227,23.72,8.0,0.0,21.55,79.9,5.0,62601.1,0,saudavel,0.87
